<?xml version='1.0' encoding='utf-8'?>
<contextfile filename="بار" fileno=" 99">
<sentence s_id="1">
		<wf pos="NNP">ادھم</wf>
		<wf pos="VAUX">چُھ</wf>
		<wf pos="JJ">یِتھِس</wf>
		<wf pos="NN">ماہروے</wf>
		<wf pos="NN">محبوٗبس</wf>
		<wf pos="JJ">ڈیشہِوُنُے</wf>
		<wf pos="NN">گرٕ</wf>
		<wf pos="NN" sense_id="1">بار</wf>
		<wf pos="VM">ترٛاوان</wf>
		<wf pos="CC">تہٕ</wf>
		<wf pos="PRP">پانَس</wf>
		<wf pos="NN">خاک</wf>
		<wf pos="VM">مٔلِتھ</wf>
		<wf pos="NN">یارس</wf>
		<wf pos="VM">ؤنۍ</wf>
		<wf pos="VM">دِنہِ</wf>
		<wf pos="VM">نیران</wf>
		<wf pos="SYM">۔</wf>
</sentence>
<sentence s_id="2">
		<wf pos="NN">جوٲنی</wf>
		<wf pos="PSP">منز</wf>
		<wf pos="NN">کھۄر</wf>
		<wf pos="VM">تھٲوۍ</wf>
		<wf pos="ZEM">تھٕے</wf>
		<wf pos="VAUX">آو</wf>
		<wf pos="PRP">تس</wf>
		<wf pos="PSP">پٮ۪ٹھ</wf>
		<wf pos="NN">زمیندٲری</wf>
		<wf pos="PSP">ہُند</wf>
		<wf pos="JJ">سورُے</wf>
		<wf pos="NN" sense_id="1">بار</wf>
		<wf pos="VM">ترٛاونہٕ</wf>
		<wf pos="CC">تہٕ</wf>
		<wf pos="PRP">سُہ</wf>
		<wf pos="VM">روٗد</wf>
		<wf pos="NN">جبرَن</wf>
		<wf pos="NN">زمیندٲری</wf>
		<wf pos="VM">کران</wf>
		<wf pos="PRP">پننہِ</wf>
		<wf pos="NN">حدٕ</wf>
		<wf pos="RB">روٚس</wf>
		<wf pos="RB">محنتہٕ</wf>
		<wf pos="PSP">باوجود</wf>
		<wf pos="VAUX">ٲسۍ</wf>
		<wf pos="NEG">نہٕ</wf>
		<wf pos="PRP">تس</wf>
		<wf pos="NN">گرِ</wf>
		<wf pos="PSP">کٮ۪و</wf>
		<wf pos="NN">بٲژو</wf>
		<wf pos="CC">تہٕ</wf>
		<wf pos="NN">رشتہٕ</wf>
		<wf pos="NN">دارَو</wf>
		<wf pos="PSP">دٔسۍ</wf>
		<wf pos="NN">شکرِ</wf>
		<wf pos="DEM">یہِ</wf>
		<wf pos="NN">ہٕکۍ</wf>
		<wf pos="QC">زٕ</wf>
		<wf pos="NN">لفظ</wf>
		<wf pos="RP">تہِ</wf>
		<wf pos="VM">پاتھان</wf>
		<wf pos="SYM">۔</wf>
</sentence>
<sentence s_id="3">
		<wf pos="NNPC">شاہ</wf>
		<wf pos="NNP">مال</wf>
		<wf pos="VAUX">ٲس</wf>
		<wf pos="NN">بِسترس</wf>
		<wf pos="PSP">منز</wf>
		<wf pos="NN">شُرِس</wf>
		<wf pos="RB">لرِ</wf>
		<wf pos="VM">سٲوِتھ</wf>
		<wf pos="NN">دۄد</wf>
		<wf pos="VM">چاوان</wf>
		<wf pos="DEM">اَمہِ</wf>
		<wf pos="VAUX">اوس</wf>
		<wf pos="NN">شاندٕ</wf>
		<wf pos="POW">گوٚندِس</wf>
		<wf pos="PSP">پٮ۪ٹھ</wf>
		<wf pos="NN">کھۄنہ</wf>
		<wf pos="POW">وَٹھ</wf>
		<wf pos="NN">ڈھیٖکہٕ</wf>
		<wf pos="POW">رٲوِتھ</wf>
		<wf pos="NN">اَتھس</wf>
		<wf pos="PSP">پٮ۪ٹھ</wf>
		<wf pos="NN">کلُک</wf>
		<wf pos="JJ">سورُے</wf>
		<wf pos="NN" sense_id="1">بار</wf>
		<wf pos="VM">روٚٹمُت</wf>
		<wf pos="SYM">۔</wf>
</sentence>
<sentence s_id="4">
		<wf pos="JJ">پرٛٮ۪تھ</wf>
		<wf pos="PRP">کانٛہہ</wf>
		<wf pos="NN">ہیروین</wf>
		<wf pos="VAUX">ٲس</wf>
		<wf pos="NNC">بار</wf>
		<wf pos="NN" sense_id="2">بار</wf>
		<wf pos="PRP">أمِس</wf>
		<wf pos="JJ">باوکار</wf>
		<wf pos="NN">اداکارَس</wf>
		<wf pos="PSP">سۭتۍ</wf>
		<wf pos="NN">کٲم</wf>
		<wf pos="VM">کرنُک</wf>
		<wf pos="NN">آرزٗو</wf>
		<wf pos="VM">کران</wf>
		<wf pos="SYM">۔</wf>
</sentence>
<sentence s_id="5">
		<wf pos="NNP">ادھم</wf>
		<wf pos="VAUX">چُھ</wf>
		<wf pos="JJ">یِتھِس</wf>
		<wf pos="NN">ماہروے</wf>
		<wf pos="NN">محبوٗبس</wf>
		<wf pos="JJ">ڈیشہِوُنُے</wf>
		<wf pos="NN">گرٕ</wf>
		<wf pos="NN" sense_id="1">بار</wf>
		<wf pos="VM">ترٛاوان</wf>
		<wf pos="CC">تہٕ</wf>
		<wf pos="PRP">پانَس</wf>
		<wf pos="NN">خاک</wf>
		<wf pos="VM">مٔلِتھ</wf>
		<wf pos="NN">یارس</wf>
		<wf pos="VM">ؤنۍ</wf>
		<wf pos="VM">دِنہِ</wf>
		<wf pos="VM">نیران</wf>
		<wf pos="SYM">۔</wf>
</sentence>
<sentence s_id="6">
		<wf pos="JJ">ژھوٹ</wf>
		<wf pos="CC">تہٕ</wf>
		<wf pos="JJ">موٚٹ</wf>
		<wf pos="DEM">تیتھۭے</wf>
		<wf pos="NN">شاندگونٛد</wf>
		<wf pos="PSP">ہیوہ</wf>
		<wf pos="DEM">یُتھ</wf>
		<wf pos="NN">باپٲرۍ</wf>
		<wf pos="NN">دُکان</wf>
		<wf pos="PSP">پٮ۪ٹھ</wf>
		<wf pos="JJ">بڑین</wf>
		<wf pos="RDP">بڑین</wf>
		<wf pos="NN">باپارٮ۪ن</wf>
		<wf pos="NN">ڈوٚکھ</wf>
		<wf pos="VAUX">چُھ</wf>
		<wf pos="VM">آسان</wf>
		<wf pos="QW">کوتاہ</wf>
		<wf pos="NN">ژٮ۪ل</wf>
		<wf pos="VM">دِتکھ</wf>
		<wf pos="QW">کوتاہ</wf>
		<wf pos="NN" sense_id="1">بار</wf>
		<wf pos="VM">ترٛاوتوکھ</wf>
		<wf pos="CC">تٕہ</wf>
		<wf pos="NN">مجال</wf>
		<wf pos="VAUX">چھا</wf>
		<wf pos="CC">زِ</wf>
		<wf pos="DEM">یمن</wf>
		<wf pos="NN">شانٛڑٕگنٛدٮ۪ن</wf>
		<wf pos="VM">اَژ</wf>
		<wf pos="NN">گیٚنۍ</wf>
		<wf pos="PRP">کانٛہہ</wf>
		<wf pos="SYM">۔</wf>
</sentence>
<sentence s_id="7">
		<wf pos="DEM">یہِ</wf>
		<wf pos="JJ">مضبوٗط</wf>
		<wf pos="NN">غُبارٕ</wf>
		<wf pos="VM">کھوٚت</wf>
		<wf pos="DEM">یہِ</wf>
		<wf pos="JJ">گوٚب</wf>
		<wf pos="NN" sense_id="2">بار</wf>
		<wf pos="PSP">ہٮ۪تھ</wf>
		<wf pos="RP">تہِ</wf>
		<wf pos="INTF">سٮ۪ٹھاہ</wf>
		<wf pos="JJ">تھوٚد</wf>
		<wf pos="SYM">۔</wf>
</sentence>
<sentence s_id="8">
		<wf pos="NNP">فرانٛس</wf>
		<wf pos="PSP">کیٚو</wf>
		<wf pos="QC">دۄیو</wf>
		<wf pos="NN">بایو</wf>
		<wf pos="VM">گٔنٛڑ</wf>
		<wf pos="QC">أکس</wf>
		<wf pos="JJ">مضبوٗط</wf>
		<wf pos="NN">غُبارس</wf>
		<wf pos="PSP">سۭتۍ</wf>
		<wf pos="QC">اَکھ</wf>
		<wf pos="NN">ٹوٗکٕر</wf>
		<wf pos="DEM">اَتھ</wf>
		<wf pos="PSP">منٛز</wf>
		<wf pos="VM">بٮ۪ہنووُکھ</wf>
		<wf pos="QC">اکھ</wf>
		<wf pos="NN">کۄکر</wf>
		<wf pos="CC">تہٕ</wf>
		<wf pos="QC">اکھ</wf>
		<wf pos="NN">بطُخ</wf>
		<wf pos="DEM">یہِ</wf>
		<wf pos="JJ">مضبوٗط</wf>
		<wf pos="NN">غُبارٕ</wf>
		<wf pos="VM">کھوٚت</wf>
		<wf pos="DEM">یہِ</wf>
		<wf pos="JJ">گوٚب</wf>
		<wf pos="NN" sense_id="2">بار</wf>
		<wf pos="PSP">ہٮ۪تھ</wf>
		<wf pos="RP">تہِ</wf>
		<wf pos="INTF">سٮ۪ٹھاہ</wf>
		<wf pos="JJ">تھوٚد</wf>
		<wf pos="RB">ییٚلہِ</wf>
		<wf pos="DEM">اتھ</wf>
		<wf pos="NN">غُبارس</wf>
		<wf pos="RB">انٛدریُم</wf>
		<wf pos="NN">ہوا</wf>
		<wf pos="VM">درٛاو</wf>
		<wf pos="CC">تہٕ</wf>
		<wf pos="RB">أتی</wf>
		<wf pos="VM">ووٚتھ</wf>
		<wf pos="RB">وارٕ</wf>
		<wf pos="RDP">وارٕ</wf>
		<wf pos="NN">زمیٖنس</wf>
		<wf pos="PSP">پٮ۪ٹھ</wf>
		<wf pos="CC">تہٕ</wf>
		<wf pos="NN">کٹھ،</wf>
		<wf pos="NN">کۄکر</wf>
		<wf pos="CC">تہٕ</wf>
		<wf pos="NN">بَطُخ</wf>
		<wf pos="PRP">سٲری</wf>
		<wf pos="VAUX">ٲسۍ</wf>
		<wf pos="RB">وارٕکارٕ</wf>
		<wf pos="DEM">یہِ</wf>
		<wf pos="NN">صوٗرتحال</wf>
		<wf pos="VM">وُچِھتھ</wf>
		<wf pos="JJ">دریوو</wf>
		<wf pos="NN">اِنسانس</wf>
		<wf pos="NN">دِل</wf>
		<wf pos="SYM">۔</wf>
</sentence>
<sentence s_id="9">
		<wf pos="NN">موج</wf>
		<wf pos="VAUX">چھےٚ</wf>
		<wf pos="NN">زا</wf>
		<wf pos="NN">بَچَس</wf>
		<wf pos="NN">دۄد</wf>
		<wf pos="NN">دِوانموج</wf>
		<wf pos="VAUX">چھےٚ</wf>
		<wf pos="NNC">بار</wf>
		<wf pos="NN" sense_id="1">بار</wf>
		<wf pos="CC">زا</wf>
		<wf pos="NN">شُرِس</wf>
		<wf pos="NN">ماے</wf>
		<wf pos="VM">بَران</wf>
		<wf pos="SYM">۔</wf>
</sentence>
<sentence s_id="10">
		<wf pos="NN">مۄنٛۍ</wf>
		<wf pos="VAUX">چھےٚ</wf>
		<wf pos="NN">مَحبَت</wf>
		<wf pos="VM">ہاونُک</wf>
		<wf pos="QC">اَکھ</wf>
		<wf pos="NN">ذٔریعہٕموج</wf>
		<wf pos="VAUX">ٲس</wf>
		<wf pos="NN">خۄشی</wf>
		<wf pos="VAUX">گٔژھِتھ</wf>
		<wf pos="NN">نٮ۪چوِس</wf>
		<wf pos="NN" sense_id="2">بار</wf>
		<wf pos="VM">کَران</wf>
		<wf pos="SYM">۔</wf>
</sentence>
<sentence s_id="11">
		<wf pos="NN">مۄنٛۍ</wf>
		<wf pos="VAUX">چھےٚ</wf>
		<wf pos="NN">مَحبَت</wf>
		<wf pos="VM">ہاونُک</wf>
		<wf pos="QC">اَکھ</wf>
		<wf pos="NN">ذٔریعہٕموج</wf>
		<wf pos="VAUX">ٲس</wf>
		<wf pos="NN">خۄشی</wf>
		<wf pos="VAUX">گٔژھِتھ</wf>
		<wf pos="NN">نٮ۪چوِس</wf>
		<wf pos="NN" sense_id="1">بار</wf>
		<wf pos="NN" sense_id="1">بار</wf>
		<wf pos="RB">مۄنۍ</wf>
		<wf pos="VM">کَران</wf>
		<wf pos="SYM">۔</wf>
</sentence>
<sentence s_id="12">
		<wf pos="NN">مُلکَس</wf>
		<wf pos="PSP">منٛز</wf>
		<wf pos="NN">وسٲیلَن</wf>
		<wf pos="VM">ہِیُو</wf>
		<wf pos="VM">بناونُک</wf>
		<wf pos="QC">اَکھ</wf>
		<wf pos="JJ">بوٚڑ</wf>
		<wf pos="NN" sense_id="1">بار</wf>
		<wf pos="NN">منصوٗبہٕ</wf>
		<wf pos="NN">حکوٗمتُک</wf>
		<wf pos="SYM">۔</wf>
</sentence>
<sentence s_id="13">
		<wf pos="JJ">غریٖبی</wf>
		<wf pos="CC">تہٕ</wf>
		<wf pos="NN">نَسلی</wf>
		<wf pos="NN">تَضاد</wf>
		<wf pos="VAUX">چُھ</wf>
		<wf pos="NN">مُلکٕچہِ</wf>
		<wf pos="NN">ترقی</wf>
		<wf pos="PSP">منٛز</wf>
		<wf pos="QC">اَکھ</wf>
		<wf pos="JJ">بٔڑۍ</wf>
		<wf pos="NN" sense_id="1">بار</wf>
		<wf pos="NN">رُکاوَٹھ</wf>
		<wf pos="SYM">۔</wf>
</sentence>
<sentence s_id="14">
		<wf pos="NNPC">پٔنٛڈِت</wf>
		<wf pos="NNP">بیٖم</wf>
		<wf pos="NNPC">سین</wf>
		<wf pos="NNP">جوشی</wf>
		<wf pos="VAUX">اوس</wf>
		<wf pos="QC">اکھ</wf>
		<wf pos="JJ">بوٚڈ</wf>
		<wf pos="NN" sense_id="1">بار</wf>
		<wf pos="NN">موسیقار</wf>
		<wf pos="SYM">۔</wf>
</sentence>
<sentence s_id="15">
		<wf pos="NNC">بار</wf>
		<wf pos="NN" sense_id="1">بار</wf>
		<wf pos="NN">اِمتحانَس</wf>
		<wf pos="PSP">منٛز</wf>
		<wf pos="JJ">ناکام</wf>
		<wf pos="VAUX">گَژھنہٕ</wf>
		<wf pos="PSP">کہِ</wf>
		<wf pos="NN">وجہہ</wf>
		<wf pos="PSP">سۭتۍ</wf>
		<wf pos="PRP">سُہ</wf>
		<wf pos="VAUX">چُھ</wf>
		<wf pos="NNP">پریشانہِ</wf>
		<wf pos="NN">حال</wf>
		<wf pos="VM">گوٚمُت</wf>
		<wf pos="SYM">۔</wf>
</sentence>
<sentence s_id="16">
		<wf pos="JJ">آصِف</wf>
		<wf pos="VAUX">چُھ</wf>
		<wf pos="NN">حال</wf>
		<wf pos="NN">حالَے</wf>
		<wf pos="NN">أکِس</wf>
		<wf pos="NN">سِنٛگاپورِکِس</wf>
		<wf pos="PSP">سۭتۍ</wf>
		<wf pos="NN">کارٕ</wf>
		<wf pos="NN" sense_id="1">بار</wf>
		<wf pos="VM">کَرنہٕ</wf>
		<wf pos="VM">لوٚگمُت</wf>
		<wf pos="SYM">۔</wf>
</sentence>
<sentence s_id="17">
		<wf pos="JJ">گۄناہ</wf>
		<wf pos="NN">گار</wf>
		<wf pos="NN">لُکھ</wf>
		<wf pos="VM">چھٕ</wf>
		<wf pos="NN">دُنیاہَس</wf>
		<wf pos="PSP">پٮ۪ٹھ</wf>
		<wf pos="NN" sense_id="1">بار</wf>
		<wf pos="SYM">۔</wf>
</sentence>
<sentence s_id="18">
		<wf pos="NNC">بار</wf>
		<wf pos="NN" sense_id="1">بار</wf>
		<wf pos="NN">اِمتحانَس</wf>
		<wf pos="PSP">منٛز</wf>
		<wf pos="JJ">ناکام</wf>
		<wf pos="VAUX">گَژھنہٕ</wf>
		<wf pos="PSP">کہِ</wf>
		<wf pos="NN">وجہہ</wf>
		<wf pos="PSP">سۭتۍ</wf>
		<wf pos="VAUX">چُھ</wf>
		<wf pos="PRP">سُہ</wf>
		<wf pos="INTF">سخت</wf>
		<wf pos="JJ">پریشان</wf>
		<wf pos="VM">گوٚمُت</wf>
		<wf pos="SYM">۔</wf>
</sentence>
<sentence s_id="19">
		<wf pos="NNC">بار</wf>
		<wf pos="NN" sense_id="1">بار</wf>
		<wf pos="NN">ناکامیو</wf>
		<wf pos="VM">کوٚر</wf>
		<wf pos="PRP">تٔمۍ</wf>
		<wf pos="PSP">سُنٛد</wf>
		<wf pos="NN">حوصلہٕ</wf>
		<wf pos="JJ">کم</wf>
		<wf pos="SYM">۔</wf>
</sentence>
<sentence s_id="20">
		<wf pos="NN">بُزدِل</wf>
		<wf pos="NN">نَفَر</wf>
		<wf pos="VAUX">چھہِ</wf>
		<wf pos="NN">زِنٛدگی</wf>
		<wf pos="PSP">منٛز</wf>
		<wf pos="NN" sense_id="1">بار</wf>
		<wf pos="NN" sense_id="1">بار</wf>
		<wf pos="VM">مَران</wf>
		<wf pos="RB">ییٚلہِ</wf>
		<wf pos="POW">زَن</wf>
		<wf pos="NN">بہادُر</wf>
		<wf pos="NN">نَفَر</wf>
		<wf pos="VAUX">چھہِ</wf>
		<wf pos="QC">اَکے</wf>
		<wf pos="NN">لَٹہِ</wf>
		<wf pos="VM">مَران</wf>
		<wf pos="SYM">۔</wf>
</sentence>
<sentence s_id="21">
		<wf pos="NN">کرونٛچ</wf>
		<wf pos="NN">جورُک</wf>
		<wf pos="NN">دِلُک</wf>
		<wf pos="NN" sense_id="2">بار</wf>
		<wf pos="VM">وُچھِتھ</wf>
		<wf pos="VAUX">گوٚو</wf>
		<wf pos="NNC">والمِکی</wf>
		<wf pos="NN">سُںٛد</wf>
		<wf pos="NN">دِل</wf>
		<wf pos="VM">گوو</wf>
		<wf pos="INTF">سٮ۪تھاہ</wf>
		<wf pos="NN">مویٗوس</wf>
		<wf pos="SYM">۔</wf>
</sentence>
<sentence s_id="22">
		<wf pos="PRP">بہٕ</wf>
		<wf pos="RP">تہِ</wf>
		<wf pos="VAUX">چُھس</wf>
		<wf pos="NN">عیال</wf>
		<wf pos="NN" sense_id="2">بار</wf>
		<wf pos="PSP">مےٛ</wf>
		<wf pos="VAUX">چھےٚ</wf>
		<wf pos="NN">جاے</wf>
		<wf pos="JJ">کم</wf>
		<wf pos="SYM">۔</wf>
</sentence>
<sentence s_id="23">
		<wf pos="NN">مُلکَس</wf>
		<wf pos="PSP">منٛز</wf>
		<wf pos="NN">وسٲیلَن</wf>
		<wf pos="VM">ہِیُو</wf>
		<wf pos="VM">بناونُک</wf>
		<wf pos="QC">اَکھ</wf>
		<wf pos="JJ">بوٚڑ</wf>
		<wf pos="NN" sense_id="2">بار</wf>
		<wf pos="NN">منصوٗبہٕ</wf>
		<wf pos="NN">حکوٗمتُک</wf>
		<wf pos="SYM">۔</wf>
</sentence>
<sentence s_id="24">
		<wf pos="NN">اٮ۪ٹَمُک</wf>
		<wf pos="PRP">سُہ</wf>
		<wf pos="NN">حِصہٕ</wf>
		<wf pos="DEM">یُس</wf>
		<wf pos="NN">نیوٗکلِیَسَس</wf>
		<wf pos="RB">أنٛدۍ</wf>
		<wf pos="RDP">أنٛدۍ</wf>
		<wf pos="VM">نَژان</wf>
		<wf pos="JJ">چُھ:اِلَکٹرٛان</wf>
		<wf pos="VM">چھٕ</wf>
		<wf pos="PRP">پَنٛنِس</wf>
		<wf pos="NN">حِصَس</wf>
		<wf pos="PSP">منٛز</wf>
		<wf pos="NN" sense_id="1">بار</wf>
		<wf pos="NN" sense_id="1">بار</wf>
		<wf pos="VM">نَژان</wf>
		<wf pos="SYM">۔</wf>
</sentence>
<sentence s_id="25">
		<wf pos="PRP">سۄ</wf>
		<wf pos="NN">وٲج</wf>
		<wf pos="DEM">یَتھ</wf>
		<wf pos="NN">ٲنہٕ</wf>
		<wf pos="VM">جٔرِتھ</wf>
		<wf pos="VAUX">چُھ</wf>
		<wf pos="NNPC">آسان:سیٖتا</wf>
		<wf pos="VAUX">ٲس</wf>
		<wf pos="PRP">پَنٛنہِ</wf>
		<wf pos="NN">اوٚنٛگجہِ</wf>
		<wf pos="PSP">منٛز</wf>
		<wf pos="VM">لٲگِتھ</wf>
		<wf pos="NN">ٲنہٕ</wf>
		<wf pos="NN">واجہِ</wf>
		<wf pos="NN" sense_id="1">بار</wf>
		<wf pos="NN" sense_id="1">بار</wf>
		<wf pos="VM">وٕچھان</wf>
		<wf pos="SYM">۔</wf>
</sentence>
<sentence s_id="26">
		<wf pos="NN">خَر</wf>
		<wf pos="VAUX">چُھ</wf>
		<wf pos="NNC">بار</wf>
		<wf pos="NN">تُلَن</wf>
		<wf pos="PSP">وول</wf>
		<wf pos="NN">جانوَر</wf>
		<wf pos="SYM">۔</wf>
</sentence>
<sentence s_id="27">
		<wf pos="NN">بُزدِل</wf>
		<wf pos="NN">نَفَر</wf>
		<wf pos="VAUX">چھہِ</wf>
		<wf pos="NN">زِنٛدگی</wf>
		<wf pos="PSP">منٛز</wf>
		<wf pos="NN" sense_id="1">بار</wf>
		<wf pos="NN" sense_id="1">بار</wf>
		<wf pos="VM">مَران</wf>
		<wf pos="RB">ییٚلہِ</wf>
		<wf pos="POW">زَن</wf>
		<wf pos="NN">بہادُر</wf>
		<wf pos="NN">نَفَر</wf>
		<wf pos="VAUX">چھہِ</wf>
		<wf pos="QC">اَکے</wf>
		<wf pos="NN">لَٹہِ</wf>
		<wf pos="VM">مَران</wf>
		<wf pos="SYM">۔</wf>
</sentence>
<sentence s_id="28">
		<wf pos="NN">مٲلَس</wf>
		<wf pos="PSP">منٛز</wf>
		<wf pos="VAUX">اوس</wf>
		<wf pos="NN">مَہاوَت</wf>
		<wf pos="VAUX">ۂسِس</wf>
		<wf pos="NN">اَنٛکُش</wf>
		<wf pos="PSP">سۭتۍ</wf>
		<wf pos="NN" sense_id="1">بار</wf>
		<wf pos="NN" sense_id="1">بار</wf>
		<wf pos="NN">کَلَس</wf>
		<wf pos="VM">لایان</wf>
		<wf pos="SYM">۔</wf>
</sentence>
<sentence s_id="29">
		<wf pos="JJ">گۄناہ</wf>
		<wf pos="NN">گار</wf>
		<wf pos="NN">لُکھ</wf>
		<wf pos="VM">چھٕ</wf>
		<wf pos="NN">دُنیاہَس</wf>
		<wf pos="PSP">پٮ۪ٹھ</wf>
		<wf pos="NN" sense_id="2">بار</wf>
		<wf pos="SYM">۔</wf>
</sentence>
<sentence s_id="30">
		<wf pos="NN" sense_id="1">بار</wf>
		<wf pos="NN" sense_id="1">بار</wf>
		<wf pos="NN">ووتھن</wf>
		<wf pos="PSP">وول</wf>
		<wf pos="PRP">دود:مےٚ</wf>
		<wf pos="VAUX">چُھ</wf>
		<wf pos="VM">باسان</wf>
		<wf pos="NN">ٹیٖسہٕ</wf>
		<wf pos="PSP">سۭتۍ</wf>
		<wf pos="NN">نٮ۪رِ</wf>
		<wf pos="PRP">مےٚ</wf>
		<wf pos="NN">زُو</wf>
		<wf pos="SYM">۔</wf>
</sentence>
<sentence s_id="31">
		<wf pos="NN">کرونٛچ</wf>
		<wf pos="NN">جورُک</wf>
		<wf pos="NN">دِلُک</wf>
		<wf pos="NN" sense_id="1">بار</wf>
		<wf pos="VM">وُچھِتھ</wf>
		<wf pos="VAUX">گوٚو</wf>
		<wf pos="NNC">والمِکی</wf>
		<wf pos="NN">سُںٛد</wf>
		<wf pos="NN">دِل</wf>
		<wf pos="VM">گوو</wf>
		<wf pos="INTF">سٮ۪تھاہ</wf>
		<wf pos="NN">مویٗوس</wf>
		<wf pos="SYM">۔</wf>
</sentence>
<sentence s_id="32">
		<wf pos="PRP">سون</wf>
		<wf pos="NN">کارٕ</wf>
		<wf pos="NN" sense_id="1">بار</wf>
		<wf pos="VAUX">چُھ</wf>
		<wf pos="RB">وارٕوارٕ</wf>
		<wf pos="VM">پٔھہلان</wf>
		<wf pos="SYM">۔</wf>
</sentence>
<sentence s_id="33">
		<wf pos="NN">رامو</wf>
		<wf pos="VAUX">اوس</wf>
		<wf pos="PRP">مےٚ</wf>
		<wf pos="NN">اوٚنٛگجہِ</wf>
		<wf pos="PSP">سۭتۍ</wf>
		<wf pos="NN" sense_id="1">بار</wf>
		<wf pos="NN">بارژٮ۪ل</wf>
		<wf pos="VM">دِوان</wf>
		<wf pos="CC">مگر</wf>
		<wf pos="PRP">مےٚ</wf>
		<wf pos="VM">ووٚنُس</wf>
		<wf pos="NEG">نہٕ</wf>
		<wf pos="PRP">کیٚنٛہۍ</wf>
		<wf pos="SYM">۔</wf>
</sentence>
<sentence s_id="34">
		<wf pos="NNPC">پٔنٛڈِت</wf>
		<wf pos="NNP">بیٖم</wf>
		<wf pos="NNPC">سین</wf>
		<wf pos="NNP">جوشی</wf>
		<wf pos="VAUX">اوس</wf>
		<wf pos="QC">اکھ</wf>
		<wf pos="JJ">بوٚڈ</wf>
		<wf pos="NN" sense_id="2">بار</wf>
		<wf pos="NN">موسیقار</wf>
		<wf pos="SYM">۔</wf>
</sentence>
<sentence s_id="35">
		<wf pos="NN">موج</wf>
		<wf pos="VAUX">چھےٚ</wf>
		<wf pos="NN">زا</wf>
		<wf pos="NN">بَچَس</wf>
		<wf pos="NN">دۄد</wf>
		<wf pos="NN">دِوانموج</wf>
		<wf pos="VAUX">چھےٚ</wf>
		<wf pos="NNC">بار</wf>
		<wf pos="NN" sense_id="2">بار</wf>
		<wf pos="CC">زا</wf>
		<wf pos="NN">شُرِس</wf>
		<wf pos="NN">ماے</wf>
		<wf pos="VM">بَران</wf>
		<wf pos="SYM">۔</wf>
</sentence>
<sentence s_id="36">
		<wf pos="NNP">وَنٛدِنا</wf>
		<wf pos="VAUX">چھےٚ</wf>
		<wf pos="RB">نٮ۪بَر</wf>
		<wf pos="NN">گٲمٕتَس</wf>
		<wf pos="NN">بٲیِس</wf>
		<wf pos="NN" sense_id="1">بار</wf>
		<wf pos="NN" sense_id="1">بار</wf>
		<wf pos="NN">چھِٹۍ</wf>
		<wf pos="VM">لٮ۪کھان</wf>
		<wf pos="SYM">۔</wf>
</sentence>
<sentence s_id="37">
		<wf pos="NN">مۄنٛۍ</wf>
		<wf pos="VAUX">چھےٚ</wf>
		<wf pos="NN">مَحبَت</wf>
		<wf pos="VM">ہاونُک</wf>
		<wf pos="QC">اَکھ</wf>
		<wf pos="NN">ذٔریعہٕموج</wf>
		<wf pos="VAUX">ٲس</wf>
		<wf pos="NN">خۄشی</wf>
		<wf pos="VAUX">گٔژھِتھ</wf>
		<wf pos="NN">نٮ۪چوِس</wf>
		<wf pos="NN" sense_id="1">بار</wf>
		<wf pos="NN" sense_id="1">بار</wf>
		<wf pos="RB">مۄنۍ</wf>
		<wf pos="VM">کَران</wf>
		<wf pos="SYM">۔</wf>
</sentence>
<sentence s_id="38">
		<wf pos="PRP">ییٚمِس</wf>
		<wf pos="NN">پَنٛنٮ۪ن</wf>
		<wf pos="NN">حٮ۪سَن</wf>
		<wf pos="PSP">پٮ۪ٹھ</wf>
		<wf pos="NNP">قوبوٗ</wf>
		<wf pos="NN">آسہِ:گَرٕ</wf>
		<wf pos="NN" sense_id="1">بار</wf>
		<wf pos="PSP">وول</wf>
		<wf pos="VAUX">ٲسِتھ</wf>
		<wf pos="CC">تہٕ</wf>
		<wf pos="VAUX">چُھ</wf>
		<wf pos="PRP">سُہ</wf>
		<wf pos="NN">عٲبدانہٕ</wf>
		<wf pos="SYM">۔</wf>
</sentence>
<sentence s_id="39">
		<wf pos="PRP">سُہ</wf>
		<wf pos="VAUX">اوس</wf>
		<wf pos="NN">دٔریابَس</wf>
		<wf pos="PSP">منٛز</wf>
		<wf pos="JJ">سَرٛان</wf>
		<wf pos="VM">کَرنہٕ</wf>
		<wf pos="NN">وِزِ</wf>
		<wf pos="NNC">بار</wf>
		<wf pos="NN" sense_id="1">بار</wf>
		<wf pos="RP">گۄتہٕ</wf>
		<wf pos="VM">دِوان</wf>
		<wf pos="SYM">۔</wf>
</sentence>
<sentence s_id="40">
		<wf pos="NN">لہرن</wf>
		<wf pos="PSP">سۭتۍ</wf>
		<wf pos="NN" sense_id="1">بار</wf>
		<wf pos="NN" sense_id="1">بار</wf>
		<wf pos="VM">ٹکراونہٕ</wf>
		<wf pos="PSP">سۭتۍ</wf>
		<wf pos="VAUX">چھِ</wf>
		<wf pos="NN">بجہِ</wf>
		<wf pos="NN">بجہِ</wf>
		<wf pos="PRP">کنہِ</wf>
		<wf pos="RP">تہِ</wf>
		<wf pos="VM">پھٕٹان</wf>
		<wf pos="SYM">۔</wf>
</sentence>
<sentence s_id="41">
		<wf pos="PRP">سُہ</wf>
		<wf pos="NN">نفر</wf>
		<wf pos="PRP">یُس</wf>
		<wf pos="NN">مٔنٛزِم</wf>
		<wf pos="JJ">یارَز</wf>
		<wf pos="VM">کَران</wf>
		<wf pos="RB">چُھ:کورٕ</wf>
		<wf pos="NN">مول</wf>
		<wf pos="VAUX">اوس</wf>
		<wf pos="NNC">بار</wf>
		<wf pos="NN" sense_id="2">بار</wf>
		<wf pos="NN">مٔنٛزِم</wf>
		<wf pos="NN">یٲرِس</wf>
		<wf pos="POW">شُکرِیہ</wf>
		<wf pos="VM">کَران</wf>
		<wf pos="SYM">۔</wf>
</sentence>
<sentence s_id="42">
		<wf pos="PRP">سُہ</wf>
		<wf pos="NN">اِنسان</wf>
		<wf pos="PRP">یُس</wf>
		<wf pos="NN" sense_id="1">بار</wf>
		<wf pos="NN" sense_id="1">بار</wf>
		<wf pos="VM">سَمجھاونہٕ</wf>
		<wf pos="CC">تہٕ</wf>
		<wf pos="NN">پٲزازَو</wf>
		<wf pos="RB">پَتہٕ</wf>
		<wf pos="RP">تہِ</wf>
		<wf pos="VM">پَنٛنٕنۍ</wf>
		<wf pos="NN">عادت</wf>
		<wf pos="VAUX">چُھ</wf>
		<wf pos="NEG">نہٕ</wf>
		<wf pos="NN">ترٛاون:یِہ</wf>
		<wf pos="NN">نَفَر</wf>
		<wf pos="VAUX">چُھ</wf>
		<wf pos="NN">پٲزارَن</wf>
		<wf pos="PSP">ہُںٛد،</wf>
		<wf pos="NN" sense_id="1">بار</wf>
		<wf pos="NN" sense_id="1">بار</wf>
		<wf pos="VM">سَمجھاونہٕ</wf>
		<wf pos="RB">پَتہٕ</wf>
		<wf pos="RP">تہِ</wf>
		<wf pos="VAUX">چُھ</wf>
		<wf pos="VM">نہِٕ</wf>
		<wf pos="DEM">یِہ</wf>
		<wf pos="PRP">پَنٕنۍ</wf>
		<wf pos="NN">عادَت</wf>
		<wf pos="VM">بَدلاوان</wf>
		<wf pos="SYM">۔</wf>
</sentence>
<sentence s_id="43">
		<wf pos="NN">وَزَن</wf>
		<wf pos="VM">کَرنہٕ</wf>
		<wf pos="PSP">خٲطرٕ</wf>
		<wf pos="VM">تھوٚو</wf>
		<wf pos="PRP">تٔمۍ</wf>
		<wf pos="NN">ترٛکرِ</wf>
		<wf pos="PSP">ہِنٛدِس</wf>
		<wf pos="NN">أکِس</wf>
		<wf pos="NN">پوترَس</wf>
		<wf pos="PSP">پٮ۪ٹھ</wf>
		<wf pos="NN" sense_id="1">بار</wf>
		<wf pos="CC">تہٕ</wf>
		<wf pos="PRP">بیٚیِس</wf>
		<wf pos="PSP">پٮ۪ٹھ</wf>
		<wf pos="NN">سامانہٕ</wf>
		<wf pos="SYM">۔</wf>
</sentence>
<sentence s_id="44">
		<wf pos="NN">شۄنٛگنہٕ</wf>
		<wf pos="NN">وِزِ</wf>
		<wf pos="VAUX">چُھ</wf>
		<wf pos="NN">أچھ</wf>
		<wf pos="NN">ٹور</wf>
		<wf pos="JJ">بَنٛد</wf>
		<wf pos="NN">گَژھانشُرۍ</wf>
		<wf pos="VAUX">اوس</wf>
		<wf pos="NNC">بار</wf>
		<wf pos="NN" sense_id="1">بار</wf>
		<wf pos="NN">أچھ</wf>
		<wf pos="NN">ٹٲرۍ</wf>
		<wf pos="VM">وَٹان</wf>
		<wf pos="CC">تہٕ</wf>
		<wf pos="VM">کُھلاوان</wf>
		<wf pos="SYM">۔</wf>
</sentence>
<sentence s_id="45">
		<wf pos="NNP">پاکِستان</wf>
		<wf pos="VAUX">چُھ</wf>
		<wf pos="NNP">ہِنٛدوستانَس</wf>
		<wf pos="NNC">بار</wf>
		<wf pos="NN" sense_id="1">بار</wf>
		<wf pos="NN">لڑایِہ</wf>
		<wf pos="PSP">ہٕںٛز</wf>
		<wf pos="NN">دعوت</wf>
		<wf pos="VM">دِوان</wf>
		<wf pos="SYM">۔</wf>
</sentence>
<sentence s_id="46">
		<wf pos="NN">دیوتاہَن</wf>
		<wf pos="CC">تہٕ</wf>
		<wf pos="NN">دیوَن</wf>
		<wf pos="NN">مُتعلِق:بار</wf>
		<wf pos="NNC">بار</wf>
		<wf pos="NN">گَژھَن</wf>
		<wf pos="PSP">والٮ۪ن</wf>
		<wf pos="NNC">جَںٛگَن</wf>
		<wf pos="NN">مَںٛز</wf>
		<wf pos="VAUX">ٲسۍ</wf>
		<wf pos="NN">دیوَن</wf>
		<wf pos="PSP">ہٕںٛز</wf>
		<wf pos="NN">فَتَح</wf>
		<wf pos="VM">گَژھان</wf>
		<wf pos="SYM">۔</wf>
</sentence>
<sentence s_id="47">
		<wf pos="PRP">تٔمِس</wf>
		<wf pos="VAUX">چھِ</wf>
		<wf pos="NN">بٲتھ</wf>
		<wf pos="VM">وننٕچ</wf>
		<wf pos="QC">اکھ</wf>
		<wf pos="JJ">تِژھ</wf>
		<wf pos="NN">لے</wf>
		<wf pos="CC">زِ</wf>
		<wf pos="NN" sense_id="1">بار</wf>
		<wf pos="PRP">بارتٔمۍ</wf>
		<wf pos="PSP">سُنٛد</wf>
		<wf pos="NN">بٲتھ</wf>
		<wf pos="VM">بوٗزِتھ</wf>
		<wf pos="RP">تہِ</wf>
		<wf pos="VM">چھنہٕ</wf>
		<wf pos="NN">یڈ</wf>
		<wf pos="VM">یوان</wf>
		<wf pos="SYM">۔</wf>
</sentence>
<sentence s_id="48">
		<wf pos="NN">کَچھ</wf>
		<wf pos="VM">کَڑنٕچ</wf>
		<wf pos="NN">کٲم:زٔمیٖنَس</wf>
		<wf pos="VAUX">چُھ</wf>
		<wf pos="VM">پیٚوان</wf>
		<wf pos="NNC">بار</wf>
		<wf pos="NN" sense_id="1">بار</wf>
		<wf pos="NN">کَچھ</wf>
		<wf pos="VM">کَڑُن</wf>
		<wf pos="SYM">۔</wf>
</sentence>
<sentence s_id="49">
		<wf pos="NN">پَلَو</wf>
		<wf pos="VM">چھلنہٕ</wf>
		<wf pos="NN">وِزِ</wf>
		<wf pos="NN">پَلوَس</wf>
		<wf pos="NN" sense_id="1">بار</wf>
		<wf pos="NNC">بار</wf>
		<wf pos="NN">ٹاس</wf>
		<wf pos="PSP">کَڑُن:دوب</wf>
		<wf pos="VAUX">چُھ</wf>
		<wf pos="NN">پَلوَن</wf>
		<wf pos="NN">پَلَس</wf>
		<wf pos="PSP">پٮ۪ٹھ</wf>
		<wf pos="NN">ٹاس</wf>
		<wf pos="VM">کَڑان</wf>
		<wf pos="SYM">۔</wf>
</sentence>
<sentence s_id="50">
		<wf pos="PRP">سُہ</wf>
		<wf pos="VAUX">چُھ</wf>
		<wf pos="NN">ڈاکٹٔری</wf>
		<wf pos="VM">کٔرِتھ</wf>
		<wf pos="NN">گَرٕ</wf>
		<wf pos="NN" sense_id="1">بار</wf>
		<wf pos="VM">پالان</wf>
		<wf pos="SYM">۔</wf>
</sentence>
<sentence s_id="51">
		<wf pos="NN">رَمیشَن</wf>
		<wf pos="CC">تہٕ</wf>
		<wf pos="NN">مٔہیشَن</wf>
		<wf pos="VM">کوٚر</wf>
		<wf pos="PRP">شٔرکٔتِس</wf>
		<wf pos="PSP">منٛز</wf>
		<wf pos="NN">کارٕ</wf>
		<wf pos="NN" sense_id="1">بار</wf>
		<wf pos="VM">شَروٗع</wf>
		<wf pos="SYM">۔</wf>
</sentence>
<sentence s_id="52">
		<wf pos="NN">بَنٛکَس</wf>
		<wf pos="PSP">مَںٛز</wf>
		<wf pos="VAUX">چھِ</wf>
		<wf pos="NN" sense_id="1">بار</wf>
		<wf pos="NN" sense_id="1">بار</wf>
		<wf pos="NN">کھاتہٕ</wf>
		<wf pos="VM">کھولنٕچ</wf>
		<wf pos="NN">آسٲیِش</wf>
		<wf pos="SYM">۔</wf>
</sentence>
<sentence s_id="53">
		<wf pos="NN">حٲمِد</wf>
		<wf pos="VAUX">چُھ</wf>
		<wf pos="NN">گَرٕ</wf>
		<wf pos="NN" sense_id="1">بار</wf>
		<wf pos="PSP">وول</wf>
		<wf pos="NN">شَخٕص</wf>
		<wf pos="SYM">۔</wf>
</sentence>
<sentence s_id="54">
		<wf pos="NN">دِلٕچ</wf>
		<wf pos="NN">دَھڑکَن</wf>
		<wf pos="VM">رُکنہٕ</wf>
		<wf pos="PSP">کہِ</wf>
		<wf pos="NN">وجہہ</wf>
		<wf pos="PSP">سۭتۍ</wf>
		<wf pos="CC">بےٚ</wf>
		<wf pos="JJ">ہوش</wf>
		<wf pos="NN">نفر</wf>
		<wf pos="NN">ہوشَس</wf>
		<wf pos="PSP">منٛز</wf>
		<wf pos="VM">اَننہٕ</wf>
		<wf pos="PSP">خٲطرٕ</wf>
		<wf pos="VM">تروو</wf>
		<wf pos="PRP">تٔمۍ</wf>
		<wf pos="PRP">تَس</wf>
		<wf pos="NN">سیٖنس</wf>
		<wf pos="NN" sense_id="2">بار</wf>
		<wf pos="CC">تہٕ</wf>
		<wf pos="VM">کوٚرُن</wf>
		<wf pos="VM">ہُشار</wf>
		<wf pos="SYM">۔</wf>
</sentence>
<sentence s_id="55">
		<wf pos="NN">ڈَنٛڈٕ</wf>
		<wf pos="PSP">سۭتۍ</wf>
		<wf pos="NN" sense_id="1">بار</wf>
		<wf pos="NN" sense_id="1">بار</wf>
		<wf pos="VM">لٲیِتھ</wf>
		<wf pos="VM">پھٕٹرٲو</wf>
		<wf pos="NN">گامہٕ</wf>
		<wf pos="QC">والیو</wf>
		<wf pos="VAUX">گاوِ</wf>
		<wf pos="INTF">زَنٛگزیٛادٕ</wf>
		<wf pos="JJ">اورِ</wf>
		<wf pos="RDP">یور</wf>
		<wf pos="CC">اَگر</wf>
		<wf pos="NN">کوٚرُتھ</wf>
		<wf pos="VAUX">أس</wf>
		<wf pos="VM">پٕھاٹراوو</wf>
		<wf pos="PSP">کَلہٕ</wf>
		<wf pos="SYM">۔</wf>
</sentence>
<sentence s_id="56">
		<wf pos="NN">گیس</wf>
		<wf pos="VAUX">گَژھنہٕ</wf>
		<wf pos="VM">کِنۍ</wf>
		<wf pos="VAUX">چُھ</wf>
		<wf pos="PRP">سُہ</wf>
		<wf pos="NN" sense_id="1">بار</wf>
		<wf pos="NN" sense_id="1">بار</wf>
		<wf pos="NN">ژۭنٛٹہٕ</wf>
		<wf pos="VM">تراوان</wf>
		<wf pos="SYM">۔</wf>
</sentence>
<sentence s_id="57">
		<wf pos="NNC">بار</wf>
		<wf pos="NN" sense_id="1">بار</wf>
		<wf pos="NN">اِمتحانَس</wf>
		<wf pos="PSP">منٛز</wf>
		<wf pos="JJ">ناکام</wf>
		<wf pos="VAUX">گَژھنہٕ</wf>
		<wf pos="PSP">کہِ</wf>
		<wf pos="NN">وجہہ</wf>
		<wf pos="PSP">سۭتۍ</wf>
		<wf pos="PRP">سُہ</wf>
		<wf pos="VAUX">چُھ</wf>
		<wf pos="NNP">پریشانہِ</wf>
		<wf pos="NN">حال</wf>
		<wf pos="VM">گوٚمُت</wf>
		<wf pos="SYM">۔</wf>
</sentence>
<sentence s_id="58">
		<wf pos="NN">زِنٛدگی</wf>
		<wf pos="PSP">ہُنٛد</wf>
		<wf pos="NN" sense_id="2">بار</wf>
		<wf pos="VAUX">چُھس</wf>
		<wf pos="NEG">نہٕ</wf>
		<wf pos="RB">وۄنۍ</wf>
		<wf pos="VM">تُلِتھ</wf>
		<wf pos="VAUX">ہٮ۪کان</wf>
		<wf pos="SYM">۔</wf>
</sentence>
<sentence s_id="59">
		<wf pos="NN">تُرٛکٮ۪و</wf>
		<wf pos="VM">کوٚر</wf>
		<wf pos="NNP">ہِنٛدوستانَس</wf>
		<wf pos="PSP">پٮ۪ٹھ</wf>
		<wf pos="NN" sense_id="1">بار</wf>
		<wf pos="NN" sense_id="1">بار</wf>
		<wf pos="NN">حَملہٕ</wf>
		<wf pos="SYM">۔</wf>
</sentence>
<sentence s_id="60">
		<wf pos="PRP">پننِہ</wf>
		<wf pos="NN">دِلٕچ</wf>
		<wf pos="NN">کَتھ</wf>
		<wf pos="VM">ؤنِتھ</wf>
		<wf pos="VM">لوٚتیوو</wf>
		<wf pos="PRP">مےٚ</wf>
		<wf pos="NN">دِلُک</wf>
		<wf pos="NN" sense_id="1">بار</wf>
		<wf pos="SYM">۔</wf>
</sentence>
<sentence s_id="61">
		<wf pos="NNC">بار</wf>
		<wf pos="NN" sense_id="1">بار</wf>
		<wf pos="NN">چاے</wf>
		<wf pos="NN">چَنہٕ</wf>
		<wf pos="PSP">سۭتۍ</wf>
		<wf pos="VM">مۄکلے</wf>
		<wf pos="PRP">مےٚ</wf>
		<wf pos="VM">بۄچھہٕ</wf>
		<wf pos="SYM">۔</wf>
</sentence>
<sentence s_id="62">
		<wf pos="NNC">بار</wf>
		<wf pos="NN" sense_id="1">بار</wf>
		<wf pos="VAUX">ٲسۍ</wf>
		<wf pos="JJ">وُزمَل</wf>
		<wf pos="VM">گژھان</wf>
		<wf pos="CC">تہٕ</wf>
		<wf pos="RB">گگراے</wf>
		<wf pos="VAUX">ٲسۍ</wf>
		<wf pos="VM">گژھان</wf>
		<wf pos="SYM">۔</wf>
</sentence>
<sentence s_id="63">
		<wf pos="NN">کومیُل</wf>
		<wf pos="VAUX">چُھ</wf>
		<wf pos="NN">دانِہ</wf>
		<wf pos="PSP">ہُںٛد</wf>
		<wf pos="NN" sense_id="1">بار</wf>
		<wf pos="NN">ٹانٛگَس</wf>
		<wf pos="PSP">مَنٛز</wf>
		<wf pos="VM">ترٛاوان</wf>
		<wf pos="SYM">۔</wf>
</sentence>
<sentence s_id="64">
		<wf pos="PRP">بہٕ</wf>
		<wf pos="VAUX">چھس</wf>
		<wf pos="JJ">شیرخار</wf>
		<wf pos="NN">بَچہٕ</wf>
		<wf pos="PSP">سٕنٛدِ</wf>
		<wf pos="NNP">تالِہ</wf>
		<wf pos="PSP">پٮ۪ٹھ</wf>
		<wf pos="NN" sense_id="1">بار</wf>
		<wf pos="NN" sense_id="1">بار</wf>
		<wf pos="NN">تیٖل</wf>
		<wf pos="VM">تھاون</wf>
		<wf pos="SYM">۔</wf>
</sentence>
<sentence s_id="65">
		<wf pos="NN">رومانیُک</wf>
		<wf pos="VM">روزَن</wf>
		<wf pos="NN">وول:رومانِیٲٮٔی</wf>
		<wf pos="VAUX">چھِ</wf>
		<wf pos="NNP">ہِنٛدُستانَس</wf>
		<wf pos="PSP">سۭتۍ</wf>
		<wf pos="NN">کارٕ</wf>
		<wf pos="NN" sense_id="1">بار</wf>
		<wf pos="VM">ٮَ۪ژھان</wf>
		<wf pos="VM">کَرُن</wf>
		<wf pos="SYM">۔</wf>
</sentence>
<sentence s_id="66">
		<wf pos="DEM">یَتھ</wf>
		<wf pos="JJ">زوٚد</wf>
		<wf pos="CC">یا</wf>
		<wf pos="JJ">گوٚد</wf>
		<wf pos="VAUX">آسہِ</wf>
		<wf pos="VM">کَرنہ</wf>
		<wf pos="PRP">آمُت:سُہ</wf>
		<wf pos="VAUX">اوس</wf>
		<wf pos="JJ">زوٚد</wf>
		<wf pos="VM">کٔرمٕتِس</wf>
		<wf pos="NN">نِشانَس</wf>
		<wf pos="NN" sense_id="1">بار</wf>
		<wf pos="NN" sense_id="1">بار</wf>
		<wf pos="QF">زٔدۍ</wf>
		<wf pos="VM">کَران</wf>
		<wf pos="SYM">۔</wf>
</sentence>
<sentence s_id="67">
		<wf pos="NNC">بار</wf>
		<wf pos="NN" sense_id="1">بار</wf>
		<wf pos="NN">اُلٹی</wf>
		<wf pos="VM">،</wf>
		<wf pos="RB">نٮ۪بَر</wf>
		<wf pos="VM">نیرنہٕ</wf>
		<wf pos="NN">سمتۍ</wf>
		<wf pos="VAUX">چھِ</wf>
		<wf pos="PRP">تٔمِس</wf>
		<wf pos="JJ">آبٕچ</wf>
		<wf pos="NN">کٔمی</wf>
		<wf pos="VM">گٔمٕژ</wf>
		<wf pos="SYM">۔</wf>
</sentence>
<sentence s_id="68">
		<wf pos="JJ">آصِف</wf>
		<wf pos="VAUX">چُھ</wf>
		<wf pos="NN">حال</wf>
		<wf pos="NN">حالَے</wf>
		<wf pos="NN">أکِس</wf>
		<wf pos="NN">سِنٛگاپورِکِس</wf>
		<wf pos="PSP">سۭتۍ</wf>
		<wf pos="NN">کارٕ</wf>
		<wf pos="NN" sense_id="1">بار</wf>
		<wf pos="VM">کَرنہٕ</wf>
		<wf pos="VM">لوٚگمُت</wf>
		<wf pos="SYM">۔</wf>
</sentence>
<sentence s_id="69">
		<wf pos="NN">اِلزام</wf>
		<wf pos="NN">رَٹَن</wf>
		<wf pos="PSP">وٲلِس</wf>
		<wf pos="VAUX">ٲس</wf>
		<wf pos="JJ">خَطاکار</wf>
		<wf pos="NN" sense_id="1">بار</wf>
		<wf pos="NN" sense_id="1">بار</wf>
		<wf pos="NN">دَھمکی</wf>
		<wf pos="VM">دِوان</wf>
		<wf pos="SYM">۔</wf>
</sentence>
<sentence s_id="70">
		<wf pos="RDP">مَہاراشٹُرٛک</wf>
		<wf pos="QC">اَکھ</wf>
		<wf pos="PRP">شَہَر:سُہ</wf>
		<wf pos="VAUX">چُھ</wf>
		<wf pos="NNP">رَتنگٔری</wf>
		<wf pos="PSP">منٛز</wf>
		<wf pos="NN">اَمبَن</wf>
		<wf pos="PSP">ہُنٛد</wf>
		<wf pos="NN">کارٕ</wf>
		<wf pos="NN" sense_id="1">بار</wf>
		<wf pos="VM">کَران</wf>
		<wf pos="SYM">۔</wf>
</sentence>
<sentence s_id="71">
		<wf pos="NN">سوٗرَت</wf>
		<wf pos="VAUX">چُھ</wf>
		<wf pos="NN">کَپرٕ</wf>
		<wf pos="NN">کار</wf>
		<wf pos="NN" sense_id="1">بار</wf>
		<wf pos="PSP">خٲطرٕ</wf>
		<wf pos="NN">زانٛنہٕ</wf>
		<wf pos="VM">یِوان</wf>
		<wf pos="SYM">۔</wf>
</sentence>
<sentence s_id="72">
		<wf pos="VM">گاسہِ</wf>
		<wf pos="VM">کھٮ۪وان</wf>
		<wf pos="VAUX">اوس</wf>
		<wf pos="NN">خَر</wf>
		<wf pos="NN" sense_id="1">بار</wf>
		<wf pos="RB">بار</wf>
		<wf pos="RDP">ٹانٛگان</wf>
		<wf pos="SYM">۔</wf>
</sentence>
<sentence s_id="73">
		<wf pos="DEM">یُس</wf>
		<wf pos="NN" sense_id="1">بار</wf>
		<wf pos="NN" sense_id="1">بار</wf>
		<wf pos="VM">یِوان</wf>
		<wf pos="NN">آسہِ:بار</wf>
		<wf pos="NN" sense_id="1">بار</wf>
		<wf pos="VM">یِنہٕ</wf>
		<wf pos="PSP">واجیٚنۍ</wf>
		<wf pos="NN">شِکایتو</wf>
		<wf pos="PSP">سۭتۍ</wf>
		<wf pos="VAUX">چُھس</wf>
		<wf pos="PRP">بہٕ</wf>
		<wf pos="JJ">پریشان</wf>
		<wf pos="VM">گوٚمُت</wf>
		<wf pos="NN">میانٮ۪و</wf>
		<wf pos="NN" sense_id="1">بار</wf>
		<wf pos="NN" sense_id="1">بار</wf>
		<wf pos="VM">یِنہٕ</wf>
		<wf pos="NN">والٮ۪و</wf>
		<wf pos="NN">دوستو</wf>
		<wf pos="PSP">مَںٛز</wf>
		<wf pos="VAUX">چُھ</wf>
		<wf pos="NN">مَنوہَر</wf>
		<wf pos="QC">اَکھ</wf>
		<wf pos="SYM">۔</wf>
</sentence>
<sentence s_id="74">
		<wf pos="NN">گاف</wf>
		<wf pos="CC">یا</wf>
		<wf pos="NN">ٹینِس</wf>
		<wf pos="NN">وٕچَھن</wf>
		<wf pos="NNPC">وٲل</wf>
		<wf pos="NNP">لُکھ:گیٛلری</wf>
		<wf pos="VAUX">ٲس</wf>
		<wf pos="NNC">بار</wf>
		<wf pos="NN" sense_id="1">بار</wf>
		<wf pos="PSP">کھِلاریٚن</wf>
		<wf pos="PSP">ہُنٛد</wf>
		<wf pos="NN">حوصلہٕ</wf>
		<wf pos="VM">بَڑاوان</wf>
		<wf pos="SYM">۔</wf>
</sentence>
<sentence s_id="75">
		<wf pos="QC">اَکھ</wf>
		<wf pos="NN">زاتھ</wf>
		<wf pos="DEM">یۄس</wf>
		<wf pos="JJ">خاص</wf>
		<wf pos="NN">کَر</wf>
		<wf pos="NN">کَٹھ</wf>
		<wf pos="VM">رَچھنُک</wf>
		<wf pos="NN">کار</wf>
		<wf pos="NN" sense_id="1">بار</wf>
		<wf pos="VAUX">چھےٚ</wf>
		<wf pos="NN">کَران:بٔکٕروال</wf>
		<wf pos="VAUX">چھہِ</wf>
		<wf pos="JJ">زیادٕ</wf>
		<wf pos="CC">تَر</wf>
		<wf pos="JJ">شُمٲلی</wf>
		<wf pos="NN">بارتَس</wf>
		<wf pos="PSP">منٛز</wf>
		<wf pos="VM">لَبنہٕ</wf>
		<wf pos="VAUX">یِوان</wf>
		<wf pos="SYM">۔</wf>
</sentence>
<sentence s_id="76">
		<wf pos="DEM">یَتھ</wf>
		<wf pos="PSP">پٮ۪ٹھ</wf>
		<wf pos="PRP">کانٛہہ</wf>
		<wf pos="NN" sense_id="1">بار</wf>
		<wf pos="CC">یا</wf>
		<wf pos="NN">وَزَن</wf>
		<wf pos="NN">آسہِ:بارٕ</wf>
		<wf pos="PSP">وول</wf>
		<wf pos="NN">نَفَر</wf>
		<wf pos="VM">بیوٗٹھ</wf>
		<wf pos="NST">پَتھر</wf>
		<wf pos="VM">تھٔکِتھ</wf>
		<wf pos="SYM">۔</wf>
</sentence>
<sentence s_id="77">
		<wf pos="QC">اَکھ</wf>
		<wf pos="NN">اَنٛگریٖز</wf>
		<wf pos="RB">کَمپٔنۍ</wf>
		<wf pos="DEM">یۄس</wf>
		<wf pos="NN">شُرٛاہ</wf>
		<wf pos="NN">شَتھ</wf>
		<wf pos="NN">صٔدی</wf>
		<wf pos="PSP">منٛز</wf>
		<wf pos="VM">شُروع</wf>
		<wf pos="NN">گٔیہٕ:ایسٹ</wf>
		<wf pos="CC">اِنٛڈیا</wf>
		<wf pos="NN">کَمپنی</wf>
		<wf pos="VAUX">ٲس</wf>
		<wf pos="NN">بھارَت</wf>
		<wf pos="NN">کارٕٕ</wf>
		<wf pos="NN" sense_id="1">بار</wf>
		<wf pos="PSP">کَرنہِ</wf>
		<wf pos="PSP">خٲطرٕ</wf>
		<wf pos="VAUX">آمٕژ</wf>
		<wf pos="SYM">۔</wf>
</sentence>
<sentence s_id="78">
		<wf pos="NN">ہَوہُک</wf>
		<wf pos="JJ">تیز</wf>
		<wf pos="NN">دَکہٕ</wf>
		<wf pos="PRP">یُس</wf>
		<wf pos="POW">طوٗفان</wf>
		<wf pos="RP">خۄتہٕ</wf>
		<wf pos="NN">کَم</wf>
		<wf pos="???">آسہِ:واو</wf>
		<wf pos="VAUX">چُھ</wf>
		<wf pos="NNC">بار</wf>
		<wf pos="NN" sense_id="1">بار</wf>
		<wf pos="VM">ۄتھان</wf>
		<wf pos="SYM">۔</wf>
</sentence>
<sentence s_id="79">
		<wf pos="PRP">سۄ</wf>
		<wf pos="QC">اَکھ</wf>
		<wf pos="NN">وَرزِش</wf>
		<wf pos="DEM">یَتھ</wf>
		<wf pos="PSP">منٛز</wf>
		<wf pos="NN" sense_id="1">بار</wf>
		<wf pos="VM">تُلنہٕ</wf>
		<wf pos="PSP">سۭتۍ</wf>
		<wf pos="NN">جٕسٕم</wf>
		<wf pos="JJ">ٹھیٖک</wf>
		<wf pos="VAUX">چھِ</wf>
		<wf pos="NN">تھاوان:کِھلاڑٮ۪ن</wf>
		<wf pos="PSP">خٲطرٕ</wf>
		<wf pos="VAUX">چھِ</wf>
		<wf pos="NN">ویٹ</wf>
		<wf pos="NN">لِفٹِنٛگ</wf>
		<wf pos="INTF">واریاہ</wf>
		<wf pos="JJ">اَہَم</wf>
		<wf pos="SYM">۔</wf>
</sentence>
<sentence s_id="80">
		<wf pos="PRP">سُہ</wf>
		<wf pos="VM">اَخھ</wf>
		<wf pos="NN">چیٖز</wf>
		<wf pos="DEM">یُس</wf>
		<wf pos="NN">کِرکَٹ</wf>
		<wf pos="VAUX">گِنٛدنہٕ</wf>
		<wf pos="NN">وِزِ</wf>
		<wf pos="NN:?">بَلہٕ</wf>
		<wf pos="NN" sense_id="1">بار</wf>
		<wf pos="NN">حفاظت</wf>
		<wf pos="PSP">خٲطرٕ</wf>
		<wf pos="NNC">زَنٛگَن</wf>
		<wf pos="VAUX">چُھ</wf>
		<wf pos="NN">لَگان:بال</wf>
		<wf pos="VM">آیہِ</wf>
		<wf pos="NN:?">بَلہٕ</wf>
		<wf pos="NN">باز</wf>
		<wf pos="PSP">سٕنٛدِس</wf>
		<wf pos="NN">پیڈَس</wf>
		<wf pos="VM">لَگنہٕ</wf>
		<wf pos="RB">پَتہٕ</wf>
		<wf pos="NN">سِٹیپَس</wf>
		<wf pos="SYM">۔</wf>
</sentence>
<sentence s_id="81">
		<wf pos="PRP">سُہ</wf>
		<wf pos="NN">ؤزیٖز</wf>
		<wf pos="PRP">ییٚمِس</wf>
		<wf pos="JJ">پٮ۪ٹرولِیَم</wf>
		<wf pos="NN">مَحکَمُک</wf>
		<wf pos="NN" sense_id="1">بار</wf>
		<wf pos="VAUX">آسہِ</wf>
		<wf pos="VM">دِنہٕ</wf>
		<wf pos="PRP">آمُت:سانہِ</wf>
		<wf pos="NN">مُلکُک</wf>
		<wf pos="JJ">پرٛون</wf>
		<wf pos="NN">ؤزیٖر</wf>
		<wf pos="NN">پٮ۪ٹرولِیَم</wf>
		<wf pos="VAUX">چُھ</wf>
		<wf pos="NNPC">مُرلی</wf>
		<wf pos="NNP">دیوڈا</wf>
		<wf pos="SYM">۔</wf>
</sentence>
<sentence s_id="82">
		<wf pos="NN">منٛتَر</wf>
		<wf pos="NN">بیترِ</wf>
		<wf pos="NN" sense_id="1">بار</wf>
		<wf pos="NN" sense_id="1">بار</wf>
		<wf pos="VM">دوہراوٕنٕچ</wf>
		<wf pos="VM">عمَل:شِو</wf>
		<wf pos="NN">پوٗزا</wf>
		<wf pos="RB">سۭتی</wf>
		<wf pos="VAUX">آو</wf>
		<wf pos="NN">آر</wf>
		<wf pos="NN">منٛترَن</wf>
		<wf pos="PRP">ہیُنٛد</wf>
		<wf pos="NN">جاپ</wf>
		<wf pos="VM">کرُن</wf>
		<wf pos="RP">تہِ</wf>
		<wf pos="JJ">لٲزمی</wf>
		<wf pos="VM">بناونہٕ</wf>
		<wf pos="SYM">۔</wf>
</sentence>
<sentence s_id="83">
		<wf pos="DEM">یِہ</wf>
		<wf pos="NN">اعتراض</wf>
		<wf pos="VAUX">وٮ۪ژھہٕ</wf>
		<wf pos="VM">ناون</wf>
		<wf pos="PRP">بۂ</wf>
		<wf pos="QC">۲</wf>
		<wf pos="QC">دۄن</wf>
		<wf pos="QC">۴ژۄن</wf>
		<wf pos="NN">کتھن</wf>
		<wf pos="PSP">اندر</wf>
		<wf pos="VM">اَولن</wf>
		<wf pos="VAUX">چھُم</wf>
		<wf pos="DEM">یِہ</wf>
		<wf pos="NN">عرض</wf>
		<wf pos="VAUX">کِہ</wf>
		<wf pos="DEM">یِہ</wf>
		<wf pos="VAUX">چھہ</wf>
		<wf pos="NN">اِستغاثہٕ</wf>
		<wf pos="PSP">چی</wf>
		<wf pos="JJ">اہم</wf>
		<wf pos="JJ">ڈیِوٹی</wf>
		<wf pos="CC">تہٕ</wf>
		<wf pos="JJ">ذمہّ</wf>
		<wf pos="NN">وٲری</wf>
		<wf pos="CC">زِہ</wf>
		<wf pos="PRP">تِم</wf>
		<wf pos="VM">کرن</wf>
		<wf pos="PRP">پنُن</wf>
		<wf pos="NN">اِستٹاثہ</wf>
		<wf pos="NN">ثٲبت</wf>
		<wf pos="VAUX">کرہ</wf>
		<wf pos="NEG">نہٕ</wf>
		<wf pos="NNP">خٲطرہ</wf>
		<wf pos="NN">عدالتس</wf>
		<wf pos="JJ">سٲری</wf>
		<wf pos="NN">مواد</wf>
		<wf pos="CC">تہٕ</wf>
		<wf pos="NNP">ثبوٗ</wf>
		<wf pos="NN">تٕکۍ</wf>
		<wf pos="RDP">سٲرۍ</wf>
		<wf pos="JJ">اہم</wf>
		<wf pos="NN">چیٖز</wf>
		<wf pos="NN">اکِہ</wf>
		<wf pos="NN">اکِہ</wf>
		<wf pos="VM">پیش</wf>
		<wf pos="PRP">پننِہ</wf>
		<wf pos="NN">شِکایٔژ</wf>
		<wf pos="PSP">منٛز</wf>
		<wf pos="VM">تھاوَن</wf>
		<wf pos="NEG">نہٕ</wf>
		<wf pos="RB">آسٕرۍ</wf>
		<wf pos="NN">دانَس</wf>
		<wf pos="JJ">برابر</wf>
		<wf pos="RP">تِہ</wf>
		<wf pos="JJ">شکنجٕ</wf>
		<wf pos="NN">گُنجایِش</wf>
		<wf pos="NN">قونوٖن</wf>
		<wf pos="VM">چُھنہ</wf>
		<wf pos="PRP">مُلزِمس</wf>
		<wf pos="PSP">پٮ۪ٹھ</wf>
		<wf pos="DEM">یِہ</wf>
		<wf pos="NN" sense_id="1">بار</wf>
		<wf pos="VM">تراٛوان</wf>
		<wf pos="CC">زِہ</wf>
		<wf pos="PRP">سُہ</wf>
		<wf pos="NN">کرِہ</wf>
		<wf pos="PRP">پنٕنۍ</wf>
		<wf pos="JJ">بے</wf>
		<wf pos="NN">گۄنٲھی</wf>
		<wf pos="VM">ثابِت</wf>
		<wf pos="CC">بٔلۍ</wf>
		<wf pos="PSP">کہ</wf>
		<wf pos="DEM">یِہ</wf>
		<wf pos="NN" sense_id="1">بار</wf>
		<wf pos="VAUX">چُھہ</wf>
		<wf pos="NN">استغاشس</wf>
		<wf pos="PSP">پٮ۪ٹھ</wf>
		<wf pos="CC">زِہ</wf>
		<wf pos="PRP">تِم</wf>
		<wf pos="VM">کرن</wf>
		<wf pos="NN">شک</wf>
		<wf pos="NN">پٲدٕہ</wf>
		<wf pos="VAUX">گژھنہٕ</wf>
		<wf pos="RB">بغٲر</wf>
		<wf pos="NN">مُلزٕمس</wf>
		<wf pos="JJ">مُجرم</wf>
		<wf pos="NN">ثٲبِت</wf>
		<wf pos="RB">ییٚلِہ</wf>
		<wf pos="NN">اِستغاثہ</wf>
		<wf pos="VM">کرِہ</wf>
		<wf pos="DEM">تمِہ</wf>
		<wf pos="QC">زورٕہ</wf>
		<wf pos="CC">تہٕ</wf>
		<wf pos="NN">مضبوٗطی</wf>
		<wf pos="PSP">سان</wf>
		<wf pos="PRP">پنُن</wf>
		<wf pos="NN">کیس</wf>
		<wf pos="VM">ثٲبت،</wf>
		<wf pos="NN">اَدہٕ</wf>
		<wf pos="VAUX">چُھ</wf>
		<wf pos="DEM">یِہ</wf>
		<wf pos="NN" sense_id="1">بار</wf>
		<wf pos="RP">مُلزِمہ</wf>
		<wf pos="PRP">سٕند</wf>
		<wf pos="POW">ٮ۪ن</wf>
		<wf pos="NN">پھیٚکٮ۪ن</wf>
		<wf pos="PSP">پٮ۪ٹھ</wf>
		<wf pos="VM">کھسان</wf>
		<wf pos="CC">زِہ</wf>
		<wf pos="PRP">سُہ</wf>
		<wf pos="NN">ہاوِہ</wf>
		<wf pos="PRP">پننٕۍ</wf>
		<wf pos="JJ">بے</wf>
		<wf pos="JJ">گۄنٲہی</wf>
		<wf pos="NN">پُلسس</wf>
		<wf pos="VM">چُھنہ</wf>
		<wf pos="DEM">یِہ</wf>
		<wf pos="NN">فرض</wf>
		<wf pos="CC">زِہ</wf>
		<wf pos="PRP">یَس</wf>
		<wf pos="PSP">پٮ۪ٹھ</wf>
		<wf pos="NNPC">تمِن</wf>
		<wf pos="NN">جُرمُک</wf>
		<wf pos="NN">شک</wf>
		<wf pos="JJ">باسِہ،</wf>
		<wf pos="PRP">تس</wf>
		<wf pos="PSP">مُتلِق</wf>
		<wf pos="VM">کرن</wf>
		<wf pos="PRP">تِم</wf>
		<wf pos="NN">تتٔھۍ</wf>
		<wf pos="RB">اوت</wf>
		<wf pos="POW">رنگس</wf>
		<wf pos="NN">اندرتحقیقات،</wf>
		<wf pos="DEM">یَتھ</wf>
		<wf pos="PSP">منٛز</wf>
		<wf pos="PRP">سُہ</wf>
		<wf pos="JJ">مُجرم</wf>
		<wf pos="VM">ٮ۪ٔنیِتھ</wf>
		<wf pos="VM">ہیٚکہِ،</wf>
		<wf pos="CC">بٔلۍ</wf>
		<wf pos="DEM">کہ</wf>
		<wf pos="NN">یِہن</wf>
		<wf pos="RP">تِہ</wf>
		<wf pos="VAUX">چھُہ</wf>
		<wf pos="PRP">تہُند</wf>
		<wf pos="NN">فرض</wf>
		<wf pos="CC">زِہ</wf>
		<wf pos="PRP">تِم</wf>
		<wf pos="VM">کرن</wf>
		<wf pos="NNPC">تمِن</wf>
		<wf pos="NNP">موَادن</wf>
		<wf pos="RP">تِہ</wf>
		<wf pos="VM">چھان</wf>
		<wf pos="NNP">ٮ۪یٖن،</wf>
		<wf pos="DEM">یِم</wf>
		<wf pos="PRP">مُلزِمس</wf>
		<wf pos="NN">موصوٗم،</wf>
		<wf pos="JJ">بے</wf>
		<wf pos="NN">گۄتاہ</wf>
		<wf pos="CC">تہٕ</wf>
		<wf pos="NN">مُبّرا</wf>
		<wf pos="VM">بَناون</wf>
		<wf pos="RB">ییٚلِہ</wf>
		<wf pos="DEM">یِمَو</wf>
		<wf pos="NN">وۄشِہ</wf>
		<wf pos="PRP">وٕے</wf>
		<wf pos="NN">طریقَو</wf>
		<wf pos="PRP">تِم</wf>
		<wf pos="NN">واقعاتن</wf>
		<wf pos="VM">ژھٲنڈ،</wf>
		<wf pos="PRP">کُنِہ</wf>
		<wf pos="NN">توصُبہ</wf>
		<wf pos="RB">روستُے</wf>
		<wf pos="PRP">پننٕۍ</wf>
		<wf pos="NN">راے</wf>
		<wf pos="RB">برونٹھٕے</wf>
		<wf pos="VM">قٲیِم</wf>
		<wf pos="VAUX">کرہ</wf>
		<wf pos="NEG">نٕہ</wf>
		<wf pos="PRP">بغٲرِے</wf>
		<wf pos="VM">دِن</wf>
		<wf pos="CC">تہٕ</wf>
		<wf pos="NN">اَدہٕ</wf>
		<wf pos="DEM">یَتھ</wf>
		<wf pos="NN">نیٖتجس</wf>
		<wf pos="PSP">تام</wf>
		<wf pos="VM">واتُن</wf>
		<wf pos="PRP">سُہ</wf>
		<wf pos="VAUX">آسِہ</wf>
		<wf pos="NN">پَزرس</wf>
		<wf pos="JJ">واریاہ</wf>
		<wf pos="VM">نزدیٖکھ!</wf>
		<wf pos="DEM">یَتھ</wf>
		<wf pos="NN">مُقدِس</wf>
		<wf pos="PSP">اندر</wf>
		<wf pos="VAUX">چُھ</wf>
		<wf pos="DEM">یِہ</wf>
		<wf pos="QC">اکھ</wf>
		<wf pos="JJ">بدٕقسمت</wf>
		<wf pos="NN">قدم</wf>
		<wf pos="QC">اَکھ</wf>
		<wf pos="JJ">اِستغاثکُ</wf>
		<wf pos="CC">زِہ</wf>
		<wf pos="NN">یِتھُےتِمن</wf>
		<wf pos="NN">مُلزِس</wf>
		<wf pos="JJ">شککُ</wf>
		<wf pos="NN">مُشِک</wf>
		<wf pos="VM">آمُت</wf>
		<wf pos="VAUX">چھُہ</wf>
		<wf pos="NN">اہ</wf>
		<wf pos="DEM">یِہ</wf>
		<wf pos="NN">کیازِہ</wf>
		<wf pos="VAUX">اوس</wf>
		<wf pos="NEG">نہ</wf>
		<wf pos="NN">ٕ</wf>
		<wf pos="NN">تۂنزی</wf>
		<wf pos="RB">نستِہ</wf>
		<wf pos="PSP">ہُند</wf>
		<wf pos="NN">قصوٗرتِتھُےٖ</wf>
		<wf pos="VAUX">چھُہ</wf>
		<wf pos="CC">تِموَ</wf>
		<wf pos="DEM">یِہ</wf>
		<wf pos="NN">مُلزِم</wf>
		<wf pos="NN">بےچارہٕ</wf>
		<wf pos="NN">جُرمُک</wf>
		<wf pos="NN">داغ</wf>
		<wf pos="POW">دار</wf>
		<wf pos="VM">بناونہٕ</wf>
		<wf pos="NNP">خٲطرہ</wf>
		<wf pos="PRP">پنُن</wf>
		<wf pos="NN">تحقیٖقات</wf>
		<wf pos="QC">أکۍ</wf>
		<wf pos="VAUX">ہے</wf>
		<wf pos="VM">پَہلوٗ</wf>
		<wf pos="NN">وَس</wf>
		<wf pos="PSP">منٛز</wf>
		<wf pos="VM">محدوٗدکوٚرمُت</wf>
		<wf pos="SYM">۔</wf>
</sentence>
<sentence s_id="84">
		<wf pos="VM">سیوا:</wf>
		<wf pos="DEM">یہ</wf>
		<wf pos="RB">کیازِنہ،</wf>
		<wf pos="VAUX">آسنُک</wf>
		<wf pos="NN">سوال</wf>
		<wf pos="NN">کتھ</wf>
		<wf pos="VM">پٮ۪ٹھَ؟</wf>
		<wf pos="DEM">یِہ</wf>
		<wf pos="RP">تِہ</wf>
		<wf pos="VM">وُچھِو</wf>
		<wf pos="PRP">زِتمۍ</wf>
		<wf pos="JJ">سٕنٛزمٲلی</wf>
		<wf pos="NN">حالتھ</wf>
		<wf pos="VM">کِژٛھ</wf>
		<wf pos="VAUX">چھٚے</wf>
		<wf pos="PRP">تِمس</wf>
		<wf pos="PSP">پٮ۪ٹھ</wf>
		<wf pos="QW">کوتاہ</wf>
		<wf pos="NN" sense_id="1">بار</wf>
		<wf pos="VM">چُھ!</wf>
		<wf pos="SYM">۔</wf>
</sentence>
</contextfile>