<?xml version='1.0' encoding='utf-8'?>
<contextfile filename="بوٚڈ" fileno="95">
<sentence s_id="1">
		<wf pos="NNP">سرینگر</wf>
		<wf pos="VAUX">چُھ</wf>
		<wf pos="NNP">کٔشیر</wf>
		<wf pos="PSP">ہُنٛد</wf>
		<wf pos="JJ">سارِوٕے</wf>
		<wf pos="RP">کھۄتہٕ</wf>
		<wf pos="JJ" sense_id="1">بوٚڈ</wf>
		<wf pos="NN">شہر</wf>
		<wf pos="CC">تہٕ</wf>
		<wf pos="NN">ریاست</wf>
		<wf pos="NNP">جمون</wf>
		<wf pos="CC">و</wf>
		<wf pos="NNP">کشمیرٕچ</wf>
		<wf pos="NN">رۍتہٕکالِچ</wf>
		<wf pos="NN">راذدٲنی</wf>
		<wf pos="JJ">جغرافیٲیی</wf>
		<wf pos="NN">لحاظٕ</wf>
		<wf pos="VAUX">چھیٚہ</wf>
		<wf pos="DEM">اتھ</wf>
		<wf pos="JJ">مرکزی</wf>
		<wf pos="NN">اۍہمِیَتھ</wf>
		<wf pos="NN">وادی</wf>
		<wf pos="PSP">ہٕنٛد</wf>
		<wf pos="JJ">مُختٔلِف</wf>
		<wf pos="NN">قصبٕہ</wf>
		<wf pos="VAUX">چِھ</wf>
		<wf pos="RB">اَتِہ</wf>
		<wf pos="PSP">پۍٹھٕ</wf>
		<wf pos="RB">تقریٖبن</wf>
		<wf pos="PSP">ہِوی</wf>
		<wf pos="RB">دوٗر</wf>
		<wf pos="DEM">یِہ</wf>
		<wf pos="NN">شَہَر</wf>
		<wf pos="VAUX">چُھ</wf>
		<wf pos="NNP">جوٚم,</wf>
		<wf pos="NNP">لیٚہہ</wf>
		<wf pos="NNP">,کرگل,</wf>
		<wf pos="NNP">,مظفرآباد</wf>
		<wf pos="PSP">علاوٕ</wf>
		<wf pos="NN">رِیاستہٕ</wf>
		<wf pos="PSP">کۍن</wf>
		<wf pos="RB">باقٕے</wf>
		<wf pos="NN">شہرن</wf>
		<wf pos="RP">تِہ</wf>
		<wf pos="RB">منٛزباگ</wf>
		<wf pos="SYM">۔</wf>
</sentence>
<sentence s_id="2">
		<wf pos="NNPC">نَوروزِ</wf>
		<wf pos="NNP">عالَم</wf>
		<wf pos="RP">تہِ</wf>
		<wf pos="VAUX">چُھ</wf>
		<wf pos="QC">اَکھ</wf>
		<wf pos="JJ">مُکرَم</wf>
		<wf pos="CC">تہٕ</wf>
		<wf pos="JJ">مُقدَس</wf>
		<wf pos="JJ" sense_id="3">بوٚڈ</wf>
		<wf pos="NN">دۄہ</wf>
		<wf pos="DEM">یُس</wf>
		<wf pos="JJ">تمَام</wf>
		<wf pos="NN">دُنۍیہَس</wf>
		<wf pos="PSP">منٛز</wf>
		<wf pos="INTF">سٮ۪ٹھاہ</wf>
		<wf pos="RB">چِکہٕچاوٕ</wf>
		<wf pos="POW">سان</wf>
		<wf pos="VM">مناونہٕ</wf>
		<wf pos="VM">یِوان</wf>
		<wf pos="VAUX">چُھ</wf>
		<wf pos="SYM">۔</wf>
</sentence>
<sentence s_id="3">
		<wf pos="NNPC">راز</wf>
		<wf pos="NNP">ویٖر</wf>
		<wf pos="VAUX">چُھ</wf>
		<wf pos="NNP">جوٚمۍ</wf>
		<wf pos="NN">صوبُک</wf>
		<wf pos="QC">اَکھ</wf>
		<wf pos="JJ" sense_id="4">بوٚڈ</wf>
		<wf pos="NN">علاقہٕ</wf>
		<wf pos="DEM">یِہ</wf>
		<wf pos="NN">علاقہٕ</wf>
		<wf pos="VAUX">چُھ</wf>
		<wf pos="JJ">توٲریٖخی</wf>
		<wf pos="NN">اعتبارٕ</wf>
		<wf pos="RP">تِہ</wf>
		<wf pos="INTF">سیٹھاہ</wf>
		<wf pos="JJ">اہم</wf>
		<wf pos="SYM">۔</wf>
</sentence>
<sentence s_id="4">
		<wf pos="DEM">یَتھ</wf>
		<wf pos="PSP">پٮ۪ٹھ</wf>
		<wf pos="RP">تہِ</wf>
		<wf pos="VAUX">چِھوٕ</wf>
		<wf pos="PRP">تُہۍ</wf>
		<wf pos="VM">زانان</wf>
		<wf pos="NNP">گرٛیٖرسَن</wf>
		<wf pos="VAUX">چُھ</wf>
		<wf pos="PRP">کنہِ</wf>
		<wf pos="NN">زَبٲنۍ</wf>
		<wf pos="PSP">ہنٛز</wf>
		<wf pos="RB">گۄڈٕ</wf>
		<wf pos="NN">تَھپھ</wf>
		<wf pos="VM">دِتھ</wf>
		<wf pos="NNP">یوٗرپی</wf>
		<wf pos="NN">زبٲنٮ۪ن</wf>
		<wf pos="PSP">ہُنٛد</wf>
		<wf pos="NN">آگُر</wf>
		<wf pos="VM">وٕچھنُک</wf>
		<wf pos="QC">اَکھ</wf>
		<wf pos="JJ" sense_id="1">بوٚڈ</wf>
		<wf pos="NN">قدم</wf>
		<wf pos="VM">تُلمُت</wf>
		<wf pos="RB">ییٚلہِ</wf>
		<wf pos="PRP">سُہ</wf>
		<wf pos="DEM">اَتھ</wf>
		<wf pos="NN">زبٲنۍ</wf>
		<wf pos="PSP">منٛز</wf>
		<wf pos="JJ">مُطمعن</wf>
		<wf pos="VAUX">سَپُد</wf>
		<wf pos="RB">تیٚلی</wf>
		<wf pos="VAUX">ہیوٚک</wf>
		<wf pos="PRP">تٔمۍ</wf>
		<wf pos="QC">اَکہِ</wf>
		<wf pos="INTF">بَڈِ</wf>
		<wf pos="JJ">لِسٲنِی</wf>
		<wf pos="NN">تحریرُک</wf>
		<wf pos="NN">قَدم</wf>
		<wf pos="RB">برٛونٹھ</wf>
		<wf pos="VM">پکنٲوِتھ</wf>
		<wf pos="SYM">۔</wf>
</sentence>
<sentence s_id="5">
		<wf pos="DEM">یِمَن</wf>
		<wf pos="JJ">ظٲلِمانہٕ</wf>
		<wf pos="CC">تہٕ</wf>
		<wf pos="JJ">پُر</wf>
		<wf pos="NN">اَسرار</wf>
		<wf pos="NN">قتلَن</wf>
		<wf pos="PSP">ہُنٛد</wf>
		<wf pos="JJ" sense_id="1">بوٚڈ</wf>
		<wf pos="NN">وَجَہ</wf>
		<wf pos="VAUX">چُھ</wf>
		<wf pos="DEM">یِہ</wf>
		<wf pos="CC">زِ</wf>
		<wf pos="NN">جمہوریتکٮ۪و</wf>
		<wf pos="NN">داوادار</wf>
		<wf pos="NN">حٲکۍمَو</wf>
		<wf pos="PRP">یُس</wf>
		<wf pos="DEM">یِمَن</wf>
		<wf pos="JJ">ظٲلِم</wf>
		<wf pos="CC">تہٕ</wf>
		<wf pos="JJ">قٲتِل</wf>
		<wf pos="NN">اَفسرَن</wf>
		<wf pos="CC">تہٕ</wf>
		<wf pos="NN">سِپہَن</wf>
		<wf pos="NN">خونِ</wf>
		<wf pos="JJ">ناحَق</wf>
		<wf pos="VM">کرنَس</wf>
		<wf pos="PSP">پٮ۪ٹھ</wf>
		<wf pos="NN">اِنعام</wf>
		<wf pos="CC">و</wf>
		<wf pos="NN">اکرام</wf>
		<wf pos="VM">دِتھ</wf>
		<wf pos="NN">حوصلہٕ</wf>
		<wf pos="POW">افضٲیی</wf>
		<wf pos="VM">کٔر</wf>
		<wf pos="DEM">تَمی</wf>
		<wf pos="NN">سَببہٕ</wf>
		<wf pos="VM">ہیوٚت</wf>
		<wf pos="DEM">یِمَو</wf>
		<wf pos="NN">مارٕواتلَو</wf>
		<wf pos="PRP">کنہِ</wf>
		<wf pos="RP">تہِ</wf>
		<wf pos="NN">خوفہٕ</wf>
		<wf pos="CC">یا</wf>
		<wf pos="NN">کھۄتکہٕ</wf>
		<wf pos="RB">بغٲر</wf>
		<wf pos="NNP">کٲشرٮ۪ن</wf>
		<wf pos="JJ">بےقصوٗر</wf>
		<wf pos="CC">تہٕ</wf>
		<wf pos="JJ">بےکس</wf>
		<wf pos="NN">لوٗکن</wf>
		<wf pos="PSP">ہُنٛد</wf>
		<wf pos="NN">قتلِ</wf>
		<wf pos="JJ">عام</wf>
		<wf pos="VM">کرُن</wf>
		<wf pos="SYM">۔</wf>
</sentence>
<sentence s_id="6">
		<wf pos="JJ">پرٛٮ۪تھ</wf>
		<wf pos="PRP">کانٛہہ</wf>
		<wf pos="NNC">بوٚڈ</wf>
		<wf pos="NN">دۄہ</wf>
		<wf pos="VAUX">چُھ</wf>
		<wf pos="NN">فضیٖلتہٕ</wf>
		<wf pos="PSP">کہِ</wf>
		<wf pos="NN">اعتبارٕ</wf>
		<wf pos="JJ">مقدس,</wf>
		<wf pos="JJ">,محترم</wf>
		<wf pos="CC">تہٕ</wf>
		<wf pos="JJ">بُلنٛد</wf>
		<wf pos="VM">آسان</wf>
		<wf pos="SYM">۔</wf>
</sentence>
<sentence s_id="7">
		<wf pos="JJ">ہَر</wf>
		<wf pos="PRP">کانٛہہ</wf>
		<wf pos="NNC">بوٚڈ</wf>
		<wf pos="NN">دۄہ</wf>
		<wf pos="VAUX">چُھ</wf>
		<wf pos="JJ">مُکرَم</wf>
		<wf pos="CC">تہٕ</wf>
		<wf pos="JJ">مُقدَس</wf>
		<wf pos="NN">دۄہ</wf>
		<wf pos="VM">ماننہٕ</wf>
		<wf pos="VAUX">یِوان</wf>
		<wf pos="SYM">۔</wf>
</sentence>
<sentence s_id="8">
		<wf pos="NNPC">نَوروزِ</wf>
		<wf pos="NNP">عالَم</wf>
		<wf pos="RP">تہِ</wf>
		<wf pos="VAUX">چُھ</wf>
		<wf pos="QC">اَکھ</wf>
		<wf pos="JJ">مُکرَم</wf>
		<wf pos="CC">تہٕ</wf>
		<wf pos="JJ">مُقدَس</wf>
		<wf pos="JJ" sense_id="1">بوٚڈ</wf>
		<wf pos="NN">دۄہ</wf>
		<wf pos="DEM">یُس</wf>
		<wf pos="JJ">تمَام</wf>
		<wf pos="NN">دُنۍیہَس</wf>
		<wf pos="PSP">منٛز</wf>
		<wf pos="INTF">سٮ۪ٹھاہ</wf>
		<wf pos="RB">چِکہٕچاوٕ</wf>
		<wf pos="POW">سان</wf>
		<wf pos="VM">مناونہٕ</wf>
		<wf pos="VM">یِوان</wf>
		<wf pos="VAUX">چُھ</wf>
		<wf pos="SYM">۔</wf>
</sentence>
<sentence s_id="9">
		<wf pos="NN">ؤرۍیِکۍ</wf>
		<wf pos="JJ">بٔڈۍ</wf>
		<wf pos="NN">دۄہ</wf>
		<wf pos="VAUX">چِھ</wf>
		<wf pos="NEG">نہٕ</wf>
		<wf pos="PRP">یِمَو</wf>
		<wf pos="NN">دۄہَو</wf>
		<wf pos="PSP">نِش</wf>
		<wf pos="JJ">اَلَگ</wf>
		<wf pos="NN">فَرَق</wf>
		<wf pos="VAUX">چَھ</wf>
		<wf pos="QF:?">یِژٕے</wf>
		<wf pos="CC">زِ</wf>
		<wf pos="JJ">ہَر</wf>
		<wf pos="PRP">کانٛہہ</wf>
		<wf pos="NNC">بوٚڈ</wf>
		<wf pos="NN">دۄہ</wf>
		<wf pos="VAUX">چُھ</wf>
		<wf pos="PRP">پَننِہ</wf>
		<wf pos="PRP">پَننِہ</wf>
		<wf pos="NN">وَقتہٕ</wf>
		<wf pos="VM">مَناونہٕ</wf>
		<wf pos="VAUX">یِوان</wf>
		<wf pos="SYM">۔</wf>
</sentence>
<sentence s_id="10">
		<wf pos="NNPC">ناگہٕ</wf>
		<wf pos="NNP">پٲنشِرم</wf>
		<wf pos="NN">توٲریٖخہ</wf>
		<wf pos="PSP">کہِ</wf>
		<wf pos="NN">اعتِبار</wf>
		<wf pos="VAUX">چُھ</wf>
		<wf pos="DEM">یہِ</wf>
		<wf pos="INTF">سٮ۪ٹھاہ</wf>
		<wf pos="JJ">پرٛون</wf>
		<wf pos="JJ" sense_id="1">بوٚڈ</wf>
		<wf pos="NN">دۄہ</wf>
		<wf pos="VM">ماننہٕ</wf>
		<wf pos="VAUX">یِوان</wf>
		<wf pos="SYM">۔</wf>
</sentence>
<sentence s_id="11">
		<wf pos="NNPC">ژندن</wf>
		<wf pos="NNP">شیٚشٹھی</wf>
		<wf pos="VAUX">چُھ</wf>
		<wf pos="NN">زنانَن</wf>
		<wf pos="PSP">ہُند</wf>
		<wf pos="JJ" sense_id="1">بوٚڈ</wf>
		<wf pos="NN">دۄہ</wf>
		<wf pos="VM">ماننہٕ</wf>
		<wf pos="VAUX">یِوان</wf>
		<wf pos="SYM">۔</wf>
</sentence>
<sentence s_id="12">
		<wf pos="DEM">یِمَو</wf>
		<wf pos="NN">اَنتھَو</wf>
		<wf pos="PSP">تَلہٕ</wf>
		<wf pos="VAUX">چُھ</wf>
		<wf pos="DEM">یہِ</wf>
		<wf pos="RB">سٮ۪کہٕ</wf>
		<wf pos="POW">پٲٹھۍ</wf>
		<wf pos="VM">نَنان</wf>
		<wf pos="CC">زِ</wf>
		<wf pos="DEM">یہِ</wf>
		<wf pos="VAUX">چُھ</wf>
		<wf pos="NN">ناگن</wf>
		<wf pos="PSP">ہُند</wf>
		<wf pos="JJ" sense_id="1">بوٚڈ</wf>
		<wf pos="NN">دۄہ</wf>
		<wf pos="DEM">یُس</wf>
		<wf pos="RB">پَتہٕ</wf>
		<wf pos="RB">ییٚتہِ</wf>
		<wf pos="PSP">کٮ۪و</wf>
		<wf pos="JJ">سارِوٕے</wf>
		<wf pos="VAUX">چُھ</wf>
		<wf pos="VM">پاننومُت</wf>
		<wf pos="SYM">۔</wf>
</sentence>
<sentence s_id="13">
		<wf pos="NNPC">دٕپہٕ</wf>
		<wf pos="NNP">مالا</wf>
		<wf pos="NNPC">کارتٕکہ</wf>
		<wf pos="NNP">ماوسہِ</wf>
		<wf pos="NN">دۄہہٕ</wf>
		<wf pos="VAUX">چُھ</wf>
		<wf pos="VM">یِوان</wf>
		<wf pos="DEM">یہِ</wf>
		<wf pos="JJ" sense_id="1">بوٚڈ</wf>
		<wf pos="NN">دۄہ</wf>
		<wf pos="VM">مَناونہٕ</wf>
		<wf pos="SYM">۔</wf>
</sentence>
<sentence s_id="14">
		<wf pos="DEM">یہِ</wf>
		<wf pos="RP">تہِ</wf>
		<wf pos="VAUX">چُھ</wf>
		<wf pos="NNP">پیٚشاژ</wf>
		<wf pos="JJ" sense_id="1">بوٚڈ</wf>
		<wf pos="NN">دۄہ</wf>
		<wf pos="VM">باسان</wf>
		<wf pos="SYM">۔</wf>
</sentence>
<sentence s_id="15">
		<wf pos="NN">خاندرُک</wf>
		<wf pos="NN">عمل</wf>
		<wf pos="VM">ہاونَس</wf>
		<wf pos="PSP">سۭتۍ</wf>
		<wf pos="PSP">سۭتۍ</wf>
		<wf pos="VAUX">چُھ</wf>
		<wf pos="NN">ہیٚندٮ۪ن</wf>
		<wf pos="PSP">منٛز</wf>
		<wf pos="NN">کنیادان</wf>
		<wf pos="JJ" sense_id="1">بوٚڈ</wf>
		<wf pos="RP">بارٕ</wf>
		<wf pos="NN">دَرٕم</wf>
		<wf pos="VM">یِوان</wf>
		<wf pos="VM">ماننہٕ</wf>
		<wf pos="SYM">۔</wf>
</sentence>
<sentence s_id="16">
		<wf pos="NNP">پرٛایاچَتھ</wf>
		<wf pos="VAUX">چُھ</wf>
		<wf pos="VM">یِوان</wf>
		<wf pos="PRP">سارِوٕے</wf>
		<wf pos="NN">ہَونَو</wf>
		<wf pos="CC">تہٕ</wf>
		<wf pos="NN">نِیازَو</wf>
		<wf pos="RP">کھۄتہٕ</wf>
		<wf pos="JJ" sense_id="1">بوٚڈ</wf>
		<wf pos="NN">ہَوَن</wf>
		<wf pos="CC">تہٕ</wf>
		<wf pos="NN">نِیاز</wf>
		<wf pos="VM">ماننہٕ</wf>
		<wf pos="SYM">۔</wf>
</sentence>
<sentence s_id="17">
		<wf pos="NNP">سرینگر</wf>
		<wf pos="VAUX">چُھ</wf>
		<wf pos="NNP">کٔشیر</wf>
		<wf pos="PSP">ہُنٛد</wf>
		<wf pos="JJ">سارِوٕے</wf>
		<wf pos="RP">کھۄتہٕ</wf>
		<wf pos="JJ" sense_id="1">بوٚڈ</wf>
		<wf pos="NN">شہر</wf>
		<wf pos="CC">تہٕ</wf>
		<wf pos="NN">ریاست</wf>
		<wf pos="NNP">جمون</wf>
		<wf pos="CC">و</wf>
		<wf pos="NNP">کشمیرٕچ</wf>
		<wf pos="NN">رۍتہٕکالِچ</wf>
		<wf pos="NN">راذدٲنی</wf>
		<wf pos="SYM">۔</wf>
</sentence>
<sentence s_id="18">
		<wf pos="JJ">پرٛۍتھ</wf>
		<wf pos="NN">اَنٛدٕ</wf>
		<wf pos="NN">کۄلہٕ</wf>
		<wf pos="CC">تہٕ</wf>
		<wf pos="NN">نمبلہٕ</wf>
		<wf pos="VM">آسنہٕ</wf>
		<wf pos="PSP">کنۍ</wf>
		<wf pos="VAUX">چُھ</wf>
		<wf pos="NN">آمدورفتُک</wf>
		<wf pos="JJ">سارِوٕے</wf>
		<wf pos="RP">کھۄتٕہ</wf>
		<wf pos="JJ" sense_id="1">بوٚڈ</wf>
		<wf pos="NN">زریعہ</wf>
		<wf pos="RB">پتھکالِہ</wf>
		<wf pos="JJ">ٲبی</wf>
		<wf pos="NN">ؤسلی</wf>
		<wf pos="VM">روٗدمُت</wf>
		<wf pos="SYM">۔</wf>
</sentence>
<sentence s_id="19">
		<wf pos="NNPC">راز</wf>
		<wf pos="NNP">ویٖر</wf>
		<wf pos="VAUX">چُھ</wf>
		<wf pos="NNP">جوٚمۍ</wf>
		<wf pos="NN">صوبُک</wf>
		<wf pos="QC">اَکھ</wf>
		<wf pos="JJ" sense_id="1">بوٚڈ</wf>
		<wf pos="NN">علاقہٕ</wf>
		<wf pos="DEM">یِہ</wf>
		<wf pos="NN">علاقہٕ</wf>
		<wf pos="VAUX">چُھ</wf>
		<wf pos="JJ">توٲریٖخی</wf>
		<wf pos="NN">اعتبارٕ</wf>
		<wf pos="RP">تِہ</wf>
		<wf pos="INTF">سیٹھاہ</wf>
		<wf pos="JJ">اہم</wf>
		<wf pos="PRP">أمۍ</wf>
		<wf pos="NN">علاقَن</wf>
		<wf pos="VAUX">چِھ</wf>
		<wf pos="JJ">تَھدِپایِکۍ</wf>
		<wf pos="NN">عٲلِم</wf>
		<wf pos="NN">،ادیٖب</wf>
		<wf pos="CC">تہٕ</wf>
		<wf pos="NN">بُزرگ</wf>
		<wf pos="VM">پٲدٕ</wf>
		<wf pos="VM">کٔرۍمٕتۍ</wf>
		<wf pos="DEM">یِمَن</wf>
		<wf pos="JJ">توٲریٖخی</wf>
		<wf pos="NN">شخصیژن</wf>
		<wf pos="PSP">مَنٛز</wf>
		<wf pos="VAUX">چِھ</wf>
		<wf pos="NNPC">سید</wf>
		<wf pos="NNPC">غلام</wf>
		<wf pos="NNPC">شاہ</wf>
		<wf pos="NNP">بادشاہ</wf>
		<wf pos="INTF">سیٹھاہ</wf>
		<wf pos="JJ">ناماوار</wf>
		<wf pos="SYM">۔</wf>
</sentence>
<sentence s_id="20">
		<wf pos="CC">اما</wf>
		<wf pos="DEM">یہِ</wf>
		<wf pos="NNP">پِشاچی</wf>
		<wf pos="NNP">پرٛاکرَت</wf>
		<wf pos="VAUX">چھٚے</wf>
		<wf pos="WQ">کیٛاہ؟</wf>
		<wf pos="DEM">اَتھ</wf>
		<wf pos="PSP">مُتلِق</wf>
		<wf pos="VAUX">چھٚے</wf>
		<wf pos="INTF">سٮ۪ٹھاہ</wf>
		<wf pos="JJ">بیوٚن</wf>
		<wf pos="RDP">بیوٚن</wf>
		<wf pos="NN">رایہِ،</wf>
		<wf pos="NNP">پرٛاکرٛتَن</wf>
		<wf pos="PSP">ہُنٛد</wf>
		<wf pos="JJ" sense_id="1">بوٚڈ</wf>
		<wf pos="NN">عٲلِم</wf>
		<wf pos="NNP">آرپِشَل</wf>
		<wf pos="VAUX">چُھ</wf>
		<wf pos="VM">وَنان</wf>
		<wf pos="CC">زِ</wf>
		<wf pos="NNP">پِشاچی</wf>
		<wf pos="NEG">چُھنہٕ</wf>
		<wf pos="PRP">کانٛہہ</wf>
		<wf pos="JJ">بیوٚن</wf>
		<wf pos="NNP">پرٛاکرٛتہِ</wf>
		<wf pos="NN">زٮ۪و</wf>
		<wf pos="CC">بٔلۍکہِ</wf>
		<wf pos="VAUX">چُھ</wf>
		<wf pos="RB">گامہٕآیہِ</wf>
		<wf pos="VM">بولنُک</wf>
		<wf pos="QC">اکھ</wf>
		<wf pos="NN">انداز</wf>
		<wf pos="SYM">۔</wf>
</sentence>
<sentence s_id="21">
		<wf pos="NNP">لِسٲنیاتٕکۍ</wf>
		<wf pos="JJ">مٲہِر</wf>
		<wf pos="VAUX">چُھ</wf>
		<wf pos="DEM">اَتھ</wf>
		<wf pos="NN">کتِھ</wf>
		<wf pos="PSP">پٮ۪ٹھ</wf>
		<wf pos="INTF">سٮ۪ٹھا</wf>
		<wf pos="NN">زور</wf>
		<wf pos="VM">دِوان</wf>
		<wf pos="CC">زِ</wf>
		<wf pos="NNC">موٗلہٕ</wf>
		<wf pos="NN">کرےٚ</wf>
		<wf pos="VAUX">چھٚے</wf>
		<wf pos="PRP">کنہِ</wf>
		<wf pos="RP">تہِ</wf>
		<wf pos="NN">زبٲنۍ</wf>
		<wf pos="RB">ہمیشہٕ</wf>
		<wf pos="PRP">پنٔنۍ</wf>
		<wf pos="VM">روزان</wf>
		<wf pos="CC">اگر</wf>
		<wf pos="DEM">اَتھ</wf>
		<wf pos="QC">اَکھ</wf>
		<wf pos="JJ">سرسٔری</wf>
		<wf pos="NN">سام</wf>
		<wf pos="VM">ہٮ۪مَو</wf>
		<wf pos="NN">ظٲہِر</wf>
		<wf pos="VAUX">چُھ</wf>
		<wf pos="NN">کتھِ</wf>
		<wf pos="VM">نیرِ</wf>
		<wf pos="CC">بیٚیہ</wf>
		<wf pos="RP">ہنا</wf>
		<wf pos="NN">واش</wf>
		<wf pos="JJ">بیٚیہ</wf>
		<wf pos="VM">باسہِ</wf>
		<wf pos="CC">زِ</wf>
		<wf pos="NNP">گرٛیٖرسَن</wf>
		<wf pos="PSP">سٕنٛز</wf>
		<wf pos="NN">قیاسآرٲیی</wf>
		<wf pos="INTF">کۭژاہ</wf>
		<wf pos="JJ">بےبُنۍیاد</wf>
		<wf pos="VAUX">چھٚے</wf>
		<wf pos="VM">وَنُن</wf>
		<wf pos="VAUX">چُھ</wf>
		<wf pos="DEM">یہِ</wf>
		<wf pos="CC">زِ</wf>
		<wf pos="PRP">کینٛہہ</wf>
		<wf pos="NN">مِثالہٕ</wf>
		<wf pos="DEM">یِمہٕ</wf>
		<wf pos="PSP">زن</wf>
		<wf pos="RB">ژھوٚٹۍپٲٹھۍ</wf>
		<wf pos="VM">پیش</wf>
		<wf pos="VM">آیہِ</wf>
		<wf pos="VM">کرنہٕ</wf>
		<wf pos="VAUX">چَھ</wf>
		<wf pos="DEM">اَمہِ</wf>
		<wf pos="NN">کتِھ</wf>
		<wf pos="PSP">ہُنٛد</wf>
		<wf pos="JJ">زِنٛدٕ</wf>
		<wf pos="NN">ثوبوٗتھ</wf>
		<wf pos="CC">زِ</wf>
		<wf pos="NNP">گرٛیٖرسن</wf>
		<wf pos="VAUX">چُھ</wf>
		<wf pos="JJ" sense_id="1">بوٚڈ</wf>
		<wf pos="NN">برٛم</wf>
		<wf pos="VM">پٲدٕ</wf>
		<wf pos="VM">کٔرِتھ</wf>
		<wf pos="PRP">پَنُن</wf>
		<wf pos="NNP">کچُلبَہہترٛوک</wf>
		<wf pos="NN">ثٲبِتھ</wf>
		<wf pos="VAUX">یژھان</wf>
		<wf pos="VM">کرُن</wf>
		<wf pos="CC">یوٚدوے</wf>
		<wf pos="NN">کہوچہِ</wf>
		<wf pos="PSP">پٮ۪ٹھ</wf>
		<wf pos="VAUX">چُھ</wf>
		<wf pos="NEG">نہٕ</wf>
		<wf pos="JJ">صاف</wf>
		<wf pos="NN">ثٲبِتھ</wf>
		<wf pos="VM">گژھان</wf>
		<wf pos="SYM">۔</wf>
</sentence>
<sentence s_id="22">
		<wf pos="NNP">گرٛیٖرسَن</wf>
		<wf pos="VAUX">چُھ</wf>
		<wf pos="NN">زبٲنٮ۪ن</wf>
		<wf pos="PSP">ہُنٛد</wf>
		<wf pos="NN">آگُر</wf>
		<wf pos="VM">وٕچھنُک</wf>
		<wf pos="QC">اَکھ</wf>
		<wf pos="JJ" sense_id="1">بوٚڈ</wf>
		<wf pos="NN">قدم</wf>
		<wf pos="VM">تُلمُت</wf>
		<wf pos="SYM">۔</wf>
</sentence>
<sentence s_id="23">
		<wf pos="NN">حٲضری</wf>
		<wf pos="PSP">پٮ۪ٹھ</wf>
		<wf pos="VAUX">چِھ</wf>
		<wf pos="NNC">کورِ</wf>
		<wf pos="NN">مٲلۍ</wf>
		<wf pos="NN">وقتہٕ</wf>
		<wf pos="CC">تہٕ</wf>
		<wf pos="NN">رسمہٕ</wf>
		<wf pos="PSP">موٗجوٗب</wf>
		<wf pos="NN">مہرازَن,</wf>
		<wf pos="NNC">گوٚبرٕ</wf>
		<wf pos="NN">مٲلِس,</wf>
		<wf pos="NNC">,گوٚبرٕ</wf>
		<wf pos="NN">ماجہِ</wf>
		<wf pos="CC">بییٚہِ</wf>
		<wf pos="DEM">تِمَن</wf>
		<wf pos="NN">زنانن</wf>
		<wf pos="DEM">یِمہٕ</wf>
		<wf pos="NNP">نابدنِشانہِ</wf>
		<wf pos="NN">دۄہہ</wf>
		<wf pos="NN">کورِ</wf>
		<wf pos="PSP">نِش</wf>
		<wf pos="VAUX">چھیٚہ</wf>
		<wf pos="VAUX">آمٕژ</wf>
		<wf pos="VM">آسان</wf>
		<wf pos="NN">درجہٕ</wf>
		<wf pos="RDP">بدرجہٕ</wf>
		<wf pos="NN">جِنسہٕ</wf>
		<wf pos="PSP">رٔنٛگۍ</wf>
		<wf pos="VM">شیٖرِتھ</wf>
		<wf pos="CC">تہٕ</wf>
		<wf pos="RB">پۭرِتھ</wf>
		<wf pos="NN">بخشٲیِش</wf>
		<wf pos="VM">سوزان</wf>
		<wf pos="JJ" sense_id="1">بوٚڈ</wf>
		<wf pos="PSP">ہیوٗ</wf>
		<wf pos="NN">بوگ</wf>
		<wf pos="VAUX">چُھ</wf>
		<wf pos="NN">مَہرازَس</wf>
		<wf pos="PRP">پننہِ</wf>
		<wf pos="NN">ہَشہِ</wf>
		<wf pos="CC">تہٕ</wf>
		<wf pos="NN">ہیہرَس</wf>
		<wf pos="VM">آسان</wf>
		<wf pos="SYM">۔</wf>
</sentence>
<sentence s_id="24">
		<wf pos="DEM">اَتھ</wf>
		<wf pos="PSP">منٛز</wf>
		<wf pos="VAUX">چُھ</wf>
		<wf pos="NN">لوٗک</wf>
		<wf pos="JJ" sense_id="1">بوٚڈ</wf>
		<wf pos="NN">نکھہٕ</wf>
		<wf pos="VM">وَسان</wf>
		<wf pos="CC">,تہِ</wf>
		<wf pos="POW">زَن</wf>
		<wf pos="VAUX">گۄو</wf>
		<wf pos="CC">اگر</wf>
		<wf pos="PRP">کنہِ</wf>
		<wf pos="NN">گرس</wf>
		<wf pos="NN">کوٗر</wf>
		<wf pos="CC">یا</wf>
		<wf pos="NN">گوٚبُر</wf>
		<wf pos="NN">وٲنسہِ</wf>
		<wf pos="JJ" sense_id="1">بوٚڈ</wf>
		<wf pos="CC">یا</wf>
		<wf pos="JJ">لۄکٹ</wf>
		<wf pos="VAUX">آسہِ</wf>
		<wf pos="PRP">سُہ</wf>
		<wf pos="VAUX">چُھ</wf>
		<wf pos="PRP">تِمَن</wf>
		<wf pos="NN">نَکھہٕ</wf>
		<wf pos="VM">والنہٕ</wf>
		<wf pos="PSP">خٲطرٕ</wf>
		<wf pos="NN">لوٗک</wf>
		<wf pos="JJ" sense_id="1">بوٚڈ</wf>
		<wf pos="NN">تان</wf>
		<wf pos="VM">ژھانڈان</wf>
		<wf pos="SYM">۔</wf>
</sentence>
<sentence s_id="25">
		<wf pos="JJ">مختصر</wf>
		<wf pos="NN">افسانُک</wf>
		<wf pos="QO">گۄڈنیُک</wf>
		<wf pos="JJ" sense_id="1">بوٚڈ</wf>
		<wf pos="NN">وۄستاد</wf>
		<wf pos="VM">آسنُکھ</wf>
		<wf pos="NN">شرف</wf>
		<wf pos="VAUX">چُھ</wf>
		<wf pos="NNP">ایڈگرایلنپوس</wf>
		<wf pos="CC">اَوٕمۄکھہٕ</wf>
		<wf pos="PSP">کہِ</wf>
		<wf pos="PRP">أمۍ</wf>
		<wf pos="VM">دیُت</wf>
		<wf pos="NN">افسانَس</wf>
		<wf pos="PSP">منٛز</wf>
		<wf pos="NN">ژھۄچر,</wf>
		<wf pos="NN">اتحادِتحریٖک</wf>
		<wf pos="NN">ہمآہنگی,</wf>
		<wf pos="NN">اصلیت,</wf>
		<wf pos="NN">,جامعیت</wf>
		<wf pos="PRP">/EVERYTHING/</wf>
		<wf pos="CC">تہٕ</wf>
		<wf pos="NN">اِظہار</wf>
		<wf pos="PSP">کس</wf>
		<wf pos="NN">پزرَس</wf>
		<wf pos="PSP">پٮ۪ٹھ</wf>
		<wf pos="NN">زور</wf>
		<wf pos="NN">افسانکس</wf>
		<wf pos="DEM">اَتھ</wf>
		<wf pos="NN">چَمنَس</wf>
		<wf pos="VM">ہیوٚت</wf>
		<wf pos="QC">اَکہِ</wf>
		<wf pos="PSP">طرفہٕ</wf>
		<wf pos="NNP">روسٕکۍ</wf>
		<wf pos="NN">گوگول</wf>
		<wf pos="CC">تہٕ</wf>
		<wf pos="NN">تُرگیفن</wf>
		<wf pos="NN">سَگ</wf>
		<wf pos="VM">دیُن</wf>
		<wf pos="CC">تہٕ</wf>
		<wf pos="RB">بیٚیہِ</wf>
		<wf pos="PSP">طرفہٕ</wf>
		<wf pos="VAUX">چِھ</wf>
		<wf pos="NNP">فرٛانٛسٕکۍ</wf>
		<wf pos="NN">اوہنری</wf>
		<wf pos="CC">تہٕ</wf>
		<wf pos="NN:?">مویاسان</wf>
		<wf pos="DEM">اَتھ</wf>
		<wf pos="PRP">پَننہِ</wf>
		<wf pos="NN">خونہٕ</wf>
		<wf pos="VM">سَگناوان</wf>
		<wf pos="SYM">۔</wf>
</sentence>
<sentence s_id="26">
		<wf pos="NNPC">دِلیٖپ</wf>
		<wf pos="NNP">کمار</wf>
		<wf pos="VAUX">چُھ</wf>
		<wf pos="RB">اَز</wf>
		<wf pos="RP">تہِ</wf>
		<wf pos="JJ">سدابَہار</wf>
		<wf pos="VM">باسان</wf>
		<wf pos="CC">تہٕ</wf>
		<wf pos="PRP">پرٛٮ۪تھ</wf>
		<wf pos="PRP">کنہِ</wf>
		<wf pos="NN">کردارَس</wf>
		<wf pos="PSP">منٛز</wf>
		<wf pos="VM">شوٗبان</wf>
		<wf pos="DEM">یُہے</wf>
		<wf pos="NN">وَجہ</wf>
		<wf pos="VAUX">چُھ</wf>
		<wf pos="CC">زِ</wf>
		<wf pos="NNPC">دِلیٖپ</wf>
		<wf pos="NNP">کمار</wf>
		<wf pos="VAUX">چُھ</wf>
		<wf pos="NN">بَرصغیر</wf>
		<wf pos="PSP">چِہ</wf>
		<wf pos="NNC">فلم</wf>
		<wf pos="NN">اِنڈسٹری</wf>
		<wf pos="PSP">ہُنٛد</wf>
		<wf pos="PRP">سُہ</wf>
		<wf pos="JJ" sense_id="1">بوٚڈ</wf>
		<wf pos="NN">ہیرو</wf>
		<wf pos="PRP">یُس</wf>
		<wf pos="QC">دۄن</wf>
		<wf pos="NN">صٔدۍین,</wf>
		<wf pos="QC">,وُہمہِ</wf>
		<wf pos="NN">صٔدی</wf>
		<wf pos="CC">تہٕ</wf>
		<wf pos="QC">اکہٕوُہمہِ</wf>
		<wf pos="NN">صٔدی</wf>
		<wf pos="PSP">منٛز</wf>
		<wf pos="RP">تہِ</wf>
		<wf pos="QC">اکھ</wf>
		<wf pos="JJ">کامیاب,</wf>
		<wf pos="JJ">,لاثٲنی</wf>
		<wf pos="CC">تہٕ</wf>
		<wf pos="INTF">سٮ۪ٹھاہ</wf>
		<wf pos="JJ">نُنٛدٕبون</wf>
		<wf pos="NN">اداکار</wf>
		<wf pos="VAUX">چُھ</wf>
		<wf pos="VM">ماننہٕ</wf>
		<wf pos="VAUX">یِوان</wf>
		<wf pos="SYM">۔</wf>
</sentence>
<sentence s_id="27">
		<wf pos="NNPC">دِلیٖپ</wf>
		<wf pos="NNP">کمارنس</wf>
		<wf pos="NN">مٲلِس</wf>
		<wf pos="VAUX">اوس</wf>
		<wf pos="NNPC">غلام</wf>
		<wf pos="NNPC">سرور</wf>
		<wf pos="NNP">خان</wf>
		<wf pos="NN">ناو</wf>
		<wf pos="PRP">یُس</wf>
		<wf pos="QC">اکھ</wf>
		<wf pos="JJ" sense_id="1">بوٚڈ</wf>
		<wf pos="NNC">مٮ۪وٕ</wf>
		<wf pos="NN">باپٲرۍ</wf>
		<wf pos="VAUX">اوس</wf>
		<wf pos="CC">تہٕ</wf>
		<wf pos="NNP">دہلی</wf>
		<wf pos="CC">تہٕ</wf>
		<wf pos="NNP">بمبیہِ</wf>
		<wf pos="PSP">منٛز</wf>
		<wf pos="VAUX">اوس</wf>
		<wf pos="NN">کاربار</wf>
		<wf pos="VM">کران</wf>
		<wf pos="SYM">۔</wf>
</sentence>
<sentence s_id="28">
		<wf pos="JJ">نثری</wf>
		<wf pos="NN">ادبُک</wf>
		<wf pos="JJ" sense_id="1">بوٚڈ</wf>
		<wf pos="RP">بارٕ</wf>
		<wf pos="NN">نوٚموٗنہٕ</wf>
		<wf pos="VAUX">چُھ</wf>
		<wf pos="NN">مولوی</wf>
		<wf pos="NNPC">یوسُف</wf>
		<wf pos="NNP">صٲب</wf>
		<wf pos="JJ">مرحوٗمن</wf>
		<wf pos="NN">تفسیٖر</wf>
		<wf pos="NNP">قرآن،</wf>
		<wf pos="PRP">یُس</wf>
		<wf pos="RB">ازکل</wf>
		<wf pos="NN">بازرس</wf>
		<wf pos="PSP">منٛز</wf>
		<wf pos="VM">میلان</wf>
		<wf pos="VAUX">چُھ</wf>
		<wf pos="SYM">۔</wf>
</sentence>
<sentence s_id="29">
		<wf pos="NNP">سناییؒ</wf>
		<wf pos="CC">تہٕ</wf>
		<wf pos="NNP">عطار</wf>
		<wf pos="VAUX">ٲسۍ</wf>
		<wf pos="NNP">مولاناروٗمی</wf>
		<wf pos="POW">یَس</wf>
		<wf pos="RB">برٛۄنٛہہ</wf>
		<wf pos="VM">ؤتھۍمٕتۍ</wf>
		<wf pos="CC">تہٕ</wf>
		<wf pos="VM">دپان</wf>
		<wf pos="VAUX">چھِ</wf>
		<wf pos="NNP">عطارنؒ</wf>
		<wf pos="VAUX">چھ</wf>
		<wf pos="NNP">مولاناروٗمیؒ</wf>
		<wf pos="NN">کھۄنہِ</wf>
		<wf pos="VM">رٔٹِتھ</wf>
		<wf pos="VM">ووٚنمُت</wf>
		<wf pos="CC">زِ</wf>
		<wf pos="DEM">یہِ</wf>
		<wf pos="NN">بَچہِ</wf>
		<wf pos="VM">بَنہِ</wf>
		<wf pos="QC">اکہِ</wf>
		<wf pos="NN">دۄہ</wf>
		<wf pos="JJ" sense_id="1">بوٚڈ</wf>
		<wf pos="NN">مۄہنیوٗ</wf>
		<wf pos="SYM">۔</wf>
</sentence>
<sentence s_id="30">
		<wf pos="NN">حٲرت</wf>
		<wf pos="VAUX">چُھ</wf>
		<wf pos="RB">ییٚلِہ</wf>
		<wf pos="NNP">کرناٹکک</wf>
		<wf pos="DEM">یُتھ</wf>
		<wf pos="PSP">ہیوٗ</wf>
		<wf pos="NN">لُکہٕ</wf>
		<wf pos="POW">حٲمل</wf>
		<wf pos="NNP">یکشِہگان</wf>
		<wf pos="NNP">کیرالہ</wf>
		<wf pos="PSP">ہُک</wf>
		<wf pos="NNP">کتھاکلی</wf>
		<wf pos="CC">تہٕ</wf>
		<wf pos="NNP">یوپی</wf>
		<wf pos="PSP">ہُنٛد</wf>
		<wf pos="NNP">نوٹنکی</wf>
		<wf pos="PRP">پنہٕ</wf>
		<wf pos="PSP">نٮ۪و</wf>
		<wf pos="VM">ناوو</wf>
		<wf pos="PSP">سۭتۍ</wf>
		<wf pos="JJ">تمدنی</wf>
		<wf pos="NN">رنگارنگی</wf>
		<wf pos="PSP">ہُنٛد</wf>
		<wf pos="JJ">الگ</wf>
		<wf pos="RDP">الگ</wf>
		<wf pos="NN">رنگ</wf>
		<wf pos="VM">وکھناونہٕ</wf>
		<wf pos="PSP">خٲطرٕ</wf>
		<wf pos="VM">ورتاونٕہ</wf>
		<wf pos="VM">یِن</wf>
		<wf pos="PRP">سٲنِس</wf>
		<wf pos="NN">پٲتھرس</wf>
		<wf pos="PSP">سۭتۍ</wf>
		<wf pos="CC">کیازِ</wf>
		<wf pos="DEM">یِہ</wf>
		<wf pos="NN">دِتَھف</wf>
		<wf pos="CC">تہٕ</wf>
		<wf pos="NEG">نِہ</wf>
		<wf pos="NN">دستار</wf>
		<wf pos="PSP">ہیوٗ</wf>
		<wf pos="NN">سلوک</wf>
		<wf pos="CC">بہرحال</wf>
		<wf pos="DEM">یِہ</wf>
		<wf pos="VAUX">چُھ</wf>
		<wf pos="QC">اکھ</wf>
		<wf pos="JJ" sense_id="1">بوٚڈ</wf>
		<wf pos="CC">تٕہ</wf>
		<wf pos="JJ">الگ</wf>
		<wf pos="NN">موضوع</wf>
		<wf pos="SYM">۔</wf>
</sentence>
<sentence s_id="31">
		<wf pos="NNPC">رازٕ</wf>
		<wf pos="NNP">دامودرس</wf>
		<wf pos="VAUX">اوس</wf>
		<wf pos="JJ" sense_id="1">بوٚڈ</wf>
		<wf pos="JJ">طاقتور</wf>
		<wf pos="NN">فوج</wf>
		<wf pos="SYM">۔</wf>
</sentence>
<sentence s_id="32">
		<wf pos="NN">دُعا</wf>
		<wf pos="VAUX">چُھ</wf>
		<wf pos="NNP">شکتی</wf>
		<wf pos="CC">تہٕ</wf>
		<wf pos="NNP">پرٿتھ</wf>
		<wf pos="NN">بٔدی</wf>
		<wf pos="PSP">ہُنٛد</wf>
		<wf pos="NN">مُقابلہٕ</wf>
		<wf pos="VM">کرنُک</wf>
		<wf pos="JJ" sense_id="1">بوٚڈ</wf>
		<wf pos="NN">ۂتھیار</wf>
		<wf pos="SYM">۔</wf>
</sentence>
<sentence s_id="33">
		<wf pos="NNP">مقبولُن</wf>
		<wf pos="NNPC">گرٛیٖسۍ</wf>
		<wf pos="NNP">نامہٕ</wf>
		<wf pos="VAUX">چُھ</wf>
		<wf pos="NEG">نہٕ</wf>
		<wf pos="RB">محض</wf>
		<wf pos="DEM">تَمہِ</wf>
		<wf pos="NN">وقتہٕ</wf>
		<wf pos="PSP">کس</wf>
		<wf pos="NN">گرٛیٖسۍ</wf>
		<wf pos="PRP">تَس</wf>
		<wf pos="PSP">پٮ۪ٹھے</wf>
		<wf pos="RB">یوت</wf>
		<wf pos="NN">خندٕ</wf>
		<wf pos="VM">کران</wf>
		<wf pos="CC">بلکہِ</wf>
		<wf pos="JJ">سٲرۍسٕے</wf>
		<wf pos="NN">سماجس</wf>
		<wf pos="PSP">پٮ۪ٹھہٕ</wf>
		<wf pos="DEM">یَمیُک</wf>
		<wf pos="NN">گرٛیوٗس</wf>
		<wf pos="JJ">سارِوٕے</wf>
		<wf pos="RP">کھۄتہٕ</wf>
		<wf pos="JJ" sense_id="1">بوٚڈ</wf>
		<wf pos="NN">انٛگ</wf>
		<wf pos="VAUX">اوس</wf>
		<wf pos="SYM">۔</wf>
</sentence>
<sentence s_id="34">
		<wf pos="NN">افسانہٕ</wf>
		<wf pos="VAUX">چُھ</wf>
		<wf pos="NN">نثر</wf>
		<wf pos="VM">پارٕ</wf>
		<wf pos="NN">افسانُک</wf>
		<wf pos="JJ" sense_id="1">بوٚڈ</wf>
		<wf pos="NN">وصٕف</wf>
		<wf pos="VAUX">چُھ</wf>
		<wf pos="NN">اختصار،</wf>
		<wf pos="NN">افسانس</wf>
		<wf pos="PSP">منٛز</wf>
		<wf pos="VAUX">چُھ</wf>
		<wf pos="NN">وحد</wf>
		<wf pos="RP">تہِ</wf>
		<wf pos="NN">تاثُر</wf>
		<wf pos="JJ">لٲزم</wf>
		<wf pos="CC">تہٕ</wf>
		<wf pos="NN">افسانس</wf>
		<wf pos="PSP">منٛز</wf>
		<wf pos="VAUX">چُھ</wf>
		<wf pos="NN">وحد</wf>
		<wf pos="RP">تہِ</wf>
		<wf pos="NN">زمان</wf>
		<wf pos="CC">و</wf>
		<wf pos="NN">مکان</wf>
		<wf pos="NN">شدتہِ</wf>
		<wf pos="NN">تاثُر</wf>
		<wf pos="VM">پٲدٕ</wf>
		<wf pos="VM">کرنہٕ</wf>
		<wf pos="PSP">خٲطرٕ</wf>
		<wf pos="JJ">ضوٚروٗری</wf>
		<wf pos="SYM">۔</wf>
</sentence>
<sentence s_id="35">
		<wf pos="NNPC">شیر</wf>
		<wf pos="NNP">سنگُھن</wf>
		<wf pos="NNP">درٛاگ</wf>
		<wf pos="VAUX">چُھ</wf>
		<wf pos="RB">وُنہِ</wf>
		<wf pos="RP">تہِ</wf>
		<wf pos="NNP">کٔشیرِ</wf>
		<wf pos="PSP">ہٕنٛدِ</wf>
		<wf pos="NN">توٲریخُک</wf>
		<wf pos="JJ" sense_id="1">بوٚڈ</wf>
		<wf pos="CC">تہٕ</wf>
		<wf pos="JJ">نوٚن</wf>
		<wf pos="NN">واقہٕ</wf>
		<wf pos="NN">مورخ</wf>
		<wf pos="NNPC">حسن</wf>
		<wf pos="NNP">شاہن</wf>
		<wf pos="VAUX">چُھ</wf>
		<wf pos="NNPC">شیر</wf>
		<wf pos="NNP">سنگھ</wf>
		<wf pos="PSP">نِس</wf>
		<wf pos="NN">درٛاگس</wf>
		<wf pos="PSP">متعلق</wf>
		<wf pos="VM">لیوٗکھمُت</wf>
		<wf pos="CC">زِ</wf>
		<wf pos="NNPC">“انجیت</wf>
		<wf pos="NNP">سنگھ</wf>
		<wf pos="PSP">نِس</wf>
		<wf pos="NN">حکومتس</wf>
		<wf pos="CC">تہٕ</wf>
		<wf pos="NNPC">شیر</wf>
		<wf pos="NNP">سنگھ</wf>
		<wf pos="PSP">نہِ</wf>
		<wf pos="NN">حٲکمی</wf>
		<wf pos="PSP">منٛز</wf>
		<wf pos="VM">دِتۍیِو</wf>
		<wf pos="PSP">نہِ</wf>
		<wf pos="NN">سونتہٕ</wf>
		<wf pos="NNPC">مہاراجہ</wf>
		<wf pos="NNPC">رنجیت</wf>
		<wf pos="NNPC">(بکری</wf>
		<wf pos="NNP">سنگھن</wf>
		<wf pos="NNP">کٔشیرِ</wf>
		<wf pos="PSP">ہُنٛد</wf>
		<wf pos="NN">سٲل</wf>
		<wf pos="VM">کرنہٕ</wf>
		<wf pos="PSP">مۄکھہٕ</wf>
		<wf pos="NNP">پرٗنژھ</wf>
		<wf pos="PSP">کس</wf>
		<wf pos="NN">علاقس</wf>
		<wf pos="PSP">منٛز</wf>
		<wf pos="PRP">پننہِ</wf>
		<wf pos="NN">جاہ</wf>
		<wf pos="CC">و</wf>
		<wf pos="NN">حشمتٕکۍ</wf>
		<wf pos="NN">خۭمہ</wf>
		<wf pos="CC">تہٕ</wf>
		<wf pos="DEM">اَمہِ</wf>
		<wf pos="PSP">مۄکھہٕ</wf>
		<wf pos="VM">سوٗزِن</wf>
		<wf pos="JJ">ضروری</wf>
		<wf pos="NN">تیٲری</wf>
		<wf pos="PSP">مۄکھہٕ</wf>
		<wf pos="NN">جمعدار</wf>
		<wf pos="NNPC">خۄشحال</wf>
		<wf pos="NNP">سنگھ</wf>
		<wf pos="CC">تہٕ</wf>
		<wf pos="NNPC">شیخ</wf>
		<wf pos="NNPC">غلام</wf>
		<wf pos="NNPC">محیالدین</wf>
		<wf pos="RB">برونٹھٕے</wf>
		<wf pos="NN">تور</wf>
		<wf pos="SYM">۔</wf>
</sentence>
<sentence s_id="36">
		<wf pos="PRP">میٚہ</wf>
		<wf pos="VAUX">چھیٚہ</wf>
		<wf pos="NN">خبر</wf>
		<wf pos="CC">زِ</wf>
		<wf pos="PRP">بہٕ</wf>
		<wf pos="VAUX">چُھس</wf>
		<wf pos="DEM">یہِ</wf>
		<wf pos="QC">اکھ</wf>
		<wf pos="JJ" sense_id="1">بوٚڈ</wf>
		<wf pos="NN">دعوا</wf>
		<wf pos="VM">کران</wf>
		<wf pos="CC">مگر</wf>
		<wf pos="DEM">یِتہِ</wf>
		<wf pos="VAUX">چھَم</wf>
		<wf pos="NN">خبر</wf>
		<wf pos="CC">زِ</wf>
		<wf pos="PRP">بہٕ</wf>
		<wf pos="VAUX">چُھس</wf>
		<wf pos="NEG">نہٕ</wf>
		<wf pos="NNPC">کانن</wf>
		<wf pos="NNP">ڈایل</wf>
		<wf pos="PSP">سُند</wf>
		<wf pos="NN">بریگیڑیر</wf>
		<wf pos="SYM">۔</wf>
</sentence>
<sentence s_id="37">
		<wf pos="NNP">لِسٲنیاتٕکۍ</wf>
		<wf pos="JJ">مٲہِر</wf>
		<wf pos="VAUX">چُھ</wf>
		<wf pos="DEM">اَتھ</wf>
		<wf pos="NN">کتِھ</wf>
		<wf pos="PSP">پٮ۪ٹھ</wf>
		<wf pos="INTF">سٮ۪ٹھا</wf>
		<wf pos="NN">زور</wf>
		<wf pos="VM">دِوان</wf>
		<wf pos="CC">زِ</wf>
		<wf pos="NNC">موٗلہٕ</wf>
		<wf pos="NN">کرےٚ</wf>
		<wf pos="VAUX">چھٚے</wf>
		<wf pos="PRP">کنہِ</wf>
		<wf pos="RP">تہِ</wf>
		<wf pos="NN">زبٲنۍ</wf>
		<wf pos="RB">ہمیشہٕ</wf>
		<wf pos="PRP">پنٔنۍ</wf>
		<wf pos="VM">روزان</wf>
		<wf pos="CC">اگر</wf>
		<wf pos="DEM">اَتھ</wf>
		<wf pos="QC">اَکھ</wf>
		<wf pos="JJ">سرسٔری</wf>
		<wf pos="NN">سام</wf>
		<wf pos="VM">ہٮ۪مَو</wf>
		<wf pos="NN">ظٲہِر</wf>
		<wf pos="VAUX">چُھ</wf>
		<wf pos="NN">کتھِ</wf>
		<wf pos="VM">نیرِ</wf>
		<wf pos="CC">بیٚیہ</wf>
		<wf pos="RP">ہنا</wf>
		<wf pos="NN">واش</wf>
		<wf pos="JJ">بیٚیہ</wf>
		<wf pos="VM">باسہِ</wf>
		<wf pos="CC">زِ</wf>
		<wf pos="NNP">گرٛیٖرسَن</wf>
		<wf pos="PSP">سٕنٛز</wf>
		<wf pos="NN">قیاسآرٲیی</wf>
		<wf pos="INTF">کۭژاہ</wf>
		<wf pos="JJ">بےبُنۍیاد</wf>
		<wf pos="VAUX">چھٚے</wf>
		<wf pos="VM">وَنُن</wf>
		<wf pos="VAUX">چُھ</wf>
		<wf pos="DEM">یہِ</wf>
		<wf pos="CC">زِ</wf>
		<wf pos="PRP">کینٛہہ</wf>
		<wf pos="NN">مِثالہٕ</wf>
		<wf pos="DEM">یِمہٕ</wf>
		<wf pos="PSP">زن</wf>
		<wf pos="RB">ژھوٚٹۍپٲٹھۍ</wf>
		<wf pos="VM">پیش</wf>
		<wf pos="VM">آیہِ</wf>
		<wf pos="VM">کرنہٕ</wf>
		<wf pos="VAUX">چَھ</wf>
		<wf pos="DEM">اَمہِ</wf>
		<wf pos="NN">کتِھ</wf>
		<wf pos="PSP">ہُنٛد</wf>
		<wf pos="JJ">زِنٛدٕ</wf>
		<wf pos="NN">ثوبوٗتھ</wf>
		<wf pos="CC">زِ</wf>
		<wf pos="NNP">گرٛیٖرسن</wf>
		<wf pos="VAUX">چُھ</wf>
		<wf pos="JJ" sense_id="1">بوٚڈ</wf>
		<wf pos="NN">برٛم</wf>
		<wf pos="VM">پٲدٕ</wf>
		<wf pos="VM">کٔرِتھ</wf>
		<wf pos="PRP">پَنُن</wf>
		<wf pos="NNP">کچُلبَہہترٛوک</wf>
		<wf pos="NN">ثٲبِتھ</wf>
		<wf pos="VAUX">یژھان</wf>
		<wf pos="VM">کرُن</wf>
		<wf pos="CC">یوٚدوے</wf>
		<wf pos="NN">کہوچہِ</wf>
		<wf pos="PSP">پٮ۪ٹھ</wf>
		<wf pos="VAUX">چُھ</wf>
		<wf pos="NEG">نہٕ</wf>
		<wf pos="JJ">صاف</wf>
		<wf pos="NN">ثٲبِتھ</wf>
		<wf pos="VM">گژھان</wf>
		<wf pos="SYM">۔</wf>
</sentence>
<sentence s_id="38">
		<wf pos="NNPC">دِلیٖپ</wf>
		<wf pos="NNP">کمار</wf>
		<wf pos="CC">یعنے</wf>
		<wf pos="NNPC">یوسُف</wf>
		<wf pos="NNP">خان</wf>
		<wf pos="VM">زاو</wf>
		<wf pos="QC">۱۱</wf>
		<wf pos="NN">ڈسمبر</wf>
		<wf pos="QC">۱۹۲۲</wf>
		<wf pos="NNP">پِشاوَر</wf>
		<wf pos="NN">شہرَس</wf>
		<wf pos="PSP">منٛز</wf>
		<wf pos="QC">أکس</wf>
		<wf pos="JJ">اوسودٕ</wf>
		<wf pos="NN">حال</wf>
		<wf pos="NNP">پَٹھان</wf>
		<wf pos="NN">گرس</wf>
		<wf pos="PSP">منٛز</wf>
		<wf pos="NN">مٲلِس</wf>
		<wf pos="VAUX">اوسُس</wf>
		<wf pos="NNPC">غلام</wf>
		<wf pos="NNPC">سرور</wf>
		<wf pos="NNP">خان</wf>
		<wf pos="NN">ناو</wf>
		<wf pos="PRP">یُس</wf>
		<wf pos="QC">اکھ</wf>
		<wf pos="JJ" sense_id="1">بوٚڈ</wf>
		<wf pos="NNC">مٮ۪وٕ</wf>
		<wf pos="NN">باپٲرۍ</wf>
		<wf pos="VAUX">اوس</wf>
		<wf pos="CC">تہٕ</wf>
		<wf pos="NNP">دہلی</wf>
		<wf pos="CC">تہٕ</wf>
		<wf pos="NNP">بمبیہِ</wf>
		<wf pos="PSP">منٛز</wf>
		<wf pos="VAUX">اوس</wf>
		<wf pos="NN">کاربار</wf>
		<wf pos="VM">کران</wf>
		<wf pos="SYM">۔</wf>
</sentence>
<sentence s_id="39">
		<wf pos="NNPC">دِلیٖپ</wf>
		<wf pos="NNP">کمار</wf>
		<wf pos="CC">یعنے</wf>
		<wf pos="NNPC">یوسُف</wf>
		<wf pos="NNP">خان</wf>
		<wf pos="VM">زاو</wf>
		<wf pos="QC">۱۱</wf>
		<wf pos="NN">ڈسمبر</wf>
		<wf pos="QC">۱۹۲۲</wf>
		<wf pos="NNP">پِشاوَر</wf>
		<wf pos="NN">شہرَس</wf>
		<wf pos="PSP">منٛز</wf>
		<wf pos="QC">أکس</wf>
		<wf pos="JJ">اوسودٕ</wf>
		<wf pos="NN">حال</wf>
		<wf pos="NNP">پَٹھان</wf>
		<wf pos="NN">گرس</wf>
		<wf pos="PSP">منٛز</wf>
		<wf pos="NN">مٲلِس</wf>
		<wf pos="VAUX">اوسُس</wf>
		<wf pos="NNPC">غلام</wf>
		<wf pos="NNPC">سرور</wf>
		<wf pos="NNP">خان</wf>
		<wf pos="NN">ناو</wf>
		<wf pos="PRP">یُس</wf>
		<wf pos="QC">اکھ</wf>
		<wf pos="JJ" sense_id="1">بوٚڈ</wf>
		<wf pos="NNC">مٮ۪وٕ</wf>
		<wf pos="NN">باپٲرۍ</wf>
		<wf pos="VAUX">اوس</wf>
		<wf pos="CC">تہٕ</wf>
		<wf pos="NNP">دہلی</wf>
		<wf pos="CC">تہٕ</wf>
		<wf pos="NNP">بمبیہِ</wf>
		<wf pos="PSP">منٛز</wf>
		<wf pos="VAUX">اوس</wf>
		<wf pos="NN">کاربار</wf>
		<wf pos="VM">کران</wf>
		<wf pos="SYM">۔</wf>
</sentence>
<sentence s_id="40">
		<wf pos="PRP">یِہُنٛد</wf>
		<wf pos="NN">نیٚچُو</wf>
		<wf pos="NNP">ابراہیم</wf>
		<wf pos="VAUX">چُھ</wf>
		<wf pos="JJ" sense_id="1">بوٚڈ</wf>
		<wf pos="VM">ژھِتھ</wf>
		<wf pos="NN">سٲلَس</wf>
		<wf pos="VM">نیران</wf>
		<wf pos="SYM">۔</wf>
</sentence>
<sentence s_id="41">
		<wf pos="VM">وَنُن</wf>
		<wf pos="VAUX">چُھ</wf>
		<wf pos="DEM">یہِ</wf>
		<wf pos="CC">زِ</wf>
		<wf pos="PRP">کینٛہہ</wf>
		<wf pos="NN">مِثالہٕ</wf>
		<wf pos="DEM">یِمہٕ</wf>
		<wf pos="PSP">زن</wf>
		<wf pos="RB">ژھوٚٹۍپٲٹھۍ</wf>
		<wf pos="VM">پیش</wf>
		<wf pos="VM">آیہِ</wf>
		<wf pos="VM">کرنہٕ</wf>
		<wf pos="VAUX">چَھ</wf>
		<wf pos="DEM">اَمہِ</wf>
		<wf pos="NN">کتِھ</wf>
		<wf pos="PSP">ہُنٛد</wf>
		<wf pos="JJ">زِنٛدٕ</wf>
		<wf pos="NN">ثوبوٗتھ</wf>
		<wf pos="CC">زِ</wf>
		<wf pos="NNP">گرٛیٖرسن</wf>
		<wf pos="VAUX">چُھ</wf>
		<wf pos="JJ" sense_id="1">بوٚڈ</wf>
		<wf pos="NN">برٛم</wf>
		<wf pos="VM">پٲدٕ</wf>
		<wf pos="VM">کٔرِتھ</wf>
		<wf pos="PRP">پَنُن</wf>
		<wf pos="NNP">کچُلبَہہترٛوک</wf>
		<wf pos="NN">ثٲبِتھ</wf>
		<wf pos="VAUX">یژھان</wf>
		<wf pos="VM">کرُن</wf>
		<wf pos="CC">یوٚدوے</wf>
		<wf pos="NN">کہوچہِ</wf>
		<wf pos="PSP">پٮ۪ٹھ</wf>
		<wf pos="VAUX">چُھ</wf>
		<wf pos="NEG">نہٕ</wf>
		<wf pos="JJ">صاف</wf>
		<wf pos="NN">ثٲبِتھ</wf>
		<wf pos="VM">گژھان</wf>
		<wf pos="SYM">۔</wf>
</sentence>
<sentence s_id="42">
		<wf pos="DEM">اَتھ</wf>
		<wf pos="PSP">منٛز</wf>
		<wf pos="VAUX">چُھ</wf>
		<wf pos="NN">لوٗک</wf>
		<wf pos="JJ" sense_id="1">بوٚڈ</wf>
		<wf pos="NN">نکھہٕ</wf>
		<wf pos="VM">وَسان</wf>
		<wf pos="CC">,تہِ</wf>
		<wf pos="POW">زَن</wf>
		<wf pos="VAUX">گۄو</wf>
		<wf pos="CC">اگر</wf>
		<wf pos="PRP">کنہِ</wf>
		<wf pos="NN">گرس</wf>
		<wf pos="NN">کوٗر</wf>
		<wf pos="CC">یا</wf>
		<wf pos="NN">گوٚبُر</wf>
		<wf pos="NN">وٲنسہِ</wf>
		<wf pos="JJ" sense_id="1">بوٚڈ</wf>
		<wf pos="CC">یا</wf>
		<wf pos="JJ">لۄکٹ</wf>
		<wf pos="VAUX">آسہِ</wf>
		<wf pos="PRP">سُہ</wf>
		<wf pos="VAUX">چُھ</wf>
		<wf pos="PRP">تِمَن</wf>
		<wf pos="NN">نَکھہٕ</wf>
		<wf pos="VM">والنہٕ</wf>
		<wf pos="PSP">خٲطرٕ</wf>
		<wf pos="NN">لوٗک</wf>
		<wf pos="JJ" sense_id="1">بوٚڈ</wf>
		<wf pos="NN">تان</wf>
		<wf pos="VM">ژھانڈان</wf>
		<wf pos="SYM">۔</wf>
</sentence>
<sentence s_id="43">
		<wf pos="NNPC">ناگہٕ</wf>
		<wf pos="NNP">پٲنشِرم</wf>
		<wf pos="NN">توٲریٖخہ</wf>
		<wf pos="PSP">کہِ</wf>
		<wf pos="NN">اعتِبار</wf>
		<wf pos="VAUX">چُھ</wf>
		<wf pos="DEM">یہِ</wf>
		<wf pos="INTF">سٮ۪ٹھاہ</wf>
		<wf pos="JJ">پرٛون</wf>
		<wf pos="JJ" sense_id="1">بوٚڈ</wf>
		<wf pos="NN">دۄہ</wf>
		<wf pos="VM">ماننہٕ</wf>
		<wf pos="VAUX">یِوان</wf>
		<wf pos="SYM">۔</wf>
</sentence>
<sentence s_id="44">
		<wf pos="NN">خاندرُک</wf>
		<wf pos="NN">عمل</wf>
		<wf pos="VM">ہاونَس</wf>
		<wf pos="PSP">سۭتۍ</wf>
		<wf pos="PSP">سۭتۍ</wf>
		<wf pos="VAUX">چُھ</wf>
		<wf pos="NN">ہیٚندٮ۪ن</wf>
		<wf pos="PSP">منٛز</wf>
		<wf pos="DEM">یہِ</wf>
		<wf pos="JJ" sense_id="1">بوٚڈ</wf>
		<wf pos="RP">بارٕ</wf>
		<wf pos="NN">دَرٕم</wf>
		<wf pos="VM">یِوان</wf>
		<wf pos="VM">ماننہٕ</wf>
		<wf pos="SYM">۔</wf>
</sentence>
<sentence s_id="45">
		<wf pos="NNP">سرینگر</wf>
		<wf pos="VAUX">چُھ</wf>
		<wf pos="NNP">کٔشیر</wf>
		<wf pos="PSP">ہُنٛد</wf>
		<wf pos="JJ">سارِوٕے</wf>
		<wf pos="RP">کھۄتہٕ</wf>
		<wf pos="JJ" sense_id="1">بوٚڈ</wf>
		<wf pos="NN">شہر</wf>
		<wf pos="CC">تہٕ</wf>
		<wf pos="NN">ریاست</wf>
		<wf pos="NNP">جمون</wf>
		<wf pos="CC">و</wf>
		<wf pos="NNP">کشمیرٕچ</wf>
		<wf pos="NN">رۍتہٕکالِچ</wf>
		<wf pos="NN">راذدٲنی</wf>
		<wf pos="NNC">سطح</wf>
		<wf pos="NNP">سمندر</wf>
		<wf pos="PSP">پۍٹھٕ</wf>
		<wf pos="QC">۲۵۰۰</wf>
		<wf pos="NN">فٹ</wf>
		<wf pos="NN">تھزرس</wf>
		<wf pos="DEM">اَتھ</wf>
		<wf pos="NN">شہرس</wf>
		<wf pos="PSP">سۭتۍ</wf>
		<wf pos="VAUX">چُھ</wf>
		<wf pos="NNP">پانٛدریٹَھن،</wf>
		<wf pos="NNP">پرورپوٗر،</wf>
		<wf pos="NNPC">لکشمی</wf>
		<wf pos="NNP">نگر،</wf>
		<wf pos="NNP">نوشہر،</wf>
		<wf pos="NNPC">علاوٕالدین</wf>
		<wf pos="NNP">پوٗر</wf>
		<wf pos="CC">تہٕ</wf>
		<wf pos="NNPC">ناگر</wf>
		<wf pos="NNP">نگر</wf>
		<wf pos="NN">ناوٕ</wf>
		<wf pos="PSP">کۍ</wf>
		<wf pos="PRP">تِم</wf>
		<wf pos="JJ">سٲری</wf>
		<wf pos="NN">علاقہٕ</wf>
		<wf pos="VM">شٲمِل</wf>
		<wf pos="DEM">یِمن</wf>
		<wf pos="PSP">منٛز</wf>
		<wf pos="NNPC">رازٕ</wf>
		<wf pos="NNP">اشوک</wf>
		<wf pos="CC">تہٕ</wf>
		<wf pos="PRP">تس</wf>
		<wf pos="RB">پتہٕ</wf>
		<wf pos="VM">یِنہٕ</wf>
		<wf pos="PSP">والۍو</wf>
		<wf pos="NN">بادشاہَو</wf>
		<wf pos="NN">رازٕدانہِ</wf>
		<wf pos="VM">تعمیر</wf>
		<wf pos="VM">کرناوِ</wf>
		<wf pos="SYM">۔</wf>
</sentence>
<sentence s_id="46">
		<wf pos="NNPC">ژندن</wf>
		<wf pos="NNP">شیٚشٹھی</wf>
		<wf pos="DEM">یہِ</wf>
		<wf pos="VAUX">چُھ</wf>
		<wf pos="NN">زنانَن</wf>
		<wf pos="PSP">ہُند</wf>
		<wf pos="JJ" sense_id="1">بوٚڈ</wf>
		<wf pos="NN">دۄہ</wf>
		<wf pos="VM">ماننہٕ</wf>
		<wf pos="VAUX">یِوان</wf>
		<wf pos="NN">زنانہٕ</wf>
		<wf pos="NN">شاسترَس</wf>
		<wf pos="PSP">منٛز</wf>
		<wf pos="VAUX">چُھ</wf>
		<wf pos="DEM">یہِ</wf>
		<wf pos="QC">اَکھ</wf>
		<wf pos="JJ">اہم</wf>
		<wf pos="NN">دۄہ</wf>
		<wf pos="PRP">یُس</wf>
		<wf pos="NNPC">بٲدرٕ</wf>
		<wf pos="NNPC">گٹہٕ</wf>
		<wf pos="NNPC">پچھ</wf>
		<wf pos="NNPC">شیٚمہِ</wf>
		<wf pos="NN">دۄہہٕ</wf>
		<wf pos="VM">مَناونہٕ</wf>
		<wf pos="VAUX">چُھ</wf>
		<wf pos="VM">یِوان</wf>
		<wf pos="SYM">۔</wf>
</sentence>
<sentence s_id="47">
		<wf pos="NNPC">راز</wf>
		<wf pos="NNP">ویٖر</wf>
		<wf pos="VAUX">چُھ</wf>
		<wf pos="NNP">جوٚمۍ</wf>
		<wf pos="NN">صوبُک</wf>
		<wf pos="QC">اَکھ</wf>
		<wf pos="JJ" sense_id="1">بوٚڈ</wf>
		<wf pos="NN">علاقہٕ</wf>
		<wf pos="DEM">یِہ</wf>
		<wf pos="NN">علاقہٕ</wf>
		<wf pos="VAUX">چُھ</wf>
		<wf pos="JJ">توٲریٖخی</wf>
		<wf pos="NN">اعتبارٕ</wf>
		<wf pos="RP">تِہ</wf>
		<wf pos="INTF">سیٹھاہ</wf>
		<wf pos="JJ">اہم</wf>
		<wf pos="PRP">أمۍ</wf>
		<wf pos="NN">علاقَن</wf>
		<wf pos="VAUX">چِھ</wf>
		<wf pos="JJ">تَھدِپایِکۍ</wf>
		<wf pos="NN">عٲلِم</wf>
		<wf pos="NN">،ادیٖب</wf>
		<wf pos="CC">تہٕ</wf>
		<wf pos="NN">بُزرگ</wf>
		<wf pos="VM">پٲدٕ</wf>
		<wf pos="VM">کٔرۍمٕتۍ</wf>
		<wf pos="DEM">یِمَن</wf>
		<wf pos="JJ">توٲریٖخی</wf>
		<wf pos="NN">شخصیژن</wf>
		<wf pos="PSP">مَنٛز</wf>
		<wf pos="VAUX">چِھ</wf>
		<wf pos="NNPC">سید</wf>
		<wf pos="NNPC">غلام</wf>
		<wf pos="NNPC">شاہ</wf>
		<wf pos="NNP">بادشاہ</wf>
		<wf pos="INTF">سیٹھاہ</wf>
		<wf pos="JJ">ناماوار</wf>
		<wf pos="SYM">۔</wf>
</sentence>
<sentence s_id="48">
		<wf pos="NNP">گرٛیٖرسَنن</wf>
		<wf pos="VAUX">چُھ</wf>
		<wf pos="NNP">یوٗرپی</wf>
		<wf pos="NN">زبٲنٮ۪ن</wf>
		<wf pos="PSP">ہُنٛد</wf>
		<wf pos="NN">آگُر</wf>
		<wf pos="VM">وٕچھنُک</wf>
		<wf pos="QC">اَکھ</wf>
		<wf pos="JJ" sense_id="1">بوٚڈ</wf>
		<wf pos="NN">قدم</wf>
		<wf pos="VM">تُلمُت</wf>
		<wf pos="RB">ییٚلہِ</wf>
		<wf pos="PRP">سُہ</wf>
		<wf pos="DEM">اَتھ</wf>
		<wf pos="NN">زبٲنۍ</wf>
		<wf pos="PSP">منٛز</wf>
		<wf pos="JJ">مُطمعن</wf>
		<wf pos="VAUX">سَپُد</wf>
		<wf pos="RB">تیٚلی</wf>
		<wf pos="VAUX">ہیوٚک</wf>
		<wf pos="PRP">تٔمۍ</wf>
		<wf pos="QC">اَکہِ</wf>
		<wf pos="INTF">بَڈِ</wf>
		<wf pos="JJ">لِسٲنِی</wf>
		<wf pos="NN">تحریرُک</wf>
		<wf pos="NN">قَدم</wf>
		<wf pos="RB">برٛونٹھ</wf>
		<wf pos="VM">پکنٲوِتھ</wf>
		<wf pos="SYM">۔</wf>
</sentence>
<sentence s_id="49">
		<wf pos="JJ">ظٲلِمانہٕ</wf>
		<wf pos="CC">تہٕ</wf>
		<wf pos="JJ">پُر</wf>
		<wf pos="NN">اَسرار</wf>
		<wf pos="NN">قتلَن</wf>
		<wf pos="PSP">ہُنٛد</wf>
		<wf pos="JJ" sense_id="1">بوٚڈ</wf>
		<wf pos="NN">وَجَہ</wf>
		<wf pos="VAUX">چُھ</wf>
		<wf pos="DEM">یِہ</wf>
		<wf pos="CC">زِ</wf>
		<wf pos="NN">جمہوریتکٮ۪و</wf>
		<wf pos="NN">داوادار</wf>
		<wf pos="NN">حٲکۍمَو</wf>
		<wf pos="PRP">یُس</wf>
		<wf pos="DEM">یِمَن</wf>
		<wf pos="JJ">ظٲلِم</wf>
		<wf pos="CC">تہٕ</wf>
		<wf pos="JJ">قٲتِل</wf>
		<wf pos="NN">اَفسرَن</wf>
		<wf pos="CC">تہٕ</wf>
		<wf pos="NN">سِپہَن</wf>
		<wf pos="NN">خونِ</wf>
		<wf pos="JJ">ناحَق</wf>
		<wf pos="VM">کرنَس</wf>
		<wf pos="PSP">پٮ۪ٹھ</wf>
		<wf pos="NN">اِنعام</wf>
		<wf pos="CC">و</wf>
		<wf pos="NN">اکرام</wf>
		<wf pos="VM">دِتھ</wf>
		<wf pos="NN">حوصلہٕ</wf>
		<wf pos="POW">افضٲیی</wf>
		<wf pos="VM">کٔر</wf>
		<wf pos="DEM">تَمی</wf>
		<wf pos="NN">سَببہٕ</wf>
		<wf pos="VM">ہیوٚت</wf>
		<wf pos="DEM">یِمَو</wf>
		<wf pos="NN">مارٕواتلَو</wf>
		<wf pos="PRP">کنہِ</wf>
		<wf pos="RP">تہِ</wf>
		<wf pos="NN">خوفہٕ</wf>
		<wf pos="CC">یا</wf>
		<wf pos="NN">کھۄتکہٕ</wf>
		<wf pos="RB">بغٲر</wf>
		<wf pos="NNP">کٲشرٮ۪ن</wf>
		<wf pos="JJ">بےقصوٗر</wf>
		<wf pos="CC">تہٕ</wf>
		<wf pos="JJ">بےکس</wf>
		<wf pos="NN">لوٗکن</wf>
		<wf pos="PSP">ہُنٛد</wf>
		<wf pos="NN">قتلِ</wf>
		<wf pos="JJ">عام</wf>
		<wf pos="VM">کرُن</wf>
		<wf pos="PSP">کس</wf>
		<wf pos="CC">تِکیٛازِ</wf>
		<wf pos="VM">آو</wf>
		<wf pos="NN">قتٕل</wf>
		<wf pos="VM">کرنہٕ</wf>
		<wf pos="CC">تہٕ</wf>
		<wf pos="VM">پرٛوژھُن</wf>
		<wf pos="NEG">چھُنہٕ</wf>
		<wf pos="PRP">یِمَن</wf>
		<wf pos="PRP">کانٛہہ</wf>
		<wf pos="NN">شرٕط</wf>
		<wf pos="VAUX">آمُت</wf>
		<wf pos="VM">تھاونہٕ</wf>
		<wf pos="CC">تَوٕکنۍ</wf>
		<wf pos="VAUX">ٲسۍ</wf>
		<wf pos="DEM">یِم</wf>
		<wf pos="JJ">بٚےقصوٗر</wf>
		<wf pos="NN">لوٗکن</wf>
		<wf pos="QC">اَکہِ</wf>
		<wf pos="PSP">طرفہٕ</wf>
		<wf pos="RB">تھپ</wf>
		<wf pos="POW">دِتھ</wf>
		<wf pos="VM">انان</wf>
		<wf pos="CC">تہٕ</wf>
		<wf pos="PRP">بیٚیِس</wf>
		<wf pos="NN">طرفَس</wf>
		<wf pos="PSP">کن</wf>
		<wf pos="VM">نِتھ</wf>
		<wf pos="NNP">پٲکستٲنۍ</wf>
		<wf pos="NNP">افغٲنی</wf>
		<wf pos="NNP">سوڈٲنۍ</wf>
		<wf pos="NN">جنٛگجوٗ</wf>
		<wf pos="NN">ناو</wf>
		<wf pos="VM">دِتھ</wf>
		<wf pos="RB">ظٲلمانہٕ</wf>
		<wf pos="NN">طریٖقہٕ</wf>
		<wf pos="NN">قتل</wf>
		<wf pos="VM">کٔرِتھ</wf>
		<wf pos="JJ">گمنام</wf>
		<wf pos="NN">مزارَن</wf>
		<wf pos="PSP">اٛندر</wf>
		<wf pos="VM">دۄبہٕ</wf>
		<wf pos="VM">راوان</wf>
		<wf pos="CC">تہٕ</wf>
		<wf pos="PRP">پننہِ</wf>
		<wf pos="DEM">اَتھ</wf>
		<wf pos="JJ">قٲتلانہٕ</wf>
		<wf pos="NN">عملہِ</wf>
		<wf pos="PSP">پٮ۪ٹھ</wf>
		<wf pos="NN">شابٲشی</wf>
		<wf pos="CC">تہٕ</wf>
		<wf pos="NN">ینامہٕ</wf>
		<wf pos="VM">پرٛاوان</wf>
		<wf pos="SYM">۔</wf>
</sentence>
<sentence s_id="50">
		<wf pos="DEM">یہِ</wf>
		<wf pos="NN">مکانہ</wf>
		<wf pos="VAUX">ہے</wf>
		<wf pos="NN">ٲخرآسِہ</wf>
		<wf pos="PRP">پَنُن</wf>
		<wf pos="VAUX">چُھ</wf>
		<wf pos="JJ">زیادٕ</wf>
		<wf pos="NNC">بوٚڈ</wf>
		<wf pos="PSP">زن</wf>
		<wf pos="NEG">چُھنہٕ</wf>
		<wf pos="CC">مگر</wf>
		<wf pos="RB">تیوٚت</wf>
		<wf pos="NN">لۄکُٹ</wf>
		<wf pos="RP">تہِ</wf>
		<wf pos="VM">چُھنہِ</wf>
		<wf pos="CC">تہ</wf>
		<wf pos="NN">جیوتی</wf>
		<wf pos="VAUX">چھٚے</wf>
		<wf pos="RB">برٛونٛٹھٕے</wf>
		<wf pos="PSP">ییٚتھۍ</wf>
		<wf pos="VM">روزان</wf>
		<wf pos="VAUX">آمٕژ</wf>
		<wf pos="SYM">۔</wf>
</sentence>
<sentence s_id="51">
		<wf pos="NN">آفتاب</wf>
		<wf pos="VAUX">چُھ</wf>
		<wf pos="NN">تاپُک</wf>
		<wf pos="QC">اَکھ</wf>
		<wf pos="JJ" sense_id="1">بوٚڈ</wf>
		<wf pos="JJ">بارٕ</wf>
		<wf pos="NN">ؤسیٖلہٕ</wf>
		<wf pos="SYM">۔</wf>
</sentence>
<sentence s_id="52">
		<wf pos="NNPC">موہَن</wf>
		<wf pos="VAUX">چُھ</wf>
		<wf pos="QC">اَکھ</wf>
		<wf pos="JJ" sense_id="1">بوٚڈ</wf>
		<wf pos="JJ">بارٕ</wf>
		<wf pos="POW">ٹَھگ</wf>
		<wf pos="PRP">تَس</wf>
		<wf pos="PSP">نِش</wf>
		<wf pos="NN">روٗزِ</wf>
		<wf pos="VM">بٔچِتھ</wf>
		<wf pos="SYM">۔</wf>
</sentence>
<sentence s_id="53">
		<wf pos="PRP">تَس</wf>
		<wf pos="VAUX">چُھ</wf>
		<wf pos="NN">سِیاستَس</wf>
		<wf pos="PSP">منٛز</wf>
		<wf pos="QC">اَکھ</wf>
		<wf pos="JJ" sense_id="1">بوٚڈ</wf>
		<wf pos="NN">رۄتبہٕ</wf>
		<wf pos="SYM">۔</wf>
</sentence>
<sentence s_id="54">
		<wf pos="PRP">سُہ</wf>
		<wf pos="VAUX">چُھ</wf>
		<wf pos="DEM">ییٚمہِ</wf>
		<wf pos="NN">شَہرُک</wf>
		<wf pos="QC">اَکھ</wf>
		<wf pos="JJ" sense_id="1">بوٚڈ</wf>
		<wf pos="NN">شَراف</wf>
		<wf pos="SYM">۔</wf>
</sentence>
<sentence s_id="55">
		<wf pos="NNP">شنٛکراچاری</wf>
		<wf pos="RP">جی</wf>
		<wf pos="VAUX">اوس</wf>
		<wf pos="QC">اَکھ</wf>
		<wf pos="JJ" sense_id="1">بوٚڈ</wf>
		<wf pos="RP">بارٕ</wf>
		<wf pos="JJ">مٲہرِ</wf>
		<wf pos="NN">اِخلاقِیات</wf>
		<wf pos="SYM">۔</wf>
</sentence>
<sentence s_id="56">
		<wf pos="NNP">دِلۍ</wf>
		<wf pos="VAUX">چھےٚ</wf>
		<wf pos="QC">اَکھ</wf>
		<wf pos="JJ" sense_id="1">بوٚڈ</wf>
		<wf pos="NN">شَہَر</wf>
		<wf pos="SYM">۔</wf>
</sentence>
<sentence s_id="57">
		<wf pos="NNP">میٛون</wf>
		<wf pos="NN">گَرٕ</wf>
		<wf pos="VAUX">چُھ</wf>
		<wf pos="INTF">واریاہ</wf>
		<wf pos="JJ" sense_id="1">بوٚڈ</wf>
		<wf pos="PRP">مےٚ</wf>
		<wf pos="VAUX">چُھ</wf>
		<wf pos="NN">شُرِس</wf>
		<wf pos="PSP">خٲطرٕ</wf>
		<wf pos="QC">اَکھ</wf>
		<wf pos="JJ" sense_id="1">بوٚڈ</wf>
		<wf pos="NN">تَماشہٕ</wf>
		<wf pos="VM">ہیوٚن</wf>
		<wf pos="SYM">۔</wf>
</sentence>
<sentence s_id="58">
		<wf pos="NN">أکِس</wf>
		<wf pos="NN">زَمانَس</wf>
		<wf pos="PSP">منٛز</wf>
		<wf pos="VAUX">ٲس</wf>
		<wf pos="NNP">کٔشیٖر</wf>
		<wf pos="QC">اَکھ</wf>
		<wf pos="JJ" sense_id="1">بوٚڈ</wf>
		<wf pos="NN">سوٚدُر</wf>
		<wf pos="SYM">۔</wf>
</sentence>
<sentence s_id="59">
		<wf pos="NN">اَفریٖقہ</wf>
		<wf pos="VAUX">چُھ</wf>
		<wf pos="QC">اَکھ</wf>
		<wf pos="JJ" sense_id="1">بوٚڈ</wf>
		<wf pos="NN">مُلک</wf>
		<wf pos="SYM">۔</wf>
</sentence>
<sentence s_id="60">
		<wf pos="NN">شام</wf>
		<wf pos="VAUX">چُھ</wf>
		<wf pos="PRP">میون</wf>
		<wf pos="JJ" sense_id="1">بوٚڈ</wf>
		<wf pos="NN">بوے</wf>
		<wf pos="SYM">۔</wf>
</sentence>
<sentence s_id="61">
		<wf pos="NN">شایِستگی</wf>
		<wf pos="VAUX">چھِ</wf>
		<wf pos="QC">اکھ</wf>
		<wf pos="JJ" sense_id="1">بوٚڈ</wf>
		<wf pos="JJ">بارٕ</wf>
		<wf pos="NN">صِفَت</wf>
		<wf pos="SYM">۔</wf>
</sentence>
<sentence s_id="62">
		<wf pos="NN">پنٛڈِت</wf>
		<wf pos="CC">رَما</wf>
		<wf pos="NN">شنٛکر</wf>
		<wf pos="VAUX">اوس</wf>
		<wf pos="NN">اِنصافُق</wf>
		<wf pos="QC">اکھ</wf>
		<wf pos="JJ" sense_id="1">بوٚڈ</wf>
		<wf pos="JJ">بارٕ</wf>
		<wf pos="NN">ہستی</wf>
		<wf pos="SYM">۔</wf>
</sentence>
<sentence s_id="63">
		<wf pos="PRP">سُہ</wf>
		<wf pos="VAUX">چُھ</wf>
		<wf pos="QC">اکھ</wf>
		<wf pos="JJ" sense_id="1">بوٚڈ</wf>
		<wf pos="JJ">بارٕ</wf>
		<wf pos="NN">تُرکشاشتری</wf>
		<wf pos="SYM">۔</wf>
</sentence>
<sentence s_id="64">
		<wf pos="NN">آفتاب</wf>
		<wf pos="VAUX">چُھ</wf>
		<wf pos="NN">تاپُک</wf>
		<wf pos="QC">اَکھ</wf>
		<wf pos="JJ" sense_id="1">بوٚڈ</wf>
		<wf pos="JJ">بارٕ</wf>
		<wf pos="NN">ؤسیٖلہٕ</wf>
		<wf pos="SYM">۔</wf>
</sentence>
<sentence s_id="65">
		<wf pos="NN">کَرور</wf>
		<wf pos="VAUX">چُھ</wf>
		<wf pos="INTF">واریاہ</wf>
		<wf pos="JJ" sense_id="1">بوٚڈ</wf>
		<wf pos="NN">عَدَد</wf>
		<wf pos="SYM">۔</wf>
</sentence>
<sentence s_id="66">
		<wf pos="QC">اکھ</wf>
		<wf pos="JJ" sense_id="1">بوٚڈ</wf>
		<wf pos="NN">کھوٚچ</wf>
		<wf pos="DEM">یُس</wf>
		<wf pos="NNP">مالہٕ</wf>
		<wf pos="PSP">سۭتۍ</wf>
		<wf pos="VM">بٔرِتھ</wf>
		<wf pos="VAUX">اوس</wf>
		<wf pos="JJ">پھوٚٹ</wf>
		<wf pos="NN">آبس</wf>
		<wf pos="PSP">منٛز</wf>
		<wf pos="SYM">۔</wf>
</sentence>
<sentence s_id="67">
		<wf pos="DEM">تَمہِ</wf>
		<wf pos="JJ">مور</wf>
		<wf pos="PRP">پنُن</wf>
		<wf pos="NN">خانٛدار</wf>
		<wf pos="PRP">کٲنٛسہِ</wf>
		<wf pos="RP">تہِ</wf>
		<wf pos="NN">جانٛدار</wf>
		<wf pos="PSP">سُنٛد</wf>
		<wf pos="NN">قتل</wf>
		<wf pos="VM">کرُن</wf>
		<wf pos="VAUX">چُھ</wf>
		<wf pos="JJ" sense_id="1">بوٚڈ</wf>
		<wf pos="JJ">گۄناہ</wf>
		<wf pos="SYM">۔</wf>
</sentence>
<sentence s_id="68">
		<wf pos="NN">راتس</wf>
		<wf pos="VAUX">اوس</wf>
		<wf pos="QC">اکھ</wf>
		<wf pos="JJ" sense_id="1">بوٚڈ</wf>
		<wf pos="NN">قٲفلہٕ</wf>
		<wf pos="NN">ییٚتیہٕ</wf>
		<wf pos="VM">رُکیومُت</wf>
		<wf pos="SYM">۔</wf>
</sentence>
<sentence s_id="69">
		<wf pos="NN">رابِندَر</wf>
		<wf pos="NNPC">ناتھ</wf>
		<wf pos="NNP">ٹَیِگور</wf>
		<wf pos="VAUX">اوس</wf>
		<wf pos="QC">اکھ</wf>
		<wf pos="JJ" sense_id="1">بوٚڈ</wf>
		<wf pos="RP">بارٕ</wf>
		<wf pos="JJ">شٲعِر</wf>
		<wf pos="SYM">۔</wf>
</sentence>
<sentence s_id="70">
		<wf pos="DEM">یَتھ</wf>
		<wf pos="NN">کُرتس</wf>
		<wf pos="VAUX">چُھ</wf>
		<wf pos="NN">کاج</wf>
		<wf pos="JJ" sense_id="1">بوٚڈ</wf>
		<wf pos="VM">گوٚمُت</wf>
		<wf pos="SYM">۔</wf>
</sentence>
<sentence s_id="71">
		<wf pos="NNP">پرانِہ</wf>
		<wf pos="NN">زمانہٕ</wf>
		<wf pos="VAUX">اوس</wf>
		<wf pos="NNP">مِیَر</wf>
		<wf pos="NN">شہرُک</wf>
		<wf pos="PRP">سارٕوٕے</wf>
		<wf pos="RP">کھۄتہٕ</wf>
		<wf pos="JJ" sense_id="1">بوٚڈ</wf>
		<wf pos="NN">افسَر</wf>
		<wf pos="SYM">۔</wf>
</sentence>
<sentence s_id="72">
		<wf pos="NNPC">پٔنٛڈِت</wf>
		<wf pos="NNP">بیٖم</wf>
		<wf pos="NNPC">سین</wf>
		<wf pos="NNP">جوشی</wf>
		<wf pos="VAUX">اوس</wf>
		<wf pos="QC">اکھ</wf>
		<wf pos="JJ" sense_id="1">بوٚڈ</wf>
		<wf pos="NN">بار</wf>
		<wf pos="NN">موسیقار</wf>
		<wf pos="SYM">۔</wf>
</sentence>
<sentence s_id="73">
		<wf pos="PRP">سُہ</wf>
		<wf pos="VAUX">چُھ</wf>
		<wf pos="NNP">سنسکرٛتُک</wf>
		<wf pos="JJ" sense_id="1">بوٚڈ</wf>
		<wf pos="RP">بارٕ</wf>
		<wf pos="NN">عٲلِم</wf>
		<wf pos="SYM">۔</wf>
</sentence>
<sentence s_id="74">
		<wf pos="NNP">کشمیٖر</wf>
		<wf pos="NNP">یوٗنِورسٹی</wf>
		<wf pos="PSP">ہٕنٛز</wf>
		<wf pos="NNP">علامہِ</wf>
		<wf pos="NN">اقبال</wf>
		<wf pos="NN">لایبرٔری</wf>
		<wf pos="VAUX">چھِ</wf>
		<wf pos="NNP">جموٗ</wf>
		<wf pos="CC">و</wf>
		<wf pos="NNP">کشمیٖرُک</wf>
		<wf pos="JJ">سارِوٕے</wf>
		<wf pos="RP">کھۄتہٕ</wf>
		<wf pos="JJ" sense_id="1">بوٚڈ</wf>
		<wf pos="NN">کتاب</wf>
		<wf pos="NN">خانہٕیَتھ</wf>
		<wf pos="JJ">کِتاب</wf>
		<wf pos="NN">خانَس</wf>
		<wf pos="PSP">منٛز</wf>
		<wf pos="VAUX">چھےٚ</wf>
		<wf pos="PRP">پرٛٮ۪تھ</wf>
		<wf pos="NN">موضوٗعچہِ</wf>
		<wf pos="NN">کِتابہٕ</wf>
		<wf pos="SYM">۔</wf>
</sentence>
<sentence s_id="75">
		<wf pos="JJ">نَوِ</wf>
		<wf pos="NN">رٮ۪تہٕ</wf>
		<wf pos="VAUX">چُھ</wf>
		<wf pos="NN">ییٚتہٕ</wf>
		<wf pos="JJ" sense_id="1">بوٚڈ</wf>
		<wf pos="NN">جَلسہٕ</wf>
		<wf pos="VM">گَژھن</wf>
		<wf pos="PSP">وول</wf>
		<wf pos="SYM">۔</wf>
</sentence>
<sentence s_id="76">
		<wf pos="NNPC">موہَن</wf>
		<wf pos="VAUX">چُھ</wf>
		<wf pos="QC">اَکھ</wf>
		<wf pos="JJ" sense_id="1">بوٚڈ</wf>
		<wf pos="JJ">بارٕ</wf>
		<wf pos="POW">ٹَھگ</wf>
		<wf pos="PRP">تَس</wf>
		<wf pos="PSP">نِش</wf>
		<wf pos="NN">روٗزِ</wf>
		<wf pos="VM">بٔچِتھ</wf>
		<wf pos="SYM">۔</wf>
</sentence>
<sentence s_id="77">
		<wf pos="NN">پھالگُنَس</wf>
		<wf pos="PSP">منٛز</wf>
		<wf pos="VAUX">چُھ</wf>
		<wf pos="NNP">ہولی</wf>
		<wf pos="PSP">ہُنٛد</wf>
		<wf pos="JJ" sense_id="1">بوٚڈ</wf>
		<wf pos="NN">دۄہ</wf>
		<wf pos="RB">چِکِچاوٕ</wf>
		<wf pos="POW">سان</wf>
		<wf pos="VM">مَناونہٕ</wf>
		<wf pos="VAUX">یِوان</wf>
		<wf pos="SYM">۔</wf>
</sentence>
<sentence s_id="78">
		<wf pos="JJ">ۂنٛدۍ</wf>
		<wf pos="NN">مَزہَبَس</wf>
		<wf pos="PSP">منٛز</wf>
		<wf pos="VAUX">چُھ</wf>
		<wf pos="INTF">بَڈٕ</wf>
		<wf pos="NN">ماز</wf>
		<wf pos="VM">کھیوٚن</wf>
		<wf pos="JJ" sense_id="1">بوٚڈ</wf>
		<wf pos="JJ">گۄناہ</wf>
		<wf pos="SYM">۔</wf>
</sentence>
<sentence s_id="79">
		<wf pos="PRP">تَس</wf>
		<wf pos="VAUX">چُھ</wf>
		<wf pos="NN">سِیاستَس</wf>
		<wf pos="PSP">منٛز</wf>
		<wf pos="QC">اَکھ</wf>
		<wf pos="JJ" sense_id="1">بوٚڈ</wf>
		<wf pos="NN">رۄتبہٕ</wf>
		<wf pos="SYM">۔</wf>
</sentence>
<sentence s_id="80">
		<wf pos="PRP">سُہ</wf>
		<wf pos="VAUX">چُھ</wf>
		<wf pos="DEM">ییٚمہِ</wf>
		<wf pos="NN">شَہرُک</wf>
		<wf pos="QC">اَکھ</wf>
		<wf pos="JJ" sense_id="1">بوٚڈ</wf>
		<wf pos="NN">شَراف</wf>
		<wf pos="SYM">۔</wf>
</sentence>
<sentence s_id="81">
		<wf pos="PRP">تٔمۍ</wf>
		<wf pos="PSP">سُنٛد</wf>
		<wf pos="NN">پۄپھوٗ</wf>
		<wf pos="VAUX">چُھ</wf>
		<wf pos="NN">امریٖٖکہس</wf>
		<wf pos="PSP">منٛز</wf>
		<wf pos="QC">اکھ</wf>
		<wf pos="JJ" sense_id="1">بوٚڈ</wf>
		<wf pos="JJ">بارٕ</wf>
		<wf pos="NN">ڈاکٹر</wf>
		<wf pos="SYM">۔</wf>
</sentence>
<sentence s_id="82">
		<wf pos="PRP">سانہِ</wf>
		<wf pos="NN">گَرٕ</wf>
		<wf pos="VAUX">چُھ</wf>
		<wf pos="PRP">پرٛٮ۪تھ</wf>
		<wf pos="PRP">کانٛہہ</wf>
		<wf pos="JJ" sense_id="1">بوٚڈ</wf>
		<wf pos="NN">دۄہ</wf>
		<wf pos="NN">رٮ۪واجہٕ</wf>
		<wf pos="PSP">مُطٲبِق</wf>
		<wf pos="VM">مَناونہٕ</wf>
		<wf pos="VAUX">یِوان</wf>
		<wf pos="SYM">۔</wf>
</sentence>
<sentence s_id="83">
		<wf pos="NN">آزٕ</wf>
		<wf pos="VAUX">اوس</wf>
		<wf pos="JJ" sense_id="1">بوٚڈ</wf>
		<wf pos="VM">وۄرُس</wf>
		<wf pos="VM">بَناونہٕ</wf>
		<wf pos="SYM">۔</wf>
</sentence>
<sentence s_id="84">
		<wf pos="NNP">شنٛکراچاری</wf>
		<wf pos="RP">جی</wf>
		<wf pos="VAUX">اوس</wf>
		<wf pos="QC">اَکھ</wf>
		<wf pos="JJ" sense_id="1">بوٚڈ</wf>
		<wf pos="RP">بارٕ</wf>
		<wf pos="JJ">مٲہرِ</wf>
		<wf pos="NN">اِخلاقِیات</wf>
		<wf pos="SYM">۔</wf>
</sentence>
<sentence s_id="85">
		<wf pos="NNP">دِلۍ</wf>
		<wf pos="VAUX">چھےٚ</wf>
		<wf pos="QC">اَکھ</wf>
		<wf pos="JJ" sense_id="1">بوٚڈ</wf>
		<wf pos="NN">شَہَر</wf>
		<wf pos="SYM">۔</wf>
</sentence>
<sentence s_id="86">
		<wf pos="NN">چِنٔے</wf>
		<wf pos="VAUX">چُھ</wf>
		<wf pos="NN">ہٕنٛدُستانُک</wf>
		<wf pos="RB">ژوٗرِم</wf>
		<wf pos="JJ" sense_id="1">بوٚڈ</wf>
		<wf pos="NN">شَہَر</wf>
		<wf pos="SYM">۔</wf>
</sentence>
<sentence s_id="87">
		<wf pos="JJ">اصٕل</wf>
		<wf pos="NN">دیکھ</wf>
		<wf pos="NN">ریکھ</wf>
		<wf pos="PSP">سۭتۍ</wf>
		<wf pos="VAUX">چُھ</wf>
		<wf pos="JJ">کُل</wf>
		<wf pos="RDP">جلدی</wf>
		<wf pos="JJ" sense_id="1">بوٚڈ</wf>
		<wf pos="VM">گَژھان</wf>
		<wf pos="SYM">۔</wf>
</sentence>
<sentence s_id="88">
		<wf pos="NN">بَحرِ</wf>
		<wf pos="PSP">ہِنٛد</wf>
		<wf pos="VAUX">چُھ</wf>
		<wf pos="QC">ترٛیٚیُم</wf>
		<wf pos="JJ" sense_id="1">بوٚڈ</wf>
		<wf pos="NN">سَمنٛدَر</wf>
		<wf pos="SYM">۔</wf>
</sentence>
<sentence s_id="89">
		<wf pos="NN">بَچہِ</wf>
		<wf pos="VAUX">چُھ</wf>
		<wf pos="PRP">پَننہِ</wf>
		<wf pos="NN">کاپی</wf>
		<wf pos="PSP">پٮ۪ٹھ</wf>
		<wf pos="NN">تِکوٗن</wf>
		<wf pos="PSP">بناوانتِکوٗنچٮ۪ن</wf>
		<wf pos="QC">دۄن</wf>
		<wf pos="NN">لٲنَن</wf>
		<wf pos="PRP">ُنٛد</wf>
		<wf pos="NN">میُل</wf>
		<wf pos="VAUX">چھُ</wf>
		<wf pos="RB">ہمیشہِ</wf>
		<wf pos="NN">امچہِ</wf>
		<wf pos="QC">تریٚمہِ</wf>
		<wf pos="NN">لٲنہِ</wf>
		<wf pos="RP">کھۄتہٕ</wf>
		<wf pos="JJ" sense_id="1">بوٚڈ</wf>
		<wf pos="VM">آسان</wf>
		<wf pos="SYM">۔</wf>
</sentence>
<sentence s_id="90">
		<wf pos="NNP">موٚدوٗ</wf>
		<wf pos="VAUX">چھِ</wf>
		<wf pos="QC">اکھ</wf>
		<wf pos="JJ" sense_id="3">بوٚڈ</wf>
		<wf pos="JJ">بارٕ</wf>
		<wf pos="RB">ژھرانٛٹھ</wf>
		<wf pos="VM">وایٕنۍ</wf>
		<wf pos="VM">واجٕنۍ</wf>
		<wf pos="SYM">۔</wf>
</sentence>
<sentence s_id="91">
		<wf pos="PRP">سُہ</wf>
		<wf pos="VAUX">چُھ</wf>
		<wf pos="JJ">کَلاسِکَل</wf>
		<wf pos="JJ">موسیقی</wf>
		<wf pos="NN">ہُںٛد</wf>
		<wf pos="JJ" sense_id="3">بوٚڈ</wf>
		<wf pos="RP">بارٕ</wf>
		<wf pos="VM">پنٛڈِتھ</wf>
		<wf pos="SYM">۔</wf>
</sentence>
<sentence s_id="92">
		<wf pos="NN">کَرَن</wf>
		<wf pos="VAUX">اوس</wf>
		<wf pos="INTF">واریاہ</wf>
		<wf pos="JJ" sense_id="1">بوٚڈ</wf>
		<wf pos="VM">سَکھاو</wf>
		<wf pos="SYM">۔</wf>
</sentence>
<sentence s_id="93">
		<wf pos="NNPC">راجا</wf>
		<wf pos="NNPC">رام</wf>
		<wf pos="NNPC">موہَن</wf>
		<wf pos="NNP">راےٲسۍ</wf>
		<wf pos="QC">اکھ</wf>
		<wf pos="JJ" sense_id="5">بوٚڈ</wf>
		<wf pos="RP">بارٕ</wf>
		<wf pos="JJ">عوٲمی</wf>
		<wf pos="NN">خدمَتگار</wf>
		<wf pos="SYM">۔</wf>
</sentence>
<sentence s_id="94">
		<wf pos="JJ" sense_id="1">بوٚڈ</wf>
		<wf pos="RP">کھۄتہٕ</wf>
		<wf pos="JJ" sense_id="1">بوٚڈ</wf>
		<wf pos="NN">افسَر</wf>
		<wf pos="NNP">اعلیٰ</wf>
		<wf pos="NN">درجہٕ</wf>
		<wf pos="VM">میلنہٕ</wf>
		<wf pos="RB">پَتہٕ</wf>
		<wf pos="VAUX">چُھ</wf>
		<wf pos="NN">وے</wf>
		<wf pos="NN">اثر</wf>
		<wf pos="VM">گژھان</wf>
		<wf pos="SYM">۔</wf>
</sentence>
<sentence s_id="95">
		<wf pos="NNP">ٹین</wf>
		<wf pos="NN">سازن</wf>
		<wf pos="RDP">وُچھِ</wf>
		<wf pos="PRP">مےٚ</wf>
		<wf pos="JJ">واریاہ</wf>
		<wf pos="JJ" sense_id="5">بوٚڈ</wf>
		<wf pos="NN">ٹینُٕو</wf>
		<wf pos="NN">صنٛدوٗق</wf>
		<wf pos="VM">بنوومُت</wf>
		<wf pos="SYM">۔</wf>
</sentence>
<sentence s_id="96">
		<wf pos="NNP">مَنِلا</wf>
		<wf pos="VAUX">چُھ</wf>
		<wf pos="VM">فِلپاینُک</wf>
		<wf pos="PRP">ساروٕے</wf>
		<wf pos="RP">کھۄتہٕ</wf>
		<wf pos="JJ" sense_id="1">بوٚڈ</wf>
		<wf pos="NN">شہَر</wf>
		<wf pos="SYM">۔</wf>
</sentence>
<sentence s_id="97">
		<wf pos="NN">اَحمدآباد</wf>
		<wf pos="VAUX">چُھ</wf>
		<wf pos="NN">گُجراتُک</wf>
		<wf pos="PRP">ساروٕے</wf>
		<wf pos="RP">کھۄتہٕ</wf>
		<wf pos="JJ" sense_id="1">بوٚڈ</wf>
		<wf pos="NN">شہر</wf>
		<wf pos="SYM">۔</wf>
</sentence>
<sentence s_id="98">
		<wf pos="NNP">میٛون</wf>
		<wf pos="NN">گَرٕ</wf>
		<wf pos="VAUX">چُھ</wf>
		<wf pos="INTF">واریاہ</wf>
		<wf pos="JJ" sense_id="1">بوٚڈ</wf>
		<wf pos="PRP">مےٚ</wf>
		<wf pos="VAUX">چُھ</wf>
		<wf pos="NN">شُرِس</wf>
		<wf pos="PSP">خٲطرٕ</wf>
		<wf pos="QC">اَکھ</wf>
		<wf pos="JJ" sense_id="1">بوٚڈ</wf>
		<wf pos="NN">تَماشہٕ</wf>
		<wf pos="VM">ہیوٚن</wf>
		<wf pos="SYM">۔</wf>
</sentence>
<sentence s_id="99">
		<wf pos="NN">گۄرُک</wf>
		<wf pos="NN">ؤری</wf>
		<wf pos="VAUX">چُھ</wf>
		<wf pos="CC">زٔمیٖنکہِ</wf>
		<wf pos="NN">ؤریہٕ</wf>
		<wf pos="RP">کھۄتہٕ</wf>
		<wf pos="JJ" sense_id="1">بوٚڈ</wf>
		<wf pos="VM">آسان</wf>
		<wf pos="SYM">۔</wf>
</sentence>
<sentence s_id="100">
		<wf pos="NN">أکِس</wf>
		<wf pos="NN">زَمانَس</wf>
		<wf pos="PSP">منٛز</wf>
		<wf pos="VAUX">ٲس</wf>
		<wf pos="NNP">کٔشیٖر</wf>
		<wf pos="QC">اَکھ</wf>
		<wf pos="JJ" sense_id="1">بوٚڈ</wf>
		<wf pos="NN">سوٚدُر</wf>
		<wf pos="SYM">۔</wf>
</sentence>
<sentence s_id="101">
		<wf pos="NNPC">وِشوٕ</wf>
		<wf pos="NNPC">ناتھ</wf>
		<wf pos="NNP">آنٛنَد</wf>
		<wf pos="VAUX">چُھ</wf>
		<wf pos="NN">شطرَنٛجُک</wf>
		<wf pos="JJ" sense_id="1">بوٚڈ</wf>
		<wf pos="NN">وۄستاد</wf>
		<wf pos="SYM">۔</wf>
</sentence>
<sentence s_id="102">
		<wf pos="RB">میٛانہٕ</wf>
		<wf pos="NN">کَمایہِ</wf>
		<wf pos="PSP">ہُنٛد</wf>
		<wf pos="JJ" sense_id="2">بوٚڈ</wf>
		<wf pos="RP">بارٕ</wf>
		<wf pos="NN">حِصہِ</wf>
		<wf pos="VAUX">چُھ</wf>
		<wf pos="NN">اِنشورَنٕس</wf>
		<wf pos="NN">رَقمَس</wf>
		<wf pos="PSP">منٛز</wf>
		<wf pos="VM">گَژھان</wf>
		<wf pos="SYM">۔</wf>
</sentence>
<sentence s_id="103">
		<wf pos="???">بدعملی</wf>
		<wf pos="PSP">ہُنٛد</wf>
		<wf pos="PRP">ساروٕے</wf>
		<wf pos="RP">کھۄتہٕ</wf>
		<wf pos="JJ" sense_id="3">بوٚڈ</wf>
		<wf pos="NN">وَجہ</wf>
		<wf pos="VAUX">چُھ</wf>
		<wf pos="NN">ژُرٕ</wf>
		<wf pos="NN">پونٛسہٕ</wf>
		<wf pos="SYM">۔</wf>
</sentence>
<sentence s_id="104">
		<wf pos="NNPC">اٮ۪نٹارٹِکا</wf>
		<wf pos="VAUX">چُھ</wf>
		<wf pos="NNP">آسٹرٛیلا</wf>
		<wf pos="RP">کھۄتہٕ</wf>
		<wf pos="QC">دۄگنہٕ</wf>
		<wf pos="JJ" sense_id="1">بوٚڈ</wf>
		<wf pos="SYM">۔</wf>
</sentence>
<sentence s_id="105">
		<wf pos="NN">اَفریٖقہ</wf>
		<wf pos="VAUX">چُھ</wf>
		<wf pos="QC">اَکھ</wf>
		<wf pos="JJ" sense_id="1">بوٚڈ</wf>
		<wf pos="NN">مُلک</wf>
		<wf pos="SYM">۔</wf>
</sentence>
<sentence s_id="106">
		<wf pos="NNP">خُدا</wf>
		<wf pos="VAUX">چُھ</wf>
		<wf pos="JJ" sense_id="1">بوٚڈ</wf>
		<wf pos="SYM">۔</wf>
</sentence>
<sentence s_id="107">
		<wf pos="NNP">کٲشِرۍ</wf>
		<wf pos="NN">مسلمان</wf>
		<wf pos="VAUX">چھِ</wf>
		<wf pos="NNP">عیٖد</wf>
		<wf pos="NN">میٖلاد</wf>
		<wf pos="PSP">کِس</wf>
		<wf pos="NNP">وۄرَسس</wf>
		<wf pos="PSP">پٮ۪ٹھ</wf>
		<wf pos="CC">درگاہ</wf>
		<wf pos="VM">تٔرِتھ</wf>
		<wf pos="DEM">یہِ</wf>
		<wf pos="VM">وۄرُس</wf>
		<wf pos="RB">لۄلہٕ</wf>
		<wf pos="POW">سان</wf>
		<wf pos="VM">مناوان</wf>
		<wf pos="DEM">یہِ</wf>
		<wf pos="NN">تقریٖب</wf>
		<wf pos="VAUX">چھیٚہ</wf>
		<wf pos="NN">میلاد</wf>
		<wf pos="PSP">شریفُک</wf>
		<wf pos="JJ" sense_id="3">بوٚڈ</wf>
		<wf pos="RP">بارٕ</wf>
		<wf pos="NN">تقریٖب</wf>
		<wf pos="VM">آسان</wf>
		<wf pos="SYM">۔</wf>
</sentence>
<sentence s_id="108">
		<wf pos="VM">زیوٚن</wf>
		<wf pos="VAUX">چُھ</wf>
		<wf pos="NN">انسان</wf>
		<wf pos="PSP">سٕنٛزِ</wf>
		<wf pos="NN">زندگی</wf>
		<wf pos="PSP">ہُند</wf>
		<wf pos="DEM">یہِ</wf>
		<wf pos="NN">دپۍ</wf>
		<wf pos="CC">زِ</wf>
		<wf pos="CC">تہِٕ</wf>
		<wf pos="NNPC">گۄڈنیکُ</wf>
		<wf pos="NNP">وۄُرس</wf>
		<wf pos="NN">وُچھوَے</wf>
		<wf pos="CC">تہٕ</wf>
		<wf pos="NN">زندگی</wf>
		<wf pos="CC">چھیہٚ</wf>
		<wf pos="PRP">پننہ</wf>
		<wf pos="NN">جایِہ</wf>
		<wf pos="QC">اکھ</wf>
		<wf pos="JJ" sense_id="3">بوٚڈ</wf>
		<wf pos="VM">دۄرُس</wf>
		<wf pos="SYM">۔</wf>
</sentence>
<sentence s_id="109">
		<wf pos="NN">پوٗناہَس</wf>
		<wf pos="VM">منٛزچُھنہٕ</wf>
		<wf pos="JJ" sense_id="5">بوٚڈ</wf>
		<wf pos="NN">رقِم</wf>
		<wf pos="VM">دِتھ</wf>
		<wf pos="RP">تہِ</wf>
		<wf pos="NN">مکان</wf>
		<wf pos="RB">سَہل</wf>
		<wf pos="RDP">سَہل</wf>
		<wf pos="VM">میلان</wf>
		<wf pos="SYM">۔</wf>
</sentence>
<sentence s_id="110">
		<wf pos="DEM">یہِ</wf>
		<wf pos="NN">مکانہ</wf>
		<wf pos="VAUX">ہے</wf>
		<wf pos="NN">ٲخرآسِہ</wf>
		<wf pos="PRP">پَنُن</wf>
		<wf pos="VAUX">چُھ</wf>
		<wf pos="JJ">زیادٕ</wf>
		<wf pos="NNC">بوٚڈ</wf>
		<wf pos="PSP">زن</wf>
		<wf pos="NEG">چُھنہٕ</wf>
		<wf pos="CC">مگر</wf>
		<wf pos="RB">تیوٚت</wf>
		<wf pos="NN">لۄکُٹ</wf>
		<wf pos="RP">تہِ</wf>
		<wf pos="VM">چُھنہِ</wf>
		<wf pos="CC">تہ</wf>
		<wf pos="NN">جیوتی</wf>
		<wf pos="VAUX">چھٚے</wf>
		<wf pos="RB">برٛونٛٹھٕے</wf>
		<wf pos="PSP">ییٚتھۍ</wf>
		<wf pos="VM">روزان</wf>
		<wf pos="VAUX">آمٕژ</wf>
		<wf pos="SYM">۔</wf>
</sentence>
<sentence s_id="111">
		<wf pos="NNPC">وِشوٕ</wf>
		<wf pos="NNPC">ناتھ</wf>
		<wf pos="VAUX">چُھ</wf>
		<wf pos="RB">ہُنٛدُستانک</wf>
		<wf pos="QC">اَکھ</wf>
		<wf pos="JJ" sense_id="1">بوٚڈ</wf>
		<wf pos="JJ">بارٕ</wf>
		<wf pos="NN">کاربٲرٕ</wf>
		<wf pos="SYM">۔</wf>
</sentence>
<sentence s_id="112">
		<wf pos="JJ" sense_id="1">بوٚڈ</wf>
		<wf pos="NN">شَخٕص</wf>
		<wf pos="VM">چھہٕ</wf>
		<wf pos="NN">کردار</wf>
		<wf pos="VM">کٕنۍ</wf>
		<wf pos="NN">مال</wf>
		<wf pos="POW">دار</wf>
		<wf pos="VM">آسان</wf>
		<wf pos="SYM">۔</wf>
</sentence>
<sentence s_id="113">
		<wf pos="NN">چانَکیہِ</wf>
		<wf pos="VAUX">اوس</wf>
		<wf pos="QC">اَکھ</wf>
		<wf pos="JJ" sense_id="1">بوٚڈ</wf>
		<wf pos="NN">سَیاسَتدان</wf>
		<wf pos="SYM">۔</wf>
</sentence>
<sentence s_id="114">
		<wf pos="NN">سِکَنٛداَرَس</wf>
		<wf pos="RB">پَتہٕ</wf>
		<wf pos="VAUX">اوس</wf>
		<wf pos="PRP">تِہُنٛد</wf>
		<wf pos="JJ" sense_id="1">بوٚڈ</wf>
		<wf pos="RP">بارٕ</wf>
		<wf pos="NN">فوج</wf>
		<wf pos="VM">پَکان</wf>
		<wf pos="SYM">۔</wf>
</sentence>
<sentence s_id="115">
		<wf pos="NNPC">رام</wf>
		<wf pos="VAUX">چُھ</wf>
		<wf pos="NN">لَکَشمَنَس</wf>
		<wf pos="JJ" sense_id="1">بوٚڈ</wf>
		<wf pos="NN">بوے</wf>
		<wf pos="SYM">۔</wf>
</sentence>
<sentence s_id="116">
		<wf pos="NN">اَٹَل</wf>
		<wf pos="RP">جی</wf>
		<wf pos="VAUX">چُھ</wf>
		<wf pos="NN">واجپاہَس</wf>
		<wf pos="RP">کھوتِ</wf>
		<wf pos="INTF">واریاہ</wf>
		<wf pos="JJ" sense_id="1">بوٚڈ</wf>
		<wf pos="SYM">۔</wf>
</sentence>
<sentence s_id="117">
		<wf pos="NNPC">اَٹَل</wf>
		<wf pos="NNPC">بِہاری</wf>
		<wf pos="NNP">واجپایی</wf>
		<wf pos="VAUX">چُھ</wf>
		<wf pos="NNP">باجپاہُک</wf>
		<wf pos="JJ" sense_id="4">بوٚڈ</wf>
		<wf pos="NN">لیڈر</wf>
		<wf pos="SYM">۔</wf>
</sentence>
<sentence s_id="118">
		<wf pos="DEM">یہِ</wf>
		<wf pos="NN">یَزارٕ</wf>
		<wf pos="VAUX">چُھ</wf>
		<wf pos="INTF">واریاہ</wf>
		<wf pos="JJ" sense_id="1">بوٚڈ</wf>
		<wf pos="SYM">۔</wf>
</sentence>
<sentence s_id="119">
		<wf pos="NN">ہمالیہٕ</wf>
		<wf pos="VAUX">چُھ</wf>
		<wf pos="NN">دنیاہُک</wf>
		<wf pos="JJ" sense_id="4">بوٚڈ</wf>
		<wf pos="NN">پہاڈ</wf>
		<wf pos="SYM">۔</wf>
</sentence>
<sentence s_id="120">
		<wf pos="NNP">پرانِہ</wf>
		<wf pos="NN">زمانہٕ</wf>
		<wf pos="VAUX">اوس</wf>
		<wf pos="NNP">مِیَر</wf>
		<wf pos="NN">شہرُک</wf>
		<wf pos="PRP">سارٕوٕے</wf>
		<wf pos="RP">کھۄتہٕ</wf>
		<wf pos="JJ" sense_id="5">بوٚڈ</wf>
		<wf pos="NN">افسَر</wf>
		<wf pos="SYM">۔</wf>
</sentence>
<sentence s_id="121">
		<wf pos="???">بدعملی</wf>
		<wf pos="PSP">ہُنٛد</wf>
		<wf pos="PRP">ساروٕے</wf>
		<wf pos="RP">کھۄتہٕ</wf>
		<wf pos="JJ" sense_id="1">بوٚڈ</wf>
		<wf pos="NN">وَجہ</wf>
		<wf pos="VAUX">چُھ</wf>
		<wf pos="NN">ژُرٕ</wf>
		<wf pos="NN">پونٛسہٕ</wf>
		<wf pos="SYM">۔</wf>
</sentence>
<sentence s_id="122">
		<wf pos="NN">کَرور</wf>
		<wf pos="VAUX">چُھ</wf>
		<wf pos="INTF">واریاہ</wf>
		<wf pos="JJ" sense_id="1">بوٚڈ</wf>
		<wf pos="NN">عَدَد</wf>
		<wf pos="SYM">۔</wf>
</sentence>
<sentence s_id="123">
		<wf pos="NN">کَرَن</wf>
		<wf pos="VAUX">اوس</wf>
		<wf pos="INTF">واریاہ</wf>
		<wf pos="JJ" sense_id="1">بوٚڈ</wf>
		<wf pos="VM">سَکھاو</wf>
		<wf pos="SYM">۔</wf>
</sentence>
<sentence s_id="124">
		<wf pos="NNP">ٹین</wf>
		<wf pos="NN">سازن</wf>
		<wf pos="RDP">وُچھِ</wf>
		<wf pos="PRP">مےٚ</wf>
		<wf pos="JJ">واریاہ</wf>
		<wf pos="JJ" sense_id="1">بوٚڈ</wf>
		<wf pos="NN">ٹینُٕو</wf>
		<wf pos="NN">صنٛدوٗق</wf>
		<wf pos="VM">بنوومُت</wf>
		<wf pos="SYM">۔</wf>
</sentence>
<sentence s_id="125">
		<wf pos="NNP">میٛون</wf>
		<wf pos="NN">گَرٕ</wf>
		<wf pos="VAUX">چُھ</wf>
		<wf pos="INTF">واریاہ</wf>
		<wf pos="JJ" sense_id="5">بوٚڈ</wf>
		<wf pos="PRP">مےٚ</wf>
		<wf pos="VAUX">چُھ</wf>
		<wf pos="NN">شُرِس</wf>
		<wf pos="PSP">خٲطرٕ</wf>
		<wf pos="QC">اَکھ</wf>
		<wf pos="JJ" sense_id="1">بوٚڈ</wf>
		<wf pos="NN">تَماشہٕ</wf>
		<wf pos="VM">ہیوٚن</wf>
		<wf pos="SYM">۔</wf>
</sentence>
<sentence s_id="126">
		<wf pos="PRP">پرانِس</wf>
		<wf pos="NN">دورَس</wf>
		<wf pos="PSP">مَنٛز</wf>
		<wf pos="VAUX">اوس</wf>
		<wf pos="NNP">مِیَر</wf>
		<wf pos="NN">شہرُک</wf>
		<wf pos="PRP">سارٕوٕے</wf>
		<wf pos="RP">کھۄتہٕ</wf>
		<wf pos="JJ" sense_id="4">بوٚڈ</wf>
		<wf pos="NN">افسَر</wf>
		<wf pos="SYM">۔</wf>
</sentence>
<sentence s_id="127">
		<wf pos="NN">شام</wf>
		<wf pos="VAUX">چُھ</wf>
		<wf pos="PRP">میون</wf>
		<wf pos="JJ" sense_id="5">بوٚڈ</wf>
		<wf pos="NN">بوے</wf>
		<wf pos="SYM">۔</wf>
</sentence>
<sentence s_id="128">
		<wf pos="NNPC">شیٖشو</wf>
		<wf pos="PRP">سُہ</wf>
		<wf pos="QC">اَکھ</wf>
		<wf pos="JJ" sense_id="3">بوٚڈ</wf>
		<wf pos="NN">بانہٕ</wf>
		<wf pos="DEM">یَتھ</wf>
		<wf pos="PSP">منٛز</wf>
		<wf pos="NN">عٲرَق</wf>
		<wf pos="VAUX">چھِ</wf>
		<wf pos="NN">تھاوان:یہٕ</wf>
		<wf pos="NN">مَٹھ</wf>
		<wf pos="VAUX">چُھ</wf>
		<wf pos="NN">پوشَن</wf>
		<wf pos="PSP">ہِنٛدِ</wf>
		<wf pos="NN">رَسہٕ</wf>
		<wf pos="PSP">سۭتۍ</wf>
		<wf pos="VM">بٔرِتھ</wf>
		<wf pos="SYM">۔</wf>
</sentence>
<sentence s_id="129">
		<wf pos="PRP">سُہ</wf>
		<wf pos="JJ" sense_id="2">بوٚڈ</wf>
		<wf pos="NN">دۄہ</wf>
		<wf pos="DEM">یُس</wf>
		<wf pos="JJ">جان</wf>
		<wf pos="NN">کامیو</wf>
		<wf pos="NN">وِزِ</wf>
		<wf pos="VM">کَرنہٕ</wf>
		<wf pos="VAUX">چُھ</wf>
		<wf pos="NN">یِوان:نیٚچِو</wf>
		<wf pos="PSP">سٕنٛدِس</wf>
		<wf pos="VM">زاے</wf>
		<wf pos="NN">دۄہَس</wf>
		<wf pos="PSP">پٮ۪ٹھ</wf>
		<wf pos="VAUX">اوس</wf>
		<wf pos="PRP">تیٚمۍ</wf>
		<wf pos="JJ">جان</wf>
		<wf pos="NN">دۄہُک</wf>
		<wf pos="NN">انتظام</wf>
		<wf pos="VM">کوٚرمُت</wf>
		<wf pos="SYM">۔</wf>
</sentence>

</contextfile>