<?xml version='1.0' encoding='utf-8'?>
<contextfile filename="بَچہٕ" fileno="2">
<sentence s_id="1">
		<wf pos="NN">مَنٛگتہٕ</wf>
		<wf pos="VM">اَنُن</wf>
		<wf pos="VAUX">گو٘و</wf>
		<wf pos="PRP">بییِ٘س</wf>
		<wf pos="PRP">کٲنٛسِہ</wf>
		<wf pos="PSP">ہُنٛد</wf>
		<wf pos="NN" sense_id="1">بَچہٕ</wf>
		<wf pos="PRP">پَنُن</wf>
		<wf pos="NN">گَرٕ</wf>
		<wf pos="VM">اَنُن</wf>
		<wf pos="NN">مَنٛگتہٕ</wf>
		<wf pos="VM">دِنہٕ</wf>
		<wf pos="PSP">وٲلِس</wf>
		<wf pos="VAUX">چھی٘ہ</wf>
		<wf pos="DEM">یہِ</wf>
		<wf pos="JJ">ثوابٕچ</wf>
		<wf pos="NN">کٲم</wf>
		<wf pos="VM">آسان</wf>
		<wf pos="PRP">تَس</wf>
		<wf pos="VAUX">چُھ</wf>
		<wf pos="VM">یِوان</wf>
		<wf pos="NNP">شاسترو</wf>
		<wf pos="PSP">موٗجوٗب</wf>
		<wf pos="VM">وَننہٕ</wf>
		<wf pos="CC">زِ</wf>
		<wf pos="PRP">تٔمۍ</wf>
		<wf pos="VM">دیُت</wf>
		<wf pos="NN">کل</wf>
		<wf pos="CC">تہٕ</wf>
		<wf pos="VM">کو٘رُن</wf>
		<wf pos="RB">یِتھٕ</wf>
		<wf pos="POW">کٔنۍ</wf>
		<wf pos="PRP">بی٘یہِ</wf>
		<wf pos="PSP">سُنٛد</wf>
		<wf pos="NN">گَرٕ</wf>
		<wf pos="JJ">آباد</wf>
		<wf pos="PRP">تَس</wf>
		<wf pos="VM">ژٔلہٕرٲوٕن</wf>
		<wf pos="NN">پۄترٕ</wf>
		<wf pos="JJ">بۄچھِ</wf>
		<wf pos="NN">وادٕقرارٕ</wf>
		<wf pos="PSP">موٗجوٗب</wf>
		<wf pos="VAUX">چِھ</wf>
		<wf pos="DEM">یِم</wf>
		<wf pos="PRP">دۄشوَے</wf>
		<wf pos="NN">دٔرۍ</wf>
		<wf pos="QC">اَکھ</wf>
		<wf pos="QC">أکس</wf>
		<wf pos="RB">نزدیٖکھ</wf>
		<wf pos="VM">یِوان</wf>
		<wf pos="CC">,مگر</wf>
		<wf pos="NNP">دٮ۪وہار</wf>
		<wf pos="PSP">موٗجوٗب</wf>
		<wf pos="VAUX">چُھ</wf>
		<wf pos="RB">عام</wf>
		<wf pos="POW">طور</wf>
		<wf pos="VM">وُچھنہٕ</wf>
		<wf pos="VAUX">آمُت</wf>
		<wf pos="CC">زِ</wf>
		<wf pos="NN">شُرۍ</wf>
		<wf pos="VM">مانگیہ</wf>
		<wf pos="PSP">وول</wf>
		<wf pos="VAUX">چُھ</wf>
		<wf pos="RB">پَتہٕ</wf>
		<wf pos="NN">شُر</wf>
		<wf pos="VM">دِنہٕ</wf>
		<wf pos="PSP">وٲلِس</wf>
		<wf pos="PSP">نِش</wf>
		<wf pos="RB">دوٗر</wf>
		<wf pos="RB">دوٗر</wf>
		<wf pos="VM">ہٮ۪وان</wf>
		<wf pos="VM">روزُن</wf>
		<wf pos="PRP">تَس</wf>
		<wf pos="VAUX">چُھ</wf>
		<wf pos="RB">شایَد</wf>
		<wf pos="DEM">یہِ</wf>
		<wf pos="PRP">پَنُن</wf>
		<wf pos="NN">ژھرٮ۪ر</wf>
		<wf pos="VM">آسان</wf>
		<wf pos="PRP">یُس</wf>
		<wf pos="PRP">تَس</wf>
		<wf pos="DEM">یہِ</wf>
		<wf pos="VM">سونچنَس</wf>
		<wf pos="PSP">پٮ۪ٹھ</wf>
		<wf pos="JJ">مجبوٗر</wf>
		<wf pos="VAUX">چُھ</wf>
		<wf pos="VM">کران</wf>
		<wf pos="CC">زِ</wf>
		<wf pos="CC">ہَرگاہ</wf>
		<wf pos="PRP">أمِس</wf>
		<wf pos="NN">بَچَس</wf>
		<wf pos="PRP">پننِس</wf>
		<wf pos="NN">مٲلِس</wf>
		<wf pos="NN">ماجہِ</wf>
		<wf pos="PSP">سۭتۍ</wf>
		<wf pos="VM">آو</wf>
		<wf pos="VAUX">گۄو</wf>
		<wf pos="VM">روٗد</wf>
		<wf pos="RB">خَبَر</wf>
		<wf pos="PRP">أمِس</wf>
		<wf pos="VAUX">ما</wf>
		<wf pos="VM">کڈَن</wf>
		<wf pos="DEM">یِم</wf>
		<wf pos="NN">کل</wf>
		<wf pos="CC">تہٕ</wf>
		<wf pos="DEM">یہِ</wf>
		<wf pos="VAUX">ما</wf>
		<wf pos="VM">ژَلہِ</wf>
		<wf pos="NN">لَچہِ</wf>
		<wf pos="RB">ٹاس</wf>
		<wf pos="POW">کٔڈِتھ</wf>
		<wf pos="RB">پٲلِتھ</wf>
		<wf pos="RB">پی٘ترِتھ</wf>
		<wf pos="RB">واپَس</wf>
		<wf pos="PRP">پننِس</wf>
		<wf pos="NN">مٲلِس</wf>
		<wf pos="NN">ماجہِ</wf>
		<wf pos="PSP">نِش</wf>
		<wf pos="SYM">۔</wf>
</sentence>
<sentence s_id="2">
		<wf pos="QC">أکس</wf>
		<wf pos="NN" sense_id="1">بَچہٕ</wf>
		<wf pos="PSP">سٕٛنز</wf>
		<wf pos="NN">زندگی</wf>
		<wf pos="WQ">کژھ</wf>
		<wf pos="VAUX">ہٮ۪کہِ</wf>
		<wf pos="VM">بٔنِتھ</wf>
		<wf pos="DEM">یِہ</wf>
		<wf pos="RP">تِہ</wf>
		<wf pos="VAUX">چُھ</wf>
		<wf pos="QC">أکس</wf>
		<wf pos="NN">ماجِہ</wf>
		<wf pos="PSP">پٹیھٕے</wf>
		<wf pos="NN">دارومدار</wf>
		<wf pos="JJ">پٛرٮ۪تھ</wf>
		<wf pos="PRP">کاٛنہہ</wf>
		<wf pos="NN">موج</wf>
		<wf pos="VAUX">چِھ</wf>
		<wf pos="PRP">پننِس</wf>
		<wf pos="NN">بَچَس</wf>
		<wf pos="PSP">سۭتۍ</wf>
		<wf pos="NN">ماے,</wf>
		<wf pos="NN">,محبتھ</wf>
		<wf pos="CC">تہٕ</wf>
		<wf pos="NN">شفقت</wf>
		<wf pos="VM">وَرتاوان</wf>
		<wf pos="RB">چاہے</wf>
		<wf pos="PRP">سُہ</wf>
		<wf pos="NN">بَچِہ</wf>
		<wf pos="PRP">تٔمِس</wf>
		<wf pos="PRP">پَنُن</wf>
		<wf pos="VAUX">آسِہ</wf>
		<wf pos="CC">یا</wf>
		<wf pos="NN">مَنٛگتہٕ</wf>
		<wf pos="VAUX">آسین</wf>
		<wf pos="VM">او٘نمُت</wf>
		<wf pos="PRP">تٔمِس</wf>
		<wf pos="PSP">خٲطرٕ</wf>
		<wf pos="VAUX">چھی٘ہ</wf>
		<wf pos="VM">آسان</wf>
		<wf pos="JJ">ہِشی</wf>
		<wf pos="NN">کتھ</wf>
		<wf pos="SYM">۔</wf>
</sentence>
<sentence s_id="3">
		<wf pos="RB">پَتھکالہِ</wf>
		<wf pos="VAUX">اوس</wf>
		<wf pos="NN">خاندرُک</wf>
		<wf pos="QC">اَکھ</wf>
		<wf pos="NN">وَجَہ</wf>
		<wf pos="DEM">یُتُے</wf>
		<wf pos="VM">ماننہٕ</wf>
		<wf pos="VM">یِوان</wf>
		<wf pos="CC">زِ</wf>
		<wf pos="NN">خاندَر</wf>
		<wf pos="VM">کرُن</wf>
		<wf pos="NN" sense_id="1">بَچہٕ</wf>
		<wf pos="VM">پٲدٕ</wf>
		<wf pos="VM">کرُن</wf>
		<wf pos="CC">یُتھزن</wf>
		<wf pos="NN">پِچہِ</wf>
		<wf pos="NN">کہٲر</wf>
		<wf pos="NN">وزِ</wf>
		<wf pos="VAUX">ہے</wf>
		<wf pos="CC">تہٕ</wf>
		<wf pos="NN">خاندان</wf>
		<wf pos="VM">پَکہِ</wf>
		<wf pos="VAUX">ہے</wf>
		<wf pos="RB">برٛونٛہہ</wf>
		<wf pos="PSP">کن</wf>
		<wf pos="SYM">۔</wf>
</sentence>
<sentence s_id="4">
		<wf pos="NN">مَنٛگتہٕ</wf>
		<wf pos="VM">اَنُن</wf>
		<wf pos="VAUX">گو٘و</wf>
		<wf pos="PRP">بییِ٘س</wf>
		<wf pos="PRP">کٲنٛسِہ</wf>
		<wf pos="PSP">ہُنٛد</wf>
		<wf pos="NN" sense_id="1">بَچہٕ</wf>
		<wf pos="PRP">پَنُن</wf>
		<wf pos="NN">گَرٕ</wf>
		<wf pos="VM">اَنُن</wf>
		<wf pos="SYM">۔</wf>
</sentence>
<sentence s_id="5">
		<wf pos="NN">موج</wf>
		<wf pos="NEG">چَھنہٕ</wf>
		<wf pos="PRP">کٲنٛسِہ</wf>
		<wf pos="NN">بَچَس</wf>
		<wf pos="JJ">خَراب</wf>
		<wf pos="VM">آسان</wf>
		<wf pos="NEG">نَہ</wf>
		<wf pos="VAUX">چَھ</wf>
		<wf pos="PRP">سۄ</wf>
		<wf pos="VAUX">یَژھان</wf>
		<wf pos="DEM">زِ</wf>
		<wf pos="NN">تٔم</wf>
		<wf pos="PSP">سُنٛد</wf>
		<wf pos="NN" sense_id="1">بَچہٕ</wf>
		<wf pos="VAUX">گو٘ژھ</wf>
		<wf pos="JJ">خَراب</wf>
		<wf pos="NN">وَتھ</wf>
		<wf pos="VM">رٹُن</wf>
		<wf pos="NN">فَرَق</wf>
		<wf pos="VAUX">چھَ</wf>
		<wf pos="QF:?">یِژٕے</wf>
		<wf pos="VM">آسان</wf>
		<wf pos="DEM">زِ</wf>
		<wf pos="CC">اگر</wf>
		<wf pos="NN">بَچَس</wf>
		<wf pos="NN">مول</wf>
		<wf pos="NN">غلطی</wf>
		<wf pos="VM">کرنَس</wf>
		<wf pos="PSP">پٮ۪ٹھ</wf>
		<wf pos="PRP">کینٛہہ</wf>
		<wf pos="VM">وَنان</wf>
		<wf pos="VAUX">چُھ</wf>
		<wf pos="CC">تہٕ</wf>
		<wf pos="PRP">تٔمِس</wf>
		<wf pos="NN">بَچَس</wf>
		<wf pos="VAUX">چِھ</wf>
		<wf pos="NN">موج</wf>
		<wf pos="NN">اَتھٕرو٘ٹ</wf>
		<wf pos="VM">کران</wf>
		<wf pos="DEM">یی٘مہِ</wf>
		<wf pos="PSP">سۭتۍ</wf>
		<wf pos="PRP">تَس</wf>
		<wf pos="NN">بَچَس</wf>
		<wf pos="RB">پَتہٕ</wf>
		<wf pos="JJ">بَد</wf>
		<wf pos="NN">ہَوا</wf>
		<wf pos="VAUX">چُھ</wf>
		<wf pos="VM">لگان</wf>
		<wf pos="SYM">۔</wf>
</sentence>
<sentence s_id="6">
		<wf pos="QC">أکس</wf>
		<wf pos="NN" sense_id="1">بَچہٕ</wf>
		<wf pos="PSP">سٕٛنز</wf>
		<wf pos="NN">زندگی</wf>
		<wf pos="WQ">کژھ</wf>
		<wf pos="VAUX">ہٮ۪کہِ</wf>
		<wf pos="VM">بٔنِتھ</wf>
		<wf pos="DEM">اتھ</wf>
		<wf pos="VAUX">چُھ</wf>
		<wf pos="PRP">أکھ</wf>
		<wf pos="NN">موج</wf>
		<wf pos="NN">زمہٕدار</wf>
		<wf pos="SYM">۔</wf>
</sentence>
<sentence s_id="7">
		<wf pos="NN">موج</wf>
		<wf pos="NEG">چَھنہٕ</wf>
		<wf pos="PRP">کٲنٛسِہ</wf>
		<wf pos="NN">بَچَس</wf>
		<wf pos="JJ">خَراب</wf>
		<wf pos="VM">آسان</wf>
		<wf pos="NEG">نَہ</wf>
		<wf pos="VAUX">چَھ</wf>
		<wf pos="PRP">سۄ</wf>
		<wf pos="VAUX">یَژھان</wf>
		<wf pos="DEM">زِ</wf>
		<wf pos="NN">تٔم</wf>
		<wf pos="PSP">سُنٛد</wf>
		<wf pos="NN" sense_id="2">بَچہٕ</wf>
		<wf pos="VAUX">گو٘ژھ</wf>
		<wf pos="JJ">خَراب</wf>
		<wf pos="VM">گَژُھن</wf>
		<wf pos="SYM">۔</wf>
</sentence>
<sentence s_id="8">
		<wf pos="CC">تِکیٛازِ</wf>
		<wf pos="NN">موج</wf>
		<wf pos="VM">زانہِ</wf>
		<wf pos="NN" sense_id="2">بَچہٕ</wf>
		<wf pos="PSP">سٕنٛز</wf>
		<wf pos="NN">دَگ</wf>
		<wf pos="CC">تہٕ</wf>
		<wf pos="NN">بَچہِ</wf>
		<wf pos="PSP">سٕنٛزِ</wf>
		<wf pos="NN">زِنٛدٕگی</wf>
		<wf pos="RP">تہِ</wf>
		<wf pos="VAUX">چِھ</wf>
		<wf pos="PRP">ﺃمۍسٕے</wf>
		<wf pos="NN">ماجہِ</wf>
		<wf pos="PSP">ہٕنٛدٮ۪ن</wf>
		<wf pos="NN">اَتَھن</wf>
		<wf pos="PSP">مَنٛز</wf>
		<wf pos="VM">آسان</wf>
		<wf pos="SYM">۔</wf>
</sentence>
<sentence s_id="9">
		<wf pos="NN" sense_id="1">بَچہٕ</wf>
		<wf pos="VAUX">ٲسۍ</wf>
		<wf pos="JJ">تیز</wf>
		<wf pos="NN">آوازِ</wf>
		<wf pos="PSP">منٛز</wf>
		<wf pos="VM">گٮ۪وان</wf>
		<wf pos="SYM">۔</wf>
</sentence>
<sentence s_id="10">
		<wf pos="NN">راموٗوَن</wf>
		<wf pos="VM">روٚٹ</wf>
		<wf pos="JJ">ییٚتیٖم</wf>
		<wf pos="NN">خانہٕ</wf>
		<wf pos="PSP">منٛزٕ</wf>
		<wf pos="QC">اَکھ</wf>
		<wf pos="NN">ناوٕ</wf>
		<wf pos="RB">روٚس</wf>
		<wf pos="NN" sense_id="1">بَچہٕ</wf>
		<wf pos="NN">منٛگتہٕ</wf>
		<wf pos="SYM">۔</wf>
</sentence>
<sentence s_id="11">
		<wf pos="NN">اِنسان</wf>
		<wf pos="VAUX">چُھ</wf>
		<wf pos="NN" sense_id="1">بَچہٕ</wf>
		<wf pos="NN">دانہِ</wf>
		<wf pos="PSP">منٛز</wf>
		<wf pos="VM">درٛامُت</wf>
		<wf pos="QC">اَکھ</wf>
		<wf pos="NN">زوٗزاتھ</wf>
		<wf pos="SYM">۔</wf>
</sentence>
<sentence s_id="12">
		<wf pos="NN">اِنسان</wf>
		<wf pos="VAUX">چُھ</wf>
		<wf pos="QC">اَکھ</wf>
		<wf pos="NN" sense_id="1">بَچہٕ</wf>
		<wf pos="VM">دِنہٕ</wf>
		<wf pos="PSP">وول</wf>
		<wf pos="NNPC">جانٛور</wf>
		<wf pos="SYM">۔</wf>
</sentence>
<sentence s_id="13">
		<wf pos="JJ">سرٛان</wf>
		<wf pos="VM">کَرنہٕ</wf>
		<wf pos="NN">وِزِ</wf>
		<wf pos="VAUX">ٲسۍ</wf>
		<wf pos="NN" sense_id="1">بَچہٕ</wf>
		<wf pos="VM">اَتھَس</wf>
		<wf pos="PSP">منٛز</wf>
		<wf pos="RB">پوٚس</wf>
		<wf pos="VM">رٔٹِتھ</wf>
		<wf pos="QC">اَکھ</wf>
		<wf pos="NN">أکِس</wf>
		<wf pos="PSP">پٮ۪ٹھ</wf>
		<wf pos="VM">چھکان</wf>
		<wf pos="SYM">۔</wf>
</sentence>
<sentence s_id="14">
		<wf pos="NNC">ٹٮ۪سٹ</wf>
		<wf pos="NN">ٹیوٗب</wf>
		<wf pos="PSP">ذٔرِیعہ</wf>
		<wf pos="NN" sense_id="3">بَچہٕ</wf>
		<wf pos="VM">زیٚوراوُن</wf>
		<wf pos="VAUX">چھےٚ</wf>
		<wf pos="QC">اَکھ</wf>
		<wf pos="JJ">غٲر</wf>
		<wf pos="JJ">قۄدرٔتی</wf>
		<wf pos="NN">عمل</wf>
		<wf pos="SYM">۔</wf>
</sentence>
<sentence s_id="15">
		<wf pos="NN">ہانٹھ</wf>
		<wf pos="NN">زنانہ</wf>
		<wf pos="VM">اوٚن</wf>
		<wf pos="JJ">یٔتیٖم</wf>
		<wf pos="NN">خانہ</wf>
		<wf pos="PSP">مَنٛز</wf>
		<wf pos="QC">اَکھ</wf>
		<wf pos="NN" sense_id="4">بَچہٕ</wf>
		<wf pos="RB">مَنٛگتہ</wf>
		<wf pos="SYM">۔</wf>
</sentence>
<sentence s_id="16">
		<wf pos="NN" sense_id="2">بَچہٕ</wf>
		<wf pos="PSP">سٕنٛزِ</wf>
		<wf pos="NN">قٲبِلَیَت</wf>
		<wf pos="PSP">ہُنٛد</wf>
		<wf pos="NN">مۄلہٕ</wf>
		<wf pos="VM">ٲنٛکوَنہٕ</wf>
		<wf pos="VAUX">ہٮ۪کہِ</wf>
		<wf pos="QC">اَکھ</wf>
		<wf pos="JJ">مٲہِر</wf>
		<wf pos="NN">اُستاد</wf>
		<wf pos="NN">کٔرِتھٔہیٖرٕچ</wf>
		<wf pos="NN">مۄلہٕ</wf>
		<wf pos="VM">ٲنٛکوَن</wf>
		<wf pos="VAUX">ہٮ۪کہٕ</wf>
		<wf pos="QC">اَکھ</wf>
		<wf pos="JJ">جوہری</wf>
		<wf pos="VM">کٔرِتھ</wf>
		<wf pos="SYM">۔</wf>
</sentence>
<sentence s_id="17">
		<wf pos="NNPC">مادوِکا</wf>
		<wf pos="VM">اوٚن</wf>
		<wf pos="JJ">یتیٖم</wf>
		<wf pos="NN">خانہٕ</wf>
		<wf pos="PSP">مںٛزٕ</wf>
		<wf pos="QC">اَکھ</wf>
		<wf pos="NN" sense_id="1">بَچہٕ</wf>
		<wf pos="NN">مَنٛگتہٕ</wf>
		<wf pos="SYM">۔</wf>
</sentence>
<sentence s_id="18">
		<wf pos="NN" sense_id="1">بَچہٕ</wf>
		<wf pos="NN">کِرٛشنن</wf>
		<wf pos="NN">ٛ</wf>
		<wf pos="VM">خۄشوٕن</wf>
		<wf pos="NN">بُتھ</wf>
		<wf pos="VAUX">اوس</wf>
		<wf pos="NN">کورٮ۪ن</wf>
		<wf pos="PSP">ہُنٛد</wf>
		<wf pos="NN">دِل</wf>
		<wf pos="RB">ژوٗرِ</wf>
		<wf pos="VM">نِوان</wf>
		<wf pos="SYM">۔</wf>
</sentence>
<sentence s_id="19">
		<wf pos="NNC">ٹٮ۪سٹ</wf>
		<wf pos="NN">ٹیوٗب</wf>
		<wf pos="PSP">ذٔرِیعہ</wf>
		<wf pos="NN" sense_id="1">بَچہٕ</wf>
		<wf pos="VM">زیٚوراوُن</wf>
		<wf pos="VAUX">چھےٚ</wf>
		<wf pos="QC">اَکھ</wf>
		<wf pos="JJ">غٲر</wf>
		<wf pos="JJ">قۄدرٔتی</wf>
		<wf pos="NN">عمل</wf>
		<wf pos="SYM">۔</wf>
</sentence>
<sentence s_id="20">
		<wf pos="VM">پَرنَس</wf>
		<wf pos="PSP">دوران</wf>
		<wf pos="NN">پَزَن</wf>
		<wf pos="NN" sense_id="2">بَچہٕ</wf>
		<wf pos="JJ">غٲر</wf>
		<wf pos="JJ">رَسمی</wf>
		<wf pos="NN">تٔعلیٖمہٕ</wf>
		<wf pos="PSP">سۭتۍ</wf>
		<wf pos="CC">تہٕ</wf>
		<wf pos="NN">زٲنٛیاب</wf>
		<wf pos="VM">کَرناوٕنۍ</wf>
		<wf pos="SYM">۔</wf>
</sentence>
<sentence s_id="21">
		<wf pos="NN">نَوزادٕ</wf>
		<wf pos="NN" sense_id="1">بَچہٕ</wf>
		<wf pos="PSP">سُنٛد</wf>
		<wf pos="NN">ناو</wf>
		<wf pos="VM">کوٚرُکھ</wf>
		<wf pos="NN">دَرج</wf>
		<wf pos="SYM">۔</wf>
</sentence>
<sentence s_id="22">
		<wf pos="JJ">زیٖٹھ</wf>
		<wf pos="NN">وَتھ</wf>
		<wf pos="NN">طَے</wf>
		<wf pos="VM">کران</wf>
		<wf pos="VM">کران</wf>
		<wf pos="NN">تھٔکۍ</wf>
		<wf pos="NN" sense_id="1">بَچہٕ</wf>
		<wf pos="SYM">۔</wf>
</sentence>
<sentence s_id="23">
		<wf pos="NN">آبٲدی</wf>
		<wf pos="NN">کَم</wf>
		<wf pos="VM">کَرنہٕ</wf>
		<wf pos="PSP">خٲطرٕ</wf>
		<wf pos="VM">چھہٕ</wf>
		<wf pos="NN">لُکَن</wf>
		<wf pos="NN" sense_id="2">بَچہٕ</wf>
		<wf pos="JJ">بَنٛد</wf>
		<wf pos="VM">کَرنُک</wf>
		<wf pos="NN">صَلاح</wf>
		<wf pos="VM">دِنہٕ</wf>
		<wf pos="VAUX">یِوان</wf>
		<wf pos="SYM">۔</wf>
</sentence>
<sentence s_id="24">
		<wf pos="NNC">ٹٮ۪سٹ</wf>
		<wf pos="NN">ٹیوٗب</wf>
		<wf pos="PSP">ذٔرِیعہ</wf>
		<wf pos="NN" sense_id="1">بَچہٕ</wf>
		<wf pos="VM">زیٚوراوُن</wf>
		<wf pos="VAUX">چھےٚ</wf>
		<wf pos="QC">اَکھ</wf>
		<wf pos="JJ">غٲر</wf>
		<wf pos="JJ">قۄدرٔتی</wf>
		<wf pos="NN">عمل</wf>
		<wf pos="SYM">۔</wf>
</sentence>
<sentence s_id="25">
		<wf pos="NN">اَغوا</wf>
		<wf pos="VM">کوٚرمُت</wf>
		<wf pos="NN" sense_id="1">بَچہٕ</wf>
		<wf pos="VM">آو</wf>
		<wf pos="NN">راتھ</wf>
		<wf pos="PSP">یَلہٕ</wf>
		<wf pos="VM">ترٛاونہٕ</wf>
		<wf pos="SYM">۔</wf>
</sentence>
<sentence s_id="26">
		<wf pos="RB">اَز</wf>
		<wf pos="NN">راتھ</wf>
		<wf pos="PSP">کُیتھ</wf>
		<wf pos="NN">کَرَن</wf>
		<wf pos="NN" sense_id="1">بَچہٕ</wf>
		<wf pos="NN">داجَس</wf>
		<wf pos="PSP">مُتعلِق</wf>
		<wf pos="QC">اکھ</wf>
		<wf pos="NN">ڈراما</wf>
		<wf pos="VM">پیش</wf>
		<wf pos="SYM">۔</wf>
</sentence>
<sentence s_id="27">
		<wf pos="NNP">محفِلہِ</wf>
		<wf pos="PSP">مَنٛز</wf>
		<wf pos="NN" sense_id="1">بَچہٕ</wf>
		<wf pos="PSP">سٕنٛدۍ</wf>
		<wf pos="POW">پٲٹھۍ</wf>
		<wf pos="NN">کَتھ</wf>
		<wf pos="VM">کَرٕنۍ</wf>
		<wf pos="VAUX">چُھ</wf>
		<wf pos="NEG">نہٕ</wf>
		<wf pos="JJ">جان</wf>
		<wf pos="VM">گَژھان</wf>
		<wf pos="SYM">۔</wf>
</sentence>
<sentence s_id="28">
		<wf pos="NN" sense_id="3">بَچہٕ</wf>
		<wf pos="VM">کِرٛشنٕنۍ</wf>
		<wf pos="QC">ٛ</wf>
		<wf pos="QC">خۄشوٕنۍ</wf>
		<wf pos="NN">شَکٕل</wf>
		<wf pos="VAUX">ٲس</wf>
		<wf pos="NN">کورٮ۪ن</wf>
		<wf pos="PSP">ہُنٛد</wf>
		<wf pos="NN">دِل</wf>
		<wf pos="RB">ژوٗرِ</wf>
		<wf pos="VM">نِوان</wf>
		<wf pos="SYM">۔</wf>
</sentence>
<sentence s_id="29">
		<wf pos="NN">گُجراتَس</wf>
		<wf pos="PSP">منٛز</wf>
		<wf pos="NN">تبٲہی</wf>
		<wf pos="VM">کُن</wf>
		<wf pos="NNP">بُنِلہِ</wf>
		<wf pos="PSP">سۭتۍ</wf>
		<wf pos="VAUX">گٔے</wf>
		<wf pos="JJ">واریاہ</wf>
		<wf pos="NN" sense_id="4">بَچہٕ</wf>
		<wf pos="NN">یٔتیٖم</wf>
		<wf pos="SYM">۔</wf>
</sentence>
<sentence s_id="30">
		<wf pos="NN">لۄکُٹ</wf>
		<wf pos="NN" sense_id="1">بَچہٕ</wf>
		<wf pos="VM">پرناوُن</wf>
		<wf pos="VAUX">چُھ</wf>
		<wf pos="INTF">واریاہ</wf>
		<wf pos="JJ">مُشکِل</wf>
		<wf pos="NN">کٲم</wf>
		<wf pos="SYM">۔</wf>
</sentence>
<sentence s_id="31">
		<wf pos="NNP">رٮ۪زٕڑٮ۪نشَل</wf>
		<wf pos="NN">کالجَن</wf>
		<wf pos="PSP">منٛز</wf>
		<wf pos="VM">چھہٕ</wf>
		<wf pos="JJ">واریاہ</wf>
		<wf pos="NN" sense_id="2">بَچہٕ</wf>
		<wf pos="VM">پَران</wf>
		<wf pos="SYM">۔</wf>
</sentence>
<sentence s_id="32">
		<wf pos="NN">کمزور</wf>
		<wf pos="NN">زنانن</wf>
		<wf pos="PSP">ہنٛز</wf>
		<wf pos="NN">کۄ</wf>
		<wf pos="VAUX">چھہِ</wf>
		<wf pos="PSP">منٛز</wf>
		<wf pos="NN">پَلَن</wf>
		<wf pos="PSP">وول</wf>
		<wf pos="NN" sense_id="4">بَچہٕ</wf>
		<wf pos="VAUX">چُھہ</wf>
		<wf pos="JJ">واریاہ</wf>
		<wf pos="NN">بٮ۪مارٮ۪ن</wf>
		<wf pos="PSP">ہُند</wf>
		<wf pos="NN">شکار</wf>
		<wf pos="VM">گژھان</wf>
		<wf pos="SYM">۔</wf>
</sentence>
<sentence s_id="33">
		<wf pos="NN">کَنہِ</wf>
		<wf pos="PSP">سٕتۍ</wf>
		<wf pos="VAUX">چُھ</wf>
		<wf pos="NN" sense_id="1">بَچہٕ</wf>
		<wf pos="PSP">سُنٛد</wf>
		<wf pos="NN">اَتھہٕ</wf>
		<wf pos="VM">دَبنہٕ</wf>
		<wf pos="VAUX">آمُت</wf>
		<wf pos="SYM">۔</wf>
</sentence>
<sentence s_id="34">
		<wf pos="PRP">بہٕ</wf>
		<wf pos="VAUX">چُھس</wf>
		<wf pos="NN" sense_id="2">بَچہٕ</wf>
		<wf pos="PSP">سٕنٛزِ</wf>
		<wf pos="NNPC">فضوٗل</wf>
		<wf pos="NNP">خرچی</wf>
		<wf pos="PSP">سۭتۍ</wf>
		<wf pos="NN">تنٛگ</wf>
		<wf pos="VAUX">آمُت</wf>
		<wf pos="SYM">۔</wf>
</sentence>
<sentence s_id="35">
		<wf pos="PRP">ییٚمِس</wf>
		<wf pos="NN">پیاول</wf>
		<wf pos="NN">ہونہِ</wf>
		<wf pos="PSP">ہٕنٛدۍ</wf>
		<wf pos="NN" sense_id="1">بَچہٕ</wf>
		<wf pos="VAUX">چھِ</wf>
		<wf pos="PRP">پرٛٮ۪تھ</wf>
		<wf pos="PRP">کٲنٛسہِ</wf>
		<wf pos="NN">وتہِ</wf>
		<wf pos="JJ">پکوٕنِس</wf>
		<wf pos="RB">پتہٕ</wf>
		<wf pos="NN">دور</wf>
		<wf pos="VM">تُلان</wf>
		<wf pos="SYM">۔</wf>
</sentence>
<sentence s_id="36">
		<wf pos="NN">چارپایہِ</wf>
		<wf pos="PSP">پٮ۪ٹھ</wf>
		<wf pos="VM">بِہِتھ</wf>
		<wf pos="NN" sense_id="1">بَچہٕ</wf>
		<wf pos="VM">چھٕ</wf>
		<wf pos="VM">وَدان</wf>
		<wf pos="SYM">۔</wf>
</sentence>
<sentence s_id="37">
		<wf pos="NN">راموٗوَن</wf>
		<wf pos="VM">روٚٹ</wf>
		<wf pos="JJ">ییٚتیٖم</wf>
		<wf pos="NN">خانہٕ</wf>
		<wf pos="PSP">منٛزٕ</wf>
		<wf pos="QC">اَکھ</wf>
		<wf pos="NN">ناوٕ</wf>
		<wf pos="RB">روٚس</wf>
		<wf pos="NN" sense_id="2">بَچہٕ</wf>
		<wf pos="NN">منٛگتہٕ</wf>
		<wf pos="SYM">۔</wf>
</sentence>
<sentence s_id="38">
		<wf pos="NN" sense_id="3">بَچہٕ</wf>
		<wf pos="VAUX">چُھ</wf>
		<wf pos="VM">فِرِکۍنَژٕناوان</wf>
		<wf pos="SYM">۔</wf>
</sentence>
<sentence s_id="39">
		<wf pos="PRP">تِم</wf>
		<wf pos="NN">جانٛور</wf>
		<wf pos="DEM">یِمَن</wf>
		<wf pos="PSP">منٛز</wf>
		<wf pos="NN" sense_id="1">بَچہٕ</wf>
		<wf pos="NN">تھیٖلۍ</wf>
		<wf pos="NN">مارسُپِیَم</wf>
		<wf pos="VM">)لَبنہٕ</wf>
		<wf pos="VM">چھٕ</wf>
		<wf pos="VM">یِوان):کنٛگاروٗ</wf>
		<wf pos="VAUX">چُھ</wf>
		<wf pos="NN" sense_id="1">بَچہٕ</wf>
		<wf pos="NN">تھیٖلہِ</wf>
		<wf pos="PSP">وول</wf>
		<wf pos="NNPC">جانٛور</wf>
		<wf pos="SYM">۔</wf>
</sentence>
<sentence s_id="40">
		<wf pos="VM">کیٚہَن</wf>
		<wf pos="NN">جانٛورَن</wf>
		<wf pos="PSP">منٛز</wf>
		<wf pos="VM">لَبنہٕ</wf>
		<wf pos="RB">یِنہٕ</wf>
		<wf pos="POW">واجِنۍ</wf>
		<wf pos="NN">تھیٖلۍ</wf>
		<wf pos="DEM">یَتھ</wf>
		<wf pos="PSP">منٛز</wf>
		<wf pos="DEM">یِم</wf>
		<wf pos="NN">پَنٛنٮ۪ن</wf>
		<wf pos="PSP">بَچَن</wf>
		<wf pos="JJ">محفوٗظ</wf>
		<wf pos="VAUX">چھِ</wf>
		<wf pos="NN">تھاوان:کنٛگاروٗوَس</wf>
		<wf pos="PSP">منٛز</wf>
		<wf pos="VAUX">چھےٚ</wf>
		<wf pos="NN" sense_id="1">بَچہٕ</wf>
		<wf pos="NN">تھیٖلۍ</wf>
		<wf pos="VM">لَبنہٕ</wf>
		<wf pos="VAUX">یِوان</wf>
		<wf pos="SYM">۔</wf>
</sentence>
<sentence s_id="41">
		<wf pos="NN">اِنسان</wf>
		<wf pos="VAUX">چُھ</wf>
		<wf pos="NN" sense_id="1">بَچہٕ</wf>
		<wf pos="NN">دانہِ</wf>
		<wf pos="PSP">منٛز</wf>
		<wf pos="VM">درٛامُت</wf>
		<wf pos="QC">اَکھ</wf>
		<wf pos="NN">زوٗزاتھ</wf>
		<wf pos="SYM">۔</wf>
</sentence>
<sentence s_id="42">
		<wf pos="NN">اِنسان</wf>
		<wf pos="VAUX">چُھ</wf>
		<wf pos="QC">اَکھ</wf>
		<wf pos="NN" sense_id="1">بَچہٕ</wf>
		<wf pos="VM">دِنہٕ</wf>
		<wf pos="PSP">وول</wf>
		<wf pos="NNPC">جانٛور</wf>
		<wf pos="SYM">۔</wf>
</sentence>
<sentence s_id="43">
		<wf pos="JJ">سرٛان</wf>
		<wf pos="VM">کَرنہٕ</wf>
		<wf pos="NN">وِزِ</wf>
		<wf pos="VAUX">ٲسۍ</wf>
		<wf pos="NN" sense_id="1">بَچہٕ</wf>
		<wf pos="VM">اَتھَس</wf>
		<wf pos="PSP">منٛز</wf>
		<wf pos="RB">پوٚس</wf>
		<wf pos="VM">رٔٹِتھ</wf>
		<wf pos="QC">اَکھ</wf>
		<wf pos="NN">أکِس</wf>
		<wf pos="PSP">پٮ۪ٹھ</wf>
		<wf pos="VM">چھکان</wf>
		<wf pos="SYM">۔</wf>
</sentence>
<sentence s_id="44">
		<wf pos="PRP">سُہ</wf>
		<wf pos="VAUX">چُھ</wf>
		<wf pos="NN">پَننِہِ</wf>
		<wf pos="NN" sense_id="2">بَچہٕ</wf>
		<wf pos="PSP">سٕنٛدِ</wf>
		<wf pos="NN">بٮ۪مارِ</wf>
		<wf pos="PSP">موجوٗب</wf>
		<wf pos="INTF">سٮ۪ٹھاہ</wf>
		<wf pos="NN">فِکرِ</wf>
		<wf pos="POW">مَنٛد</wf>
		<wf pos="SYM">۔</wf>
</sentence>
<sentence s_id="45">
		<wf pos="NNC">ٹٮ۪سٹ</wf>
		<wf pos="NN">ٹیوٗب</wf>
		<wf pos="PSP">ذٔرِیعہ</wf>
		<wf pos="NN" sense_id="3">بَچہٕ</wf>
		<wf pos="VM">زیٚوراوُن</wf>
		<wf pos="VAUX">چھےٚ</wf>
		<wf pos="QC">اَکھ</wf>
		<wf pos="JJ">غٲر</wf>
		<wf pos="JJ">قۄدرٔتی</wf>
		<wf pos="NN">عمل</wf>
		<wf pos="SYM">۔</wf>
</sentence>
<sentence s_id="46">
		<wf pos="VM">پٕھٹنہٕ</wf>
		<wf pos="PSP">کہِ</wf>
		<wf pos="NN">وَجہ</wf>
		<wf pos="VAUX">چَھس</wf>
		<wf pos="PRP">بہٕ</wf>
		<wf pos="NNC">میٚژِ</wf>
		<wf pos="NN">بانہٕ</wf>
		<wf pos="VM">سمبٲلِتھ</wf>
		<wf pos="VM">تَھوانتَماشُکھ</wf>
		<wf pos="VM">پٕھٹنُے</wf>
		<wf pos="VAUX">چُھ</wf>
		<wf pos="NN" sense_id="1">بَچہٕ</wf>
		<wf pos="PSP">سٕنٛدِ</wf>
		<wf pos="VM">وَدنُک</wf>
		<wf pos="NN">وَجہہ</wf>
		<wf pos="SYM">۔</wf>
</sentence>
<sentence s_id="47">
		<wf pos="DEM">یِمَن</wf>
		<wf pos="NN">مردَن</wf>
		<wf pos="PSP">مَںٛز</wf>
		<wf pos="JJ">تناسُلی</wf>
		<wf pos="NN">تان</wf>
		<wf pos="CC">بےٚ</wf>
		<wf pos="NN">حٮ۪س</wf>
		<wf pos="VAUX">آسِہ</wf>
		<wf pos="PRP">تِمن</wf>
		<wf pos="PSP">مَںٛز</wf>
		<wf pos="VAUX">چھِ</wf>
		<wf pos="NEG">نہٕ</wf>
		<wf pos="NN" sense_id="1">بَچہٕ</wf>
		<wf pos="NN">کٔشی</wf>
		<wf pos="VM">گژھان</wf>
		<wf pos="SYM">۔</wf>
</sentence>
<sentence s_id="48">
		<wf pos="PRP">کٲنٛسہِ</wf>
		<wf pos="NN">جانٛوَر</wf>
		<wf pos="PSP">سُنٛد</wf>
		<wf pos="NN">لۄکُٹ</wf>
		<wf pos="NN" sense_id="1">بَچہٕ</wf>
		<wf pos="JJ">خاص</wf>
		<wf pos="VM">کٔرِتھ</wf>
		<wf pos="PSP">سۄرفہٕ</wf>
		<wf pos="CC">یا</wf>
		<wf pos="NN">ژَرِ</wf>
		<wf pos="NN">بیترِ</wf>
		<wf pos="NN">ہُنٛد:ژٔر</wf>
		<wf pos="VAUX">ٲسۍ</wf>
		<wf pos="PRP">پَنٛنِس</wf>
		<wf pos="NN">بَچَس</wf>
		<wf pos="NN">پَھل</wf>
		<wf pos="VM">آپراوان</wf>
		<wf pos="SYM">۔</wf>
</sentence>
<sentence s_id="49">
		<wf pos="NN">ماجہِ</wf>
		<wf pos="VM">روٚٹ</wf>
		<wf pos="CC">وَدٕ</wf>
		<wf pos="POW">وُن</wf>
		<wf pos="NN" sense_id="2">بَچہٕ</wf>
		<wf pos="NN">سیٖنَس</wf>
		<wf pos="PSP">سۭتۍ</wf>
		<wf pos="SYM">۔</wf>
</sentence>
<sentence s_id="50">
		<wf pos="NN">بَچِہ</wf>
		<wf pos="NN">دانِہ</wf>
		<wf pos="PSP">مَںٛز</wf>
		<wf pos="VAUX">چُھ</wf>
		<wf pos="NN" sense_id="1">بَچہٕ</wf>
		<wf pos="VM">بنان</wf>
		<wf pos="SYM">۔</wf>
</sentence>
<sentence s_id="51">
		<wf pos="PSP">منٛزۍ</wf>
		<wf pos="PSP">منٛزۍ</wf>
		<wf pos="VAUX">چھِ</wf>
		<wf pos="NN" sense_id="1">بَچہٕ</wf>
		<wf pos="POW">نایاب</wf>
		<wf pos="NN">چیزن</wf>
		<wf pos="PSP">ہِنٛز</wf>
		<wf pos="NN">مَنٛگ</wf>
		<wf pos="VM">کَران</wf>
		<wf pos="SYM">۔</wf>
</sentence>
<sentence s_id="52">
		<wf pos="NN">گُجراتَس</wf>
		<wf pos="PSP">منٛز</wf>
		<wf pos="NN">تبٲہی</wf>
		<wf pos="VM">کُن</wf>
		<wf pos="NNP">بُنِلہِ</wf>
		<wf pos="PSP">سۭتۍ</wf>
		<wf pos="VAUX">گٔے</wf>
		<wf pos="JJ">واریاہ</wf>
		<wf pos="NN" sense_id="1">بَچہٕ</wf>
		<wf pos="NN">یٔتیٖم</wf>
		<wf pos="SYM">۔</wf>
</sentence>
<sentence s_id="53">
		<wf pos="NN">مادٕ</wf>
		<wf pos="NN">ہوٚس:شِکارٮ۪ن</wf>
		<wf pos="PSP">نِش</wf>
		<wf pos="PRP">پَنُن</wf>
		<wf pos="NN" sense_id="1">بَچہٕ</wf>
		<wf pos="PSP">یَلہٕ</wf>
		<wf pos="VM">ترٛاونہٕ</wf>
		<wf pos="PSP">خٲطرٕ</wf>
		<wf pos="VAUX">گٔے</wf>
		<wf pos="VM">ۂستِنٛۍ</wf>
		<wf pos="DEM">تِمَن</wf>
		<wf pos="NN">اَگادِ</wf>
		<wf pos="SYM">۔</wf>
</sentence>
<sentence s_id="54">
		<wf pos="NN">اَغوا</wf>
		<wf pos="VM">کوٚرمُت</wf>
		<wf pos="NN" sense_id="1">بَچہٕ</wf>
		<wf pos="VM">آو</wf>
		<wf pos="NN">راتھ</wf>
		<wf pos="PSP">یَلہٕ</wf>
		<wf pos="VM">ترٛاونہٕ</wf>
		<wf pos="SYM">۔</wf>
</sentence>
<sentence s_id="55">
		<wf pos="NN" sense_id="1">بَچہٕ</wf>
		<wf pos="VAUX">ٲسۍ</wf>
		<wf pos="RB">لَیہٕ</wf>
		<wf pos="POW">دار</wf>
		<wf pos="NN">تَحریٖر</wf>
		<wf pos="VM">بوٗزِتھ</wf>
		<wf pos="RB">وٲے</wf>
		<wf pos="POW">وٕچَھن</wf>
		<wf pos="QC">والیو</wf>
		<wf pos="NNP">تالی</wf>
		<wf pos="SYM">۔</wf>
</sentence>
<sentence s_id="56">
		<wf pos="NN">لۄکُٹ</wf>
		<wf pos="NN" sense_id="1">بَچہٕ</wf>
		<wf pos="VM">پرناوُن</wf>
		<wf pos="VAUX">چُھ</wf>
		<wf pos="INTF">واریاہ</wf>
		<wf pos="JJ">مُشکِل</wf>
		<wf pos="NN">کٲم</wf>
		<wf pos="SYM">۔</wf>
</sentence>
<sentence s_id="57">
		<wf pos="NN">چارپایہِ</wf>
		<wf pos="PSP">پٮ۪ٹھ</wf>
		<wf pos="VM">چھٕ</wf>
		<wf pos="NN" sense_id="3">بَچہٕ</wf>
		<wf pos="VM">بِہِتھ</wf>
		<wf pos="SYM">۔</wf>
</sentence>
<sentence s_id="58">
		<wf pos="RB">اَز</wf>
		<wf pos="NN">راتھ</wf>
		<wf pos="PSP">کُیتھ</wf>
		<wf pos="NN">کَرَن</wf>
		<wf pos="NN" sense_id="1">بَچہٕ</wf>
		<wf pos="NN">داجَس</wf>
		<wf pos="PSP">مُتعلِق</wf>
		<wf pos="QC">اکھ</wf>
		<wf pos="NN">ڈراما</wf>
		<wf pos="VM">پیش</wf>
		<wf pos="SYM">۔</wf>
</sentence>
<sentence s_id="59">
		<wf pos="NN">ویدَن</wf>
		<wf pos="NN">چوٗس</wf>
		<wf pos="NN" sense_id="1">بَچہٕ</wf>
		<wf pos="PSP">سٕنٛدِ</wf>
		<wf pos="NN">جسمہٕ</wf>
		<wf pos="PSP">منٛزٕ</wf>
		<wf pos="NN">سَرفہٕ</wf>
		<wf pos="PSP">سُنٛد</wf>
		<wf pos="JJ">زہر</wf>
		<wf pos="SYM">۔</wf>
</sentence>
<sentence s_id="60">
		<wf pos="NN" sense_id="1">بَچہٕ</wf>
		<wf pos="VAUX">چھِ</wf>
		<wf pos="NN">مٲدانس</wf>
		<wf pos="PSP">منٛز</wf>
		<wf pos="NNC">پھۄکہٕ</wf>
		<wf pos="NN">ڑوٗنۍ</wf>
		<wf pos="VM">وٕڈاوان</wf>
		<wf pos="SYM">۔</wf>
</sentence>
<sentence s_id="61">
		<wf pos="NN">نَوزادٕ</wf>
		<wf pos="NN" sense_id="1">بَچہٕ</wf>
		<wf pos="PSP">سُنٛد</wf>
		<wf pos="NN">ناو</wf>
		<wf pos="VM">کوٚرُکھ</wf>
		<wf pos="NN">دَرج</wf>
		<wf pos="SYM">۔</wf>
</sentence>
<sentence s_id="62">
		<wf pos="NN" sense_id="1">بَچہٕ</wf>
		<wf pos="VAUX">چُھ</wf>
		<wf pos="JJ">رنٛگہٕ</wf>
		<wf pos="NN">چٲٹۍ</wf>
		<wf pos="NN">آبَس</wf>
		<wf pos="PSP">منٛز</wf>
		<wf pos="VM">ترٲوِتھ</wf>
		<wf pos="VM">گالان</wf>
		<wf pos="SYM">۔</wf>
</sentence>
<sentence s_id="63">
		<wf pos="JJ">لۄکٕٹۍ</wf>
		<wf pos="NN" sense_id="1">بَچہٕ</wf>
		<wf pos="VAUX">چھِ</wf>
		<wf pos="JJ">ماٹَم</wf>
		<wf pos="JJ">کھیٚنۍ</wf>
		<wf pos="JJ">پسنٛد</wf>
		<wf pos="VM">کران</wf>
		<wf pos="SYM">۔</wf>
</sentence>
<sentence s_id="64">
		<wf pos="NN" sense_id="1">بَچہٕ</wf>
		<wf pos="VAUX">ٲسۍ</wf>
		<wf pos="NN">ڈیرَس</wf>
		<wf pos="PSP">پٮ۪ٹھ</wf>
		<wf pos="VM">کٔھسِتھ</wf>
		<wf pos="NN">اَمبہٕ</wf>
		<wf pos="VM">والان</wf>
		<wf pos="SYM">۔</wf>
</sentence>
<sentence s_id="65">
		<wf pos="NN" sense_id="1">بَچہٕ</wf>
		<wf pos="VAUX">ٲسۍ</wf>
		<wf pos="NNP">پَہاڈٕ</wf>
		<wf pos="RB">گوٹہٕ</wf>
		<wf pos="NN">یاد</wf>
		<wf pos="VM">کَران</wf>
		<wf pos="SYM">۔</wf>
</sentence>
<sentence s_id="66">
		<wf pos="RB">میٛٲنِس</wf>
		<wf pos="NN">کَلاسَس</wf>
		<wf pos="PSP">منٛز</wf>
		<wf pos="VM">چھٕ</wf>
		<wf pos="QC">شُہٲٹھ</wf>
		<wf pos="NN" sense_id="1">بَچہٕ</wf>
		<wf pos="SYM">۔</wf>
</sentence>
<sentence s_id="67">
		<wf pos="NN" sense_id="1">بَچہٕ</wf>
		<wf pos="VAUX">اوس</wf>
		<wf pos="NN">أچھَن</wf>
		<wf pos="NN">ٹِٹٕہٲرے</wf>
		<wf pos="VM">کَران</wf>
		<wf pos="SYM">۔</wf>
</sentence>
<sentence s_id="68">
		<wf pos="NN">گَنٛٹی</wf>
		<wf pos="PSP">ہُنٛد</wf>
		<wf pos="NN">ٹِنٛۍ</wf>
		<wf pos="NN">ٹِنٛۍ</wf>
		<wf pos="VM">بوٗزِتھ</wf>
		<wf pos="VAUX">گٔے</wf>
		<wf pos="NN" sense_id="1">بَچہٕ</wf>
		<wf pos="NN">گَرٕ</wf>
		<wf pos="SYM">۔</wf>
</sentence>
<sentence s_id="69">
		<wf pos="NN" sense_id="1">بَچہٕ</wf>
		<wf pos="VAUX">اڈِلیٚوک</wf>
		<wf pos="VM">کرُن</wf>
		<wf pos="VAUX">چُھ</wf>
		<wf pos="JJ">گۄناہ</wf>
		<wf pos="SYM">۔</wf>
</sentence>
<sentence s_id="70">
		<wf pos="NN" sense_id="1">بَچہٕ</wf>
		<wf pos="VAUX">ٲسۍ</wf>
		<wf pos="JJ">تیز</wf>
		<wf pos="NN">آوازِ</wf>
		<wf pos="PSP">منٛز</wf>
		<wf pos="VM">گٮ۪وان</wf>
		<wf pos="SYM">۔</wf>
</sentence>
<sentence s_id="71">
		<wf pos="NN">کَنہِ</wf>
		<wf pos="PSP">سٕتۍ</wf>
		<wf pos="VAUX">چُھ</wf>
		<wf pos="NN" sense_id="1">بَچہٕ</wf>
		<wf pos="PSP">سُنٛد</wf>
		<wf pos="NN">اَتھہٕ</wf>
		<wf pos="VM">دَبنہٕ</wf>
		<wf pos="VAUX">آمُت</wf>
		<wf pos="SYM">۔</wf>
</sentence>
<sentence s_id="72">
		<wf pos="JJ">زیٖٹھ</wf>
		<wf pos="NN">وَتھ</wf>
		<wf pos="NN">طَے</wf>
		<wf pos="VM">کران</wf>
		<wf pos="VM">کران</wf>
		<wf pos="NN">تھٔکۍ</wf>
		<wf pos="NN" sense_id="1">بَچہٕ</wf>
		<wf pos="SYM">۔</wf>
</sentence>
<sentence s_id="73">
		<wf pos="NN">لۄکُٹ</wf>
		<wf pos="NN" sense_id="1">بَچہٕ</wf>
		<wf pos="VAUX">اوس</wf>
		<wf pos="NN">ترٛیش</wf>
		<wf pos="NN">مَنٛگنہٕ</wf>
		<wf pos="NN">وِزِ</wf>
		<wf pos="VM">اَڑکوٚل</wf>
		<wf pos="VM">کَران</wf>
		<wf pos="SYM">۔</wf>
</sentence>
<sentence s_id="74">
		<wf pos="NN" sense_id="1">بَچہٕ</wf>
		<wf pos="VAUX">ٲس</wf>
		<wf pos="NN">دٔریابَس</wf>
		<wf pos="PSP">منٛز</wf>
		<wf pos="NN">روڑٕ</wf>
		<wf pos="QF">پھٔلۍ</wf>
		<wf pos="VM">لایان</wf>
		<wf pos="SYM">۔</wf>
</sentence>
<sentence s_id="75">
		<wf pos="PRP">مےٚ</wf>
		<wf pos="VAUX">چُھ</wf>
		<wf pos="NN">ہونہِ</wf>
		<wf pos="NN" sense_id="1">بَچہٕ</wf>
		<wf pos="JJ">خۄش</wf>
		<wf pos="VM">کَران</wf>
		<wf pos="SYM">۔</wf>
</sentence>
<sentence s_id="76">
		<wf pos="PRP">سُہ</wf>
		<wf pos="NN">صَنٛدوٗن</wf>
		<wf pos="PRP">یُس</wf>
		<wf pos="NN">لۄکُٹ</wf>
		<wf pos="JJ:?">آسہِ:سیٹھ</wf>
		<wf pos="RP">جی</wf>
		<wf pos="PSP">یَن</wf>
		<wf pos="VM">دِتۍ</wf>
		<wf pos="POW">مےٚصَنٛدوٗق</wf>
		<wf pos="NN" sense_id="1">بَچہٕ</wf>
		<wf pos="PSP">منٛز</wf>
		<wf pos="NN">پونٛسہٕ</wf>
		<wf pos="VM">کٔڑِتھ</wf>
		<wf pos="SYM">۔</wf>
</sentence>
<sentence s_id="77">
		<wf pos="NN" sense_id="1">بَچہٕ</wf>
		<wf pos="VM">چھٕ</wf>
		<wf pos="NN">مٲدانَس</wf>
		<wf pos="PSP">منٛز</wf>
		<wf pos="VM">گٕنٛدان</wf>
		<wf pos="SYM">۔</wf>
</sentence>
<sentence s_id="78">
		<wf pos="NN" sense_id="1">بَچہٕ</wf>
		<wf pos="VAUX">اوس</wf>
		<wf pos="NN">مٲلِس</wf>
		<wf pos="QC">اَکے</wf>
		<wf pos="NN">نَظرٕ</wf>
		<wf pos="VM">وٕچھان</wf>
		<wf pos="SYM">۔</wf>
</sentence>
<sentence s_id="79">
		<wf pos="RB">آوارٕ</wf>
		<wf pos="NN">ہونٮ۪ن</wf>
		<wf pos="VM">آو</wf>
		<wf pos="NN" sense_id="1">بَچہٕ</wf>
		<wf pos="JJ">بَنٛد</wf>
		<wf pos="VM">کَرنہٕ</wf>
		<wf pos="SYM">۔</wf>
</sentence>
<sentence s_id="80">
		<wf pos="NN" sense_id="1">بَچہٕ</wf>
		<wf pos="VAUX">اوس</wf>
		<wf pos="NNC">مِٹھایہِ</wf>
		<wf pos="NN">پٔھلِس</wf>
		<wf pos="VM">لٮ۪وان</wf>
		<wf pos="SYM">۔</wf>
</sentence>
<sentence s_id="81">
		<wf pos="NN">بازرٕ</wf>
		<wf pos="VAUX">ٲسۍ</wf>
		<wf pos="NN" sense_id="1">بَچہٕ</wf>
		<wf pos="NN">پَلو</wf>
		<wf pos="VM">ہٮ۪وان</wf>
		<wf pos="SYM">۔</wf>
</sentence>
<sentence s_id="82">
		<wf pos="NN">مٲلۍ</wf>
		<wf pos="VM">تُلنوو</wf>
		<wf pos="NN" sense_id="1">بَچہٕ</wf>
		<wf pos="JJ">لۄکچہِ</wf>
		<wf pos="NN">نَہرِ</wf>
		<wf pos="PSP">پٮ۪ٹھ</wf>
		<wf pos="NN">لامپھ</wf>
		<wf pos="SYM">۔</wf>
</sentence>
<sentence s_id="83">
		<wf pos="DEM">یَتھ</wf>
		<wf pos="NN">کَلاسَس</wf>
		<wf pos="PSP">منٛز</wf>
		<wf pos="VM">چھٕ</wf>
		<wf pos="QC">کُنٛوَنزاہ</wf>
		<wf pos="NN" sense_id="1">بَچہٕ</wf>
		<wf pos="VM">پَران</wf>
		<wf pos="SYM">۔</wf>
</sentence>
<sentence s_id="84">
		<wf pos="NN" sense_id="1">بَچہٕ</wf>
		<wf pos="VAUX">چُھ</wf>
		<wf pos="JJ">کھوٗژ</wf>
		<wf pos="NN">سۄرفہٕ</wf>
		<wf pos="PSP">سُنٛد</wf>
		<wf pos="NN">دٮ۪ل</wf>
		<wf pos="VM">وٕچھٕتھ</wf>
		<wf pos="SYM">۔</wf>
</sentence>
<sentence s_id="85">
		<wf pos="NN" sense_id="1">بَچہٕ</wf>
		<wf pos="VAUX">اوس</wf>
		<wf pos="VAUX">ماچھَس</wf>
		<wf pos="VM">لٮ۪وان</wf>
		<wf pos="SYM">۔</wf>
</sentence>
<sentence s_id="86">
		<wf pos="DEM">یَتھ</wf>
		<wf pos="NN">کَلاسَس</wf>
		<wf pos="PSP">منٛز</wf>
		<wf pos="VM">چھٕ</wf>
		<wf pos="NN">شُوَنٛزاہ</wf>
		<wf pos="NN" sense_id="1">بَچہٕ</wf>
		<wf pos="VM">پَران</wf>
		<wf pos="SYM">۔</wf>
</sentence>
<sentence s_id="87">
		<wf pos="DEM">یَتھ</wf>
		<wf pos="NN">مَدرَسَس</wf>
		<wf pos="PSP">منٛز</wf>
		<wf pos="VM">چھٕ</wf>
		<wf pos="JJ">صِرِف</wf>
		<wf pos="QC">شُشیٖتھ</wf>
		<wf pos="NN" sense_id="1">بَچہٕ</wf>
		<wf pos="VM">پَران</wf>
		<wf pos="SYM">۔</wf>
</sentence>
<sentence s_id="88">
		<wf pos="PRP">ییٚمِس</wf>
		<wf pos="NN">پیاول</wf>
		<wf pos="NN">ہونہِ</wf>
		<wf pos="PSP">ہٕنٛدۍ</wf>
		<wf pos="NN" sense_id="1">بَچہٕ</wf>
		<wf pos="VAUX">چھِ</wf>
		<wf pos="PRP">پرٛٮ۪تھ</wf>
		<wf pos="PRP">کٲنٛسہِ</wf>
		<wf pos="NN">وتہِ</wf>
		<wf pos="JJ">پکوٕنِس</wf>
		<wf pos="RB">پتہٕ</wf>
		<wf pos="PSP">دوران</wf>
		<wf pos="SYM">۔</wf>
</sentence>
<sentence s_id="89">
		<wf pos="RB">میٛٲنِس</wf>
		<wf pos="NN">کَلاسَس</wf>
		<wf pos="PSP">منٛز</wf>
		<wf pos="VM">چھہٕ</wf>
		<wf pos="NN">ترٕٛہ</wf>
		<wf pos="NN" sense_id="1">بَچہٕ</wf>
		<wf pos="VM">پَران</wf>
		<wf pos="SYM">۔</wf>
</sentence>
<sentence s_id="90">
		<wf pos="RB">میٛٲنِس</wf>
		<wf pos="NN">کَلاسَس</wf>
		<wf pos="PSP">منٛز</wf>
		<wf pos="VM">چھہٕ</wf>
		<wf pos="CC">تٔییہٕ</wf>
		<wf pos="NN">ترٕٛہ</wf>
		<wf pos="NN" sense_id="1">بَچہٕ</wf>
		<wf pos="VM">پَران</wf>
		<wf pos="SYM">۔</wf>
</sentence>
<sentence s_id="91">
		<wf pos="JJ">نامَرٕد</wf>
		<wf pos="NN">شَخصَس</wf>
		<wf pos="VAUX">چُھ</wf>
		<wf pos="NN" sense_id="1">بَچہٕ</wf>
		<wf pos="VM">زٮ۪وٕراونَس</wf>
		<wf pos="PSP">منٛز</wf>
		<wf pos="JJ">ناکام</wf>
		<wf pos="VM">روزان</wf>
		<wf pos="SYM">۔</wf>
</sentence>
<sentence s_id="92">
		<wf pos="NN">بَچَس</wf>
		<wf pos="VAUX">چُھ</wf>
		<wf pos="PRP">نانہِ</wf>
		<wf pos="NN">ذٔریعہٕ</wf>
		<wf pos="NN">کھٮ۪ن</wf>
		<wf pos="VM">مٮ۪لان</wf>
		<wf pos="NN" sense_id="1">بَچہٕ</wf>
		<wf pos="NN">دانہ</wf>
		<wf pos="PSP">منٛز</wf>
		<wf pos="SYM">۔</wf>
</sentence>
<sentence s_id="93">
		<wf pos="NN" sense_id="1">بَچہٕ</wf>
		<wf pos="VAUX">چُھ</wf>
		<wf pos="NN">بال</wf>
		<wf pos="VM">دٲرِتھ</wf>
		<wf pos="VM">دِوان</wf>
		<wf pos="SYM">۔</wf>
</sentence>
<sentence s_id="94">
		<wf pos="DEM">یَتھ</wf>
		<wf pos="NN">کَلاسَس</wf>
		<wf pos="PSP">منٛز</wf>
		<wf pos="VAUX">چھہِ</wf>
		<wf pos="QC">پانٛژٕترٛہ</wf>
		<wf pos="NN" sense_id="1">بَچہٕ</wf>
		<wf pos="SYM">۔</wf>
</sentence>
<sentence s_id="95">
		<wf pos="JJ">سارنٕے</wf>
		<wf pos="NN">جانٛدارَن</wf>
		<wf pos="PSP">ہٕنٛز</wf>
		<wf pos="NN" sense_id="1">بَچہٕ</wf>
		<wf pos="NN">کٔشی</wf>
		<wf pos="PSP">ہٕںٛز</wf>
		<wf pos="JJ">عَمَل</wf>
		<wf pos="VAUX">چھےٚ</wf>
		<wf pos="JJ">اَلَگ</wf>
		<wf pos="JJ">اَلَگ</wf>
		<wf pos="VM">آسان</wf>
		<wf pos="SYM">۔</wf>
</sentence>
<sentence s_id="96">
		<wf pos="NN">ہانٹھ</wf>
		<wf pos="NN">زنانہ</wf>
		<wf pos="VM">اوٚن</wf>
		<wf pos="JJ">یٔتیٖم</wf>
		<wf pos="NN">خانہ</wf>
		<wf pos="PSP">مَنٛز</wf>
		<wf pos="QC">اَکھ</wf>
		<wf pos="NN" sense_id="1">بَچہٕ</wf>
		<wf pos="RB">مَنٛگتہ</wf>
		<wf pos="SYM">۔</wf>
</sentence>
<sentence s_id="97">
		<wf pos="NN">آبٲدی</wf>
		<wf pos="NN">کَم</wf>
		<wf pos="VM">کَرنہٕ</wf>
		<wf pos="PSP">خٲطرٕ</wf>
		<wf pos="VM">چھہٕ</wf>
		<wf pos="NN">لُکَن</wf>
		<wf pos="NN" sense_id="1">بَچہٕ</wf>
		<wf pos="JJ">بَنٛد</wf>
		<wf pos="VM">کَرنُک</wf>
		<wf pos="NN">صَلاح</wf>
		<wf pos="VM">دِنہٕ</wf>
		<wf pos="VAUX">یِوان</wf>
		<wf pos="SYM">۔</wf>
</sentence>
<sentence s_id="98">
		<wf pos="RB">میٛٲنِس</wf>
		<wf pos="NN">کَلاسَس</wf>
		<wf pos="PSP">منٛز</wf>
		<wf pos="VM">چھٕ</wf>
		<wf pos="CC">دۄیہٕ</wf>
		<wf pos="NN">ترٕٛہ</wf>
		<wf pos="NN" sense_id="1">بَچہٕ</wf>
		<wf pos="JJ">پَرانوِکرَم</wf>
		<wf pos="NN">أدِتیۍ</wf>
		<wf pos="PRP">سِنٛدِس</wf>
		<wf pos="NN">تَختَس</wf>
		<wf pos="VAUX">ٲس</wf>
		<wf pos="NN">دۄیہٕ</wf>
		<wf pos="QC">تٕرٛہ</wf>
		<wf pos="PSP">کَلہٕ</wf>
		<wf pos="VM">بَنٲوِتھ</wf>
		<wf pos="SYM">۔</wf>
</sentence>
<sentence s_id="99">
		<wf pos="NN" sense_id="1">بَچہٕ</wf>
		<wf pos="VAUX">چُھ</wf>
		<wf pos="NN">چارپایہِ</wf>
		<wf pos="PSP">پٮ۪ٹھ</wf>
		<wf pos="NN">ٲچھ</wf>
		<wf pos="NN">ٹِٹرارٔے</wf>
		<wf pos="VM">کَرٕان</wf>
		<wf pos="SYM">۔</wf>
</sentence>
<sentence s_id="100">
		<wf pos="NN" sense_id="1">بَچہٕ</wf>
		<wf pos="VM">کِرٛشنٕنۍ</wf>
		<wf pos="QC">ٛ</wf>
		<wf pos="QC">خۄشوٕنۍ</wf>
		<wf pos="NN">شَکٕل</wf>
		<wf pos="VAUX">ٲس</wf>
		<wf pos="NN">کورٮ۪ن</wf>
		<wf pos="PSP">ہُنٛد</wf>
		<wf pos="NN">دِل</wf>
		<wf pos="RB">ژوٗرِ</wf>
		<wf pos="VM">نِوان</wf>
		<wf pos="SYM">۔</wf>
</sentence>
<sentence s_id="101">
		<wf pos="NN">گُرۍ</wf>
		<wf pos="RDP">ٹانٛگہٕ</wf>
		<wf pos="VM">بوٗزِتھ</wf>
		<wf pos="JJ">درٛایہٕ</wf>
		<wf pos="PRP">سٲری</wf>
		<wf pos="NN" sense_id="1">بَچہٕ</wf>
		<wf pos="RB">نٮ۪بَر</wf>
		<wf pos="SYM">۔</wf>
</sentence>
<sentence s_id="102">
		<wf pos="VM">پَرنَس</wf>
		<wf pos="PSP">دوران</wf>
		<wf pos="NN">پَزَن</wf>
		<wf pos="NN" sense_id="1">بَچہٕ</wf>
		<wf pos="JJ">غٲر</wf>
		<wf pos="JJ">رَسمی</wf>
		<wf pos="NN">تٔعلیٖمہٕ</wf>
		<wf pos="PSP">سۭتۍ</wf>
		<wf pos="CC">تہٕ</wf>
		<wf pos="NN">زٲنٛیاب</wf>
		<wf pos="VM">کَرناوٕنۍ</wf>
		<wf pos="SYM">۔</wf>
</sentence>
<sentence s_id="103">
		<wf pos="NNP">رٮ۪زٕڑٮ۪نشَل</wf>
		<wf pos="NN">کالجَن</wf>
		<wf pos="PSP">منٛز</wf>
		<wf pos="VM">چھہٕ</wf>
		<wf pos="JJ">واریاہ</wf>
		<wf pos="NN" sense_id="1">بَچہٕ</wf>
		<wf pos="VM">پَران</wf>
		<wf pos="SYM">۔</wf>
</sentence>
<sentence s_id="104">
		<wf pos="NN">کینٛگیرو</wf>
		<wf pos="VAUX">چُھ</wf>
		<wf pos="NN">پَوٕچَس</wf>
		<wf pos="PSP">منٛز</wf>
		<wf pos="NN" sense_id="1">بَچہٕ</wf>
		<wf pos="VM">تھاوان</wf>
		<wf pos="SYM">۔</wf>
</sentence>
<sentence s_id="105">
		<wf pos="NN" sense_id="1">بَچہٕ</wf>
		<wf pos="PSP">سٕنٛزِ</wf>
		<wf pos="NN">قٲبِلَیَت</wf>
		<wf pos="PSP">ہُنٛد</wf>
		<wf pos="NN">مۄلہٕ</wf>
		<wf pos="VM">ٲنٛکوَنہٕ</wf>
		<wf pos="VAUX">ہٮ۪کہِ</wf>
		<wf pos="QC">اَکھ</wf>
		<wf pos="JJ">مٲہِر</wf>
		<wf pos="NN">اُستاد</wf>
		<wf pos="NN">کٔرِتھٔہیٖرٕچ</wf>
		<wf pos="NN">مۄلہٕ</wf>
		<wf pos="VM">ٲنٛکوَن</wf>
		<wf pos="VAUX">ہٮ۪کہٕ</wf>
		<wf pos="QC">اَکھ</wf>
		<wf pos="JJ">جوہری</wf>
		<wf pos="VM">کٔرِتھ</wf>
		<wf pos="SYM">۔</wf>
</sentence>
<sentence s_id="106">
		<wf pos="NN" sense_id="1">بَچہٕ</wf>
		<wf pos="VAUX">اوس</wf>
		<wf pos="VM">شیٚنٛگِتھ</wf>
		<wf pos="NN">تہِٕ</wf>
		<wf pos="NN">مٲلۍ</wf>
		<wf pos="VM">وولُس</wf>
		<wf pos="NN">شال</wf>
		<wf pos="SYM">۔</wf>
</sentence>
<sentence s_id="107">
		<wf pos="NN">کمزور</wf>
		<wf pos="NN">زنانن</wf>
		<wf pos="PSP">ہنٛز</wf>
		<wf pos="NN">کۄ</wf>
		<wf pos="VAUX">چھہِ</wf>
		<wf pos="PSP">منٛز</wf>
		<wf pos="NN">پَلَن</wf>
		<wf pos="PSP">وول</wf>
		<wf pos="NN" sense_id="1">بَچہٕ</wf>
		<wf pos="VAUX">چُھہ</wf>
		<wf pos="JJ">واریاہ</wf>
		<wf pos="NN">بٮ۪مارٮ۪ن</wf>
		<wf pos="PSP">ہُند</wf>
		<wf pos="NN">شکار</wf>
		<wf pos="VM">گژھان</wf>
		<wf pos="SYM">۔</wf>
</sentence>
<sentence s_id="108">
		<wf pos="NN">تَپہٕ</wf>
		<wf pos="JJ">لَد</wf>
		<wf pos="NN" sense_id="1">بَچہٕ</wf>
		<wf pos="PSP">سٕنٛدِ</wf>
		<wf pos="NN">جِسمُک</wf>
		<wf pos="NNP">حرارت</wf>
		<wf pos="NN">مینٛنہٕ</wf>
		<wf pos="PSP">خٲطرٕ</wf>
		<wf pos="VM">مَنٛگنوو</wf>
		<wf pos="PRP">تٔمۍ</wf>
		<wf pos="NNP">تٔھرما</wf>
		<wf pos="NN">میٹَر</wf>
		<wf pos="SYM">۔</wf>
</sentence>
</contextfile>