<?xml version='1.0' encoding='utf-8'?>
<contextfile filename="بَنٛد" fileno=" 92">
<sentence s_id="1">
		<wf pos="NN">نِکاح</wf>
		<wf pos="VAUX">چھیٚہ</wf>
		<wf pos="QC">اَکھ</wf>
		<wf pos="JJ">مزہبی</wf>
		<wf pos="NN">تقریٖب</wf>
		<wf pos="CC">تہٕ</wf>
		<wf pos="DEM">اَمہِ</wf>
		<wf pos="PSP">کس</wf>
		<wf pos="NN">اہترامَس</wf>
		<wf pos="PSP">منٛز</wf>
		<wf pos="VAUX">چُھ</wf>
		<wf pos="NNP">قٲضۍ</wf>
		<wf pos="RP">صٲب</wf>
		<wf pos="NN">وَنہٕوُن</wf>
		<wf pos="RB">توٚتام</wf>
		<wf pos="JJ" sense_id="1">بَنٛد</wf>
		<wf pos="VM">کرناوان</wf>
		<wf pos="RB">یوٚتام</wf>
		<wf pos="PRP">سُہ</wf>
		<wf pos="NN">نِکحَن</wf>
		<wf pos="PSP">ہُنٛد</wf>
		<wf pos="NN">خۄطبہٕ,</wf>
		<wf pos="DEM">,یَتھ</wf>
		<wf pos="RB">عامپٲٹھۍ</wf>
		<wf pos="NN">ذِکٕر</wf>
		<wf pos="VM">وَنان</wf>
		<wf pos="VAUX">چِھ</wf>
		<wf pos="VM">پٔرِتھ</wf>
		<wf pos="VM">مۄکلاوان</wf>
		<wf pos="VAUX">چُھ</wf>
		<wf pos="SYM">۔</wf>
</sentence>
<sentence s_id="2">
		<wf pos="JJ">تیز</wf>
		<wf pos="NN">فٕلشَس</wf>
		<wf pos="PSP">منٛز</wf>
		<wf pos="VAUX">چھےٚ</wf>
		<wf pos="PRP">میٛانہِ</wf>
		<wf pos="NN">أچھ</wf>
		<wf pos="JJ" sense_id="1">بَنٛد</wf>
		<wf pos="VM">گَژھان</wf>
		<wf pos="SYM">۔</wf>
</sentence>
<sentence s_id="3">
		<wf pos="NN">تٔم</wf>
		<wf pos="VM">کوٚر</wf>
		<wf pos="PRP">پَنُن</wf>
		<wf pos="NN">دُکان</wf>
		<wf pos="JJ" sense_id="1">بَنٛد</wf>
		<wf pos="SYM">۔</wf>
</sentence>
<sentence s_id="4">
		<wf pos="NN">کَر</wf>
		<wf pos="VAUX">سہ</wf>
		<wf pos="PRP">پنُن</wf>
		<wf pos="JJ">فضوٗل</wf>
		<wf pos="NN">بکواس</wf>
		<wf pos="JJ" sense_id="1">بَنٛد</wf>
		<wf pos="SYM">۔</wf>
</sentence>
<sentence s_id="5">
		<wf pos="PRP">اَسہِ</wf>
		<wf pos="VAUX">پَزِ</wf>
		<wf pos="VM">ؤنۍ</wf>
		<wf pos="DEM">یہِ</wf>
		<wf pos="JJ">چَلوٕنۍ</wf>
		<wf pos="NN">مِشیٖن</wf>
		<wf pos="JJ" sense_id="1">بَنٛد</wf>
		<wf pos="VM">کَرٕنۍ</wf>
		<wf pos="SYM">۔</wf>
</sentence>
<sentence s_id="6">
		<wf pos="PRP">تِمَو</wf>
		<wf pos="VM">تھوٚو</wf>
		<wf pos="JJ">سورُے</wf>
		<wf pos="NN">سۄن</wf>
		<wf pos="NN">کَنٮ۪ن</wf>
		<wf pos="PSP">مَنٛز</wf>
		<wf pos="JJ" sense_id="1">بَنٛد</wf>
		<wf pos="SYM">۔</wf>
</sentence>
<sentence s_id="7">
		<wf pos="NNP">مُصیٖبَتَس</wf>
		<wf pos="PSP">منٛز</wf>
		<wf pos="VAUX">چُھ</wf>
		<wf pos="NN">دٮ۪ماغ</wf>
		<wf pos="NN">کٲم</wf>
		<wf pos="VM">کَرٕنۍ</wf>
		<wf pos="JJ" sense_id="1">بَنٛد</wf>
		<wf pos="VM">کَران</wf>
		<wf pos="SYM">۔</wf>
</sentence>
<sentence s_id="8">
		<wf pos="PRP">مےٚ</wf>
		<wf pos="VAUX">چُھ</wf>
		<wf pos="VM">اَنُن</wf>
		<wf pos="JJ">نوٚو</wf>
		<wf pos="NN">کَمَر</wf>
		<wf pos="JJ" sense_id="1">بَنٛد</wf>
		<wf pos="SYM">۔</wf>
</sentence>
<sentence s_id="9">
		<wf pos="NN">وَتھ</wf>
		<wf pos="JJ" sense_id="1">بَنٛد</wf>
		<wf pos="VM">آسنہٕ</wf>
		<wf pos="VM">کِنۍ</wf>
		<wf pos="VM">پیوٚو</wf>
		<wf pos="PRP">اَسہِ</wf>
		<wf pos="NN">گٲنٛٹہٕ</wf>
		<wf pos="QF">وادَن</wf>
		<wf pos="VM">رُکُن</wf>
		<wf pos="SYM">۔</wf>
</sentence>
<sentence s_id="10">
		<wf pos="PRP">تٔمۍ</wf>
		<wf pos="VM">کٔر</wf>
		<wf pos="PRP">مےٚ</wf>
		<wf pos="NNC">لورِ</wf>
		<wf pos="NN">سۭۭتۍ</wf>
		<wf pos="NN">وَتھ</wf>
		<wf pos="JJ" sense_id="1">بَنٛد</wf>
		<wf pos="SYM">۔</wf>
</sentence>
<sentence s_id="11">
		<wf pos="NNP">پُلیٖسن</wf>
		<wf pos="VAUX">آسہٕ</wf>
		<wf pos="RB">نٮ۪بَر</wf>
		<wf pos="NN">نیرنٕچہِ</wf>
		<wf pos="NN">وَتھ</wf>
		<wf pos="JJ" sense_id="1">بَنٛد</wf>
		<wf pos="VM">کرمژٕ</wf>
		<wf pos="SYM">۔</wf>
</sentence>
<sentence s_id="12">
		<wf pos="NN">پونٛسہٕ</wf>
		<wf pos="JJ">کم</wf>
		<wf pos="NNC">خرچنہٕ</wf>
		<wf pos="PSP">سۭتۍ</wf>
		<wf pos="NEG">چُھنہٕ</wf>
		<wf pos="NN">انسان</wf>
		<wf pos="CC">وقتہِ</wf>
		<wf pos="NN">ضروٗرتہٕ</wf>
		<wf pos="NN">وِزِ</wf>
		<wf pos="JJ" sense_id="1">بَنٛد</wf>
		<wf pos="NN">گژھانکَم</wf>
		<wf pos="VM">خرچَنہٕ</wf>
		<wf pos="PSP">سۭتۍ</wf>
		<wf pos="VAUX">ہٮ۪کو</wf>
		<wf pos="PRP">أس</wf>
		<wf pos="JJ">زایہٕ</wf>
		<wf pos="VAUX">گَژھنہٕ</wf>
		<wf pos="PSP">نِش</wf>
		<wf pos="VM">بٔچِتھ</wf>
		<wf pos="SYM">۔</wf>
</sentence>
<sentence s_id="13">
		<wf pos="NN">پونٛسہٕ</wf>
		<wf pos="JJ">کم</wf>
		<wf pos="NNC">خرچنہٕ</wf>
		<wf pos="PSP">سۭتۍ</wf>
		<wf pos="NEG">چُھنہٕ</wf>
		<wf pos="NN">انسان</wf>
		<wf pos="CC">وقتہِ</wf>
		<wf pos="NN">ضروٗرتہٕ</wf>
		<wf pos="NN">وِزِ</wf>
		<wf pos="JJ" sense_id="1">بَنٛد</wf>
		<wf pos="RB">گژھانک</wf>
		<wf pos="SYM">۔</wf>
</sentence>
<sentence s_id="14">
		<wf pos="NN">آبٲدی</wf>
		<wf pos="NN">کَم</wf>
		<wf pos="VM">کَرنہٕ</wf>
		<wf pos="PSP">خٲطرٕ</wf>
		<wf pos="VM">چھہٕ</wf>
		<wf pos="NN">لُکَن</wf>
		<wf pos="NN">بَچہٕ</wf>
		<wf pos="JJ" sense_id="1">بَنٛد</wf>
		<wf pos="VM">کَرنُک</wf>
		<wf pos="NN">صَلاح</wf>
		<wf pos="VM">دِنہٕ</wf>
		<wf pos="VAUX">یِوان</wf>
		<wf pos="SYM">۔</wf>
</sentence>
<sentence s_id="15">
		<wf pos="DEM">ییٚمہِ</wf>
		<wf pos="NNP">بُدھ</wf>
		<wf pos="NN">مَٹھ</wf>
		<wf pos="VAUX">چُھ</wf>
		<wf pos="NN">راتھ</wf>
		<wf pos="PSP">پٮ۪ٹھہٕ</wf>
		<wf pos="JJ" sense_id="1">بَنٛد</wf>
		<wf pos="SYM">۔</wf>
</sentence>
<sentence s_id="16">
		<wf pos="DEM">ییٚمہِ</wf>
		<wf pos="NNP">بُدھ</wf>
		<wf pos="NN">مَٹھ</wf>
		<wf pos="VAUX">چُھ</wf>
		<wf pos="JJ">واریاہ</wf>
		<wf pos="NN">کالہٕ</wf>
		<wf pos="PSP">پٮ۪ٹھہٕ</wf>
		<wf pos="JJ" sense_id="1">بَنٛد</wf>
		<wf pos="SYM">۔</wf>
</sentence>
<sentence s_id="17">
		<wf pos="INTF">واریاہ</wf>
		<wf pos="RDP">زیٛادٕ</wf>
		<wf pos="NNP">بَرف</wf>
		<wf pos="NN">بٲری</wf>
		<wf pos="PSP">سۭتۍ</wf>
		<wf pos="NN">گٔیہٕ</wf>
		<wf pos="JJ">سارے</wf>
		<wf pos="NN">وَتہٕ</wf>
		<wf pos="JJ" sense_id="1">بَنٛد</wf>
		<wf pos="SYM">۔</wf>
</sentence>
<sentence s_id="18">
		<wf pos="DEM">یہِ</wf>
		<wf pos="NN">جاے</wf>
		<wf pos="VAUX">چھےٚ</wf>
		<wf pos="NN">سارسوَتَن</wf>
		<wf pos="PSP">خٲطرٕ</wf>
		<wf pos="JJ" sense_id="1">بَنٛد</wf>
		<wf pos="SYM">۔</wf>
</sentence>
<sentence s_id="19">
		<wf pos="QC">قۭدۍ</wf>
		<wf pos="VAUX">چُھ</wf>
		<wf pos="NN">حَدٕ</wf>
		<wf pos="JJ" sense_id="1">بَنٛد</wf>
		<wf pos="NN">عَلاقَس</wf>
		<wf pos="PSP">منٛز</wf>
		<wf pos="VM">تھاونہٕ</wf>
		<wf pos="VAUX">آمُت</wf>
		<wf pos="SYM">۔</wf>
</sentence>
<sentence s_id="20">
		<wf pos="PRP">مےٚ</wf>
		<wf pos="VAUX">چھےٚ</wf>
		<wf pos="NN">پِنٛجرٕ</wf>
		<wf pos="PSP">منٛز</wf>
		<wf pos="JJ" sense_id="1">بَنٛد</wf>
		<wf pos="JJ">پٔرِنٛدٕ</wf>
		<wf pos="NN">یَلہٕ</wf>
		<wf pos="VM">ترٛاوُن</wf>
		<wf pos="SYM">۔</wf>
</sentence>
<sentence s_id="21">
		<wf pos="NNP">دھانٛتُک</wf>
		<wf pos="VM">بَنیومُت</wf>
		<wf pos="NN">پَنٛجر:ژٕترٕ</wf>
		<wf pos="RB">بیٛٲر</wf>
		<wf pos="VAUX">چھےٚ</wf>
		<wf pos="NNP">دھانٛتوٗ</wf>
		<wf pos="NN">پَنٛجرَس</wf>
		<wf pos="PSP">منٛز</wf>
		<wf pos="JJ" sense_id="1">بَنٛد</wf>
		<wf pos="SYM">۔</wf>
</sentence>
<sentence s_id="22">
		<wf pos="PRP">سُہ</wf>
		<wf pos="NN">پَنٛجرٕ</wf>
		<wf pos="PRP">یُس</wf>
		<wf pos="NN">شیٚشتٕرُک</wf>
		<wf pos="VM">بَنیومُت</wf>
		<wf pos="PRP">آسہِ:سٕہہ</wf>
		<wf pos="VAUX">چُھ</wf>
		<wf pos="VM">شیٚشتٕروٗ</wf>
		<wf pos="NN">پَنٛجرَس</wf>
		<wf pos="PSP">منٛز</wf>
		<wf pos="JJ" sense_id="1">بَنٛد</wf>
		<wf pos="SYM">۔</wf>
</sentence>
<sentence s_id="23">
		<wf pos="NNC">دۄدٕ</wf>
		<wf pos="NN">بوتلہٕ</wf>
		<wf pos="PSP">ہُنٛد</wf>
		<wf pos="PRP">سُہ</wf>
		<wf pos="NN">تان</wf>
		<wf pos="PRP">یُس</wf>
		<wf pos="NN">شُر</wf>
		<wf pos="VM">چوٗسان</wf>
		<wf pos="NN">چُھ:ٹیوٚنٛڈ</wf>
		<wf pos="VM">وٕچھتھٕے</wf>
		<wf pos="VM">کوٚر</wf>
		<wf pos="NN">شُرۍ</wf>
		<wf pos="VM">وَدُن</wf>
		<wf pos="JJ" sense_id="1">بَنٛد</wf>
		<wf pos="SYM">۔</wf>
</sentence>
<sentence s_id="24">
		<wf pos="NN">سۄرفَس</wf>
		<wf pos="PSP">ہِش</wf>
		<wf pos="QC">اَکھ</wf>
		<wf pos="NN">گاڑ:گاڑٕ</wf>
		<wf pos="VM">ہٲنٛزنہِ</wf>
		<wf pos="NN">زالہِ</wf>
		<wf pos="PSP">منٛز</wf>
		<wf pos="VAUX">اوس</wf>
		<wf pos="QC">اَکھ</wf>
		<wf pos="NNC:?">بام</wf>
		<wf pos="CC">تہٕ</wf>
		<wf pos="JJ" sense_id="1">بَنٛد</wf>
		<wf pos="VM">گومُت</wf>
		<wf pos="SYM">۔</wf>
</sentence>
<sentence s_id="25">
		<wf pos="VM">شہلاونٕچ</wf>
		<wf pos="VM">عَمَل:شہلاونہٕ</wf>
		<wf pos="RB">پَتہٕ</wf>
		<wf pos="VM">کوٚر</wf>
		<wf pos="NN">شُرۍ</wf>
		<wf pos="VM">وَدُن</wf>
		<wf pos="JJ" sense_id="1">بَنٛد</wf>
		<wf pos="SYM">۔</wf>
</sentence>
<sentence s_id="26">
		<wf pos="NNP">تٮ۪مہِ</wf>
		<wf pos="PSP">سُنٛد</wf>
		<wf pos="NN">جِسِم</wf>
		<wf pos="VAUX">چُھ</wf>
		<wf pos="NN">بَکتَر</wf>
		<wf pos="JJ" sense_id="1">بَنٛد</wf>
		<wf pos="PSP">سۭتۍ</wf>
		<wf pos="JJ">کھٔٹِتھ</wf>
		<wf pos="SYM">۔</wf>
</sentence>
<sentence s_id="27">
		<wf pos="CC">بَکتَر</wf>
		<wf pos="JJ" sense_id="1">بَنٛد</wf>
		<wf pos="POW">دار</wf>
		<wf pos="NN">سِپاہ</wf>
		<wf pos="VAUX">چُھ</wf>
		<wf pos="NN">جَنٛگَس</wf>
		<wf pos="PSP">منٛز</wf>
		<wf pos="VM">لَڑان</wf>
		<wf pos="SYM">۔</wf>
</sentence>
<sentence s_id="28">
		<wf pos="NN">گامکٮ۪و</wf>
		<wf pos="VM">تھوٚو</wf>
		<wf pos="NN">ژوٗر</wf>
		<wf pos="VM">رَزِ</wf>
		<wf pos="PSP">سۭتۍ</wf>
		<wf pos="JJ" sense_id="1">بَنٛد</wf>
		<wf pos="VM">کٔرِتھ</wf>
		<wf pos="SYM">۔</wf>
</sentence>
<sentence s_id="29">
		<wf pos="DEM">بینٛک</wf>
		<wf pos="NN">لوٗٹَن</wf>
		<wf pos="PSP">وٲلۍ</wf>
		<wf pos="QC">ترٛے</wf>
		<wf pos="NN">ۂتھِیار</wf>
		<wf pos="JJ" sense_id="1">بَنٛد</wf>
		<wf pos="NN">ڑاکوٗ</wf>
		<wf pos="VM">رٔٹۍ</wf>
		<wf pos="NNP">پُلیٖسَن</wf>
		<wf pos="SYM">۔</wf>
</sentence>
<sentence s_id="30">
		<wf pos="PRP">اَسہِ</wf>
		<wf pos="VAUX">پَزِ</wf>
		<wf pos="VM">ؤنۍ</wf>
		<wf pos="DEM">یہِ</wf>
		<wf pos="JJ">چَلوٕنۍ</wf>
		<wf pos="NN">مِشیٖن</wf>
		<wf pos="JJ" sense_id="1">بَنٛد</wf>
		<wf pos="VM">کَرٕنۍ</wf>
		<wf pos="SYM">۔</wf>
</sentence>
<sentence s_id="31">
		<wf pos="PRP">تٔمۍ</wf>
		<wf pos="VM">کٔر</wf>
		<wf pos="JJ" sense_id="1">بَنٛد</wf>
		<wf pos="VM">گٔمٕژ</wf>
		<wf pos="NN">مِشیٖن</wf>
		<wf pos="NN">چالو</wf>
		<wf pos="SYM">۔</wf>
</sentence>
<sentence s_id="32">
		<wf pos="CC">سُداما</wf>
		<wf pos="VAUX">ٲسۍ</wf>
		<wf pos="NN">پھٕٹجہِ</wf>
		<wf pos="PSP">منٛز</wf>
		<wf pos="JJ" sense_id="1">بَنٛد</wf>
		<wf pos="VM">تھٲوِتھ</wf>
		<wf pos="NN">توٚمُل</wf>
		<wf pos="NNPC">شری</wf>
		<wf pos="NNP">کرٛشنس</wf>
		<wf pos="PSP">نِش</wf>
		<wf pos="RB">ژوٗرِ</wf>
		<wf pos="VM">تھاوان</wf>
		<wf pos="SYM">۔</wf>
</sentence>
<sentence s_id="33">
		<wf pos="VM">شیٚشتٕروٗ</wf>
		<wf pos="QC">اَکھ</wf>
		<wf pos="NN">چیٖز</wf>
		<wf pos="DEM">ییٚمہِ</wf>
		<wf pos="PSP">سۭتۍ</wf>
		<wf pos="NN">بَر</wf>
		<wf pos="NN">چوکاٹَس</wf>
		<wf pos="PSP">سۭتۍ</wf>
		<wf pos="JJ" sense_id="1">بَنٛد</wf>
		<wf pos="VAUX">چُھ</wf>
		<wf pos="QC">آسان:ییٚمہِ</wf>
		<wf pos="NN">مَحَل</wf>
		<wf pos="PSP">کِس</wf>
		<wf pos="JJ">پرٛٮ۪تھ</wf>
		<wf pos="NN">أکِس</wf>
		<wf pos="NN">دَروازَس</wf>
		<wf pos="VAUX">چُھ</wf>
		<wf pos="NN">دوٚر</wf>
		<wf pos="NN">قَبضہٕ</wf>
		<wf pos="VM">لٲگِتھ</wf>
		<wf pos="SYM">۔</wf>
</sentence>
<sentence s_id="34">
		<wf pos="NN">دیپَک</wf>
		<wf pos="VAUX">چُھ</wf>
		<wf pos="NN">کُلِس</wf>
		<wf pos="PSP">پٮ۪ٹھ</wf>
		<wf pos="JJ" sense_id="1">بَنٛد</wf>
		<wf pos="VM">گٔمٕژ</wf>
		<wf pos="NN">گانٛٹہٕ</wf>
		<wf pos="NN">بیر</wf>
		<wf pos="VM">والان</wf>
		<wf pos="SYM">۔</wf>
</sentence>
<sentence s_id="35">
		<wf pos="PRP">سُہ</wf>
		<wf pos="VAUX">چُھ</wf>
		<wf pos="NN">دَوا</wf>
		<wf pos="NN">وانَس</wf>
		<wf pos="PSP">پٮ۪ٹھ</wf>
		<wf pos="NN">دَوا</wf>
		<wf pos="JJ">کٕناننَقلی</wf>
		<wf pos="NN">دَوا</wf>
		<wf pos="QO">کٕننِکہِ</wf>
		<wf pos="NN">وَجہہ</wf>
		<wf pos="PSP">سۭتۍ</wf>
		<wf pos="VAUX">آو</wf>
		<wf pos="PRP">سُہ</wf>
		<wf pos="NN">دَوا</wf>
		<wf pos="NN">وان</wf>
		<wf pos="JJ" sense_id="1">بَنٛد</wf>
		<wf pos="VM">کَرنہٕ</wf>
		<wf pos="SYM">۔</wf>
</sentence>
<sentence s_id="36">
		<wf pos="NN">اَڈٕ</wf>
		<wf pos="VM">ووٚتھ</wf>
		<wf pos="NN">ٹھانٛڈ</wf>
		<wf pos="NN">کَر</wf>
		<wf pos="JJ" sense_id="1">بَنٛد</wf>
		<wf pos="SYM">۔</wf>
</sentence>
<sentence s_id="37">
		<wf pos="NN">وَتھ</wf>
		<wf pos="JJ" sense_id="1">بَنٛد</wf>
		<wf pos="VM">آسنہٕ</wf>
		<wf pos="VM">کِنۍ</wf>
		<wf pos="VM">پیوٚو</wf>
		<wf pos="PRP">اَسہِ</wf>
		<wf pos="NN">گٲنٛٹہٕ</wf>
		<wf pos="QF">وادَن</wf>
		<wf pos="VM">رُکُن</wf>
		<wf pos="SYM">۔</wf>
</sentence>
<sentence s_id="38">
		<wf pos="NN">سرکار</wf>
		<wf pos="PSP">سٕنٛدۍ</wf>
		<wf pos="NN">دٔسۍ</wf>
		<wf pos="VM">گَنٛنہٕ</wf>
		<wf pos="VM">مِل</wf>
		<wf pos="JJ" sense_id="1">بَنٛد</wf>
		<wf pos="VM">کَرنُک</wf>
		<wf pos="RB">حُکُم</wf>
		<wf pos="JJ">جٲری</wf>
		<wf pos="NN">کٔرتٕھے</wf>
		<wf pos="VM">لٔگۍ</wf>
		<wf pos="NN">کاشکار</wf>
		<wf pos="NN">ہرتال</wf>
		<wf pos="PSP">کَرنہِ</wf>
		<wf pos="SYM">۔</wf>
</sentence>
<sentence s_id="39">
		<wf pos="PRP">مےٚ</wf>
		<wf pos="VAUX">چھےٚ</wf>
		<wf pos="JJ">غۄلٲمی</wf>
		<wf pos="RDP">سۭتۍ</wf>
		<wf pos="NN">رِشاَنٛگریزو</wf>
		<wf pos="VAUX">ٲس</wf>
		<wf pos="NN">واریاہَس</wf>
		<wf pos="NN">کالَس</wf>
		<wf pos="NNP">ہِنٛدوستٲنۍ</wf>
		<wf pos="JJ">غۄلٲمی</wf>
		<wf pos="PSP">ہِنٛزِ</wf>
		<wf pos="NN">زٔنٛجیٖرِ</wf>
		<wf pos="PSP">منٛز</wf>
		<wf pos="JJ" sense_id="1">بَنٛد</wf>
		<wf pos="VM">تھٲومِتۍ</wf>
		<wf pos="SYM">۔</wf>
</sentence>
<sentence s_id="40">
		<wf pos="NNP">کٔشیٖرِ</wf>
		<wf pos="PSP">ہُنٛد</wf>
		<wf pos="NN">مَسلہٕ</wf>
		<wf pos="INTF">گَژھہٕ</wf>
		<wf pos="NN">کَتھ</wf>
		<wf pos="NN">باتھ</wf>
		<wf pos="PSP">سۭتۍ</wf>
		<wf pos="RB">ٹھیٖکتِم</wf>
		<wf pos="VAUX">ٲس</wf>
		<wf pos="JJ">مُلکِچہِ</wf>
		<wf pos="NN">معٲشی</wf>
		<wf pos="NN">حالتہِ</wf>
		<wf pos="PSP">پٮ۪ٹھ</wf>
		<wf pos="NN">کَتھ</wf>
		<wf pos="PSP">کَرانآزٕ</wf>
		<wf pos="NN">کَل</wf>
		<wf pos="VAUX">چُھ</wf>
		<wf pos="PRP">مےٚ</wf>
		<wf pos="PRP">تٔمِس</wf>
		<wf pos="PSP">سۭتۍ</wf>
		<wf pos="NN">کَتھ</wf>
		<wf pos="NN">باتھ</wf>
		<wf pos="JJ" sense_id="1">بَنٛد</wf>
		<wf pos="SYM">۔</wf>
</sentence>
<sentence s_id="41">
		<wf pos="NNP">مُصیٖبَتَس</wf>
		<wf pos="PSP">منٛز</wf>
		<wf pos="VAUX">چُھ</wf>
		<wf pos="NN">دٮ۪ماغ</wf>
		<wf pos="NN">کٲم</wf>
		<wf pos="VM">کَرٕنۍ</wf>
		<wf pos="JJ" sense_id="1">بَنٛد</wf>
		<wf pos="VM">کَران</wf>
		<wf pos="SYM">۔</wf>
</sentence>
<sentence s_id="42">
		<wf pos="PRP">سۄ</wf>
		<wf pos="NN">رَس</wf>
		<wf pos="DEM">یَتھ</wf>
		<wf pos="PSP">منٛز</wf>
		<wf pos="NN">ترٛکرِ</wf>
		<wf pos="PSP">ہِنٛدۍ</wf>
		<wf pos="NN">بانہٕ</wf>
		<wf pos="JJ" sense_id="1">بَنٛد</wf>
		<wf pos="VAUX">چھِ</wf>
		<wf pos="NN">آسان:ترٛکرِ</wf>
		<wf pos="PSP">ہٕنٛزِ</wf>
		<wf pos="VM">رَزِ</wf>
		<wf pos="VAUX">چُھ</wf>
		<wf pos="NN">شُرٛکھ</wf>
		<wf pos="VM">گوٚمُت</wf>
		<wf pos="DEM">یہِ</wf>
		<wf pos="NN">کَر</wf>
		<wf pos="JJ">ٹھیٖک</wf>
		<wf pos="SYM">۔</wf>
</sentence>
<sentence s_id="43">
		<wf pos="NN">کَلَس</wf>
		<wf pos="VM">لاگنُک</wf>
		<wf pos="QC">اَکھ</wf>
		<wf pos="NN">وَس:زاے</wf>
		<wf pos="NN">دۄہَس</wf>
		<wf pos="PSP">پٮ۪ٹھ</wf>
		<wf pos="VM">دُیت</wf>
		<wf pos="PRP">تَس</wf>
		<wf pos="NN">خانٛدارَن</wf>
		<wf pos="PSP">کَلہٕ</wf>
		<wf pos="JJ" sense_id="1">بَنٛد</wf>
		<wf pos="RDP">ڈٲلۍ</wf>
		<wf pos="SYM">۔</wf>
</sentence>
<sentence s_id="44">
		<wf pos="PRP">اَسہِ</wf>
		<wf pos="VAUX">چھہِ</wf>
		<wf pos="VM">آسان</wf>
		<wf pos="NN">آتھوارِ</wf>
		<wf pos="NN">دۄہ</wf>
		<wf pos="JJ">سٲری</wf>
		<wf pos="NN">دُکان</wf>
		<wf pos="VM">،</wf>
		<wf pos="NN">کارخانہٕ</wf>
		<wf pos="VM">،</wf>
		<wf pos="NN">بیترِ</wf>
		<wf pos="JJ" sense_id="1">بَنٛد</wf>
		<wf pos="SYM">۔</wf>
</sentence>
<sentence s_id="45">
		<wf pos="NN">دوتہِ</wf>
		<wf pos="PSP">ہُنٛد</wf>
		<wf pos="PRP">سُہ</wf>
		<wf pos="NN">حِصہٕ</wf>
		<wf pos="DEM">یُس</wf>
		<wf pos="NN">پٔتکِنٛۍ</wf>
		<wf pos="VAUX">چُھ</wf>
		<wf pos="JJ" sense_id="1">بَنٛد</wf>
		<wf pos="VM">یِوان</wf>
		<wf pos="NN">کَرنہٕ:بابہٕ</wf>
		<wf pos="RP">صٲب</wf>
		<wf pos="VM">درٛاو</wf>
		<wf pos="NN">دوتہٕ</wf>
		<wf pos="PSP">ہٕنٛز</wf>
		<wf pos="NN">لانٛگ</wf>
		<wf pos="JJ" sense_id="1">بَنٛد</wf>
		<wf pos="VM">کَران</wf>
		<wf pos="RB">کَرانٕے</wf>
		<wf pos="NST">نٮ۪بر</wf>
		<wf pos="SYM">۔</wf>
</sentence>
<sentence s_id="46">
		<wf pos="PRP">سۄ</wf>
		<wf pos="NN">مٲتٕھر</wf>
		<wf pos="PRP">یۄس</wf>
		<wf pos="VM">لٮ۪کِھتھ</wf>
		<wf pos="JJ" sense_id="1">بَنٛد</wf>
		<wf pos="VM">کٔرِتھ</wf>
		<wf pos="VM:?">پریشٲنِیو</wf>
		<wf pos="PSP">نِس</wf>
		<wf pos="NN">بچنہٕ</wf>
		<wf pos="PSP">خٲطرٕ</wf>
		<wf pos="NN">چھٕ</wf>
		<wf pos="VM">دِنہٕ</wf>
		<wf pos="JJ">یِوان:واریاہَن</wf>
		<wf pos="NN">لُکَن</wf>
		<wf pos="PSP">ہُنٛد</wf>
		<wf pos="VM">وَنُن</wf>
		<wf pos="VAUX">چُھ</wf>
		<wf pos="CC">زِ</wf>
		<wf pos="NN">تٲویٖز</wf>
		<wf pos="VM">لاگنہٕ</wf>
		<wf pos="PSP">سۭتۍ</wf>
		<wf pos="VAUX">ہٮ۪کو</wf>
		<wf pos="VM:?">پریشٲنِیو</wf>
		<wf pos="PSP">نِش</wf>
		<wf pos="VM">بٔچِتھ</wf>
		<wf pos="SYM">۔</wf>
</sentence>
<sentence s_id="47">
		<wf pos="NN">پونٛسہٕ</wf>
		<wf pos="JJ">کم</wf>
		<wf pos="NNC">خرچنہٕ</wf>
		<wf pos="PSP">سۭتۍ</wf>
		<wf pos="NEG">چُھنہٕ</wf>
		<wf pos="NN">انسان</wf>
		<wf pos="CC">وقتہِ</wf>
		<wf pos="NN">ضروٗرتہٕ</wf>
		<wf pos="NN">وِزِ</wf>
		<wf pos="JJ" sense_id="1">بَنٛد</wf>
		<wf pos="NN">گژھانکَم</wf>
		<wf pos="VM">خرچَنہٕ</wf>
		<wf pos="PSP">سۭتۍ</wf>
		<wf pos="VAUX">ہٮ۪کو</wf>
		<wf pos="PRP">أس</wf>
		<wf pos="JJ">زایہٕ</wf>
		<wf pos="VAUX">گَژھنہٕ</wf>
		<wf pos="PSP">نِش</wf>
		<wf pos="VM">بٔچِتھ</wf>
		<wf pos="SYM">۔</wf>
</sentence>
<sentence s_id="48">
		<wf pos="JJ">جَنوٗبی</wf>
		<wf pos="NNP">ہِنٛدوستانَس</wf>
		<wf pos="PSP">منٛز</wf>
		<wf pos="VM">لَبنہٕ</wf>
		<wf pos="VM">یِنہٕ</wf>
		<wf pos="PSP">وول</wf>
		<wf pos="QC">اَکھ</wf>
		<wf pos="NN">دٔریاو:ناگ</wf>
		<wf pos="VM">اوٚرجُن</wf>
		<wf pos="CC">ساگَر</wf>
		<wf pos="JJ" sense_id="1">بَنٛد</wf>
		<wf pos="VAUX">چُھ</wf>
		<wf pos="NN">کِرٛشَن</wf>
		<wf pos="NN">نٔدی</wf>
		<wf pos="PSP">پٮ۪ٹھ</wf>
		<wf pos="VM">بٔنِتھ</wf>
		<wf pos="SYM">۔</wf>
</sentence>
<sentence s_id="49">
		<wf pos="PRP">سُہ</wf>
		<wf pos="PRP">ورٛٮ۪تھ</wf>
		<wf pos="DEM">یَتھ</wf>
		<wf pos="PSP">منٛز</wf>
		<wf pos="NN">کَتھ</wf>
		<wf pos="NN">باتھ</wf>
		<wf pos="JJ" sense_id="1">بَنٛد</wf>
		<wf pos="VAUX">چُھ</wf>
		<wf pos="NN">آسان:ژٔنٛدٕروارِ</wf>
		<wf pos="NN">دۄہ</wf>
		<wf pos="VAUX">چُھ</wf>
		<wf pos="PRP">تَس</wf>
		<wf pos="PRP">مونورٛٮ۪تھ</wf>
		<wf pos="VM">آسان</wf>
		<wf pos="SYM">۔</wf>
</sentence>
<sentence s_id="50">
		<wf pos="DEM">ہَگرُیک</wf>
		<wf pos="PRP">سُہ</wf>
		<wf pos="NN">حِصہٕ</wf>
		<wf pos="DEM">یَتھ</wf>
		<wf pos="PSP">سۭتۍ</wf>
		<wf pos="RB">ٹٲر</wf>
		<wf pos="JJ" sense_id="1">بَنٛد</wf>
		<wf pos="VAUX">چُھ</wf>
		<wf pos="PRP">آسان:تٔمۍ</wf>
		<wf pos="NN">أنٛۍ</wf>
		<wf pos="NN">بازرٕ</wf>
		<wf pos="VM">مٔلۍ</wf>
		<wf pos="NN">سایکٕلٕچ</wf>
		<wf pos="RB">رِم</wf>
		<wf pos="SYM">۔</wf>
</sentence>
<sentence s_id="51">
		<wf pos="DEM">ییٚمِچ</wf>
		<wf pos="NN">شُرُواد</wf>
		<wf pos="VAUX">آسہِ</wf>
		<wf pos="VM">کَرنہٕ</wf>
		<wf pos="NN">آمٕژ:ؤزیٖرِ</wf>
		<wf pos="PSP">سٕنٛد</wf>
		<wf pos="NN">دٔسۍ</wf>
		<wf pos="VM">شُروع</wf>
		<wf pos="VM">کَرنہٕ</wf>
		<wf pos="VAUX">آمُت</wf>
		<wf pos="NN">سُکوٗل</wf>
		<wf pos="VAUX">چُھ</wf>
		<wf pos="RB">اَز</wf>
		<wf pos="NN">کَل</wf>
		<wf pos="JJ" sense_id="1">بَنٛد</wf>
		<wf pos="SYM">۔</wf>
</sentence>
<sentence s_id="52">
		<wf pos="PRP">تیٚمۍ</wf>
		<wf pos="VM">کوٚر</wf>
		<wf pos="NN">پِنٛجرٕ</wf>
		<wf pos="PSP">منٛز</wf>
		<wf pos="JJ" sense_id="1">بَنٛد</wf>
		<wf pos="NN">پٔرِنٛدٕ</wf>
		<wf pos="NNP">آزاد</wf>
		<wf pos="SYM">۔</wf>
</sentence>
<sentence s_id="53">
		<wf pos="NN">ہونِ</wf>
		<wf pos="VAUX">چُھ</wf>
		<wf pos="NN">زٔنٛجیٖرو</wf>
		<wf pos="PSP">سۭتۍ</wf>
		<wf pos="JJ" sense_id="1">بَنٛد</wf>
		<wf pos="SYM">۔</wf>
</sentence>
<sentence s_id="54">
		<wf pos="NN">ڈیٖڈِ</wf>
		<wf pos="PSP">منٛز</wf>
		<wf pos="VM">لٔگِتھ</wf>
		<wf pos="JJ">شیٚشتٕر</wf>
		<wf pos="NN">کَرٮ۪ن</wf>
		<wf pos="PSP">ہٕنٛز</wf>
		<wf pos="NN">رَز</wf>
		<wf pos="DEM">ییٚمہِ</wf>
		<wf pos="PSP">سۭتۍ</wf>
		<wf pos="PRP">سۄ</wf>
		<wf pos="JJ" sense_id="1">بَنٛد</wf>
		<wf pos="VAUX">چھِ</wf>
		<wf pos="NN">کَران:بہٕ</wf>
		<wf pos="VAUX">چُھ</wf>
		<wf pos="NNC">شام</wf>
		<wf pos="NN">وَقتَن</wf>
		<wf pos="NN">ڈیڈِ</wf>
		<wf pos="PSP">ہٕنٛز</wf>
		<wf pos="NN">ہانٛکَل</wf>
		<wf pos="JJ" sense_id="1">بَنٛد</wf>
		<wf pos="VM">کَران</wf>
		<wf pos="SYM">۔</wf>
</sentence>
<sentence s_id="55">
		<wf pos="NN">سِپاہَن</wf>
		<wf pos="VM">روٚٹ</wf>
		<wf pos="NN">ژوٗر</wf>
		<wf pos="NN">بَنٛدسَپاہَن</wf>
		<wf pos="VM">روٚٹ</wf>
		<wf pos="NN">ژوٗر</wf>
		<wf pos="NN">زٔنٛجیٖرو</wf>
		<wf pos="PSP">سۭتۍ</wf>
		<wf pos="JJ" sense_id="1">بَنٛد</wf>
		<wf pos="SYM">۔</wf>
</sentence>
<sentence s_id="56">
		<wf pos="QC">تیٚمہِ</wf>
		<wf pos="PSP">سُنٛد</wf>
		<wf pos="PRP">پرٛٮ۪تھ</wf>
		<wf pos="PRP">کانٛہہ</wf>
		<wf pos="NN">کار</wf>
		<wf pos="VAUX">چُھ</wf>
		<wf pos="RB">قٲیدٕ</wf>
		<wf pos="JJ" sense_id="1">بَنٛد</wf>
		<wf pos="VM">پَکان</wf>
		<wf pos="SYM">۔</wf>
</sentence>
<sentence s_id="57">
		<wf pos="JJ">سٕتٕھر،ریٖشِم</wf>
		<wf pos="NN">بیترِ</wf>
		<wf pos="VM">وٕٹھِتھ</wf>
		<wf pos="VM">بَناوَن</wf>
		<wf pos="VM">یِنہٕ</wf>
		<wf pos="PRP">واجیٚن</wf>
		<wf pos="QC">مٔٹۍ</wf>
		<wf pos="JJ">داو:ریٖشِم</wf>
		<wf pos="NN">ڈوری</wf>
		<wf pos="PSP">سۭتۍ</wf>
		<wf pos="VM">کوٚر</wf>
		<wf pos="PRP">تٔمۍ</wf>
		<wf pos="NN">تحفہٕ</wf>
		<wf pos="JJ" sense_id="1">بَنٛد</wf>
		<wf pos="SYM">۔</wf>
</sentence>
<sentence s_id="58">
		<wf pos="NN">سِپاہَن</wf>
		<wf pos="VM">کوٚر</wf>
		<wf pos="NN">حَوالاتَس</wf>
		<wf pos="PSP">منٛز</wf>
		<wf pos="CC">بےٚ</wf>
		<wf pos="JJ">گۄناہ</wf>
		<wf pos="JJ" sense_id="1">بَنٛد</wf>
		<wf pos="JJ">گۄناہ</wf>
		<wf pos="NN">گار</wf>
		<wf pos="PSP">سٕنٛدۍ</wf>
		<wf pos="PSP">بَدلہٕ</wf>
		<wf pos="SYM">۔</wf>
</sentence>
<sentence s_id="59">
		<wf pos="NEG">کُنہٕ</wf>
		<wf pos="NN">بانَس</wf>
		<wf pos="PSP">منٛز</wf>
		<wf pos="JJ">واریاہ</wf>
		<wf pos="NN">چیٖز</wf>
		<wf pos="VM">تھاوِتھ</wf>
		<wf pos="CC">بیٚیہٕ</wf>
		<wf pos="DEM">یَتھ</wf>
		<wf pos="JJ">گوٚل</wf>
		<wf pos="JJ" sense_id="1">بَنٛد</wf>
		<wf pos="VM">کٔرِتھ</wf>
		<wf pos="NN">نارَس</wf>
		<wf pos="PSP">پٮ۪ٹھ</wf>
		<wf pos="VM">تیار</wf>
		<wf pos="VM">کَرنٕچ</wf>
		<wf pos="NN">عَمَل:یہِ</wf>
		<wf pos="NN">سَبزی</wf>
		<wf pos="VAUX">چھِ</wf>
		<wf pos="NN">دَم</wf>
		<wf pos="VM">دِتھ</wf>
		<wf pos="VM">بَناونہٕ</wf>
		<wf pos="VAUX">آمٕژ</wf>
		<wf pos="SYM">۔</wf>
</sentence>
<sentence s_id="60">
		<wf pos="DEM">ییٚمہِ</wf>
		<wf pos="PSP">سۭتۍ</wf>
		<wf pos="NN">مٮ۪وٕ</wf>
		<wf pos="CC">یا</wf>
		<wf pos="NN">پَن</wf>
		<wf pos="NN">کُلِس</wf>
		<wf pos="PSP">سۭتۍ</wf>
		<wf pos="JJ" sense_id="1">بَنٛد</wf>
		<wf pos="VAUX">چُھ</wf>
		<wf pos="QC">آسان:تیٚمہِ</wf>
		<wf pos="PSP">سٕنٛدِ</wf>
		<wf pos="QC">اَکے</wf>
		<wf pos="NN">نِشانہٕ</wf>
		<wf pos="PSP">سۭتۍ</wf>
		<wf pos="VAUX">گٔے</wf>
		<wf pos="NN">اَمب</wf>
		<wf pos="NN">دَنٛد</wf>
		<wf pos="PSP">ہٮ۪تھ</wf>
		<wf pos="NN">لَنٛجہِ</wf>
		<wf pos="PSP">نِش</wf>
		<wf pos="JJ">اَلَگ</wf>
		<wf pos="SYM">۔</wf>
</sentence>
<sentence s_id="61">
		<wf pos="QF">نٔلۍ</wf>
		<wf pos="NN">کَر</wf>
		<wf pos="JJ" sense_id="1">بَنٛد</wf>
		<wf pos="SYM">۔</wf>
</sentence>
<sentence s_id="62">
		<wf pos="DEM">ییٚمہِ</wf>
		<wf pos="NNP">بُدھ</wf>
		<wf pos="NN">مَٹھ</wf>
		<wf pos="VAUX">چُھ</wf>
		<wf pos="JJ">واریاہ</wf>
		<wf pos="NN">کالہٕ</wf>
		<wf pos="PSP">پٮ۪ٹھہٕ</wf>
		<wf pos="JJ" sense_id="1">بَنٛد</wf>
		<wf pos="SYM">۔</wf>
</sentence>
<sentence s_id="63">
		<wf pos="NN">شۄنٛگنہٕ</wf>
		<wf pos="NN">وِزِ</wf>
		<wf pos="VAUX">چُھ</wf>
		<wf pos="NN">أچھ</wf>
		<wf pos="NN">ٹور</wf>
		<wf pos="JJ" sense_id="1">بَنٛد</wf>
		<wf pos="NN">گَژھانشُرۍ</wf>
		<wf pos="VAUX">اوس</wf>
		<wf pos="NNC">بار</wf>
		<wf pos="NN">بار</wf>
		<wf pos="NN">أچھ</wf>
		<wf pos="NN">ٹٲرۍ</wf>
		<wf pos="VM">وَٹان</wf>
		<wf pos="CC">تہٕ</wf>
		<wf pos="VM">کُھلاوان</wf>
		<wf pos="SYM">۔</wf>
</sentence>
<sentence s_id="64">
		<wf pos="RB">گانہٕ</wf>
		<wf pos="NN">وانَس</wf>
		<wf pos="PSP">پٮ۪ٹھ</wf>
		<wf pos="NN">پابٔنٛدی</wf>
		<wf pos="VM">لَگاونہٕ</wf>
		<wf pos="PSP">سٕتۍ</wf>
		<wf pos="VAUX">گَژھہِ</wf>
		<wf pos="NN">گانہٕ</wf>
		<wf pos="NN">وان</wf>
		<wf pos="PRP">پٲنۍ</wf>
		<wf pos="PRP">پانَے</wf>
		<wf pos="JJ" sense_id="1">بَنٛد</wf>
		<wf pos="SYM">۔</wf>
</sentence>
<sentence s_id="65">
		<wf pos="PRP">سُہ</wf>
		<wf pos="NN">بُہٕرۍ</wf>
		<wf pos="DEM">یۄس</wf>
		<wf pos="JJ">لۄکٕٹۍ</wf>
		<wf pos="PRP">آسہِ:سُہ</wf>
		<wf pos="VAUX">اوس</wf>
		<wf pos="JJ">لۄکچہِ</wf>
		<wf pos="NN">بۄہرِ</wf>
		<wf pos="PSP">منٛز</wf>
		<wf pos="NN">دانہِ</wf>
		<wf pos="JJ" sense_id="1">بَنٛد</wf>
		<wf pos="VM">کَران</wf>
		<wf pos="SYM">۔</wf>
</sentence>
<sentence s_id="66">
		<wf pos="NN">قِعلُک</wf>
		<wf pos="JJ">اَہَم</wf>
		<wf pos="NNC">اۄعہدٕدار:دُشمَنَن</wf>
		<wf pos="PSP">نِش</wf>
		<wf pos="NEG">بَچنہٕ</wf>
		<wf pos="PSP">خٲطرٕ</wf>
		<wf pos="VM">کٔر</wf>
		<wf pos="NN">قِعلہٕ</wf>
		<wf pos="NNP">دَرَن</wf>
		<wf pos="NN">قٕعلٕکۍ</wf>
		<wf pos="PRP">سٲری</wf>
		<wf pos="NN">دَروازٕ</wf>
		<wf pos="JJ" sense_id="1">بَنٛد</wf>
		<wf pos="SYM">۔</wf>
</sentence>
<sentence s_id="67">
		<wf pos="PRP">سُہ</wf>
		<wf pos="NN">کاغز</wf>
		<wf pos="PRP">یُس</wf>
		<wf pos="QC">تیٚمہِ</wf>
		<wf pos="NN">وِزِ</wf>
		<wf pos="VAUX">چُھ</wf>
		<wf pos="VM">بَناونہٕ</wf>
		<wf pos="VAUX">یِوان</wf>
		<wf pos="RB">ییٚلہِ</wf>
		<wf pos="PRP">کانٛہہ</wf>
		<wf pos="NN">چیٖز</wf>
		<wf pos="JJ" sense_id="1">بَنٛد</wf>
		<wf pos="VAUX">چُھ</wf>
		<wf pos="VM">یِوان</wf>
		<wf pos="NN">تھاونہٕ:سَرافَن</wf>
		<wf pos="VM">ہیٚتۍ</wf>
		<wf pos="NN">قَرِض</wf>
		<wf pos="NN">دارَس</wf>
		<wf pos="NN">گِروی</wf>
		<wf pos="NN">نامَس</wf>
		<wf pos="PSP">پٮ۪ٹھ</wf>
		<wf pos="NN">دَستخط</wf>
		<wf pos="SYM">۔</wf>
</sentence>
<sentence s_id="68">
		<wf pos="DEM">سو</wf>
		<wf pos="NN">ٹوٗپۍ</wf>
		<wf pos="DEM">ییٚمہِ</wf>
		<wf pos="PSP">سۭتۍ</wf>
		<wf pos="NN">کَن</wf>
		<wf pos="CC">تہٕ</wf>
		<wf pos="PSP">کَلہٕ</wf>
		<wf pos="JJ" sense_id="1">بَنٛد</wf>
		<wf pos="VAUX">چھِ</wf>
		<wf pos="NN">روزان:تۭرِ</wf>
		<wf pos="PSP">نِش</wf>
		<wf pos="VM">بَچنہٕ</wf>
		<wf pos="PSP">خٲطرٕ</wf>
		<wf pos="VAUX">چُھ</wf>
		<wf pos="JJ">بٕڈٕ</wf>
		<wf pos="NN">بَب</wf>
		<wf pos="NN">کَنٛٹوپ</wf>
		<wf pos="VM">لٲگِتھ</wf>
		<wf pos="SYM">۔</wf>
</sentence>
<sentence s_id="69">
		<wf pos="RB">آوارٕ</wf>
		<wf pos="NN">ہونٮ۪ن</wf>
		<wf pos="VM">آو</wf>
		<wf pos="NN">بَچہٕ</wf>
		<wf pos="JJ" sense_id="1">بَنٛد</wf>
		<wf pos="VM">کَرنہٕ</wf>
		<wf pos="SYM">۔</wf>
</sentence>
<sentence s_id="70">
		<wf pos="QC">قۭدۍ</wf>
		<wf pos="VAUX">چُھ</wf>
		<wf pos="NN">حَدٕ</wf>
		<wf pos="JJ" sense_id="1">بَنٛد</wf>
		<wf pos="NN">عَلاقَس</wf>
		<wf pos="PSP">منٛز</wf>
		<wf pos="VM">تھاونہٕ</wf>
		<wf pos="VAUX">آمُت</wf>
		<wf pos="SYM">۔</wf>
</sentence>
<sentence s_id="71">
		<wf pos="VM">روٗد</wf>
		<wf pos="VAUX">اوس</wf>
		<wf pos="JJ" sense_id="1">بَنٛد</wf>
		<wf pos="VM">گومُت</wf>
		<wf pos="CC">مَگَر</wf>
		<wf pos="RB">توتہِ</wf>
		<wf pos="VAUX">اوس</wf>
		<wf pos="NN">ٹَپ</wf>
		<wf pos="NN">ٹَپ</wf>
		<wf pos="VM">بوزنہٕ</wf>
		<wf pos="VAUX">یِوان</wf>
		<wf pos="SYM">۔</wf>
</sentence>
<sentence s_id="72">
		<wf pos="NNC">ۂسۍ</wf>
		<wf pos="PSP">سٕنٛدِس</wf>
		<wf pos="NN">ۂٹِس</wf>
		<wf pos="PSP">منٛز</wf>
		<wf pos="QC">اَکھ</wf>
		<wf pos="NN">رَز</wf>
		<wf pos="DEM">یَتھ</wf>
		<wf pos="PSP">منٛز</wf>
		<wf pos="NN">کھۄر</wf>
		<wf pos="JJ" sense_id="1">بَنٛد</wf>
		<wf pos="VAUX">چھِ</wf>
		<wf pos="VAUX">روزان:ۂسِس</wf>
		<wf pos="PSP">پٮ۪ٹھ</wf>
		<wf pos="NN">بِہتٕھے</wf>
		<wf pos="VM">کٔرۍ</wf>
		<wf pos="NN">مَہاوَتَن</wf>
		<wf pos="NN">پَنٕنٛۍ</wf>
		<wf pos="XC">کھۄر</wf>
		<wf pos="NN">کِلاوَس</wf>
		<wf pos="PSP">منٛز</wf>
		<wf pos="JJ" sense_id="1">بَنٛد</wf>
		<wf pos="SYM">۔</wf>
</sentence>
<sentence s_id="73">
		<wf pos="JJ">پیچ</wf>
		<wf pos="NN">کُیل</wf>
		<wf pos="VAUX">چُھ</wf>
		<wf pos="NN">وَر</wf>
		<wf pos="VM">دِتھ</wf>
		<wf pos="JJ" sense_id="1">بَنٛد</wf>
		<wf pos="VM">کَرنہٕ</wf>
		<wf pos="VAUX">یِوان</wf>
		<wf pos="SYM">۔</wf>
</sentence>
<sentence s_id="74">
		<wf pos="NN">ییٚمہٕ</wf>
		<wf pos="PSP">قٕعلُک</wf>
		<wf pos="JJ" sense_id="1">بَنٛد</wf>
		<wf pos="NN">دَروازٕ</wf>
		<wf pos="VAUX">چُھ</wf>
		<wf pos="NN">دۄہَس</wf>
		<wf pos="QC">اَکہِ</wf>
		<wf pos="NN">لَٹہِ</wf>
		<wf pos="PSP">کُھلانہوسٹَلُک</wf>
		<wf pos="NN">دَروازٕ</wf>
		<wf pos="VAUX">چُھ</wf>
		<wf pos="RB">ٲٹھے</wf>
		<wf pos="NN">بَجہٕ</wf>
		<wf pos="JJ" sense_id="3">بَنٛد</wf>
		<wf pos="VM">گَژھان</wf>
		<wf pos="SYM">۔</wf>
</sentence>
<sentence s_id="75">
		<wf pos="PRP">تَس</wf>
		<wf pos="VAUX">چُھ</wf>
		<wf pos="NEG">نہٕ</wf>
		<wf pos="JJ">وٕنہِ</wf>
		<wf pos="NN">بوٗٹَس</wf>
		<wf pos="NN">فیٖتہٕ</wf>
		<wf pos="RDP">تَگان</wf>
		<wf pos="JJ" sense_id="3">بَنٛد</wf>
		<wf pos="VM">کَرُن</wf>
		<wf pos="SYM">۔</wf>
</sentence>
<sentence s_id="76">
		<wf pos="NN">آبٲدی</wf>
		<wf pos="NN">کَم</wf>
		<wf pos="VM">کَرنہٕ</wf>
		<wf pos="PSP">خٲطرٕ</wf>
		<wf pos="VM">چھہٕ</wf>
		<wf pos="NN">لُکَن</wf>
		<wf pos="NN">بَچہٕ</wf>
		<wf pos="JJ" sense_id="1">بَنٛد</wf>
		<wf pos="VM">کَرنُک</wf>
		<wf pos="NN">صَلاح</wf>
		<wf pos="VM">دِنہٕ</wf>
		<wf pos="VAUX">یِوان</wf>
		<wf pos="SYM">۔</wf>
</sentence>
<sentence s_id="77">
		<wf pos="DEM">یَتھ</wf>
		<wf pos="NN">بیٛگَس</wf>
		<wf pos="NEG">چُھنہٕ</wf>
		<wf pos="NN">بَکٕل</wf>
		<wf pos="JJ" sense_id="1">بَنٛد</wf>
		<wf pos="VM">گَژھان</wf>
		<wf pos="SYM">۔</wf>
</sentence>
<sentence s_id="78">
		<wf pos="NN">أچھ</wf>
		<wf pos="JJ" sense_id="1">بَنٛد</wf>
		<wf pos="VM">کٔرِتھ</wf>
		<wf pos="CC">تہٕ</wf>
		<wf pos="NNP">خۄدایَس</wf>
		<wf pos="PSP">مُطلِق</wf>
		<wf pos="VM">سونٛچنہٕ</wf>
		<wf pos="PSP">سۭتۍ</wf>
		<wf pos="VAUX">چُھ</wf>
		<wf pos="NN">تَسلی</wf>
		<wf pos="VM">میلان</wf>
		<wf pos="SYM">۔</wf>
</sentence>
<sentence s_id="79">
		<wf pos="NN">گُرِس</wf>
		<wf pos="NN">سَوار</wf>
		<wf pos="VAUX">گَژھنہٕ</wf>
		<wf pos="NN">وِزِ</wf>
		<wf pos="DEM">یَتھ</wf>
		<wf pos="PSP">منٛز</wf>
		<wf pos="NN">کھۄر</wf>
		<wf pos="JJ" sense_id="1">بَنٛد</wf>
		<wf pos="VAUX">چھِ</wf>
		<wf pos="NN">روزان:گُرۍ</wf>
		<wf pos="NN">سَوارَن</wf>
		<wf pos="NN">پَھسٲوۍ</wf>
		<wf pos="XC">کھۄر</wf>
		<wf pos="NN">رِکابَس</wf>
		<wf pos="PSP">منٛز</wf>
		<wf pos="NN">گُرِس</wf>
		<wf pos="PSP">پٮ۪ٹھ</wf>
		<wf pos="VM">بہنہٕ</wf>
		<wf pos="NN">وِزِ</wf>
		<wf pos="SYM">۔</wf>
</sentence>
<sentence s_id="80">
		<wf pos="JJ">نٲوِ</wf>
		<wf pos="NN">زٲژ</wf>
		<wf pos="PSP">ہٕنٛز</wf>
		<wf pos="NN">زَنان:نٲوِدباے</wf>
		<wf pos="VAUX">ٲس</wf>
		<wf pos="NN">مہرِنہِ</wf>
		<wf pos="CC">تہٕ</wf>
		<wf pos="NN">مہرازَس</wf>
		<wf pos="NNC">گَنٛڈ</wf>
		<wf pos="JJ" sense_id="1">بَنٛد</wf>
		<wf pos="VM">کَران</wf>
		<wf pos="SYM">۔</wf>
</sentence>
<sentence s_id="81">
		<wf pos="PRP">کُنہِ</wf>
		<wf pos="NN">گاسُک</wf>
		<wf pos="CC">یا</wf>
		<wf pos="PRP">کُنہِ</wf>
		<wf pos="NN">کُلچہِ</wf>
		<wf pos="NN">لَنٛجہِ</wf>
		<wf pos="PSP">ہُنٛد</wf>
		<wf pos="NN">لَکُٹ</wf>
		<wf pos="RP">تہِ</wf>
		<wf pos="JJ">زٲیُل</wf>
		<wf pos="RB">بِتھِم</wf>
		<wf pos="NN">حصہِ:نَستہِ</wf>
		<wf pos="PSP">ہُنٛد</wf>
		<wf pos="NN">گود</wf>
		<wf pos="JJ" sense_id="2">بَنٛد</wf>
		<wf pos="NEG">نَہ</wf>
		<wf pos="NN">گَژھنہِ</wf>
		<wf pos="PSP">باپَتھ</wf>
		<wf pos="VAUX">چھےٚ</wf>
		<wf pos="NNP">پُشپا</wf>
		<wf pos="NN">نَستہِ</wf>
		<wf pos="PSP">منٛز</wf>
		<wf pos="NN">تُجۍ</wf>
		<wf pos="VM">تھٲومٕژ</wf>
		<wf pos="SYM">۔</wf>
</sentence>
<sentence s_id="82">
		<wf pos="INTF">واریاہ</wf>
		<wf pos="RDP">زیٛادٕ</wf>
		<wf pos="NNP">بَرف</wf>
		<wf pos="NN">بٲری</wf>
		<wf pos="PSP">سۭتۍ</wf>
		<wf pos="NN">گٔیہٕ</wf>
		<wf pos="JJ">سارے</wf>
		<wf pos="NN">وَتہٕ</wf>
		<wf pos="JJ" sense_id="2">بَنٛد</wf>
		<wf pos="SYM">۔</wf>
</sentence>
<sentence s_id="83">
		<wf pos="NNC">ہَوٲیی</wf>
		<wf pos="NN">جَہازُک</wf>
		<wf pos="VM">اِنٛجِن</wf>
		<wf pos="JJ" sense_id="1">بَنٛد</wf>
		<wf pos="VAUX">گَژھنہٕ</wf>
		<wf pos="PSP">سۭتۍ</wf>
		<wf pos="VAUX">گٔے</wf>
		<wf pos="JJ">اٮ۪بَرجَنسی</wf>
		<wf pos="VM">پٲدٕ</wf>
		<wf pos="SYM">۔</wf>
</sentence>
<sentence s_id="84">
		<wf pos="NN">دَروازَس</wf>
		<wf pos="JJ" sense_id="1">بَنٛد</wf>
		<wf pos="VM">کَرنہٕ</wf>
		<wf pos="PSP">خٲطرِ</wf>
		<wf pos="QC">اَکھ</wf>
		<wf pos="NN">چیٖز</wf>
		<wf pos="DEM">یُس</wf>
		<wf pos="NN">کَرِ</wf>
		<wf pos="PSP">سۭتۍ</wf>
		<wf pos="VAUX">چُھ</wf>
		<wf pos="JJ" sense_id="1">بَنٛد</wf>
		<wf pos="PSP">کَرنہِ</wf>
		<wf pos="NN">یِوان:دَروازِ</wf>
		<wf pos="PSP">بَنٛ</wf>
		<wf pos="VM">کَرنہٕ</wf>
		<wf pos="PSP">باپَتھ</wf>
		<wf pos="VM">کٔر</wf>
		<wf pos="NNPC">سیٖتا</wf>
		<wf pos="JJ">ہانٛکَل</wf>
		<wf pos="NN">کٔرِس</wf>
		<wf pos="PSP">منٛز</wf>
		<wf pos="JJ" sense_id="1">بَنٛد</wf>
		<wf pos="SYM">۔</wf>
</sentence>
<sentence s_id="85">
		<wf pos="PRP">سُہ</wf>
		<wf pos="PRP">یُس</wf>
		<wf pos="PSP">جیٚن</wf>
		<wf pos="NN">مَزہَبُک</wf>
		<wf pos="NN">مانَن</wf>
		<wf pos="PSP">وول</wf>
		<wf pos="PRP">آسہِ:کیٚنٛہہ</wf>
		<wf pos="NN">جینی</wf>
		<wf pos="VAUX">چھِ</wf>
		<wf pos="PRP">پَنُن</wf>
		<wf pos="NN">بُتھ،نَس</wf>
		<wf pos="JJ" sense_id="1">بَنٛد</wf>
		<wf pos="VM">کٔرِتھاوان</wf>
		<wf pos="SYM">۔</wf>
</sentence>
<sentence s_id="86">
		<wf pos="NN">بٲنٛسو</wf>
		<wf pos="JJ">پٔترین</wf>
		<wf pos="NN">بیترِ</wf>
		<wf pos="PSP">ہُنٛد</wf>
		<wf pos="VM">بَنیٚومُت</wf>
		<wf pos="QC">اَکھ</wf>
		<wf pos="JJ">ٹھانٛڑٕ</wf>
		<wf pos="POW">دار</wf>
		<wf pos="NN">ڈَبہِ:پِٹارَس</wf>
		<wf pos="PSP">منٛز</wf>
		<wf pos="VAUX">چُھ</wf>
		<wf pos="NN">سانٛپ</wf>
		<wf pos="JJ" sense_id="1">بَنٛد</wf>
		<wf pos="VM">آسان</wf>
		<wf pos="SYM">۔</wf>
</sentence>
<sentence s_id="87">
		<wf pos="NN">جانوَرن</wf>
		<wf pos="VAUX">چھِ</wf>
		<wf pos="VM">رَزِ</wf>
		<wf pos="CC">یا</wf>
		<wf pos="NN">ہانٛکلہِ</wf>
		<wf pos="PSP">سۭتۍ</wf>
		<wf pos="JJ" sense_id="3">بَنٛد</wf>
		<wf pos="VM">تھاوان</wf>
		<wf pos="SYM">۔</wf>
</sentence>
<sentence s_id="88">
		<wf pos="NN">مازَس</wf>
		<wf pos="NN">ٲڈجَن</wf>
		<wf pos="PSP">سۭتۍ</wf>
		<wf pos="JJ" sense_id="3">بَنٛد</wf>
		<wf pos="VM">کَرنہٕ</wf>
		<wf pos="PSP">باپَتھ</wf>
		<wf pos="QC">اَکھ</wf>
		<wf pos="JJ">وِیٲٹھ</wf>
		<wf pos="RP">تہِ</wf>
		<wf pos="NN">مَضبوٗت</wf>
		<wf pos="NN">نَس:نَور</wf>
		<wf pos="NN">مَضبوٗت</wf>
		<wf pos="VM">کَرنہٕ</wf>
		<wf pos="PSP">باپَتھ</wf>
		<wf pos="VAUX">چُھ</wf>
		<wf pos="PRP">سُہ</wf>
		<wf pos="JJ">ہَر</wf>
		<wf pos="NN">دَوہ</wf>
		<wf pos="NN">وَرزِش</wf>
		<wf pos="VM">کَران</wf>
		<wf pos="SYM">۔</wf>
</sentence>
<sentence s_id="89">
		<wf pos="NN">کانٛسہِ</wf>
		<wf pos="PSP">نِش</wf>
		<wf pos="PRP">پَنٕنۍ</wf>
		<wf pos="NN">مُطالبہٕ</wf>
		<wf pos="JJ">پوٗرٕ</wf>
		<wf pos="VM">کَرناونہٕ</wf>
		<wf pos="PSP">باپَتھ</wf>
		<wf pos="CC">یا</wf>
		<wf pos="PRP">کانٛہہ</wf>
		<wf pos="JJ">غٲر</wf>
		<wf pos="JJ">قونونی</wf>
		<wf pos="NN">کان</wf>
		<wf pos="JJ" sense_id="4">بَنٛد</wf>
		<wf pos="VM">کَرناونہٕ</wf>
		<wf pos="PSP">باپَتھ</wf>
		<wf pos="PRP">کُنہِ</wf>
		<wf pos="NN">جاے</wf>
		<wf pos="NN">یَکجہہ</wf>
		<wf pos="NN">بِہُن:سٲرسی</wf>
		<wf pos="NN">مٕلکَس</wf>
		<wf pos="PSP">منٛز</wf>
		<wf pos="VAUX">آو</wf>
		<wf pos="RB">رُشوَتکھوری</wf>
		<wf pos="JJ">خٕلاف</wf>
		<wf pos="VM">درنہٕ</wf>
		<wf pos="VM">دِنہٕ</wf>
		<wf pos="SYM">۔</wf>
</sentence>
<sentence s_id="90">
		<wf pos="PSP">کَلُک</wf>
		<wf pos="NN">زِیوٗٹ</wf>
		<wf pos="RP">تہِ</wf>
		<wf pos="NN">گۄن</wf>
		<wf pos="NN">مَس</wf>
		<wf pos="RB">اِکوَٹہٕ</wf>
		<wf pos="JJ" sense_id="1">بَنٛد</wf>
		<wf pos="NN">کٔرِتھ:ٹرینہِ</wf>
		<wf pos="PSP">منٛز</wf>
		<wf pos="VAUX">آسہٕ</wf>
		<wf pos="DEM">زِ</wf>
		<wf pos="NN">زَنانہٕ</wf>
		<wf pos="QC">اَکھ</wf>
		<wf pos="NN">ٲکۍ</wf>
		<wf pos="PSP">سُنٛد</wf>
		<wf pos="NN">لوٚٹ</wf>
		<wf pos="VM">رٔٹِتھ</wf>
		<wf pos="VM">لَمان</wf>
		<wf pos="SYM">۔</wf>
</sentence>
<sentence s_id="91">
		<wf pos="NN">مُناہَس</wf>
		<wf pos="PSP">خٲطرٕ</wf>
		<wf pos="VAUX">چھےٚ</wf>
		<wf pos="NN">ماجہِ</wf>
		<wf pos="NN">بَنٛگلورَس</wf>
		<wf pos="PSP">منٛز</wf>
		<wf pos="NN">أکِس</wf>
		<wf pos="NN">کورِ</wf>
		<wf pos="PSP">سۭتۍ</wf>
		<wf pos="NN">کَتھ</wf>
		<wf pos="JJ" sense_id="1">بَنٛد</wf>
		<wf pos="NN">کٔرمٕژھ</wf>
		<wf pos="SYM">۔</wf>
</sentence>
<sentence s_id="92">
		<wf pos="NNP">اُستادَن</wf>
		<wf pos="VM">ووٚن</wf>
		<wf pos="NN">طٲلبہٕ</wf>
		<wf pos="NN">عٔلمَن</wf>
		<wf pos="RB">سٔتِم</wf>
		<wf pos="JJ" sense_id="1">بَنٛد</wf>
		<wf pos="NN">یاد</wf>
		<wf pos="VM">کَرنہٕ</wf>
		<wf pos="PSP">خٲطرٕ</wf>
		<wf pos="SYM">۔</wf>
</sentence>
<sentence s_id="93">
		<wf pos="PRP">تِمَو</wf>
		<wf pos="VM">تھوٚو</wf>
		<wf pos="JJ">سورُے</wf>
		<wf pos="NN">سۄن</wf>
		<wf pos="NN">کَنٮ۪ن</wf>
		<wf pos="PSP">مَنٛز</wf>
		<wf pos="JJ" sense_id="1">بَنٛد</wf>
		<wf pos="SYM">۔</wf>
</sentence>
<sentence s_id="94">
		<wf pos="PRP">سۄ</wf>
		<wf pos="NN">رَز</wf>
		<wf pos="DEM">یۄس</wf>
		<wf pos="JJ">سرٛان</wf>
		<wf pos="NN">کَرَن</wf>
		<wf pos="NN">وَقتہٕ</wf>
		<wf pos="NN">دانٛدَن</wf>
		<wf pos="CC">یا</wf>
		<wf pos="VM">گاوَن</wf>
		<wf pos="QC">ہٕنٛدؠ</wf>
		<wf pos="NN">کھوٚر</wf>
		<wf pos="JJ" sense_id="1">بَنٛد</wf>
		<wf pos="VM">کَرنَس</wf>
		<wf pos="QC">چھےٛ</wf>
		<wf pos="NN">لَگان:گوٗر</wf>
		<wf pos="QC">کٔرؠ</wf>
		<wf pos="NN">چھانٛد</wf>
		<wf pos="QC">سۭتؠ</wf>
		<wf pos="VM">گاوِ</wf>
		<wf pos="QC">ہٕنٛدؠ</wf>
		<wf pos="NNP">پٔتَم</wf>
		<wf pos="PRP">دونوَے</wf>
		<wf pos="NN">کھوٚر</wf>
		<wf pos="JJ" sense_id="4">بَنٛد</wf>
		<wf pos="SYM">۔</wf>
</sentence>
<sentence s_id="95">
		<wf pos="PRP">سۄ</wf>
		<wf pos="NN">بٮ۪مٲرۍ</wf>
		<wf pos="DEM">یَتھ</wf>
		<wf pos="PSP">منٛز</wf>
		<wf pos="NNP">پون</wf>
		<wf pos="VAUX">چھےٚ</wf>
		<wf pos="JJ" sense_id="2">بَنٛد</wf>
		<wf pos="VM">باسان</wf>
		<wf pos="NN">گٔمٕژ:قَبٕزَس</wf>
		<wf pos="PSP">منٛز</wf>
		<wf pos="VAUX">چُھ</wf>
		<wf pos="NN">پِشاب</wf>
		<wf pos="VM">کَرنَس</wf>
		<wf pos="NN">عذاب</wf>
		<wf pos="VM">گَژھان</wf>
		<wf pos="SYM">۔</wf>
</sentence>
<sentence s_id="96">
		<wf pos="NN">گُرٮ۪ن</wf>
		<wf pos="PSP">ہٕنٛز</wf>
		<wf pos="QC">اَکھ</wf>
		<wf pos="VM">بٮ۪مٲرۍ:زَبان</wf>
		<wf pos="JJ" sense_id="1">بَنٛد</wf>
		<wf pos="NN">بٮ۪۪مارِِٕ</wf>
		<wf pos="PSP">منٛز</wf>
		<wf pos="VAUX">چُھ</wf>
		<wf pos="NN">گُرِس</wf>
		<wf pos="VAUX">ٲس</wf>
		<wf pos="VM">روزان</wf>
		<wf pos="JJ" sense_id="1">بَنٛد</wf>
		<wf pos="SYM">۔</wf>
</sentence>
<sentence s_id="97">
		<wf pos="NN">بٔلیکَس</wf>
		<wf pos="PSP">مَنٛز</wf>
		<wf pos="NN">کٕنٛنہٕ</wf>
		<wf pos="PSP">خٲطرٕ</wf>
		<wf pos="NN">غَلہٕ</wf>
		<wf pos="RB">ژوٗرِ</wf>
		<wf pos="VM">تھاوَن</wf>
		<wf pos="PSP">وول</wf>
		<wf pos="NN">شَخٕص:پُلیٖسَن</wf>
		<wf pos="VM">رٔٹۍ</wf>
		<wf pos="QC">زٕ</wf>
		<wf pos="JJ">غَلہٕ</wf>
		<wf pos="NN">ژوٗر</wf>
		<wf pos="CC">تہٕ</wf>
		<wf pos="VM">کٔرِکھ</wf>
		<wf pos="NN">تھانَس</wf>
		<wf pos="PSP">مَنٛز</wf>
		<wf pos="JJ" sense_id="1">بَنٛد</wf>
		<wf pos="SYM">۔</wf>
</sentence>
<sentence s_id="98">
		<wf pos="PRP">سُہ</wf>
		<wf pos="DEM">یُس</wf>
		<wf pos="NN">جَنٛگلی</wf>
		<wf pos="NN">جانوَرن</wf>
		<wf pos="PSP">ہُنٛد</wf>
		<wf pos="NN">شِکار</wf>
		<wf pos="VAUX">آسہِ</wf>
		<wf pos="VM">کَران:سپہٲو</wf>
		<wf pos="VM">روٚٹ</wf>
		<wf pos="NN">شِکار</wf>
		<wf pos="NN">کَرَن</wf>
		<wf pos="PSP">وول</wf>
		<wf pos="NN">نَفَر</wf>
		<wf pos="CC">تہٕ</wf>
		<wf pos="VM">کوٚرُکھ</wf>
		<wf pos="NN">حَوالاتَس</wf>
		<wf pos="PSP">منٛز</wf>
		<wf pos="JJ" sense_id="1">بَنٛد</wf>
		<wf pos="SYM">۔</wf>
</sentence>
<sentence s_id="99">
		<wf pos="PRP">سُہ</wf>
		<wf pos="NN">چیٖز</wf>
		<wf pos="VM">ییٚمچۍ</wf>
		<wf pos="NN">کٔمی</wf>
		<wf pos="VAUX">چھےٚ</wf>
		<wf pos="NN">آسان:جیلَس</wf>
		<wf pos="PSP">منٛز</wf>
		<wf pos="JJ" sense_id="1">بَنٛد</wf>
		<wf pos="NN">نَفرَس</wf>
		<wf pos="VAUX">چُھ</wf>
		<wf pos="PRP">پَننہِ</wf>
		<wf pos="JJ">غٲر</wf>
		<wf pos="NN">باز</wf>
		<wf pos="NNP">آباد</wf>
		<wf pos="POW">کٲری</wf>
		<wf pos="PSP">ہُنٛد</wf>
		<wf pos="NN">احساس</wf>
		<wf pos="SYM">۔</wf>
</sentence>
<sentence s_id="100">
		<wf pos="PRP">سُہ</wf>
		<wf pos="NN">دۄہ</wf>
		<wf pos="RB">یَیٚلہِ</wf>
		<wf pos="NN">بازَر</wf>
		<wf pos="VAUX">چُھ</wf>
		<wf pos="JJ" sense_id="1">بَنٛد</wf>
		<wf pos="NN">آسان:آتھوارِ</wf>
		<wf pos="NN">دۄہ</wf>
		<wf pos="VAUX">چھےٚ</wf>
		<wf pos="NN">چُھٹی</wf>
		<wf pos="VM">آسان</wf>
		<wf pos="SYM">۔</wf>
</sentence>
<sentence s_id="101">
		<wf pos="QC">اَکہِ</wf>
		<wf pos="NN">قٔسمُک</wf>
		<wf pos="NN">قٲلیٖنہٕ:جال</wf>
		<wf pos="JJ" sense_id="1">بَنٛد</wf>
		<wf pos="NEG">چُھنہٕ</wf>
		<wf pos="JJ">زیادٕ</wf>
		<wf pos="NN">درٛگ</wf>
		<wf pos="VM">گَژھان</wf>
		<wf pos="SYM">۔</wf>
</sentence>
<sentence s_id="102">
		<wf pos="NN">نٔزلہٕ</wf>
		<wf pos="VM">رُکاونہٕ</wf>
		<wf pos="PSP">خٲطرٕ</wf>
		<wf pos="NN">دۄشوٲنی</wf>
		<wf pos="VM">کَنہٕ</wf>
		<wf pos="NN">پھٮ۪زَن</wf>
		<wf pos="PSP">پٮ۪ٹھ</wf>
		<wf pos="VM">لَگاونہٕ</wf>
		<wf pos="VM">یِنہٕ</wf>
		<wf pos="PSP">وول</wf>
		<wf pos="JJ">أفیٖم</wf>
		<wf pos="CC">تہٕ</wf>
		<wf pos="JJ">چوٗنُک</wf>
		<wf pos="NN">مَلہم:نٔزلہٕ</wf>
		<wf pos="JJ" sense_id="3">بَنٛد</wf>
		<wf pos="PSP">سۭتۍ</wf>
		<wf pos="VAUX">چُھ</wf>
		<wf pos="NN">زُکامہٕ</wf>
		<wf pos="PSP">نِش</wf>
		<wf pos="NN">آرام</wf>
		<wf pos="VM">میٛلان</wf>
		<wf pos="SYM">۔</wf>
</sentence>
<sentence s_id="103">
		<wf pos="NN">ٹَھک</wf>
		<wf pos="VAUX">ٹَھک</wf>
		<wf pos="NNP">کَرنٕچۍ</wf>
		<wf pos="JJ">آواز:وَنۍ</wf>
		<wf pos="NN">کٔرو</wf>
		<wf pos="NN">ٹُھک</wf>
		<wf pos="NN">ٹھک</wf>
		<wf pos="VM">کَرُن</wf>
		<wf pos="JJ" sense_id="4">بَنٛد</wf>
		<wf pos="SYM">۔</wf>
</sentence>
<sentence s_id="104">
		<wf pos="RDP">نٔکھرٕ</wf>
		<wf pos="VM">ہاونٕچ</wf>
		<wf pos="RDP">کٲم:نٔکھرٕ</wf>
		<wf pos="VM">کٔرِو</wf>
		<wf pos="JJ" sense_id="1">بَنٛد</wf>
		<wf pos="CC">تہٕ</wf>
		<wf pos="NN">بِہِو</wf>
		<wf pos="PSP">پَرنہِ</wf>
		<wf pos="SYM">۔</wf>
</sentence>
<sentence s_id="105">
		<wf pos="PRP">ہُمِس</wf>
		<wf pos="NN">رَنٛگ</wf>
		<wf pos="NN">سازٕ</wf>
		<wf pos="PSP">سُنٛد</wf>
		<wf pos="NN">دُکان</wf>
		<wf pos="VAUX">چُھ</wf>
		<wf pos="JJ" sense_id="1">بَنٛد</wf>
		<wf pos="VM">گوٚمُت</wf>
		<wf pos="SYM">۔</wf>
</sentence>
<sentence s_id="106">
		<wf pos="VM">کٔرِو</wf>
		<wf pos="VM">وَنۍ</wf>
		<wf pos="PRP">تُہۍ</wf>
		<wf pos="PRP">پَنٕنۍ</wf>
		<wf pos="NN">دٔنٛدٕر</wf>
		<wf pos="JJ" sense_id="1">بَنٛد</wf>
		<wf pos="SYM">۔</wf>
</sentence>
<sentence s_id="107">
		<wf pos="PRP">تٔمِس</wf>
		<wf pos="VAUX">چُھ</wf>
		<wf pos="NN">ڈاکٹَرَن</wf>
		<wf pos="NN">ہیرَن</wf>
		<wf pos="VM">کَھسُن</wf>
		<wf pos="JJ" sense_id="2">بَنٛد</wf>
		<wf pos="VM">کوٚرمُت</wf>
		<wf pos="SYM">۔</wf>
</sentence>
<sentence s_id="108">
		<wf pos="NN">سُچ</wf>
		<wf pos="VM">دَبٲوِتھ</wf>
		<wf pos="VM">کٔر</wf>
		<wf pos="PRP">تٔمۍ</wf>
		<wf pos="RB">بٔتۍ</wf>
		<wf pos="JJ" sense_id="1">بَنٛد</wf>
		<wf pos="SYM">۔</wf>
</sentence>
<sentence s_id="109">
		<wf pos="JJ">مُخٲلِف</wf>
		<wf pos="NN">سَیاسَت</wf>
		<wf pos="POW">دانَن</wf>
		<wf pos="PSP">ہُنٛد</wf>
		<wf pos="VAUX">ٲس</wf>
		<wf pos="RB">کِتھہٕ</wf>
		<wf pos="NN">یِیہٕ</wf>
		<wf pos="JJ" sense_id="4">بَنٛد</wf>
		<wf pos="NEG">کَرنہٕ؟</wf>
		<wf pos="SYM">۔</wf>
</sentence>
<sentence s_id="110">
		<wf pos="NN">شٲری</wf>
		<wf pos="PSP">ہُنٛد</wf>
		<wf pos="JJ">بَنٛد:یتھ</wf>
		<wf pos="NN">شارَس</wf>
		<wf pos="PSP">منٛز</wf>
		<wf pos="VAUX">چِھ</wf>
		<wf pos="JJ">پانٛژ</wf>
		<wf pos="JJ" sense_id="3">بَنٛد</wf>
		<wf pos="SYM">۔</wf>
</sentence>
<sentence s_id="111">
		<wf pos="NN">شٲری</wf>
		<wf pos="PSP">ہُنٛد</wf>
		<wf pos="QC">اَکہِ</wf>
		<wf pos="NN">قٔسمُک</wf>
		<wf pos="PRP">بَنٛد:ارکانہِ</wf>
		<wf pos="NN">شعارَس</wf>
		<wf pos="PSP">منٛز</wf>
		<wf pos="VAUX">چِھ</wf>
		<wf pos="VM">آسان</wf>
		<wf pos="QC">دہ</wf>
		<wf pos="JJ" sense_id="4">بَنٛد</wf>
		<wf pos="SYM">۔</wf>
</sentence>
<sentence s_id="112">
		<wf pos="QC">اَکہِ</wf>
		<wf pos="NN">قٔسُک</wf>
		<wf pos="VM">پَلو</wf>
		<wf pos="DEM">یُس</wf>
		<wf pos="NN">گرمی</wf>
		<wf pos="VM">کَرنہٕ</wf>
		<wf pos="PSP">خٲطرٕ</wf>
		<wf pos="VAUX">چُھ</wf>
		<wf pos="NN">لَگا</wf>
		<wf pos="CC">بیٚیہِ</wf>
		<wf pos="PRP">چِھس</wf>
		<wf pos="VM">آسان</wf>
		<wf pos="NN">بٕتھہِ</wf>
		<wf pos="VM">بَٹن</wf>
		<wf pos="CC">یا</wf>
		<wf pos="NN">چین</wf>
		<wf pos="JJ" sense_id="1">بَنٛد</wf>
		<wf pos="VM">کَرنہٕ</wf>
		<wf pos="NN">خٲطرٕ:سردَیِ</wf>
		<wf pos="VAUX">چھےٚ</wf>
		<wf pos="JJ">واریاہ</wf>
		<wf pos="VM">کاڈگَنٕک</wf>
		<wf pos="NN">بَٹن</wf>
		<wf pos="NN">کَر</wf>
		<wf pos="JJ" sense_id="1">بَنٛد</wf>
		<wf pos="SYM">۔</wf>
</sentence>
<sentence s_id="113">
		<wf pos="PRP">کینہہ</wf>
		<wf pos="NN">کھٮ۪ن</wf>
		<wf pos="NN">چیز</wf>
		<wf pos="VAUX">چھِ</wf>
		<wf pos="VM">یوان</wf>
		<wf pos="JJ">خراب</wf>
		<wf pos="NEG">نَہ</wf>
		<wf pos="PRP">گژھنہ</wf>
		<wf pos="NN">باپَت</wf>
		<wf pos="NN">ہَوا</wf>
		<wf pos="JJ" sense_id="1">بَنٛد</wf>
		<wf pos="NN">ڈَبَس</wf>
		<wf pos="PSP">منٛز</wf>
		<wf pos="NNPC">تھاونہ</wf>
		<wf pos="SYM">۔</wf>
</sentence>
<sentence s_id="114">
		<wf pos="NN">جیسَلمیرُک</wf>
		<wf pos="NN">قِلعہٕ</wf>
		<wf pos="VM">آو</wf>
		<wf pos="JJ" sense_id="1">بَنٛد</wf>
		<wf pos="VM">کَرنہٕ</wf>
		<wf pos="SYM">۔</wf>
</sentence>
<sentence s_id="115">
		<wf pos="PRP">تٔمۍ</wf>
		<wf pos="VM">کٔر</wf>
		<wf pos="PRP">مےٚ</wf>
		<wf pos="NNC">لورِ</wf>
		<wf pos="NN">سۭۭتۍ</wf>
		<wf pos="NN">وَتھ</wf>
		<wf pos="JJ" sense_id="4">بَنٛد</wf>
		<wf pos="SYM">۔</wf>
</sentence>
<sentence s_id="116">
		<wf pos="QC">اَکہِ</wf>
		<wf pos="NN">قٕسمٕچ</wf>
		<wf pos="INTF">وارِیاہ</wf>
		<wf pos="JJ">موٚٹ</wf>
		<wf pos="PRP">رَز:تٔمۍ</wf>
		<wf pos="VM">کوٚر</wf>
		<wf pos="NNC">ۂسۍ</wf>
		<wf pos="PSP">سُنٛد</wf>
		<wf pos="JJ">پٔتیُٛم</wf>
		<wf pos="NN">کھوٚر</wf>
		<wf pos="NN">مۄچہِ</wf>
		<wf pos="VM">رَزِ</wf>
		<wf pos="PSP">سۭتۍ</wf>
		<wf pos="JJ" sense_id="2">بَنٛد</wf>
		<wf pos="SYM">۔</wf>
</sentence>
<sentence s_id="117">
		<wf pos="PRP">سُہ</wf>
		<wf pos="VAUX">چُھ</wf>
		<wf pos="NN">زَنانَن</wf>
		<wf pos="PSP">ہٕنٛدٮ۪ن</wf>
		<wf pos="NN">حَقوٗقَن</wf>
		<wf pos="PSP">خٲطرٕ</wf>
		<wf pos="NN">جَدوجہد</wf>
		<wf pos="NN">کَرَن</wf>
		<wf pos="PSP">وول</wf>
		<wf pos="RB">نَفر</wf>
		<wf pos="NN">کوٗشِش</wf>
		<wf pos="NN">کَرَن</wf>
		<wf pos="PSP">وول</wf>
		<wf pos="RB">نَفر</wf>
		<wf pos="VAUX">چُھ</wf>
		<wf pos="NEG">نہٕ</wf>
		<wf pos="NN">دُنیاہَس</wf>
		<wf pos="PSP">منٛز</wf>
		<wf pos="NN">زاہ</wf>
		<wf pos="JJ" sense_id="4">بَنٛد</wf>
		<wf pos="VM">گَژھان</wf>
		<wf pos="SYM">۔</wf>
</sentence>
<sentence s_id="118">
		<wf pos="QC">اَکہِ</wf>
		<wf pos="NN">قٕسمٕچ</wf>
		<wf pos="NNP">فارسی</wf>
		<wf pos="CC">یا</wf>
		<wf pos="NNP">اُردوٗ</wf>
		<wf pos="NNP">نَظٕم:قصیٖدَس</wf>
		<wf pos="PSP">مَنٛز</wf>
		<wf pos="VAUX">چھِ</wf>
		<wf pos="NN">کَم</wf>
		<wf pos="VAUX">سے</wf>
		<wf pos="NN">کَم</wf>
		<wf pos="QC">۱۷</wf>
		<wf pos="JJ" sense_id="1">بَنٛد</wf>
		<wf pos="VM">آسان</wf>
		<wf pos="SYM">۔</wf>
</sentence>
<sentence s_id="119">
		<wf pos="NNP">اُردوٗ</wf>
		<wf pos="CC">یا</wf>
		<wf pos="NNP">فارسی</wf>
		<wf pos="PSP">ہٕنٛز</wf>
		<wf pos="QC">اَکھ</wf>
		<wf pos="NN">نظٕم</wf>
		<wf pos="DEM">یَتھ</wf>
		<wf pos="PSP">مَنٛز</wf>
		<wf pos="QC">ژور</wf>
		<wf pos="JJ" sense_id="1">بَنٛد</wf>
		<wf pos="VAUX">چھِ</wf>
		<wf pos="CC">آسان:شاما</wf>
		<wf pos="VAUX">چھےٚ</wf>
		<wf pos="NNPC">اُمر</wf>
		<wf pos="NNP">خیام</wf>
		<wf pos="PSP">سٕنٛز</wf>
		<wf pos="NN">رُبایہِ</wf>
		<wf pos="VM">پَران</wf>
		<wf pos="SYM">۔</wf>
</sentence>
<sentence s_id="120">
		<wf pos="NN">کپرٕو</wf>
		<wf pos="NN">پٔٹ</wf>
		<wf pos="DEM">یَتھ</wf>
		<wf pos="PSP">مَنٛز</wf>
		<wf pos="NN">ریش</wf>
		<wf pos="VAUX">چُھ</wf>
		<wf pos="VM">یِوان</wf>
		<wf pos="JJ" sense_id="1">بَنٛد</wf>
		<wf pos="PRP">تھاونہٕ:تِمۍ</wf>
		<wf pos="JJ">بدماش</wf>
		<wf pos="VAUX">آسہٕ</wf>
		<wf pos="VM">ہَن</wf>
		<wf pos="NN">پٕنٛژہہِ</wf>
		<wf pos="PSP">پٮ۪ٹھٕ</wf>
		<wf pos="NN">ترٕہ</wf>
		<wf pos="NN">وٕہٕرۍ</wf>
		<wf pos="VM">تام،یِمَو</wf>
		<wf pos="PSP">مَنٛزٕ</wf>
		<wf pos="PRP">کینٛہَن</wf>
		<wf pos="VAUX">اوس</wf>
		<wf pos="NN">نقاب</wf>
		<wf pos="VM">لٲگِتھ</wf>
		<wf pos="SYM">۔</wf>
</sentence>
</contextfile>