<?xml version='1.0' encoding='utf-8'?>
<contextfile filename="توٚن" fileno="5">
<sentence s_id="1">
		<wf pos="QC">اکہِ</wf>
		<wf pos="NN">دۄہہٕ</wf>
		<wf pos="VM">وٲژ</wf>
		<wf pos="NNP">نبیؐ</wf>
		<wf pos="PSP">نِشہِ</wf>
		<wf pos="NNP">مِصرٕ</wf>
		<wf pos="PSP">پٮ۪ٹھٕ</wf>
		<wf pos="JJ">تٔنۍ</wf>
		<wf pos="NN">ململ</wf>
		<wf pos="NNP">نبیﷺ</wf>
		<wf pos="VM">دِیُت</wf>
		<wf pos="DEM">اَمہِ</wf>
		<wf pos="PSP">منٛزٕ</wf>
		<wf pos="PRP">کینٛہہ</wf>
		<wf pos="NN">حِصہٕ</wf>
		<wf pos="NNP">کلبی</wf>
		<wf pos="PSP">یَس</wf>
		<wf pos="CC">تہٕ</wf>
		<wf pos="VM">فرمووہکھ</wf>
		<wf pos="DEM">“اَمہِ</wf>
		<wf pos="PSP">منٛزٕ</wf>
		<wf pos="VM">ژٔٹۍزِ</wf>
		<wf pos="PRP">کینٛہہ</wf>
		<wf pos="NN">حِصہٕ</wf>
		<wf pos="VM">بنٲوۍزٮ۪س</wf>
		<wf pos="PRP">پانس</wf>
		<wf pos="PSP">کیُت</wf>
		<wf pos="NN">کرتہٕ</wf>
		<wf pos="CC">تہٕ</wf>
		<wf pos="QC">اکھ</wf>
		<wf pos="NN">حصہٕ</wf>
		<wf pos="VM">دیٖزِ</wf>
		<wf pos="PRP">پننہِ</wf>
		<wf pos="NN">خاندارِنہِ</wf>
		<wf pos="NN">ڈوپٹہٕ</wf>
		<wf pos="VM">بناونہٕ</wf>
		<wf pos="PSP">خٲطرٕ</wf>
		<wf pos="CC">اماپوٚز</wf>
		<wf pos="PRP">تٔمِس</wf>
		<wf pos="VM">ؤنۍ</wf>
		<wf pos="CC">زِ</wf>
		<wf pos="DEM">اتھ</wf>
		<wf pos="RB">أندٕرۍ</wf>
		<wf pos="PRP">بیاکھ</wf>
		<wf pos="NN">کپُر</wf>
		<wf pos="VM">لگاوُن</wf>
		<wf pos="RP">تہِ</wf>
		<wf pos="WQ">کیازِ</wf>
		<wf pos="NN">جسمٕچ</wf>
		<wf pos="RB">أندرِم</wf>
		<wf pos="NN">تن</wf>
		<wf pos="VAUX">گژھ</wf>
		<wf pos="NEG">نہٕ</wf>
		<wf pos="NN">اتھہِ</wf>
		<wf pos="VM">یِنۍ</wf>
		<wf pos="NN">کتاب</wf>
		<wf pos="CC">تہٕ</wf>
		<wf pos="NN">سۄنتٕکۍ</wf>
		<wf pos="NN">ہدایت</wf>
		<wf pos="NN">نظرن</wf>
		<wf pos="PSP">تَل</wf>
		<wf pos="VM">تھٲوِتھ</wf>
		<wf pos="VAUX">گژھن</wf>
		<wf pos="NNPC">ﷲ</wf>
		<wf pos="NNP">تعالیٰ</wf>
		<wf pos="PSP">سٕندۍ</wf>
		<wf pos="NN">احکام</wf>
		<wf pos="JJ">پوٗرٕ</wf>
		<wf pos="VM">کرٕنۍ</wf>
		<wf pos="CC">تہٕ</wf>
		<wf pos="NNP">خۄدا</wf>
		<wf pos="CC">تہٕ</wf>
		<wf pos="NNPC">رسول</wf>
		<wf pos="NNP">خۄداﷺ</wf>
		<wf pos="PSP">سٕندٮ۪ن</wf>
		<wf pos="NN">احکامن</wf>
		<wf pos="VAUX">گژھن</wf>
		<wf pos="NEG">نہٕ</wf>
		<wf pos="NN">مزاق</wf>
		<wf pos="VM">کرٕنۍ</wf>
		<wf pos="NNPC">حضرتِ</wf>
		<wf pos="NNP">عایشہؓ</wf>
		<wf pos="VAUX">چھٚے</wf>
		<wf pos="VM">فرماماوان</wf>
		<wf pos="CC">زِ</wf>
		<wf pos="RB">“ییٚلہِ</wf>
		<wf pos="DEM">یہِ</wf>
		<wf pos="NN">حُکم</wf>
		<wf pos="NN">نٲزِل</wf>
		<wf pos="VAUX">سپُد</wf>
		<wf pos="NN">زنانو</wf>
		<wf pos="VM">ترٛوو</wf>
		<wf pos="JJ" sense_id="1">توٚن</wf>
		<wf pos="NN">کپُر</wf>
		<wf pos="CC">تہٕ</wf>
		<wf pos="JJ" sense_id="2">توٚن</wf>
		<wf pos="NN">کپُر</wf>
		<wf pos="RB">ژٲرِتھ</wf>
		<wf pos="VM">بنٲوِکھ</wf>
		<wf pos="NNC">ڈوپٹہٕ</wf>
		<wf pos="NN">“پلو</wf>
		<wf pos="NN">پۄشاکھ</wf>
		<wf pos="VAUX">گژھِ</wf>
		<wf pos="RB">ہمیشہ</wf>
		<wf pos="PRP">پننہِ</wf>
		<wf pos="NN">طاقتہٕ</wf>
		<wf pos="CC">تہٕ</wf>
		<wf pos="NN">وُستہٕ</wf>
		<wf pos="PSP">مُطٲبق</wf>
		<wf pos="VM">لاگُن</wf>
		<wf pos="SYM">۔</wf>
</sentence>
<sentence s_id="2">
		<wf pos="QC">اکہِ</wf>
		<wf pos="NN">دۄہہٕ</wf>
		<wf pos="VM">آیہِ</wf>
		<wf pos="NNPC">حضرت</wf>
		<wf pos="NNP">اسماؓ</wf>
		<wf pos="JJ" sense_id="1">توٚن</wf>
		<wf pos="NN">پۄشاکھ</wf>
		<wf pos="VM">لٲگِتھ</wf>
		<wf pos="NNPC">حضرت</wf>
		<wf pos="NNP">نبیؐ</wf>
		<wf pos="PSP">سٕندِس</wf>
		<wf pos="NN">خدمتس</wf>
		<wf pos="PSP">منٛز</wf>
		<wf pos="NNP">نبیﷺ</wf>
		<wf pos="VM">ڈٲج</wf>
		<wf pos="NN">نظر</wf>
		<wf pos="CC">تہٕ</wf>
		<wf pos="VM">فرمووٕہکھ</wf>
		<wf pos="NNP">“اسماء</wf>
		<wf pos="INJ">!</wf>
		<wf pos="RB">ییٚلہِ</wf>
		<wf pos="NN">زنانہٕ</wf>
		<wf pos="JJ">جوان</wf>
		<wf pos="VM">سپدِ</wf>
		<wf pos="RB">تیٚلہِ</wf>
		<wf pos="VAUX">چُھ</wf>
		<wf pos="NEG">نہٕ</wf>
		<wf pos="PRP">تٔمِس</wf>
		<wf pos="JJ">جٲیز</wf>
		<wf pos="NN">بُتھہِ</wf>
		<wf pos="CC">تہٕ</wf>
		<wf pos="NN">اَتھو</wf>
		<wf pos="RB">ورٲے</wf>
		<wf pos="NN">جسمُک</wf>
		<wf pos="PRP">کانٛہہ</wf>
		<wf pos="NN">حصہٕ</wf>
		<wf pos="JJ">نوٚن</wf>
		<wf pos="VM">تھاوُن“</wf>
		<wf pos="SYM">۔</wf>
</sentence>
<sentence s_id="3">
		<wf pos="QC">اکہِ</wf>
		<wf pos="NN">دۄہہٕ</wf>
		<wf pos="VM">آیہِ</wf>
		<wf pos="NNPC">حضرت</wf>
		<wf pos="NNP">اسماؓ</wf>
		<wf pos="JJ" sense_id="1">توٚن</wf>
		<wf pos="NN">پۄشاکھ</wf>
		<wf pos="VM">لٲگِتھ</wf>
		<wf pos="NNPC">حضرت</wf>
		<wf pos="NNP">نبیؐ</wf>
		<wf pos="PSP">سٕندِس</wf>
		<wf pos="NN">خدمتس</wf>
		<wf pos="PSP">منٛز</wf>
		<wf pos="NNP">نبیﷺ</wf>
		<wf pos="VM">ڈٲج</wf>
		<wf pos="NN">نظر</wf>
		<wf pos="CC">تہٕ</wf>
		<wf pos="VM">فرمووٕہکھ</wf>
		<wf pos="NNP">“اسماء</wf>
		<wf pos="INJ">!</wf>
		<wf pos="RB">ییٚلہِ</wf>
		<wf pos="NN">زنانہٕ</wf>
		<wf pos="JJ">جوان</wf>
		<wf pos="VM">سپدِ</wf>
		<wf pos="RB">تیٚلہِ</wf>
		<wf pos="VAUX">چُھ</wf>
		<wf pos="NEG">نہٕ</wf>
		<wf pos="PRP">تٔمِس</wf>
		<wf pos="JJ">جٲیز</wf>
		<wf pos="NN">بُتھہِ</wf>
		<wf pos="CC">تہٕ</wf>
		<wf pos="NN">اَتھو</wf>
		<wf pos="RB">ورٲے</wf>
		<wf pos="NN">جسمُک</wf>
		<wf pos="PRP">کانٛہہ</wf>
		<wf pos="NN">حصہٕ</wf>
		<wf pos="JJ">نوٚن</wf>
		<wf pos="VM">تھاوُن“</wf>
		<wf pos="SYM">۔</wf>
</sentence>
<sentence s_id="4">
		<wf pos="QC">اکہِ</wf>
		<wf pos="NN">دۄہہٕ</wf>
		<wf pos="VM">آیہِ</wf>
		<wf pos="NNPC">حضرت</wf>
		<wf pos="NNP">اسماؓ</wf>
		<wf pos="JJ" sense_id="1">توٚن</wf>
		<wf pos="NN">پۄشاکھ</wf>
		<wf pos="VM">لٲگِتھ</wf>
		<wf pos="NNPC">حضرت</wf>
		<wf pos="NNP">نبیؐ</wf>
		<wf pos="PSP">سٕندِس</wf>
		<wf pos="NN">خدمتس</wf>
		<wf pos="PSP">منٛز</wf>
		<wf pos="NNP">نبیﷺ</wf>
		<wf pos="VM">ڈٲج</wf>
		<wf pos="NN">نظر</wf>
		<wf pos="CC">تہٕ</wf>
		<wf pos="VM">فرمووٕہکھ</wf>
		<wf pos="NNP">“اسماء</wf>
		<wf pos="INJ">!</wf>
		<wf pos="RB">ییٚلہِ</wf>
		<wf pos="NN">زنانہٕ</wf>
		<wf pos="JJ">جوان</wf>
		<wf pos="VM">سپدِ</wf>
		<wf pos="RB">تیٚلہِ</wf>
		<wf pos="VAUX">چُھ</wf>
		<wf pos="NEG">نہٕ</wf>
		<wf pos="PRP">تٔمِس</wf>
		<wf pos="JJ">جٲیز</wf>
		<wf pos="NN">بُتھہِ</wf>
		<wf pos="CC">تہٕ</wf>
		<wf pos="NN">اَتھو</wf>
		<wf pos="RB">ورٲے</wf>
		<wf pos="NN">جسمُک</wf>
		<wf pos="PRP">کانٛہہ</wf>
		<wf pos="NN">حصہٕ</wf>
		<wf pos="JJ">نوٚن</wf>
		<wf pos="VM">تھاوُن“</wf>
		<wf pos="SYM">۔</wf>
</sentence>
<sentence s_id="5">
		<wf pos="DEM">یُس</wf>
		<wf pos="NEG">نہٕ</wf>
		<wf pos="RB">زِیادٕ</wf>
		<wf pos="JJ" sense_id="2">توٚن</wf>
		<wf pos="VM">آسہِ</wf>
		<wf pos="CC">تہٕ</wf>
		<wf pos="NEG">نَہ</wf>
		<wf pos="NN">زِیادٕ</wf>
		<wf pos="JJ" sense_id="1">توٚن</wf>
		<wf pos="NN">(سبزی:اَسہِ</wf>
		<wf pos="VAUX">چھِ</wf>
		<wf pos="NN">آزٕ</wf>
		<wf pos="NN:?">کٔسِتھ</wf>
		<wf pos="NN">سَبزی</wf>
		<wf pos="VM">رٔنٛمٕژ</wf>
		<wf pos="SYM">۔</wf>
</sentence>
<sentence s_id="6">
		<wf pos="VM">گاوِ</wf>
		<wf pos="PSP">ہُنٛد</wf>
		<wf pos="NN">دۄد</wf>
		<wf pos="VAUX">چُھ</wf>
		<wf pos="JJ" sense_id="2">توٚن</wf>
		<wf pos="VM">آسان</wf>
		<wf pos="NN">ماشہٕ</wf>
		<wf pos="NN">دۄدٕ</wf>
		<wf pos="RP">کھۄتہٕ</wf>
		<wf pos="SYM">۔</wf>
</sentence>
<sentence s_id="7">
		<wf pos="DEM">ییٚمیُک</wf>
		<wf pos="NN">دٮ۪ل</wf>
		<wf pos="RB">کاغزٕکۍ</wf>
		<wf pos="POW">پٲٹھۍ</wf>
		<wf pos="JJ" sense_id="3">توٚن</wf>
		<wf pos="JJ">آسہِ:کاغزی</wf>
		<wf pos="NN">لیٚمبِس</wf>
		<wf pos="VAUX">چُھ</wf>
		<wf pos="INTF">وارِیاہ</wf>
		<wf pos="NN">رَس</wf>
		<wf pos="VM">آسان</wf>
		<wf pos="SYM">۔</wf>
</sentence>
<sentence s_id="8">
		<wf pos="PRP">تَس</wf>
		<wf pos="VAUX">اوس</wf>
		<wf pos="JJ" sense_id="1">توٚن</wf>
		<wf pos="NN">کُرتہٕ</wf>
		<wf pos="VM">لٲگِتھ</wf>
		<wf pos="SYM">۔</wf>
</sentence>
<sentence s_id="9">
		<wf pos="QC">اَکہِ</wf>
		<wf pos="NN">قٔسمُک</wf>
		<wf pos="NNPC">کَپُر:پَنٛج</wf>
		<wf pos="NNP">تولیا</wf>
		<wf pos="VAUX">چُھ</wf>
		<wf pos="JJ">لوٚت</wf>
		<wf pos="CC">تہِٕ</wf>
		<wf pos="JJ" sense_id="1">توٚن</wf>
		<wf pos="VM">آسان</wf>
		<wf pos="SYM">۔</wf>
</sentence>
<sentence s_id="10">
		<wf pos="QC">اَکہِ</wf>
		<wf pos="NNP">قٔسمٕچۍ</wf>
		<wf pos="RB">اَمب:پامَر</wf>
		<wf pos="N">اَمبہِ</wf>
		<wf pos="PSP">ہُنٛد</wf>
		<wf pos="NN">دَٮ۪ل</wf>
		<wf pos="VAUX">چُھ</wf>
		<wf pos="NEG">نَہ</wf>
		<wf pos="INTF">زیادٕ</wf>
		<wf pos="JJ" sense_id="2">توٚن</wf>
		<wf pos="NEG">نَہ</wf>
		<wf pos="INTF">زیادٕ</wf>
		<wf pos="JJ" sense_id="2">توٚن</wf>
		<wf pos="VM">آسان</wf>
		<wf pos="SYM">۔</wf>
</sentence>
<sentence s_id="11">
		<wf pos="QC">اَکہِ</wf>
		<wf pos="NN">قٕسمُک</wf>
		<wf pos="NNP">مَلمَل:تنزیب</wf>
		<wf pos="VAUX">چُھ</wf>
		<wf pos="JJ" sense_id="1">توٚن</wf>
		<wf pos="CC">تہٕ</wf>
		<wf pos="JJ">پِشُل</wf>
		<wf pos="VM">آسان</wf>
		<wf pos="SYM">۔</wf>
</sentence>
<sentence s_id="12">
		<wf pos="VM">زامُت</wf>
		<wf pos="NN">دۄد</wf>
		<wf pos="VAUX">چُھ</wf>
		<wf pos="JJ" sense_id="3">توٚن</wf>
		<wf pos="VM">زامُت</wf>
		<wf pos="SYM">۔</wf>
</sentence>
<sentence s_id="13">
		<wf pos="QC">اَکہِ</wf>
		<wf pos="NN">قسمُک</wf>
		<wf pos="JJ">سوٗتی</wf>
		<wf pos="NN">کَپُر:خاسہٕ</wf>
		<wf pos="VAUX">چُھ</wf>
		<wf pos="JJ">سفید</wf>
		<wf pos="CC">تہٕ</wf>
		<wf pos="JJ" sense_id="1">توٚن</wf>
		<wf pos="VM">آسان</wf>
		<wf pos="SYM">۔</wf>
</sentence>
<sentence s_id="14">
		<wf pos="PRP">تٮ۪مِس</wf>
		<wf pos="VAUX">چُھ</wf>
		<wf pos="JJ" sense_id="4">توٚن</wf>
		<wf pos="NN">مَس</wf>
		<wf pos="SYM">۔</wf>
</sentence>
<sentence s_id="15">
		<wf pos="RB">ییٚتہِ</wf>
		<wf pos="PSP">کِس</wf>
		<wf pos="NN">ہَوہَس</wf>
		<wf pos="PSP">منٛز</wf>
		<wf pos="VAUX">چھِ</wf>
		<wf pos="JJ">واریاہ</wf>
		<wf pos="NN">خۄشکیسردی</wf>
		<wf pos="PSP">منٛز</wf>
		<wf pos="NN" sense_id="3">تَنہِ</wf>
		<wf pos="PSP">ہٕنٛز</wf>
		<wf pos="NN">خۄشکی</wf>
		<wf pos="RB">دوٗر</wf>
		<wf pos="VM">کَرنہٕ</wf>
		<wf pos="PSP">خٲطرٕ</wf>
		<wf pos="VAUX">گَژھہِ</wf>
		<wf pos="NN">تیٖلُک</wf>
		<wf pos="CC">یا</wf>
		<wf pos="NN">کٔریٖمہِ</wf>
		<wf pos="PSP">ہُنٛد</wf>
		<wf pos="NN">اِستعمال</wf>
		<wf pos="VM">کَرُن</wf>
		<wf pos="SYM">۔</wf>
</sentence>
<sentence s_id="16">
		<wf pos="RB">ییٚتہِ</wf>
		<wf pos="PSP">کِس</wf>
		<wf pos="NN">ہَوہَس</wf>
		<wf pos="PSP">منٛز</wf>
		<wf pos="VAUX">چھِ</wf>
		<wf pos="JJ">واریاہ</wf>
		<wf pos="NN">خۄشکیسردی</wf>
		<wf pos="PSP">منٛز</wf>
		<wf pos="NN" sense_id="3">تَنہِ</wf>
		<wf pos="PSP">ہٕنٛز</wf>
		<wf pos="NN">خۄشکی</wf>
		<wf pos="RB">دوٗر</wf>
		<wf pos="VM">کَرنہٕ</wf>
		<wf pos="PSP">خٲطرٕ</wf>
		<wf pos="VAUX">گَژھہِ</wf>
		<wf pos="NN">تیٖلُک</wf>
		<wf pos="CC">یا</wf>
		<wf pos="NN">کٔریٖمہِ</wf>
		<wf pos="PSP">ہُنٛد</wf>
		<wf pos="NN">اِستعمال</wf>
		<wf pos="VM">کَرُن</wf>
		<wf pos="SYM">۔</wf>
</sentence>
<sentence s_id="17">
		<wf pos="RB">ییٚتہِ</wf>
		<wf pos="PSP">کِس</wf>
		<wf pos="NN">ہَوہَس</wf>
		<wf pos="PSP">منٛز</wf>
		<wf pos="VAUX">چھِ</wf>
		<wf pos="JJ">واریاہ</wf>
		<wf pos="NN">خۄشکیسردی</wf>
		<wf pos="PSP">منٛز</wf>
		<wf pos="NN" sense_id="3">تَنہِ</wf>
		<wf pos="PSP">ہٕنٛز</wf>
		<wf pos="NN">خۄشکی</wf>
		<wf pos="RB">دوٗر</wf>
		<wf pos="VM">کَرنہٕ</wf>
		<wf pos="PSP">خٲطرٕ</wf>
		<wf pos="VAUX">گَژھہِ</wf>
		<wf pos="NN">تیٖلُک</wf>
		<wf pos="CC">یا</wf>
		<wf pos="NN">کٔریٖمہِ</wf>
		<wf pos="PSP">ہُنٛد</wf>
		<wf pos="NN">اِستعمال</wf>
		<wf pos="VM">کَرُن</wf>
		<wf pos="SYM">۔</wf>
</sentence>
<sentence s_id="18">
		<wf pos="NN">تَلوار</wf>
		<wf pos="PSP">کہِ</wf>
		<wf pos="QC">اَکہِ</wf>
		<wf pos="RDP">وارٕ</wf>
		<wf pos="PSP">سٕتۍ</wf>
		<wf pos="VAUX">گوٚو</wf>
		<wf pos="PRP">تٔمۍ</wf>
		<wf pos="PSP">سُنٛد</wf>
		<wf pos="PSP">کَلہٕ</wf>
		<wf pos="NN" sense_id="3">تَنہِ</wf>
		<wf pos="PSP">نِش</wf>
		<wf pos="JJ">اَلَگ</wf>
		<wf pos="SYM">۔</wf>
</sentence>
<sentence s_id="19">
		<wf pos="PRP">أسۍ</wf>
		<wf pos="NN">گُزرے</wf>
		<wf pos="NN" sense_id="3">تَنہِ</wf>
		<wf pos="VM">وَنہٕ</wf>
		<wf pos="PSP">منٛزٕ</wf>
		<wf pos="SYM">۔</wf>
</sentence>
<sentence s_id="20">
		<wf pos="RB">ییٚتہِ</wf>
		<wf pos="PSP">کِس</wf>
		<wf pos="NN">ہَوہَس</wf>
		<wf pos="PSP">منٛز</wf>
		<wf pos="VAUX">چھِ</wf>
		<wf pos="JJ">واریاہ</wf>
		<wf pos="NN">خۄشکیسردی</wf>
		<wf pos="PSP">منٛز</wf>
		<wf pos="NN" sense_id="3">تَنہِ</wf>
		<wf pos="PSP">ہٕنٛز</wf>
		<wf pos="NN">خۄشکی</wf>
		<wf pos="RB">دوٗر</wf>
		<wf pos="VM">کَرنہٕ</wf>
		<wf pos="PSP">خٲطرٕ</wf>
		<wf pos="VAUX">گَژھہِ</wf>
		<wf pos="NN">تیٖلُک</wf>
		<wf pos="CC">یا</wf>
		<wf pos="NN">کٔریٖمہِ</wf>
		<wf pos="PSP">ہُنٛد</wf>
		<wf pos="NN">اِستعمال</wf>
		<wf pos="VM">کَرُن</wf>
		<wf pos="SYM">۔</wf>
</sentence>
<sentence s_id="21">
		<wf pos="PRP">کُنہِ</wf>
		<wf pos="NN">چیٖزَس</wf>
		<wf pos="RB">أنٛدرِم</wf>
		<wf pos="NN">چیٖز</wf>
		<wf pos="RB">نیٚبَر</wf>
		<wf pos="VM">کٔڑِتھ</wf>
		<wf pos="NNP">یَلہِ</wf>
		<wf pos="NN">کَرُن:یہِ</wf>
		<wf pos="NN" sense_id="3">تَنہِ</wf>
		<wf pos="VM">کٔرِو</wf>
		<wf pos="NN">کھۄکُھر</wf>
		<wf pos="SYM">۔</wf>
</sentence>
<sentence s_id="22">
		<wf pos="PRP">سُہ</wf>
		<wf pos="VAUX">چُھ</wf>
		<wf pos="INTF">یوٗتاہ</wf>
		<wf pos="JJ" sense_id="5">توٚن</wf>
		<wf pos="PSP">کہِ</wf>
		<wf pos="PRP">تٔمِس</wf>
		<wf pos="VAUX">چھےٚ</wf>
		<wf pos="PRP">کانہِ</wf>
		<wf pos="NN">تامَتھ</wf>
		<wf pos="VM">بوزنہٕ</wf>
		<wf pos="VAUX">یِوان</wf>
		<wf pos="SYM">۔</wf>
</sentence>
<sentence s_id="23">
		<wf pos="DEM">یَتھ</wf>
		<wf pos="NN">سٕژنہِ</wf>
		<wf pos="VAUX">چُھ</wf>
		<wf pos="RB">پیوٚت</wf>
		<wf pos="JJ">واریاہ</wf>
		<wf pos="JJ" sense_id="3">توٚن</wf>
		<wf pos="VAUX">چُھ</wf>
		<wf pos="NN">پرٛوٹوزُوا</wf>
		<wf pos="NN">زٲژ</wf>
		<wf pos="PSP">ہُنٛد</wf>
		<wf pos="QC">اَکھ</wf>
		<wf pos="NN">نُیک</wf>
		<wf pos="NN">زوٗزات</wf>
		<wf pos="SYM">۔</wf>
</sentence>
<sentence s_id="24">
		<wf pos="DEM">یَتھ</wf>
		<wf pos="NN">سٕژنہِ</wf>
		<wf pos="VAUX">چُھ</wf>
		<wf pos="RB">پیوٚت</wf>
		<wf pos="JJ">واریاہ</wf>
		<wf pos="JJ" sense_id="3">توٚن</wf>
		<wf pos="VAUX">چُھ</wf>
		<wf pos="NN">پرٛوٹوزُوا</wf>
		<wf pos="NN">زٲژ</wf>
		<wf pos="PSP">ہُنٛد</wf>
		<wf pos="QC">اَکھ</wf>
		<wf pos="NN">نُیک</wf>
		<wf pos="NN">زوٗزات</wf>
		<wf pos="SYM">۔</wf>
</sentence>
<sentence s_id="25">
		<wf pos="NN">أچھ</wf>
		<wf pos="NN">پَردٕ</wf>
		<wf pos="JJ" sense_id="1">توٚن</wf>
		<wf pos="VAUX">گَژھنہٕ</wf>
		<wf pos="PSP">کہِ</wf>
		<wf pos="NN">وجہ</wf>
		<wf pos="VM">کٕنۍ</wf>
		<wf pos="VM">پیو</wf>
		<wf pos="PRP">تَس</wf>
		<wf pos="NN">دٔچھنہِ</wf>
		<wf pos="NN">أچھ</wf>
		<wf pos="NN">آپریشَن</wf>
		<wf pos="VM">کَرُن</wf>
		<wf pos="SYM">۔</wf>
</sentence>
<sentence s_id="26">
		<wf pos="DEM">یَتھ</wf>
		<wf pos="NN">سٕژنہِ</wf>
		<wf pos="VAUX">چُھ</wf>
		<wf pos="RB">پیوٚت</wf>
		<wf pos="JJ">واریاہ</wf>
		<wf pos="JJ" sense_id="3">توٚن</wf>
		<wf pos="VAUX">چُھ</wf>
		<wf pos="NN">پرٛوٹوزُوا</wf>
		<wf pos="NN">زٲژ</wf>
		<wf pos="PSP">ہُنٛد</wf>
		<wf pos="QC">اَکھ</wf>
		<wf pos="NN">نُیک</wf>
		<wf pos="NN">زوٗزات</wf>
		<wf pos="SYM">۔</wf>
</sentence>
<sentence s_id="27">
		<wf pos="NNC">رَمیش</wf>
		<wf pos="VAUX">چُھ</wf>
		<wf pos="PSP">کَلہٕ</wf>
		<wf pos="JJ" sense_id="5">توٚن</wf>
		<wf pos="NN">تِکیازٕ</wf>
		<wf pos="PRP">تٔمۍ</wf>
		<wf pos="PSP">سٕنٛدِ</wf>
		<wf pos="NN">مۄچرُک</wf>
		<wf pos="NEG">چُھنہٕ</wf>
		<wf pos="INTF">پَتہٕے</wf>
		<wf pos="VM">لَگان</wf>
		<wf pos="SYM">۔</wf>
</sentence>
<sentence s_id="28">
		<wf pos="DEM">ییٚمہِ</wf>
		<wf pos="NN">بٲتلہٕ</wf>
		<wf pos="PSP">ہُنٛد</wf>
		<wf pos="VM">گوٚل</wf>
		<wf pos="VAUX">چُھ</wf>
		<wf pos="JJ">واریاہ</wf>
		<wf pos="JJ" sense_id="3">توٚن</wf>
		<wf pos="SYM">۔</wf>
</sentence>
<sentence s_id="29">
		<wf pos="DEM">ییٚمہِ</wf>
		<wf pos="NN">بٲتلہٕ</wf>
		<wf pos="PSP">ہُنٛد</wf>
		<wf pos="VM">گوٚل</wf>
		<wf pos="VAUX">چُھ</wf>
		<wf pos="JJ">واریاہ</wf>
		<wf pos="JJ" sense_id="3">توٚن</wf>
		<wf pos="SYM">۔</wf>
</sentence>
<sentence s_id="30">
		<wf pos="NNPC">ریشمی</wf>
		<wf pos="NN">کُرتَس</wf>
		<wf pos="PSP">پٮ۪ٹھ</wf>
		<wf pos="VAUX">چھِ</wf>
		<wf pos="INTF">واریاہ</wf>
		<wf pos="JJ" sense_id="4">تنہٕ</wf>
		<wf pos="NN">کٲم</wf>
		<wf pos="VM">کَرنہٕ</wf>
		<wf pos="VAUX">آمٕژ</wf>
		<wf pos="SYM">۔</wf>
</sentence>
<sentence s_id="31">
		<wf pos="NN">شالَس</wf>
		<wf pos="PSP">پٮ۪ٹھ</wf>
		<wf pos="VAUX">چھےٚ</wf>
		<wf pos="INTF">واریاہ</wf>
		<wf pos="JJ" sense_id="4">تنہٕ</wf>
		<wf pos="NN">کٲم</wf>
		<wf pos="VM">کٔرِتھ</wf>
		<wf pos="SYM">۔</wf>
</sentence>
<sentence s_id="32">
		<wf pos="PRP">بہ</wf>
		<wf pos="VAUX">چھَس</wf>
		<wf pos="NEG">نہٕ</wf>
		<wf pos="PRP">کانٛہہ</wf>
		<wf pos="JJ">ٲوِج</wf>
		<wf pos="JJ" sense_id="4">تنہٕ</wf>
		<wf pos="NN">کوٗر</wf>
		<wf pos="PRP">بہٕ</wf>
		<wf pos="VAUX">چھَس</wf>
		<wf pos="NN">سیوا</wf>
		<wf pos="NN">دَلس</wf>
		<wf pos="PSP">منٛز</wf>
		<wf pos="NN">گژَھن</wf>
		<wf pos="PSP">واجیٚنۍ</wf>
		<wf pos="SYM">۔</wf>
</sentence>
<sentence s_id="33">
		<wf pos="NNPC">ریشمی</wf>
		<wf pos="NN">کُرتَس</wf>
		<wf pos="PSP">پٮ۪ٹھ</wf>
		<wf pos="VAUX">چھِ</wf>
		<wf pos="INTF">واریاہ</wf>
		<wf pos="JJ" sense_id="4">تنہٕ</wf>
		<wf pos="NN">کٲم</wf>
		<wf pos="VM">کَرنہٕ</wf>
		<wf pos="VAUX">آمٕژ</wf>
		<wf pos="SYM">۔</wf>
</sentence>
<sentence s_id="34">
		<wf pos="NN">تٔنٛۍ</wf>
		<wf pos="JJ" sense_id="4">تنہٕ</wf>
		<wf pos="NN">گَرٕ</wf>
		<wf pos="NN">ژوٚٹ:بہٕ</wf>
		<wf pos="VAUX">چُھس</wf>
		<wf pos="NN">صُبحَس</wf>
		<wf pos="QC">زٕ</wf>
		<wf pos="NN">پُھلکہٕ</wf>
		<wf pos="CC">تہٕ</wf>
		<wf pos="QC">اَکھ</wf>
		<wf pos="NNPC">گِلاس</wf>
		<wf pos="NN">دۄد</wf>
		<wf pos="VM">چَوان</wf>
		<wf pos="SYM">۔</wf>
</sentence>
<sentence s_id="35">
		<wf pos="NNPC">ریشمی</wf>
		<wf pos="NN">کُرتَس</wf>
		<wf pos="PSP">پٮ۪ٹھ</wf>
		<wf pos="VAUX">چھِ</wf>
		<wf pos="INTF">واریاہ</wf>
		<wf pos="JJ" sense_id="4">تنہٕ</wf>
		<wf pos="NN">کٲم</wf>
		<wf pos="VM">کَرنہٕ</wf>
		<wf pos="VAUX">آمٕژ</wf>
		<wf pos="SYM">۔</wf>
</sentence>
<sentence s_id="36">
		<wf pos="VM">بیٛلنہٕ</wf>
		<wf pos="RB">بغٲر</wf>
		<wf pos="NN">اتھہٕ</wf>
		<wf pos="PSP">سۭتۍ</wf>
		<wf pos="NN">مٲدس</wf>
		<wf pos="VM">بنٲمٕژ</wf>
		<wf pos="QC">اکھ</wf>
		<wf pos="JJ" sense_id="4">تنہٕ</wf>
		<wf pos="NN">ژوٚٹ:رَنن</wf>
		<wf pos="VM">واجِنہِ</wf>
		<wf pos="VM">چلٲو</wf>
		<wf pos="NNP">رومالی</wf>
		<wf pos="JJ">ژوٚٹ</wf>
		<wf pos="NN">ہوہس</wf>
		<wf pos="PSP">منٛز</wf>
		<wf pos="SYM">۔</wf>
</sentence>
<sentence s_id="37">
		<wf pos="NN">بٲنٛسہِ</wf>
		<wf pos="PSP">ہٕنٛز</wf>
		<wf pos="JJ" sense_id="4">تنہٕ</wf>
		<wf pos="NN">موٗر:چھیٖر</wf>
		<wf pos="VAUX">چھِ</wf>
		<wf pos="JJ">قٲلیٖن</wf>
		<wf pos="NN">بَناونِکِس</wf>
		<wf pos="NN">وانَس</wf>
		<wf pos="PSP">منٛز</wf>
		<wf pos="NN">استعمال</wf>
		<wf pos="VM">گَژھان</wf>
		<wf pos="SYM">۔</wf>
</sentence>
<sentence s_id="38">
		<wf pos="NN">کَنیرُک</wf>
		<wf pos="PRP">سُہ</wf>
		<wf pos="NN">کُل</wf>
		<wf pos="DEM">یَتھ</wf>
		<wf pos="JJ">سَفید</wf>
		<wf pos="NN">پوش</wf>
		<wf pos="VAUX">چھِ</wf>
		<wf pos="PRP">نیران:تٔمۍ</wf>
		<wf pos="VM">پٕھٹرٲو</wf>
		<wf pos="NN">تُنٛگارٕچ</wf>
		<wf pos="QC">اَکھ</wf>
		<wf pos="JJ" sense_id="4">تنہٕ</wf>
		<wf pos="VM">لٔنٛڑ</wf>
		<wf pos="SYM">۔</wf>
</sentence>
<sentence s_id="39">
		<wf pos="QC">اَکھ</wf>
		<wf pos="JJ" sense_id="4">تنہٕ</wf>
		<wf pos="NN">کامہِ</wf>
		<wf pos="POW">دار</wf>
		<wf pos="NN">شال</wf>
		<wf pos="DEM">یَتھ</wf>
		<wf pos="JJ">سٲرسٕے</wf>
		<wf pos="NN">کٲم</wf>
		<wf pos="VAUX">چھِ</wf>
		<wf pos="VM">آسان</wf>
		<wf pos="VM">کٔرِتھ</wf>
		<wf pos="DEM">یہِ</wf>
		<wf pos="VAUX">ہٮ۪کہِ</wf>
		<wf pos="NN">پشمیٖنُک</wf>
		<wf pos="CC">یا</wf>
		<wf pos="CC">بیٚیہِ</wf>
		<wf pos="PRP">کُنہِ</wf>
		<wf pos="NN">کپرُک</wf>
		<wf pos="NN">ٲسِتھ:کٔشیٖرِ</wf>
		<wf pos="PSP">ہُنٛد</wf>
		<wf pos="NN">جاموَر</wf>
		<wf pos="VAUX">چُھ</wf>
		<wf pos="JJ">واریاہ</wf>
		<wf pos="NN">مَشوٗر</wf>
		<wf pos="SYM">۔</wf>
</sentence>
<sentence s_id="40">
		<wf pos="VM">جیوتی:</wf>
		<wf pos="PRP">بہ</wf>
		<wf pos="VAUX">چھَس</wf>
		<wf pos="NEG">نہٕ</wf>
		<wf pos="PRP">کانٛہہ</wf>
		<wf pos="JJ">ٲوِج</wf>
		<wf pos="JJ" sense_id="4">تنہٕ</wf>
		<wf pos="NN">کوٗر</wf>
		<wf pos="PRP">بہٕ</wf>
		<wf pos="VAUX">چھَس</wf>
		<wf pos="NN">سیوادَلس</wf>
		<wf pos="PSP">منٛز</wf>
		<wf pos="NN">گژَھن</wf>
		<wf pos="PSP">واجیٚنۍ</wf>
		<wf pos="SYM">۔</wf>
</sentence>
<sentence s_id="41">
		<wf pos="JJ" sense_id="3">تنہٕ</wf>
		<wf pos="NN">جاین</wf>
		<wf pos="PSP">پٮ۪ٹھ</wf>
		<wf pos="NN">غیر</wf>
		<wf pos="NN">زان</wf>
		<wf pos="DEM">آسٕہ</wf>
		<wf pos="JJ" sense_id="3">تنہٕ</wf>
		<wf pos="NN">حالت</wf>
		<wf pos="VAUX">چھےٚ</wf>
		<wf pos="JJ">کم</wf>
		<wf pos="VM">آسان</wf>
		<wf pos="SYM">۔</wf>
</sentence>
<sentence s_id="42">
		<wf pos="DEM">ییٚمہِ</wf>
		<wf pos="NN">تھالہِ</wf>
		<wf pos="PSP">ہِنٛز</wf>
		<wf pos="NN">دٔنٛدٕر</wf>
		<wf pos="VAUX">چھٚے</wf>
		<wf pos="INTF">وارِیاہ</wf>
		<wf pos="JJ" sense_id="3">تنہٕ</wf>
		<wf pos="SYM">۔</wf>
</sentence>
<sentence s_id="43">
		<wf pos="NN">مہاتوٕ</wf>
		<wf pos="VAUX">چھُ</wf>
		<wf pos="NN">پولکہِ</wf>
		<wf pos="PSP">سۭتۍ</wf>
		<wf pos="JJ">بے</wf>
		<wf pos="NN">قابوٗ</wf>
		<wf pos="VAUX">گٔمتِس</wf>
		<wf pos="VAUX">ۂسِس</wf>
		<wf pos="VM">کھوژناو</wf>
		<wf pos="JJ" sense_id="3">تنہٕ</wf>
		<wf pos="NN">کوٗشِش</wf>
		<wf pos="VM">کران</wf>
		<wf pos="SYM">۔</wf>
</sentence>
<sentence s_id="44">
		<wf pos="JJ" sense_id="3">تنہٕ</wf>
		<wf pos="NN">جاین</wf>
		<wf pos="PSP">پٮ۪ٹھ</wf>
		<wf pos="NN">غیر</wf>
		<wf pos="NN">زان</wf>
		<wf pos="DEM">آسٕہ</wf>
		<wf pos="JJ" sense_id="3">تنہٕ</wf>
		<wf pos="NN">حالت</wf>
		<wf pos="VAUX">چھےٚ</wf>
		<wf pos="JJ">کم</wf>
		<wf pos="VM">آسان</wf>
		<wf pos="SYM">۔</wf>
</sentence>
<sentence s_id="45">
		<wf pos="NN">ہنٛدوستانٕچ</wf>
		<wf pos="RB">گۄڈٕ</wf>
		<wf pos="JJ" sense_id="3">تنہٕ</wf>
		<wf pos="NN">زنانہٕ</wf>
		<wf pos="NN">ؤزیٖرِ</wf>
		<wf pos="NNP">اعظَم</wf>
		<wf pos="DEM">یۄسہٕ</wf>
		<wf pos="NNPC">جواہَرلال</wf>
		<wf pos="NNP">نہروٗ</wf>
		<wf pos="NNC">وَس</wf>
		<wf pos="NN">کوٗر</wf>
		<wf pos="RB">ٲس:اِنٛدرا</wf>
		<wf pos="NN">گانٛدی</wf>
		<wf pos="VM">آیہِ</wf>
		<wf pos="QC">دۄیہِ</wf>
		<wf pos="NN">لَٹہِ</wf>
		<wf pos="NN">ہنٛدوستانٕچ</wf>
		<wf pos="NN">ؤزیٖرِ</wf>
		<wf pos="NNP">اعظَم</wf>
		<wf pos="VM">ژارنہٕ</wf>
		<wf pos="SYM">۔</wf>
</sentence>
<sentence s_id="46">
		<wf pos="RB">بوتَسوانِچ</wf>
		<wf pos="NNPC">راز</wf>
		<wf pos="NNP">دٲنۍ:گَبورون</wf>
		<wf pos="JJ" sense_id="3">تنہٕ</wf>
		<wf pos="NNP">آبادی</wf>
		<wf pos="VAUX">چَھ</wf>
		<wf pos="QC">اَکھ</wf>
		<wf pos="QC">لَچھ</wf>
		<wf pos="NN">شُشِیٖت</wf>
		<wf pos="QC">ساس</wf>
		<wf pos="SYM">۔</wf>
</sentence>
<sentence s_id="47">
		<wf pos="QC">اکہِ</wf>
		<wf pos="NN">دۄہہٕ</wf>
		<wf pos="VM">وٲژ</wf>
		<wf pos="NNP">نبیؐ</wf>
		<wf pos="PSP">نِشہِ</wf>
		<wf pos="NNP">مِصرٕ</wf>
		<wf pos="PSP">پٮ۪ٹھٕ</wf>
		<wf pos="JJ">تٔنۍ</wf>
		<wf pos="NN">ململ</wf>
		<wf pos="NNP">نبیﷺ</wf>
		<wf pos="VM">دِیُت</wf>
		<wf pos="DEM">اَمہِ</wf>
		<wf pos="PSP">منٛزٕ</wf>
		<wf pos="PRP">کینٛہہ</wf>
		<wf pos="NN">حِصہٕ</wf>
		<wf pos="NNP">کلبی</wf>
		<wf pos="PSP">یَس</wf>
		<wf pos="CC">تہٕ</wf>
		<wf pos="VM">فرمووہکھ</wf>
		<wf pos="DEM">“اَمہِ</wf>
		<wf pos="PSP">منٛزٕ</wf>
		<wf pos="VM">ژٔٹۍزِ</wf>
		<wf pos="PRP">کینٛہہ</wf>
		<wf pos="NN">حِصہٕ</wf>
		<wf pos="VM">بنٲوۍزٮ۪س</wf>
		<wf pos="PRP">پانس</wf>
		<wf pos="PSP">کیُت</wf>
		<wf pos="NN">کرتہٕ</wf>
		<wf pos="CC">تہٕ</wf>
		<wf pos="QC">اکھ</wf>
		<wf pos="NN">حصہٕ</wf>
		<wf pos="VM">دیٖزِ</wf>
		<wf pos="PRP">پننہِ</wf>
		<wf pos="NN">خاندارِنہِ</wf>
		<wf pos="NN">ڈوپٹہٕ</wf>
		<wf pos="VM">بناونہٕ</wf>
		<wf pos="PSP">خٲطرٕ</wf>
		<wf pos="CC">اماپوٚز</wf>
		<wf pos="PRP">تٔمِس</wf>
		<wf pos="VM">ؤنۍ</wf>
		<wf pos="CC">زِ</wf>
		<wf pos="DEM">اتھ</wf>
		<wf pos="RB">أندٕرۍ</wf>
		<wf pos="PRP">بیاکھ</wf>
		<wf pos="NN">کپُر</wf>
		<wf pos="VM">لگاوُن</wf>
		<wf pos="RP">تہِ</wf>
		<wf pos="WQ">کیازِ</wf>
		<wf pos="NN">جسمٕچ</wf>
		<wf pos="RB">أندرِم</wf>
		<wf pos="NN">تن</wf>
		<wf pos="VAUX">گژھ</wf>
		<wf pos="NEG">نہٕ</wf>
		<wf pos="NN">اتھہِ</wf>
		<wf pos="VM">یِنۍ</wf>
		<wf pos="NN">کتاب</wf>
		<wf pos="CC">تہٕ</wf>
		<wf pos="NN">سۄنتٕکۍ</wf>
		<wf pos="NN">ہدایت</wf>
		<wf pos="NN">نظرن</wf>
		<wf pos="PSP">تَل</wf>
		<wf pos="VM">تھٲوِتھ</wf>
		<wf pos="VAUX">گژھن</wf>
		<wf pos="NNPC">ﷲ</wf>
		<wf pos="NNP">تعالیٰ</wf>
		<wf pos="PSP">سٕندۍ</wf>
		<wf pos="NN">احکام</wf>
		<wf pos="JJ">پوٗرٕ</wf>
		<wf pos="VM">کرٕنۍ</wf>
		<wf pos="CC">تہٕ</wf>
		<wf pos="NNP">خۄدا</wf>
		<wf pos="CC">تہٕ</wf>
		<wf pos="NNPC">رسول</wf>
		<wf pos="NNP">خۄداﷺ</wf>
		<wf pos="PSP">سٕندٮ۪ن</wf>
		<wf pos="NN">احکامن</wf>
		<wf pos="VAUX">گژھن</wf>
		<wf pos="NEG">نہٕ</wf>
		<wf pos="NN">مزاق</wf>
		<wf pos="VM">کرٕنۍ</wf>
		<wf pos="NNPC">حضرتِ</wf>
		<wf pos="NNP">عایشہؓ</wf>
		<wf pos="VAUX">چھٚے</wf>
		<wf pos="VM">فرماماوان</wf>
		<wf pos="CC">زِ</wf>
		<wf pos="RB">“ییٚلہِ</wf>
		<wf pos="DEM">یہِ</wf>
		<wf pos="NN">حُکم</wf>
		<wf pos="NN">نٲزِل</wf>
		<wf pos="VAUX">سپُد</wf>
		<wf pos="NN">زنانو</wf>
		<wf pos="VM">ترٛوو</wf>
		<wf pos="JJ" sense_id="1">توٚن</wf>
		<wf pos="NN">کپُر</wf>
		<wf pos="CC">تہٕ</wf>
		<wf pos="JJ" sense_id="2">توٚن</wf>
		<wf pos="NN">کپُر</wf>
		<wf pos="RB">ژٲرِتھ</wf>
		<wf pos="VM">بنٲوِکھ</wf>
		<wf pos="NNC">ڈوپٹہٕ</wf>
		<wf pos="NN">“پلو</wf>
		<wf pos="NN">پۄشاکھ</wf>
		<wf pos="VAUX">گژھِ</wf>
		<wf pos="RB">ہمیشہ</wf>
		<wf pos="PRP">پننہِ</wf>
		<wf pos="NN">طاقتہٕ</wf>
		<wf pos="CC">تہٕ</wf>
		<wf pos="NN">وُستہٕ</wf>
		<wf pos="PSP">مُطٲبق</wf>
		<wf pos="VM">لاگُن</wf>
		<wf pos="SYM">۔</wf>
</sentence>
<sentence s_id="48">
		<wf pos="JJ">ژھوٹ</wf>
		<wf pos="CC">تہٕ</wf>
		<wf pos="JJ" sense_id="2">توٚن</wf>
		<wf pos="DEM">تیتھۭے</wf>
		<wf pos="NN">شاندگونٛد</wf>
		<wf pos="PSP">ہیوہ</wf>
		<wf pos="DEM">یُتھ</wf>
		<wf pos="NN">باپٲرۍ</wf>
		<wf pos="NN">دُکان</wf>
		<wf pos="PSP">پٮ۪ٹھ</wf>
		<wf pos="JJ">بڑین</wf>
		<wf pos="RDP">بڑین</wf>
		<wf pos="NN">باپارٮ۪ن</wf>
		<wf pos="NN">ڈوٚکھ</wf>
		<wf pos="VAUX">چُھ</wf>
		<wf pos="VM">آسان</wf>
		<wf pos="QW">کوتاہ</wf>
		<wf pos="NN">ژٮ۪ل</wf>
		<wf pos="VM">دِتکھ</wf>
		<wf pos="QW">کوتاہ</wf>
		<wf pos="NN">بار</wf>
		<wf pos="VM">ترٛاوتوکھ</wf>
		<wf pos="CC">تٕہ</wf>
		<wf pos="NN">مجال</wf>
		<wf pos="VAUX">چھا</wf>
		<wf pos="CC">زِ</wf>
		<wf pos="DEM">یمن</wf>
		<wf pos="NN">شانٛڑٕگنٛدٮ۪ن</wf>
		<wf pos="VM">اَژ</wf>
		<wf pos="NN">گیٚنۍ</wf>
		<wf pos="PRP">کانٛہہ</wf>
		<wf pos="SYM">۔</wf>
</sentence>
<sentence s_id="49">
		<wf pos="NNP">گَگَر</wf>
		<wf pos="NN">ژَھلَس</wf>
		<wf pos="PSP">منٛز</wf>
		<wf pos="VAUX">چُھ</wf>
		<wf pos="QC">اَکھ</wf>
		<wf pos="JJ" sense_id="2">توٚن</wf>
		<wf pos="NN">گَگُر</wf>
		<wf pos="VM">لوٚگمُت</wf>
		<wf pos="SYM">۔</wf>
</sentence>
<sentence s_id="50">
		<wf pos="NN">گَگرَن</wf>
		<wf pos="VM">کھیٚیہِ</wf>
		<wf pos="JJ">سٲرٕے</wf>
		<wf pos="NNC">ٲٹۍ</wf>
		<wf pos="NN">بُہٕر</wf>
		<wf pos="NN">ژَپہِ</wf>
		<wf pos="RB">ژَپہمیٛٲنِس</wf>
		<wf pos="NN">گَرَس</wf>
		<wf pos="PSP">منٛز</wf>
		<wf pos="VAUX">چُھ</wf>
		<wf pos="QC">اَکھ</wf>
		<wf pos="JJ" sense_id="2">توٚن</wf>
		<wf pos="NN">گَگُر</wf>
		<wf pos="NN">دۄہ</wf>
		<wf pos="NN">رات</wf>
		<wf pos="PRP">کیٚنٛہہ</wf>
		<wf pos="CC">نَتہٕ</wf>
		<wf pos="PRP">کیٚنٛہہ</wf>
		<wf pos="VM">ژٔٹان</wf>
		<wf pos="SYM">۔</wf>
</sentence>
<sentence s_id="51">
		<wf pos="NN">ییٚمِیُٛک</wf>
		<wf pos="JJ">مٔنٛزِیُٛم</wf>
		<wf pos="NN">حِصہٕ</wf>
		<wf pos="VAUX">چُھ</wf>
		<wf pos="JJ" sense_id="2">توٚن</wf>
		<wf pos="SYM">۔</wf>
</sentence>
<sentence s_id="52">
		<wf pos="NN">دۄد</wf>
		<wf pos="VAUX">گوٚو</wf>
		<wf pos="VM">کَسنہٕ</wf>
		<wf pos="NNP">کَسنہٕ</wf>
		<wf pos="PSP">سۭتۍ</wf>
		<wf pos="INTF">واریاہ</wf>
		<wf pos="JJ" sense_id="2">توٚن</wf>
		<wf pos="SYM">۔</wf>
</sentence>
<sentence s_id="53">
		<wf pos="DEM">یَتھ</wf>
		<wf pos="NN">کُلِس</wf>
		<wf pos="VAUX">چھےٚ</wf>
		<wf pos="NN">یَڑ</wf>
		<wf pos="INTF">واریاہ</wf>
		<wf pos="JJ" sense_id="2">توٚن</wf>
		<wf pos="SYM">۔</wf>
</sentence>
<sentence s_id="54">
		<wf pos="NNP">گَگَر</wf>
		<wf pos="NN">ژَھلَس</wf>
		<wf pos="PSP">منٛز</wf>
		<wf pos="VAUX">چُھ</wf>
		<wf pos="QC">اَکھ</wf>
		<wf pos="JJ" sense_id="2">توٚن</wf>
		<wf pos="NN">گَگُر</wf>
		<wf pos="VM">لوٚگمُت</wf>
		<wf pos="SYM">۔</wf>
</sentence>
<sentence s_id="55">
		<wf pos="DEM">یُس</wf>
		<wf pos="NEG">نہٕ</wf>
		<wf pos="RB">زِیادٕ</wf>
		<wf pos="JJ" sense_id="2">توٚن</wf>
		<wf pos="VM">آسہِ</wf>
		<wf pos="CC">تہٕ</wf>
		<wf pos="NEG">نَہ</wf>
		<wf pos="RB">زِیادٕ</wf>
		<wf pos="JJ" sense_id="1">توٚن</wf>
		<wf pos="NN">(سبزی:اَسہِ</wf>
		<wf pos="VAUX">چھِ</wf>
		<wf pos="NN">آزٕ</wf>
		<wf pos="NN:?">کٔسِتھ</wf>
		<wf pos="NN">سَبزی</wf>
		<wf pos="VM">رٔنٛمٕژ</wf>
		<wf pos="SYM">۔</wf>
</sentence>
<sentence s_id="56">
		<wf pos="NN">اَکہٕ</wf>
		<wf pos="NN">قٕسمُک</wf>
		<wf pos="JJ" sense_id="2">توٚن</wf>
		<wf pos="PRP">گَنہٕ:سٲنِس</wf>
		<wf pos="NN">گامَس</wf>
		<wf pos="PSP">منٛز</wf>
		<wf pos="VAUX">چھِ</wf>
		<wf pos="JJ">آزٕکَل</wf>
		<wf pos="NN">زٔمیٖن</wf>
		<wf pos="POW">دار</wf>
		<wf pos="JJ">زیٛادٕ</wf>
		<wf pos="NN">کتارٕچ</wf>
		<wf pos="NN">وۄپدٲے</wf>
		<wf pos="VM">کَران</wf>
		<wf pos="SYM">۔</wf>
</sentence>
<sentence s_id="57">
		<wf pos="NN">اَکہٕ</wf>
		<wf pos="NN">قٕسمُک</wf>
		<wf pos="NN">کَٹھ</wf>
		<wf pos="NN">ییٚمہٕ</wf>
		<wf pos="PSP">سٕنٛز</wf>
		<wf pos="NN">لٔٹ</wf>
		<wf pos="JJ" sense_id="2">توٚن</wf>
		<wf pos="VM">چھٕ</wf>
		<wf pos="RDP">آسان:پۄہَل</wf>
		<wf pos="VAUX">اوس</wf>
		<wf pos="NN">کَھہَس</wf>
		<wf pos="PSP">منٛز</wf>
		<wf pos="NN">دُمبَس</wf>
		<wf pos="RB">پَتہٕ</wf>
		<wf pos="RB">پَتہٕ</wf>
		<wf pos="PSP">دوران</wf>
		<wf pos="SYM">۔</wf>
</sentence>
<sentence s_id="58">
		<wf pos="QW">گاسوٗ</wf>
		<wf pos="VM">بَنیٛمٕژ</wf>
		<wf pos="JJ" sense_id="2">توٚن</wf>
		<wf pos="NN">رَز:ہُب</wf>
		<wf pos="VAUX">چُھ</wf>
		<wf pos="QC:?">بوور</wf>
		<wf pos="NN">گَنٛڑنَس</wf>
		<wf pos="PSP">منٛز</wf>
		<wf pos="NN">اِستعمال</wf>
		<wf pos="VM">گَژھان</wf>
		<wf pos="SYM">۔</wf>
</sentence>
<sentence s_id="59">
		<wf pos="NN">گَگرَن</wf>
		<wf pos="VM">کھیٚیہِ</wf>
		<wf pos="JJ">سٲرٕے</wf>
		<wf pos="NNC">ٲٹۍ</wf>
		<wf pos="NN">بُہٕر</wf>
		<wf pos="NN">ژَپہِ</wf>
		<wf pos="RB">ژَپہمیٛٲنِس</wf>
		<wf pos="NN">گَرَس</wf>
		<wf pos="PSP">منٛز</wf>
		<wf pos="VAUX">چُھ</wf>
		<wf pos="QC">اَکھ</wf>
		<wf pos="JJ" sense_id="2">توٚن</wf>
		<wf pos="NN">گَگُر</wf>
		<wf pos="NN">دۄہ</wf>
		<wf pos="NN">رات</wf>
		<wf pos="PRP">کیٚنٛہہ</wf>
		<wf pos="CC">نَتہٕ</wf>
		<wf pos="PRP">کیٚنٛہہ</wf>
		<wf pos="VM">ژٔٹان</wf>
		<wf pos="SYM">۔</wf>
</sentence>
<sentence s_id="60">
		<wf pos="DEM">ییٚمیُک</wf>
		<wf pos="NN">دٮ۪ل</wf>
		<wf pos="JJ" sense_id="2">توٚن</wf>
		<wf pos="CC">تہٕ</wf>
		<wf pos="NN">دوٚر</wf>
		<wf pos="NNPC">آسہِ:وونٛٹ</wf>
		<wf pos="NNP">بادَم</wf>
		<wf pos="NN">دَنٛدٕ</wf>
		<wf pos="PSP">سۭتۍ</wf>
		<wf pos="RB">زورٕ</wf>
		<wf pos="VM">دَباونہٕ</wf>
		<wf pos="PSP">سۭتۍ</wf>
		<wf pos="NN">پُھٹ</wf>
		<wf pos="PRP">مےٚ</wf>
		<wf pos="QC">اَکھ</wf>
		<wf pos="NN">دَنٛد</wf>
		<wf pos="SYM">۔</wf>
</sentence>
<sentence s_id="61">
		<wf pos="DEM">ییٚمہِ</wf>
		<wf pos="VM">تاوِ</wf>
		<wf pos="PSP">ہُنٛد</wf>
		<wf pos="VAUX">ژوٚک</wf>
		<wf pos="VAUX">چُھ</wf>
		<wf pos="JJ" sense_id="2">توٚن</wf>
		<wf pos="SYM">۔</wf>
</sentence>
<sentence s_id="62">
		<wf pos="DEM">یُس</wf>
		<wf pos="JJ">ژھوٚٹ</wf>
		<wf pos="CC">تہٕ</wf>
		<wf pos="JJ" sense_id="2">توٚن</wf>
		<wf pos="JJ">آسہِ:میٲنی</wf>
		<wf pos="POW">بابی</wf>
		<wf pos="VAUX">چھِ</wf>
		<wf pos="JJ">ژھوٚٹ</wf>
		<wf pos="CC">تہٕ</wf>
		<wf pos="JJ" sense_id="2">توٚن</wf>
		<wf pos="SYM">۔</wf>
</sentence>
<sentence s_id="63">
		<wf pos="RB">اَز</wf>
		<wf pos="VAUX">ٲس</wf>
		<wf pos="NN">دۄدَس</wf>
		<wf pos="NN">مَلایہِ</wf>
		<wf pos="PSP">ہٕنٛز</wf>
		<wf pos="JJ" sense_id="2">توٚن</wf>
		<wf pos="NN">تَحہ</wf>
		<wf pos="VM">لٔجمٕژ</wf>
		<wf pos="SYM">۔</wf>
</sentence>
<sentence s_id="64">
		<wf pos="NN">دۄد</wf>
		<wf pos="VAUX">گوٚو</wf>
		<wf pos="VM">کَسنہٕ</wf>
		<wf pos="NNP">کَسنہٕ</wf>
		<wf pos="PSP">سۭتۍ</wf>
		<wf pos="INTF">واریاہ</wf>
		<wf pos="JJ" sense_id="2">توٚن</wf>
		<wf pos="SYM">۔</wf>
</sentence>
<sentence s_id="65">
		<wf pos="PRP">سۄ</wf>
		<wf pos="VM">رَز</wf>
		<wf pos="DEM">یۄس</wf>
		<wf pos="INTF">واریاہ</wf>
		<wf pos="JJ" sense_id="2">توٚن</wf>
		<wf pos="NN">آسہِ:گامہٕ</wf>
		<wf pos="QC">والیو</wf>
		<wf pos="RDP">گوٚنٛڈ</wf>
		<wf pos="NN">ژوٗر</wf>
		<wf pos="VM">مۄچہٕ</wf>
		<wf pos="VM">رَزِ</wf>
		<wf pos="PSP">سۭتۍ</wf>
		<wf pos="SYM">۔</wf>
</sentence>
<sentence s_id="66">
		<wf pos="DEM">یَتھ</wf>
		<wf pos="JJ">رَزِ</wf>
		<wf pos="NN">مۄچر</wf>
		<wf pos="PRP">آسہِ:سُہ</wf>
		<wf pos="RB">ووٚت</wf>
		<wf pos="NN">کرٛیٖلِس</wf>
		<wf pos="PSP">منٛز</wf>
		<wf pos="JJ" sense_id="2">توٚن</wf>
		<wf pos="NN">رَز</wf>
		<wf pos="VM">رٔٹِتھ</wf>
		<wf pos="SYM">۔</wf>
</sentence>
<sentence s_id="67">
		<wf pos="NN">ماز</wf>
		<wf pos="NN">کھور</wf>
		<wf pos="NN">نَفرٕ</wf>
		<wf pos="PSP">سُنٛد</wf>
		<wf pos="JJ">أنٛدرَم</wf>
		<wf pos="VAUX">چُھ</wf>
		<wf pos="RB">أنٛدٕرۍ</wf>
		<wf pos="RB">أنٛدٕرۍ</wf>
		<wf pos="JJ" sense_id="2">توٚن</wf>
		<wf pos="NN">گَژھآن</wf>
		<wf pos="SYM">۔</wf>
</sentence>
<sentence s_id="68">
		<wf pos="PRP">یُس</wf>
		<wf pos="CC">بےٚ</wf>
		<wf pos="JJ">ڈول</wf>
		<wf pos="CC">تہٕ</wf>
		<wf pos="JJ" sense_id="2">توٚن</wf>
		<wf pos="JJ">آسہِ:ژھوٚٹ</wf>
		<wf pos="CC">تہٕ</wf>
		<wf pos="JJ" sense_id="2">توٚن</wf>
		<wf pos="VM">رامکھِلاوَن</wf>
		<wf pos="VAUX">چُھ</wf>
		<wf pos="VM">بَچِن</wf>
		<wf pos="VM">کھوژناوان</wf>
		<wf pos="SYM">۔</wf>
</sentence>
<sentence s_id="69">
		<wf pos="NN">بَنٛگہٕ</wf>
		<wf pos="PSP">کٮ۪ن</wf>
		<wf pos="NN">ریشَن</wf>
		<wf pos="VM">بَنٲوِتھ</wf>
		<wf pos="QC">اَکھ</wf>
		<wf pos="JJ" sense_id="2">توٚن</wf>
		<wf pos="NN">کَپُر</wf>
		<wf pos="DEM">یُس</wf>
		<wf pos="NN">بۄہرِ</wf>
		<wf pos="CC">یا</wf>
		<wf pos="NN">پَردٕ</wf>
		<wf pos="VM">بَناونَس</wf>
		<wf pos="VAUX">چُھ</wf>
		<wf pos="NN">لَگان:آزٕ</wf>
		<wf pos="NN">کَل</wf>
		<wf pos="VAUX">چھےٚ</wf>
		<wf pos="NN">ٹاٹہٕ</wf>
		<wf pos="NN">بۄہریو</wf>
		<wf pos="PSP">بَدلہٕ</wf>
		<wf pos="NN">پَلاسٹِک</wf>
		<wf pos="NNPC">ریشو</wf>
		<wf pos="POW">دار</wf>
		<wf pos="NN">بۄہرِ</wf>
		<wf pos="JJ">زیادٕ</wf>
		<wf pos="VM">چَلان</wf>
		<wf pos="SYM">۔</wf>
</sentence>
<sentence s_id="70">
		<wf pos="NNPC">پٔنٛڑِت</wf>
		<wf pos="NNP">جی</wf>
		<wf pos="PSP">یَس</wf>
		<wf pos="VAUX">اوس</wf>
		<wf pos="JJ" sense_id="2">توٚن</wf>
		<wf pos="NN">یونہِ</wf>
		<wf pos="VM">لٲگِتھ</wf>
		<wf pos="SYM">۔</wf>
</sentence>
<sentence s_id="71">
		<wf pos="QC">اَکہِ</wf>
		<wf pos="NN">قٕسمُک</wf>
		<wf pos="JJ" sense_id="2">توٚن</wf>
		<wf pos="CC">تہٕ</wf>
		<wf pos="NNPC">کَڑا</wf>
		<wf pos="NNP">ریٖشِم:ٹَسرَس</wf>
		<wf pos="VAUX">چھِ</wf>
		<wf pos="NN">ساڑِ</wf>
		<wf pos="NN">،کُرتہٕ</wf>
		<wf pos="NN">بیترِ</wf>
		<wf pos="VM">بَناوان</wf>
		<wf pos="SYM">۔</wf>
</sentence>
<sentence s_id="72">
		<wf pos="QC">اَکھ</wf>
		<wf pos="JJ" sense_id="2">توٚن</wf>
		<wf pos="NN">کَپُر:شیٖلا</wf>
		<wf pos="VAUX">چھِ</wf>
		<wf pos="NN">دُسوٗتَس</wf>
		<wf pos="VM">پٮ۪تھ</wf>
		<wf pos="NN">کٲم</wf>
		<wf pos="VM">کَران</wf>
		<wf pos="SYM">۔</wf>
</sentence>
<sentence s_id="73">
		<wf pos="PRP">سۄ</wf>
		<wf pos="VAUX">چھےٚ</wf>
		<wf pos="NNP">میٛانہِ</wf>
		<wf pos="PSP">نِش</wf>
		<wf pos="JJ">پانٛژ</wf>
		<wf pos="NN">گۄنہٕ</wf>
		<wf pos="JJ" sense_id="2">توٚن</wf>
		<wf pos="SYM">۔</wf>
</sentence>
<sentence s_id="74">
		<wf pos="NN">تیۄنٛگلَن</wf>
		<wf pos="PSP">پٮ۪ٹھ</wf>
		<wf pos="VM">بَناونہٕ</wf>
		<wf pos="RB">یِنہٕ</wf>
		<wf pos="POW">واجیٚنٛۍ</wf>
		<wf pos="QC">اَکھ</wf>
		<wf pos="JJ" sense_id="2">توٚن</wf>
		<wf pos="PRP">ژوٚٹ:سُہ</wf>
		<wf pos="VAUX">چُھ</wf>
		<wf pos="JJ">دال</wf>
		<wf pos="NN">باٹی</wf>
		<wf pos="VM">کھٮ۪وان</wf>
		<wf pos="SYM">۔</wf>
</sentence>
<sentence s_id="75">
		<wf pos="NN">پانُیل</wf>
		<wf pos="JJ" sense_id="2">توٚن</wf>
		<wf pos="PRP">چیٖز:تیٚمۍ</wf>
		<wf pos="VM">ترٛوو</wf>
		<wf pos="NN">ٲٹِس</wf>
		<wf pos="PSP">منٛز</wf>
		<wf pos="INTF">تیوٗت</wf>
		<wf pos="NN">آب</wf>
		<wf pos="PRP">سُہ</wf>
		<wf pos="NN">بنیو</wf>
		<wf pos="RB">تانٛتہِ</wf>
		<wf pos="POW">دار</wf>
		<wf pos="SYM">۔</wf>
</sentence>
<sentence s_id="76">
		<wf pos="QC">اَکھ</wf>
		<wf pos="JJ" sense_id="2">توٚن</wf>
		<wf pos="NN">کِتاب:رامایَن</wf>
		<wf pos="JJ">،پُران،بٚیبِل</wf>
		<wf pos="NN">بیتر</wf>
		<wf pos="VAUX">چھےٚ</wf>
		<wf pos="VM">گرٛنتھ</wf>
		<wf pos="SYM">۔</wf>
</sentence>
<sentence s_id="77">
		<wf pos="JJ">خٔزِر</wf>
		<wf pos="NN">بیترِ</wf>
		<wf pos="PSP">ہُنٛد</wf>
		<wf pos="NN">رَس</wf>
		<wf pos="DEM">یُس</wf>
		<wf pos="INTF">واریاہ</wf>
		<wf pos="JJ" sense_id="2">توٚن</wf>
		<wf pos="VM">کٔرِتھ</wf>
		<wf pos="NN">خۄشَک</wf>
		<wf pos="VAUX">چُھ</wf>
		<wf pos="VM">یِوان</wf>
		<wf pos="NN">کَرنہٕ:کَیٚلاس</wf>
		<wf pos="VAUX">چُھ</wf>
		<wf pos="RB">صبحٲۍ</wf>
		<wf pos="POW">صبحٲۍ</wf>
		<wf pos="NN">مِسواک</wf>
		<wf pos="VM">کَرنہٕ</wf>
		<wf pos="RB">پَتہٕ</wf>
		<wf pos="NN">گور</wf>
		<wf pos="VM">کھیتھ</wf>
		<wf pos="NN">آب</wf>
		<wf pos="VM">چیٚوان</wf>
		<wf pos="SYM">۔</wf>
</sentence>
<sentence s_id="78">
		<wf pos="DEM">ییٚمۍ</wf>
		<wf pos="PSP">سُنٛد</wf>
		<wf pos="JJ">جِسٕم</wf>
		<wf pos="INTF">وارِیاہ</wf>
		<wf pos="JJ" sense_id="2">توٚن</wf>
		<wf pos="CC">آسہِ:رَما</wf>
		<wf pos="VAUX">چھِ</wf>
		<wf pos="QC">اَکھ</wf>
		<wf pos="JJ">ویٚٹھ</wf>
		<wf pos="VM">زَنان</wf>
		<wf pos="SYM">۔</wf>
</sentence>
<sentence s_id="79">
		<wf pos="NN">دۄدَس</wf>
		<wf pos="CC">تہٕ</wf>
		<wf pos="NN">زامُتدۄدَس</wf>
		<wf pos="PSP">پٮ۪ٹھ</wf>
		<wf pos="NN">لَگَن</wf>
		<wf pos="PSP">وول</wf>
		<wf pos="QC">اَکھ</wf>
		<wf pos="NN">تَہہ:تٔتِس</wf>
		<wf pos="NN">دۄدَس</wf>
		<wf pos="PSP">پٮ۪ٹھ</wf>
		<wf pos="VAUX">چھےٚ</wf>
		<wf pos="JJ" sense_id="2">توٚن</wf>
		<wf pos="NN">زٮ۪ل</wf>
		<wf pos="VM">لٔجمٕژ</wf>
		<wf pos="SYM">۔</wf>
</sentence>
<sentence s_id="80">
		<wf pos="QC">اَکہِ</wf>
		<wf pos="NN">قٔسمُک</wf>
		<wf pos="VM">ییروٗ</wf>
		<wf pos="NN">کَپُر</wf>
		<wf pos="DEM">یُس</wf>
		<wf pos="JJ" sense_id="2">توٚن</wf>
		<wf pos="RP">تہِ</wf>
		<wf pos="NN">نَرٕم</wf>
		<wf pos="VM">آسان</wf>
		<wf pos="NN">چُھ:تۭرِ</wf>
		<wf pos="PSP">منٛز</wf>
		<wf pos="VAUX">چِھ</wf>
		<wf pos="PRP">کینٛہہ</wf>
		<wf pos="NN">لُکھ</wf>
		<wf pos="NN">بَناتٕکۍ</wf>
		<wf pos="NN">پَلو</wf>
		<wf pos="VM">لاگان</wf>
		<wf pos="SYM">۔</wf>
</sentence>
<sentence s_id="81">
		<wf pos="NNP">ناگ</wf>
		<wf pos="NN">دلا</wf>
		<wf pos="PSP">ہُند</wf>
		<wf pos="PSP">بیالین</wf>
		<wf pos="PSP">ہُند</wf>
		<wf pos="JJ" sense_id="2">توٚن</wf>
		<wf pos="NN">تیٖل</wf>
		<wf pos="VAUX">چُھ</wf>
		<wf pos="VM">زالنس</wf>
		<wf pos="VM">لگان</wf>
		<wf pos="SYM">۔</wf>
</sentence>
<sentence s_id="82">
		<wf pos="NN">بیسنہِ</wf>
		<wf pos="PSP">سۭتۍ</wf>
		<wf pos="VM">بنیمٕژ</wf>
		<wf pos="QC">اَکہِ</wf>
		<wf pos="NN">قٕسمٕچ</wf>
		<wf pos="JJ" sense_id="2">توٚن</wf>
		<wf pos="NN">ژوٚٹ:مَنوہر</wf>
		<wf pos="VAUX">چُھ</wf>
		<wf pos="RB">رَمچَکرا</wf>
		<wf pos="VM">کھٮ۪وان</wf>
		<wf pos="SYM">۔</wf>
</sentence>
<sentence s_id="83">
		<wf pos="QC">اَکہِ</wf>
		<wf pos="NN">قٕسمُک</wf>
		<wf pos="NNP">دیٖسی</wf>
		<wf pos="NN">کَپُر:مہموٗدا</wf>
		<wf pos="VAUX">چُھ</wf>
		<wf pos="JJ" sense_id="2">توٚن</wf>
		<wf pos="VM">آسان</wf>
		<wf pos="SYM">۔</wf>
</sentence>
<sentence s_id="84">
		<wf pos="QC">اَکہِ</wf>
		<wf pos="NN">قٕسمُک</wf>
		<wf pos="JJ" sense_id="2">توٚن</wf>
		<wf pos="NN">سوٗتُک</wf>
		<wf pos="PRP">کَپُر:تٔمۍ</wf>
		<wf pos="VM">ہیوٚت</wf>
		<wf pos="NN">کَپَر</wf>
		<wf pos="NN">دُکانہٕ</wf>
		<wf pos="PSP">پٮ۪ٹھٕ</wf>
		<wf pos="QC">اَکھ</wf>
		<wf pos="NN">میٖٹَر</wf>
		<wf pos="NN">دُنٛگری</wf>
		<wf pos="SYM">۔</wf>
</sentence>
<sentence s_id="85">
		<wf pos="QC">اَکہِ</wf>
		<wf pos="NN">قٕسمُک</wf>
		<wf pos="JJ" sense_id="2">توٚن</wf>
		<wf pos="NN">سوٗتۍ</wf>
		<wf pos="NN">کَپُر:جیٖنزٕکۍ</wf>
		<wf pos="NN">پَن</wf>
		<wf pos="VAUX">چھِ</wf>
		<wf pos="JJ">واریاہ</wf>
		<wf pos="NN">دٔرۍ</wf>
		<wf pos="VM">آسان</wf>
		<wf pos="SYM">۔</wf>
</sentence>
<sentence s_id="86">
		<wf pos="PRP">سُہ</wf>
		<wf pos="NN">دالہٕ</wf>
		<wf pos="DEM">یُس</wf>
		<wf pos="NNC">ۂسۍ</wf>
		<wf pos="PSP">سُنٛد</wf>
		<wf pos="NN">آسہِ:ۂسۍدالہٕ</wf>
		<wf pos="VAUX">چُھ</wf>
		<wf pos="JJ" sense_id="2">توٚن</wf>
		<wf pos="VM">آسان</wf>
		<wf pos="SYM">۔</wf>
</sentence>
<sentence s_id="87">
		<wf pos="QC">اَکہِ</wf>
		<wf pos="NN">قٕسمُک</wf>
		<wf pos="VM">ییروٗ</wf>
		<wf pos="NNP">پَلو:کَشمیٖر</wf>
		<wf pos="VAUX">چُھ</wf>
		<wf pos="JJ" sense_id="2">توٚن</wf>
		<wf pos="VM">آسان</wf>
		<wf pos="SYM">۔</wf>
</sentence>
<sentence s_id="88">
		<wf pos="QC">اَکھ</wf>
		<wf pos="NN">پِشُل،</wf>
		<wf pos="INTF">واریاہ</wf>
		<wf pos="JJ" sense_id="2">توٚن</wf>
		<wf pos="NN">تیٖل</wf>
		<wf pos="DEM">ییٚمُیک</wf>
		<wf pos="NN">استعمال</wf>
		<wf pos="NN">مِشیٖنَس</wf>
		<wf pos="NN">گاڑٮ۪ن</wf>
		<wf pos="PSP">منٛز</wf>
		<wf pos="VAUX">چُھ</wf>
		<wf pos="NN">گَژھان:اٮ۪کسَلَس</wf>
		<wf pos="PSP">منٛز</wf>
		<wf pos="VM">ترٛاونہٕ</wf>
		<wf pos="RB">یِنہٕ</wf>
		<wf pos="POW">واجیٚنٛۍ</wf>
		<wf pos="NN">گرٛیٖس</wf>
		<wf pos="VM">چھٕ</wf>
		<wf pos="VM">ۂچھمٕژ</wf>
		<wf pos="SYM">۔</wf>
</sentence>
<sentence s_id="89">
		<wf pos="QC">اَکہِ</wf>
		<wf pos="NN">قٔسمُک</wf>
		<wf pos="JJ" sense_id="2">توٚن</wf>
		<wf pos="JJ">ریٖشمی</wf>
		<wf pos="NN">کَپُر:کیٚمخابَس</wf>
		<wf pos="VAUX">چِھ</wf>
		<wf pos="NN">پوش</wf>
		<wf pos="VM">آسان</wf>
		<wf pos="VM">بَنٲوِتھ</wf>
		<wf pos="SYM">۔</wf>
</sentence>
<sentence s_id="90">
		<wf pos="DEM">یَتھ</wf>
		<wf pos="NN">کُلِس</wf>
		<wf pos="VAUX">چھےٚ</wf>
		<wf pos="NN">یَڑ</wf>
		<wf pos="INTF">واریاہ</wf>
		<wf pos="JJ" sense_id="2">توٚن</wf>
		<wf pos="SYM">۔</wf>
</sentence>
<sentence s_id="91">
		<wf pos="NN">ییٚمِیُٛک</wf>
		<wf pos="JJ">مٔنٛزِیُٛم</wf>
		<wf pos="NN">حِصہٕ</wf>
		<wf pos="VAUX">چُھ</wf>
		<wf pos="JJ" sense_id="2">توٚن</wf>
		<wf pos="SYM">۔</wf>
</sentence>
<sentence s_id="92">
		<wf pos="NN">گرٮ۪ٹُک</wf>
		<wf pos="JJ">تٔلِم</wf>
		<wf pos="NN">حِصّہٕ:یَتھ</wf>
		<wf pos="NN">گرٮ۪ٹَس</wf>
		<wf pos="VAUX">چُھ</wf>
		<wf pos="NNP">بِھتلی</wf>
		<wf pos="INTF">واریاہ</wf>
		<wf pos="JJ" sense_id="2">توٚن</wf>
		<wf pos="SYM">۔</wf>
</sentence>
<sentence s_id="93">
		<wf pos="QC">اکہِ</wf>
		<wf pos="NN">قٕسمُک</wf>
		<wf pos="JJ" sense_id="2">توٚن</wf>
		<wf pos="NN">کَپُر:یہٕ</wf>
		<wf pos="NN">کُرتہٕ</wf>
		<wf pos="VAUX">چُھ</wf>
		<wf pos="NNP">چنٛڈاہس</wf>
		<wf pos="VM">بنیٛومُت</wf>
		<wf pos="SYM">۔</wf>
</sentence>
<sentence s_id="94">
		<wf pos="JJ" sense_id="2">توٚن</wf>
		<wf pos="CC">تہٕ</wf>
		<wf pos="JJ">بٔڑ</wf>
		<wf pos="NN">لوٗر:راکیش</wf>
		<wf pos="VAUX">چُھ</wf>
		<wf pos="NN">ڈَنٛڈٕ</wf>
		<wf pos="PSP">سۭتۍ</wf>
		<wf pos="RB">کُلہِ</wf>
		<wf pos="PSP">پٮ۪ٹھ</wf>
		<wf pos="NN">اَمبہٕ</wf>
		<wf pos="VM">والان</wf>
		<wf pos="SYM">۔</wf>
</sentence>
<sentence s_id="95">
		<wf pos="QC">اَکہِ</wf>
		<wf pos="NNP">قٔسمٕچۍ</wf>
		<wf pos="RB">اَمب:پامَر</wf>
		<wf pos="N">اَمبہِ</wf>
		<wf pos="PSP">ہُنٛد</wf>
		<wf pos="NN">دَٮ۪ل</wf>
		<wf pos="VAUX">چُھ</wf>
		<wf pos="NEG">نَہ</wf>
		<wf pos="INTF">زیادٕ</wf>
		<wf pos="JJ" sense_id="1">توٚن</wf>
		<wf pos="NEG">نَہ</wf>
		<wf pos="INTF">زیادٕ</wf>
		<wf pos="JJ" sense_id="2">توٚن</wf>
		<wf pos="VM">آسان</wf>
		<wf pos="SYM">۔</wf>
</sentence>
<sentence s_id="96">
		<wf pos="QC">اَکہِ</wf>
		<wf pos="NN">قٔسمُک</wf>
		<wf pos="JJ" sense_id="2">توٚن</wf>
		<wf pos="NN">کَپُر:زٔمیٖندارَن</wf>
		<wf pos="VM">اوٚن</wf>
		<wf pos="RB">بھنٛگرا</wf>
		<wf pos="NN">کَپُر</wf>
		<wf pos="NN">کُرتہٕ</wf>
		<wf pos="VM">بَناونہٕ</wf>
		<wf pos="PSP">خٲطرٕ</wf>
		<wf pos="SYM">۔</wf>
</sentence>
<sentence s_id="97">
		<wf pos="NNP">کَپرٕکہِ</wf>
		<wf pos="NN">انٛدُک</wf>
		<wf pos="PRP">سُہ</wf>
		<wf pos="NN">حِصہٕ</wf>
		<wf pos="DEM">یُس</wf>
		<wf pos="NN">سُونہٕ</wf>
		<wf pos="PSP">خٲطرٕ</wf>
		<wf pos="VAUX">چُھ</wf>
		<wf pos="VM">یِوان</wf>
		<wf pos="RB">ؤٹِتھ</wf>
		<wf pos="NN">رٹنہٕ:دَباو</wf>
		<wf pos="VAUX">چُھ</wf>
		<wf pos="PRP">کُنہِ</wf>
		<wf pos="NN">جایہِ</wf>
		<wf pos="JJ" sense_id="2">توٚن</wf>
		<wf pos="CC">تہٕ</wf>
		<wf pos="PRP">کُنہِ</wf>
		<wf pos="NN">جایہِ</wf>
		<wf pos="RB">توٚں</wf>
		<wf pos="VM">روٗدمُت</wf>
		<wf pos="SYM">۔</wf>
</sentence>
<sentence s_id="98">
		<wf pos="QC">اَکہِ</wf>
		<wf pos="NN">قٕسمُک</wf>
		<wf pos="JJ" sense_id="2">توٚن</wf>
		<wf pos="NN">کَپُر:موٚزوٗر</wf>
		<wf pos="VAUX">آو</wf>
		<wf pos="NN">بازرٕ</wf>
		<wf pos="PSP">پٮ۪ٹھٕ</wf>
		<wf pos="VM">ٹھٹھوا</wf>
		<wf pos="PSP">ہٮ۪تھ</wf>
		<wf pos="SYM">۔</wf>
</sentence>
<sentence s_id="99">
		<wf pos="QC">اَکہِ</wf>
		<wf pos="NN">قٕسمُک</wf>
		<wf pos="JJ" sense_id="2">توٚن</wf>
		<wf pos="NN">کَپُر:ڈک</wf>
		<wf pos="VAUX">چُھ</wf>
		<wf pos="VM">آسان</wf>
		<wf pos="NNPC">سَفید</wf>
		<wf pos="NNP">رنٛگُک</wf>
		<wf pos="SYM">۔</wf>
</sentence>
<sentence s_id="100">
		<wf pos="QC">اَکہِ</wf>
		<wf pos="NN">قٕسمٕچ</wf>
		<wf pos="INTF">وارِیاہ</wf>
		<wf pos="JJ" sense_id="2">توٚن</wf>
		<wf pos="PRP">رَز:تٔمۍ</wf>
		<wf pos="VM">کوٚر</wf>
		<wf pos="NNC">ۂسۍ</wf>
		<wf pos="PSP">سُنٛد</wf>
		<wf pos="QO">پٔتیُٛم</wf>
		<wf pos="NN">کھوٚر</wf>
		<wf pos="NNC">مۄچہِ</wf>
		<wf pos="NN">رَزِ</wf>
		<wf pos="PSP">سۭتۍ</wf>
		<wf pos="JJ">بَنٛد</wf>
		<wf pos="SYM">۔</wf>
</sentence>
<sentence s_id="101">
		<wf pos="JJ">خترناکھ</wf>
		<wf pos="CC">یا</wf>
		<wf pos="JJ">جان</wf>
		<wf pos="NN">لیوا</wf>
		<wf pos="NN">جانوَرن</wf>
		<wf pos="PSP">ہٕنٛدِس</wf>
		<wf pos="NN">ۂٹِس</wf>
		<wf pos="PSP">مَنٛز</wf>
		<wf pos="VM">ترٛاونہٕ</wf>
		<wf pos="VM">یِنہٕ</wf>
		<wf pos="PSP">وول</wf>
		<wf pos="NN">لٔکرِ</wf>
		<wf pos="PSP">ہُنٛد</wf>
		<wf pos="JJ" sense_id="3">توٚن</wf>
		<wf pos="NN">ڑَنٛڑٕ:اڑگوڑا</wf>
		<wf pos="VM">ترٛاونہٕ</wf>
		<wf pos="PSP">سۭتۍ</wf>
		<wf pos="NEG">چِھنہٕ</wf>
		<wf pos="NN">جانور</wf>
		<wf pos="JJ">تیز</wf>
		<wf pos="VM">ہٮ۪کان</wf>
		<wf pos="RDP">دوٗرِتھ</wf>
		<wf pos="SYM">۔</wf>
</sentence>
<sentence s_id="102">
		<wf pos="QC">اَکہِ</wf>
		<wf pos="NN">قٕسمُک</wf>
		<wf pos="JJ">ریٖشمی،پایٔدار،مضبوٗط</wf>
		<wf pos="CC">تہٕ</wf>
		<wf pos="JJ" sense_id="3">توٚن</wf>
		<wf pos="NN">کپُر:ٹسرٕچ</wf>
		<wf pos="NNPC">صنعت</wf>
		<wf pos="NNPC">چھےٚٹسر</wf>
		<wf pos="NNP">ناوکہِ</wf>
		<wf pos="NN">ریٖشمہٕ</wf>
		<wf pos="PSP">سۭتۍ</wf>
		<wf pos="VM">کَرنہٕ</wf>
		<wf pos="VAUX">یِوان</wf>
		<wf pos="SYM">۔</wf>
</sentence>
<sentence s_id="103">
		<wf pos="NN">نالٮ۪ن</wf>
		<wf pos="PSP">ہُنٛد</wf>
		<wf pos="NN">پَردٕ</wf>
		<wf pos="VAUX">چُھ</wf>
		<wf pos="JJ">تھوڈا</wf>
		<wf pos="JJ" sense_id="2">توٚن</wf>
		<wf pos="NN">آسانسٮ۪لَن</wf>
		<wf pos="RP">تہِ</wf>
		<wf pos="VAUX">چُھ</wf>
		<wf pos="NN">پَردٕ</wf>
		<wf pos="VM">آسان</wf>
		<wf pos="SYM">۔</wf>
</sentence>
<sentence s_id="104">
		<wf pos="DEM">یہِ</wf>
		<wf pos="VAUX">چُھ</wf>
		<wf pos="JJ" sense_id="2">توٚن</wf>
		<wf pos="NN">کَپُر</wf>
		<wf pos="SYM">۔</wf>
</sentence>
<sentence s_id="105">
		<wf pos="QC">اَکہِ</wf>
		<wf pos="NN">قٕسمُک</wf>
		<wf pos="VM">کُل</wf>
		<wf pos="DEM">ییٚمُیک</wf>
		<wf pos="POW">تَن</wf>
		<wf pos="JJ" sense_id="2">توٚن</wf>
		<wf pos="VAUX">چُھ</wf>
		<wf pos="VM">آسان</wf>
		<wf pos="DEM">یُس</wf>
		<wf pos="VM">رٔنِتھ</wf>
		<wf pos="NNC">کھیٚنہٕ</wf>
		<wf pos="VAUX">چُھ</wf>
		<wf pos="NN">یِوان:رِوَنٛدٕکۍ</wf>
		<wf pos="NN">پَنہٕ</wf>
		<wf pos="NN">ؤتٕھر</wf>
		<wf pos="VAUX">چھِ</wf>
		<wf pos="RB:?">زہریٖلہٕ</wf>
		<wf pos="VM">آسان</wf>
		<wf pos="SYM">۔</wf>
</sentence>
<sentence s_id="106">
		<wf pos="NN">ووٚٹ</wf>
		<wf pos="PSP">کِس</wf>
		<wf pos="NN">دیٚوارَس</wf>
		<wf pos="PSP">منٛز</wf>
		<wf pos="JJ" sense_id="2">توٚن</wf>
		<wf pos="NN">مَحراب:نوٚش</wf>
		<wf pos="VAUX">ٲس</wf>
		<wf pos="NN">مَحرابَس</wf>
		<wf pos="PSP">سۭتۍ</wf>
		<wf pos="VM">روٗزِتھ</wf>
		<wf pos="PSP">بٔنٛیان</wf>
		<wf pos="VM">وونان</wf>
		<wf pos="SYM">۔</wf>
</sentence>
<sentence s_id="107">
		<wf pos="JJ" sense_id="2">توٚن</wf>
		<wf pos="VM">آسنٕچ</wf>
		<wf pos="NN">حالَت:آب</wf>
		<wf pos="VM">رَلاونہٕ</wf>
		<wf pos="PSP">سۭتۍ</wf>
		<wf pos="VAUX">گَژھِ</wf>
		<wf pos="VM">زامُت</wf>
		<wf pos="NN">دۄدُک</wf>
		<wf pos="NN">مۄچر</wf>
		<wf pos="NN">کَم</wf>
		<wf pos="SYM">۔</wf>
</sentence>
<sentence s_id="108">
		<wf pos="PRP">سۄ</wf>
		<wf pos="JJ" sense_id="2">توٚن</wf>
		<wf pos="NNP">تار</wf>
		<wf pos="DEM">یۄس</wf>
		<wf pos="JJ">واریاہَن</wf>
		<wf pos="NN">تارَن</wf>
		<wf pos="PSP">ہٕنٛز</wf>
		<wf pos="VM">بَنیمٕژ</wf>
		<wf pos="VAUX">چھِ</wf>
		<wf pos="RB">آسان:ییٚتہِ</wf>
		<wf pos="VAUX">چھِ</wf>
		<wf pos="NN">زٔمیٖنَس</wf>
		<wf pos="PSP">اَنٛدَر</wf>
		<wf pos="NNP">کیبَل</wf>
		<wf pos="VM">ترٛاونہٕ</wf>
		<wf pos="VAUX">یِوان</wf>
		<wf pos="SYM">۔</wf>
</sentence>
<sentence s_id="109">
		<wf pos="DEM">یُس</wf>
		<wf pos="PRP">کُنہِ</wf>
		<wf pos="JJ">خاص</wf>
		<wf pos="NN">دَرجہِ</wf>
		<wf pos="NN">حرارتَس</wf>
		<wf pos="PSP">پٮ۪ٹھ</wf>
		<wf pos="JJ">زیادٕ</wf>
		<wf pos="VM">کھوٚت</wf>
		<wf pos="INTF">زیادٕ</wf>
		<wf pos="JJ" sense_id="2">توٚن</wf>
		<wf pos="NN">مواد</wf>
		<wf pos="VM">بَنہِ</wf>
		<wf pos="CC">یا</wf>
		<wf pos="DEM">یَتھ</wf>
		<wf pos="PSP">منٛز</wf>
		<wf pos="NEG">نہٕ</wf>
		<wf pos="VM">بییٚہَن</wf>
		<wf pos="NN">حَل</wf>
		<wf pos="VM">گژھِ:یہٕ</wf>
		<wf pos="VAUX">چُھ</wf>
		<wf pos="JJ">نوٗنُک</wf>
		<wf pos="JJ">پوٗرٕ</wf>
		<wf pos="VM">بَرنہٕ</wf>
		<wf pos="VAUX">آمُت</wf>
		<wf pos="JJ" sense_id="2">توٚن</wf>
		<wf pos="NN">مواد</wf>
		<wf pos="SYM">۔</wf>
</sentence>
<sentence s_id="110">
		<wf pos="NN">دَوہُک</wf>
		<wf pos="JJ" sense_id="2">توٚن</wf>
		<wf pos="NN">مۄربہٕ:ڈاکٹرَن</wf>
		<wf pos="VAUX">چُھ</wf>
		<wf pos="NN">بَچَس</wf>
		<wf pos="NN">سِرَپ</wf>
		<wf pos="VM">دیُتمُت</wf>
		<wf pos="SYM">۔</wf>
</sentence>
<sentence s_id="111">
		<wf pos="VM">ژَندُن</wf>
		<wf pos="NN">آبَس</wf>
		<wf pos="PSP">منٛز</wf>
		<wf pos="VM">ترٲوِتھ</wf>
		<wf pos="NN">گٔہِت</wf>
		<wf pos="VM">بناونہٕ</wf>
		<wf pos="VAUX">آمُت</wf>
		<wf pos="JJ" sense_id="2">توٚن</wf>
		<wf pos="NNPC">لیپ</wf>
		<wf pos="PRP">یٔمۍ</wf>
		<wf pos="PSP">سۭتۍ</wf>
		<wf pos="NN">ٹیوک</wf>
		<wf pos="NN">بیترِ</wf>
		<wf pos="VAUX">چھِ</wf>
		<wf pos="NN">لگاوان:ڈٮ۪کَس</wf>
		<wf pos="VM">ژَندُن</wf>
		<wf pos="VM">مَتھنہٕ</wf>
		<wf pos="PSP">سۭتۍ</wf>
		<wf pos="VAUX">چُھ</wf>
		<wf pos="PSP">کَلہٕ</wf>
		<wf pos="NN">دود</wf>
		<wf pos="VM">ژلان</wf>
		<wf pos="SYM">۔</wf>
</sentence>
<sentence s_id="112">
		<wf pos="NN">چہہٕ</wf>
		<wf pos="PSP">أندرٕ</wf>
		<wf pos="VAUX">چھُہ</wf>
		<wf pos="JJ" sense_id="2">توٚن</wf>
		<wf pos="NN">انہِ</wf>
		<wf pos="JJ">گوٚٹ</wf>
		<wf pos="VM">ۂندران</wf>
		<wf pos="SYM">۔</wf>
</sentence>
<sentence s_id="113">
		<wf pos="JJ">کُٹھہِ</wf>
		<wf pos="RB">اندریُم</wf>
		<wf pos="JJ">گوٚٹ</wf>
		<wf pos="VAUX">گو</wf>
		<wf pos="NN">وارے</wf>
		<wf pos="JJ" sense_id="2">توٚن</wf>
		<wf pos="SYM">۔</wf>
</sentence>
<sentence s_id="114">
		<wf pos="CC">مگر</wf>
		<wf pos="PRP">تِم</wf>
		<wf pos="WQ">کتہِ</wf>
		<wf pos="VM">چٮ۪ن</wf>
		<wf pos="DEM">یہِ</wf>
		<wf pos="JJ" sense_id="2">توٚن</wf>
		<wf pos="NN">آب</wf>
		<wf pos="CC">تِکیازِ</wf>
		<wf pos="PRP">تِمن</wf>
		<wf pos="VAUX">چُھ</wf>
		<wf pos="PRP">پَننہِ</wf>
		<wf pos="NN">صتحُک</wf>
		<wf pos="JJ">پوٗرٕ</wf>
		<wf pos="NN">خیال</wf>
		<wf pos="SYM">۔</wf>
</sentence>
<sentence s_id="115">
		<wf pos="NN">ہۄچھِ</wf>
		<wf pos="JJ">میٚژِ</wf>
		<wf pos="VAUX">چُھ</wf>
		<wf pos="INTF">سخت</wf>
		<wf pos="VM">آسان</wf>
		<wf pos="JJ" sense_id="2">توٚن</wf>
		<wf pos="VM">کَرنہٕ</wf>
		<wf pos="PSP">مۄکھٕ</wf>
		<wf pos="VAUX">گَژھِ</wf>
		<wf pos="DEM">تَتھ</wf>
		<wf pos="NN">آب</wf>
		<wf pos="VM">رَلاوُن</wf>
		<wf pos="SYM">۔</wf>
</sentence>
<sentence s_id="116">
		<wf pos="DEM">یَتھ</wf>
		<wf pos="NN">کِتابہِ</wf>
		<wf pos="PSP">پٮ۪ٹھ</wf>
		<wf pos="NEG">چُھنہٕ</wf>
		<wf pos="RB">صاف</wf>
		<wf pos="JJ">صاف</wf>
		<wf pos="NN">یِوٲنی</wf>
		<wf pos="VM">بوزنہٕ</wf>
		<wf pos="PSP">کہِ</wf>
		<wf pos="VM">لیٚکھِتھ</wf>
		<wf pos="PRP">کینٛہہ</wf>
		<wf pos="VAUX">چُھ</wf>
		<wf pos="RB">کیازِکہِ</wf>
		<wf pos="DEM">یہِ</wf>
		<wf pos="VAUX">چُھ</wf>
		<wf pos="NN">آب</wf>
		<wf pos="VM">پٮ۪نہٕ</wf>
		<wf pos="PSP">سۭتۍ</wf>
		<wf pos="JJ" sense_id="2">توٚن</wf>
		<wf pos="VM">گوٚمُت</wf>
		<wf pos="SYM">۔</wf>
</sentence>
<sentence s_id="117">
		<wf pos="NN">آب</wf>
		<wf pos="VAUX">چُھ</wf>
		<wf pos="JJ" sense_id="2">توٚن</wf>
		<wf pos="NN">چیٖز</wf>
		<wf pos="SYM">۔</wf>
</sentence>
<sentence s_id="118">
		<wf pos="DEM">ییٚمہِ</wf>
		<wf pos="NN">کیٖرُیک</wf>
		<wf pos="NN">آب</wf>
		<wf pos="VAUX">چُھ</wf>
		<wf pos="INTF">واریاہ</wf>
		<wf pos="JJ" sense_id="2">توٚن</wf>
		<wf pos="SYM">۔</wf>
</sentence>

</contextfile>