<?xml version='1.0' encoding='utf-8'?>
<contextfile filename="تَھپ" fileno="90 ">
<sentence s_id="1">
		<wf pos="NN">حٲضری</wf>
		<wf pos="VM">سوزنَس</wf>
		<wf pos="VAUX">چھیٚہ</wf>
		<wf pos="NN">حٲضری</wf>
		<wf pos="NNC">گوٚبرٕ</wf>
		<wf pos="NN">مٲلۍ</wf>
		<wf pos="PSP">سٕنٛدِ</wf>
		<wf pos="PSP">طرفہٕ</wf>
		<wf pos="NNC">کورِ</wf>
		<wf pos="NN" sense_id="1">تَھپ</wf>
		<wf pos="VM">ترٛاونَس</wf>
		<wf pos="CC">تہٕ</wf>
		<wf pos="NN">قَسَم</wf>
		<wf pos="VM">ہٮ۪نَس</wf>
		<wf pos="NNC">کورِ</wf>
		<wf pos="NN">مٲلۍ</wf>
		<wf pos="PSP">سٕنٛدِ</wf>
		<wf pos="PSP">طرفہٕ</wf>
		<wf pos="NN">رضامٔنٛدی</wf>
		<wf pos="CC">تہٕ</wf>
		<wf pos="NN">بٮ۪قرارُک</wf>
		<wf pos="NN">جواب</wf>
		<wf pos="VM">آسان</wf>
		<wf pos="SYM">۔</wf>
</sentence>
<sentence s_id="2">
		<wf pos="NN">موج</wf>
		<wf pos="VAUX">چھےٚ</wf>
		<wf pos="NN">شُرِس</wf>
		<wf pos="NN">اَتَھس</wf>
		<wf pos="NN" sense_id="2">تَھپ</wf>
		<wf pos="VM">کرنٲوِتھ</wf>
		<wf pos="NN">کھۄکھٕش</wf>
		<wf pos="VM">کَرناوان</wf>
		<wf pos="SYM">۔</wf>
</sentence>
<sentence s_id="3">
		<wf pos="NN">نالہٕ</wf>
		<wf pos="POW">موٚت</wf>
		<wf pos="VAUX">چُھ</wf>
		<wf pos="NN">مَحتَت</wf>
		<wf pos="NN">اِظہار</wf>
		<wf pos="NN">کَرانناٹکِکِس</wf>
		<wf pos="NN">اِختتامَس</wf>
		<wf pos="PSP">پٮ۪ٹھ</wf>
		<wf pos="VAUX">اوس</wf>
		<wf pos="NN">مٲلِس</wf>
		<wf pos="NEG">نہٕ</wf>
		<wf pos="NN">نٮ۪چِو</wf>
		<wf pos="PSP">سُنٛد</wf>
		<wf pos="NN">نالہٕ</wf>
		<wf pos="POW">موٚت</wf>
		<wf pos="NN">دِلَس</wf>
		<wf pos="NN" sense_id="3">تَھپ</wf>
		<wf pos="NN">کَرَن</wf>
		<wf pos="PSP">وول</wf>
		<wf pos="SYM">۔</wf>
</sentence>
<sentence s_id="4">
		<wf pos="NN">آلہٕ</wf>
		<wf pos="CC">یا</wf>
		<wf pos="CC">بیٚیہِ</wf>
		<wf pos="PRP">کُنہِ</wf>
		<wf pos="NN">چیٖزُک</wf>
		<wf pos="PRP">سُہ</wf>
		<wf pos="NN">چیٖز</wf>
		<wf pos="DEM">ییٚمہِ</wf>
		<wf pos="PSP">سۭتۍ</wf>
		<wf pos="PRP">سُہ</wf>
		<wf pos="NN">اَتَھس</wf>
		<wf pos="PSP">کٮ۪تھ</wf>
		<wf pos="VAUX">چھِ</wf>
		<wf pos="NN">رَٹان:بانَس</wf>
		<wf pos="NN" sense_id="2">تَھپ</wf>
		<wf pos="VM">پٕھٹنہٕ</wf>
		<wf pos="VM">کِنۍ</wf>
		<wf pos="VAUX">چھِ</wf>
		<wf pos="PRP">سُہ</wf>
		<wf pos="NN">اَتَھس</wf>
		<wf pos="PSP">کٮ۪تھ</wf>
		<wf pos="VM">رَٹنَس</wf>
		<wf pos="PSP">منٛز</wf>
		<wf pos="JJ">مُشکِل</wf>
		<wf pos="VM">گَژھان</wf>
		<wf pos="SYM">۔</wf>
</sentence>
<sentence s_id="5">
		<wf pos="DEM">ییٚمِچ</wf>
		<wf pos="NN" sense_id="4">تَھپ</wf>
		<wf pos="VAUX">چھےٚ</wf>
		<wf pos="PRP">کَمزورتٔمۍ</wf>
		<wf pos="PSP">سٕنٛز</wf>
		<wf pos="NN">تَپھ</wf>
		<wf pos="NN">کَمزور</wf>
		<wf pos="VM">گٔژھتھٕے</wf>
		<wf pos="NN">پٮ۪یہِ</wf>
		<wf pos="NN">گاڑ</wf>
		<wf pos="NN">آبَس</wf>
		<wf pos="PSP">منٛز</wf>
		<wf pos="SYM">۔</wf>
</sentence>
<sentence s_id="6">
		<wf pos="PRP">کانٛہہ</wf>
		<wf pos="VM">رٔٹِتھ</wf>
		<wf pos="VM">نِنٕچ</wf>
		<wf pos="NN">حالَت:پُلسہٕ</wf>
		<wf pos="PSP">وٲلۍ</wf>
		<wf pos="VM">دِژ</wf>
		<wf pos="NN">ژوٗرَس</wf>
		<wf pos="NN" sense_id="2">تَھپ</wf>
		<wf pos="SYM">۔</wf>
</sentence>
<sentence s_id="7">
		<wf pos="NN">بُرشَس</wf>
		<wf pos="VM">چھٕ</wf>
		<wf pos="NN" sense_id="4">تَھپ</wf>
		<wf pos="NN">پھٕٹہٕ</wf>
		<wf pos="VM">مٕژ</wf>
		<wf pos="SYM">۔</wf>
</sentence>
<sentence s_id="8">
		<wf pos="PRP">تٔٮمِس</wf>
		<wf pos="VAUX">دِژٕکھ</wf>
		<wf pos="NN">وَتہِ</wf>
		<wf pos="PSP">پٮ۪ٹھ</wf>
		<wf pos="NN" sense_id="2">تَھپ</wf>
		<wf pos="SYM">۔</wf>
</sentence>
<sentence s_id="9">
		<wf pos="NN">موج</wf>
		<wf pos="VAUX">چھےٚ</wf>
		<wf pos="NN">شُرِس</wf>
		<wf pos="NN">اَتَھس</wf>
		<wf pos="NN" sense_id="2">تَھپ</wf>
		<wf pos="VM">کرنٲوِتھ</wf>
		<wf pos="NN">کھۄکھٕش</wf>
		<wf pos="VM">کَرناوان</wf>
		<wf pos="SYM">۔</wf>
</sentence>
<sentence s_id="10">
		<wf pos="PRP">اَسہِ</wf>
		<wf pos="NN">پَزٕ</wf>
		<wf pos="INTF">پَژھہٕ</wf>
		<wf pos="NN" sense_id="1">تَھپ</wf>
		<wf pos="VM">کَرٕنۍ</wf>
		<wf pos="SYM">۔</wf>
</sentence>
<sentence s_id="11">
		<wf pos="NN">حٲضری</wf>
		<wf pos="VM">سوزنَس</wf>
		<wf pos="VAUX">چھیٚہ</wf>
		<wf pos="NN">حٲضری</wf>
		<wf pos="NNC">گوٚبرٕ</wf>
		<wf pos="NN">مٲلۍ</wf>
		<wf pos="PSP">سٕنٛدِ</wf>
		<wf pos="PSP">طرفہٕ</wf>
		<wf pos="NNC">کورِ</wf>
		<wf pos="NN" sense_id="1">تَھپ</wf>
		<wf pos="VM">ترٛاونَس</wf>
		<wf pos="CC">تہٕ</wf>
		<wf pos="NN">قَسَم</wf>
		<wf pos="VM">ہٮ۪نَس</wf>
		<wf pos="NNC">کورِ</wf>
		<wf pos="NN">مٲلۍ</wf>
		<wf pos="PSP">سٕنٛدِ</wf>
		<wf pos="PSP">طرفہٕ</wf>
		<wf pos="NN">رضامٔنٛدی</wf>
		<wf pos="CC">تہٕ</wf>
		<wf pos="NN">بٮ۪قرارُک</wf>
		<wf pos="NN">جواب</wf>
		<wf pos="VM">آسان</wf>
		<wf pos="SYM">۔</wf>
</sentence>
<sentence s_id="12">
		<wf pos="NN">موج</wf>
		<wf pos="VAUX">چھےٚ</wf>
		<wf pos="NN">شُرِس</wf>
		<wf pos="NN">اَتَھس</wf>
		<wf pos="NN" sense_id="2">تَھپ</wf>
		<wf pos="VM">کرنٲوِتھ</wf>
		<wf pos="NN">کھۄکھٕش</wf>
		<wf pos="VM">کَرناوان</wf>
		<wf pos="SYM">۔</wf>
</sentence>
<sentence s_id="13">
		<wf pos="NN">نالہٕ</wf>
		<wf pos="POW">موٚت</wf>
		<wf pos="VAUX">چُھ</wf>
		<wf pos="NN">مَحتَت</wf>
		<wf pos="NN">اِظہار</wf>
		<wf pos="NN">کَرانناٹکِکِس</wf>
		<wf pos="NN">اِختتامَس</wf>
		<wf pos="PSP">پٮ۪ٹھ</wf>
		<wf pos="VAUX">اوس</wf>
		<wf pos="NN">مٲلِس</wf>
		<wf pos="NEG">نہٕ</wf>
		<wf pos="NN">نٮ۪چِو</wf>
		<wf pos="PSP">سُنٛد</wf>
		<wf pos="NN">نالہٕ</wf>
		<wf pos="POW">موٚت</wf>
		<wf pos="NN">دِلَس</wf>
		<wf pos="NN" sense_id="3">تَھپ</wf>
		<wf pos="NN">کَرَن</wf>
		<wf pos="PSP">وول</wf>
		<wf pos="SYM">۔</wf>
</sentence>
<sentence s_id="14">
		<wf pos="NN">آلہٕ</wf>
		<wf pos="CC">یا</wf>
		<wf pos="CC">بیٚیہِ</wf>
		<wf pos="PRP">کُنہِ</wf>
		<wf pos="NN">چیٖزُک</wf>
		<wf pos="PRP">سُہ</wf>
		<wf pos="NN">چیٖز</wf>
		<wf pos="DEM">ییٚمہِ</wf>
		<wf pos="PSP">سۭتۍ</wf>
		<wf pos="PRP">سُہ</wf>
		<wf pos="NN">اَتَھس</wf>
		<wf pos="PSP">کٮ۪تھ</wf>
		<wf pos="VAUX">چھِ</wf>
		<wf pos="NN">رَٹان:بانَس</wf>
		<wf pos="NN" sense_id="2">تَھپ</wf>
		<wf pos="VM">پٕھٹنہٕ</wf>
		<wf pos="VM">کِنۍ</wf>
		<wf pos="VAUX">چھِ</wf>
		<wf pos="PRP">سُہ</wf>
		<wf pos="NN">اَتَھس</wf>
		<wf pos="PSP">کٮ۪تھ</wf>
		<wf pos="VM">رَٹنَس</wf>
		<wf pos="PSP">منٛز</wf>
		<wf pos="JJ">مُشکِل</wf>
		<wf pos="VM">گَژھان</wf>
		<wf pos="SYM">۔</wf>
</sentence>
<sentence s_id="15">
		<wf pos="DEM">ییٚمِچ</wf>
		<wf pos="NN" sense_id="4">تَھپ</wf>
		<wf pos="VAUX">چھےٚ</wf>
		<wf pos="PRP">کَمزورتٔمۍ</wf>
		<wf pos="PSP">سٕنٛز</wf>
		<wf pos="NN">تَپھ</wf>
		<wf pos="NN">کَمزور</wf>
		<wf pos="VM">گٔژھتھٕے</wf>
		<wf pos="NN">پٮ۪یہِ</wf>
		<wf pos="NN">گاڑ</wf>
		<wf pos="NN">آبَس</wf>
		<wf pos="PSP">منٛز</wf>
		<wf pos="SYM">۔</wf>
</sentence>
<sentence s_id="16">
		<wf pos="PRP">کانٛہہ</wf>
		<wf pos="VM">رٔٹِتھ</wf>
		<wf pos="VM">نِنٕچ</wf>
		<wf pos="NN">حالَت:پُلسہٕ</wf>
		<wf pos="PSP">وٲلۍ</wf>
		<wf pos="VM">دِژ</wf>
		<wf pos="NN">ژوٗرَس</wf>
		<wf pos="NN" sense_id="2">تَھپ</wf>
		<wf pos="SYM">۔</wf>
</sentence>
<sentence s_id="17">
		<wf pos="NN">بُرشَس</wf>
		<wf pos="VM">چھٕ</wf>
		<wf pos="NN" sense_id="4">تَھپ</wf>
		<wf pos="NN">پھٕٹہٕ</wf>
		<wf pos="VM">مٕژ</wf>
		<wf pos="SYM">۔</wf>
</sentence>
<sentence s_id="18">
		<wf pos="PRP">تٔٮمِس</wf>
		<wf pos="VAUX">دِژٕکھ</wf>
		<wf pos="NN">وَتہِ</wf>
		<wf pos="PSP">پٮ۪ٹھ</wf>
		<wf pos="NN" sense_id="2">تَھپ</wf>
		<wf pos="SYM">۔</wf>
</sentence>
<sentence s_id="19">
		<wf pos="NN">موج</wf>
		<wf pos="VAUX">چھےٚ</wf>
		<wf pos="NN">شُرِس</wf>
		<wf pos="NN">اَتَھس</wf>
		<wf pos="NN" sense_id="2">تَھپ</wf>
		<wf pos="VM">کرنٲوِتھ</wf>
		<wf pos="NN">کھۄکھٕش</wf>
		<wf pos="VM">کَرناوان</wf>
		<wf pos="SYM">۔</wf>
</sentence>
<sentence s_id="20">
		<wf pos="PRP">اَسہِ</wf>
		<wf pos="NN">پَزٕ</wf>
		<wf pos="INTF">پَژھہٕ</wf>
		<wf pos="NN" sense_id="1">تَھپ</wf>
		<wf pos="VM">کَرٕنۍ</wf>
		<wf pos="SYM">۔</wf>
</sentence>
<sentence s_id="21">
		<wf pos="NN">حٲضری</wf>
		<wf pos="VM">سوزنَس</wf>
		<wf pos="VAUX">چھیٚہ</wf>
		<wf pos="NN">حٲضری</wf>
		<wf pos="NNC">گوٚبرٕ</wf>
		<wf pos="NN">مٲلۍ</wf>
		<wf pos="PSP">سٕنٛدِ</wf>
		<wf pos="PSP">طرفہٕ</wf>
		<wf pos="NNC">کورِ</wf>
		<wf pos="NN" sense_id="1">تَھپ</wf>
		<wf pos="VM">ترٛاونَس</wf>
		<wf pos="CC">تہٕ</wf>
		<wf pos="NN">قَسَم</wf>
		<wf pos="VM">ہٮ۪نَس</wf>
		<wf pos="NNC">کورِ</wf>
		<wf pos="NN">مٲلۍ</wf>
		<wf pos="PSP">سٕنٛدِ</wf>
		<wf pos="PSP">طرفہٕ</wf>
		<wf pos="NN">رضامٔنٛدی</wf>
		<wf pos="CC">تہٕ</wf>
		<wf pos="NN">بٮ۪قرارُک</wf>
		<wf pos="NN">جواب</wf>
		<wf pos="VM">آسان</wf>
		<wf pos="SYM">۔</wf>
</sentence>
<sentence s_id="22">
		<wf pos="NN">موج</wf>
		<wf pos="VAUX">چھےٚ</wf>
		<wf pos="NN">شُرِس</wf>
		<wf pos="NN">اَتَھس</wf>
		<wf pos="NN" sense_id="2">تَھپ</wf>
		<wf pos="VM">کرنٲوِتھ</wf>
		<wf pos="NN">کھۄکھٕش</wf>
		<wf pos="VM">کَرناوان</wf>
		<wf pos="SYM">۔</wf>
</sentence>
<sentence s_id="23">
		<wf pos="NN">نالہٕ</wf>
		<wf pos="POW">موٚت</wf>
		<wf pos="VAUX">چُھ</wf>
		<wf pos="NN">مَحتَت</wf>
		<wf pos="NN">اِظہار</wf>
		<wf pos="NN">کَرانناٹکِکِس</wf>
		<wf pos="NN">اِختتامَس</wf>
		<wf pos="PSP">پٮ۪ٹھ</wf>
		<wf pos="VAUX">اوس</wf>
		<wf pos="NN">مٲلِس</wf>
		<wf pos="NEG">نہٕ</wf>
		<wf pos="NN">نٮ۪چِو</wf>
		<wf pos="PSP">سُنٛد</wf>
		<wf pos="NN">نالہٕ</wf>
		<wf pos="POW">موٚت</wf>
		<wf pos="NN">دِلَس</wf>
		<wf pos="NN" sense_id="3">تَھپ</wf>
		<wf pos="NN">کَرَن</wf>
		<wf pos="PSP">وول</wf>
		<wf pos="SYM">۔</wf>
</sentence>
<sentence s_id="24">
		<wf pos="NN">آلہٕ</wf>
		<wf pos="CC">یا</wf>
		<wf pos="CC">بیٚیہِ</wf>
		<wf pos="PRP">کُنہِ</wf>
		<wf pos="NN">چیٖزُک</wf>
		<wf pos="PRP">سُہ</wf>
		<wf pos="NN">چیٖز</wf>
		<wf pos="DEM">ییٚمہِ</wf>
		<wf pos="PSP">سۭتۍ</wf>
		<wf pos="PRP">سُہ</wf>
		<wf pos="NN">اَتَھس</wf>
		<wf pos="PSP">کٮ۪تھ</wf>
		<wf pos="VAUX">چھِ</wf>
		<wf pos="NN">رَٹان:بانَس</wf>
		<wf pos="NN" sense_id="2">تَھپ</wf>
		<wf pos="VM">پٕھٹنہٕ</wf>
		<wf pos="VM">کِنۍ</wf>
		<wf pos="VAUX">چھِ</wf>
		<wf pos="PRP">سُہ</wf>
		<wf pos="NN">اَتَھس</wf>
		<wf pos="PSP">کٮ۪تھ</wf>
		<wf pos="VM">رَٹنَس</wf>
		<wf pos="PSP">منٛز</wf>
		<wf pos="JJ">مُشکِل</wf>
		<wf pos="VM">گَژھان</wf>
		<wf pos="SYM">۔</wf>
</sentence>
<sentence s_id="25">
		<wf pos="DEM">ییٚمِچ</wf>
		<wf pos="NN" sense_id="4">تَھپ</wf>
		<wf pos="VAUX">چھےٚ</wf>
		<wf pos="PRP">کَمزورتٔمۍ</wf>
		<wf pos="PSP">سٕنٛز</wf>
		<wf pos="NN">تَپھ</wf>
		<wf pos="NN">کَمزور</wf>
		<wf pos="VM">گٔژھتھٕے</wf>
		<wf pos="NN">پٮ۪یہِ</wf>
		<wf pos="NN">گاڑ</wf>
		<wf pos="NN">آبَس</wf>
		<wf pos="PSP">منٛز</wf>
		<wf pos="SYM">۔</wf>
</sentence>
<sentence s_id="26">
		<wf pos="PRP">کانٛہہ</wf>
		<wf pos="VM">رٔٹِتھ</wf>
		<wf pos="VM">نِنٕچ</wf>
		<wf pos="NN">حالَت:پُلسہٕ</wf>
		<wf pos="PSP">وٲلۍ</wf>
		<wf pos="VM">دِژ</wf>
		<wf pos="NN">ژوٗرَس</wf>
		<wf pos="NN" sense_id="2">تَھپ</wf>
		<wf pos="SYM">۔</wf>
</sentence>
<sentence s_id="27">
		<wf pos="NN">بُرشَس</wf>
		<wf pos="VM">چھٕ</wf>
		<wf pos="NN" sense_id="4">تَھپ</wf>
		<wf pos="NN">پھٕٹہٕ</wf>
		<wf pos="VM">مٕژ</wf>
		<wf pos="SYM">۔</wf>
</sentence>
<sentence s_id="28">
		<wf pos="PRP">تٔٮمِس</wf>
		<wf pos="VAUX">دِژٕکھ</wf>
		<wf pos="NN">وَتہِ</wf>
		<wf pos="PSP">پٮ۪ٹھ</wf>
		<wf pos="NN" sense_id="2">تَھپ</wf>
		<wf pos="SYM">۔</wf>
</sentence>
<sentence s_id="29">
		<wf pos="NN">موج</wf>
		<wf pos="VAUX">چھےٚ</wf>
		<wf pos="NN">شُرِس</wf>
		<wf pos="NN">اَتَھس</wf>
		<wf pos="NN" sense_id="2">تَھپ</wf>
		<wf pos="VM">کرنٲوِتھ</wf>
		<wf pos="NN">کھۄکھٕش</wf>
		<wf pos="VM">کَرناوان</wf>
		<wf pos="SYM">۔</wf>
</sentence>
<sentence s_id="30">
		<wf pos="PRP">اَسہِ</wf>
		<wf pos="NN">پَزٕ</wf>
		<wf pos="INTF">پَژھہٕ</wf>
		<wf pos="NN" sense_id="1">تَھپ</wf>
		<wf pos="VM">کَرٕنۍ</wf>
		<wf pos="SYM">۔</wf>
</sentence>
<sentence s_id="31">
		<wf pos="NN">حٲضری</wf>
		<wf pos="VM">سوزنَس</wf>
		<wf pos="VAUX">چھیٚہ</wf>
		<wf pos="NN">حٲضری</wf>
		<wf pos="NNC">گوٚبرٕ</wf>
		<wf pos="NN">مٲلۍ</wf>
		<wf pos="PSP">سٕنٛدِ</wf>
		<wf pos="PSP">طرفہٕ</wf>
		<wf pos="NNC">کورِ</wf>
		<wf pos="NN" sense_id="1">تَھپ</wf>
		<wf pos="VM">ترٛاونَس</wf>
		<wf pos="CC">تہٕ</wf>
		<wf pos="NN">قَسَم</wf>
		<wf pos="VM">ہٮ۪نَس</wf>
		<wf pos="NNC">کورِ</wf>
		<wf pos="NN">مٲلۍ</wf>
		<wf pos="PSP">سٕنٛدِ</wf>
		<wf pos="PSP">طرفہٕ</wf>
		<wf pos="NN">رضامٔنٛدی</wf>
		<wf pos="CC">تہٕ</wf>
		<wf pos="NN">بٮ۪قرارُک</wf>
		<wf pos="NN">جواب</wf>
		<wf pos="VM">آسان</wf>
		<wf pos="SYM">۔</wf>
</sentence>
<sentence s_id="2">
		<wf pos="NN">موج</wf>
		<wf pos="VAUX">چھےٚ</wf>
		<wf pos="NN">شُرِس</wf>
		<wf pos="NN">اَتَھس</wf>
		<wf pos="NN" sense_id="2">تَھپ</wf>
		<wf pos="VM">کرنٲوِتھ</wf>
		<wf pos="NN">کھۄکھٕش</wf>
		<wf pos="VM">کَرناوان</wf>
		<wf pos="SYM">۔</wf>
</sentence>
<sentence s_id="3">
		<wf pos="NN">نالہٕ</wf>
		<wf pos="POW">موٚت</wf>
		<wf pos="VAUX">چُھ</wf>
		<wf pos="NN">مَحتَت</wf>
		<wf pos="NN">اِظہار</wf>
		<wf pos="NN">کَرانناٹکِکِس</wf>
		<wf pos="NN">اِختتامَس</wf>
		<wf pos="PSP">پٮ۪ٹھ</wf>
		<wf pos="VAUX">اوس</wf>
		<wf pos="NN">مٲلِس</wf>
		<wf pos="NEG">نہٕ</wf>
		<wf pos="NN">نٮ۪چِو</wf>
		<wf pos="PSP">سُنٛد</wf>
		<wf pos="NN">نالہٕ</wf>
		<wf pos="POW">موٚت</wf>
		<wf pos="NN">دِلَس</wf>
		<wf pos="NN" sense_id="3">تَھپ</wf>
		<wf pos="NN">کَرَن</wf>
		<wf pos="PSP">وول</wf>
		<wf pos="SYM">۔</wf>
</sentence>
<sentence s_id="4">
		<wf pos="NN">آلہٕ</wf>
		<wf pos="CC">یا</wf>
		<wf pos="CC">بیٚیہِ</wf>
		<wf pos="PRP">کُنہِ</wf>
		<wf pos="NN">چیٖزُک</wf>
		<wf pos="PRP">سُہ</wf>
		<wf pos="NN">چیٖز</wf>
		<wf pos="DEM">ییٚمہِ</wf>
		<wf pos="PSP">سۭتۍ</wf>
		<wf pos="PRP">سُہ</wf>
		<wf pos="NN">اَتَھس</wf>
		<wf pos="PSP">کٮ۪تھ</wf>
		<wf pos="VAUX">چھِ</wf>
		<wf pos="NN">رَٹان:بانَس</wf>
		<wf pos="NN" sense_id="2">تَھپ</wf>
		<wf pos="VM">پٕھٹنہٕ</wf>
		<wf pos="VM">کِنۍ</wf>
		<wf pos="VAUX">چھِ</wf>
		<wf pos="PRP">سُہ</wf>
		<wf pos="NN">اَتَھس</wf>
		<wf pos="PSP">کٮ۪تھ</wf>
		<wf pos="VM">رَٹنَس</wf>
		<wf pos="PSP">منٛز</wf>
		<wf pos="JJ">مُشکِل</wf>
		<wf pos="VM">گَژھان</wf>
		<wf pos="SYM">۔</wf>
</sentence>
<sentence s_id="5">
		<wf pos="DEM">ییٚمِچ</wf>
		<wf pos="NN" sense_id="4">تَھپ</wf>
		<wf pos="VAUX">چھےٚ</wf>
		<wf pos="PRP">کَمزورتٔمۍ</wf>
		<wf pos="PSP">سٕنٛز</wf>
		<wf pos="NN">تَپھ</wf>
		<wf pos="NN">کَمزور</wf>
		<wf pos="VM">گٔژھتھٕے</wf>
		<wf pos="NN">پٮ۪یہِ</wf>
		<wf pos="NN">گاڑ</wf>
		<wf pos="NN">آبَس</wf>
		<wf pos="PSP">منٛز</wf>
		<wf pos="SYM">۔</wf>
</sentence>
<sentence s_id="6">
		<wf pos="PRP">کانٛہہ</wf>
		<wf pos="VM">رٔٹِتھ</wf>
		<wf pos="VM">نِنٕچ</wf>
		<wf pos="NN">حالَت:پُلسہٕ</wf>
		<wf pos="PSP">وٲلۍ</wf>
		<wf pos="VM">دِژ</wf>
		<wf pos="NN">ژوٗرَس</wf>
		<wf pos="NN" sense_id="2">تَھپ</wf>
		<wf pos="SYM">۔</wf>
</sentence>
<sentence s_id="7">
		<wf pos="NN">بُرشَس</wf>
		<wf pos="VM">چھٕ</wf>
		<wf pos="NN" sense_id="4">تَھپ</wf>
		<wf pos="NN">پھٕٹہٕ</wf>
		<wf pos="VM">مٕژ</wf>
		<wf pos="SYM">۔</wf>
</sentence>
<sentence s_id="8">
		<wf pos="PRP">تٔٮمِس</wf>
		<wf pos="VAUX">دِژٕکھ</wf>
		<wf pos="NN">وَتہِ</wf>
		<wf pos="PSP">پٮ۪ٹھ</wf>
		<wf pos="NN" sense_id="2">تَھپ</wf>
		<wf pos="SYM">۔</wf>
</sentence>
<sentence s_id="9">
		<wf pos="NN">موج</wf>
		<wf pos="VAUX">چھےٚ</wf>
		<wf pos="NN">شُرِس</wf>
		<wf pos="NN">اَتَھس</wf>
		<wf pos="NN" sense_id="2">تَھپ</wf>
		<wf pos="VM">کرنٲوِتھ</wf>
		<wf pos="NN">کھۄکھٕش</wf>
		<wf pos="VM">کَرناوان</wf>
		<wf pos="SYM">۔</wf>
</sentence>
<sentence s_id="10">
		<wf pos="PRP">اَسہِ</wf>
		<wf pos="NN">پَزٕ</wf>
		<wf pos="INTF">پَژھہٕ</wf>
		<wf pos="NN" sense_id="1">تَھپ</wf>
		<wf pos="VM">کَرٕنۍ</wf>
		<wf pos="SYM">۔</wf>
</sentence>
<sentence s_id="1">
		<wf pos="NN">حٲضری</wf>
		<wf pos="VM">سوزنَس</wf>
		<wf pos="VAUX">چھیٚہ</wf>
		<wf pos="NN">حٲضری</wf>
		<wf pos="NNC">گوٚبرٕ</wf>
		<wf pos="NN">مٲلۍ</wf>
		<wf pos="PSP">سٕنٛدِ</wf>
		<wf pos="PSP">طرفہٕ</wf>
		<wf pos="NNC">کورِ</wf>
		<wf pos="NN" sense_id="1">تَھپ</wf>
		<wf pos="VM">ترٛاونَس</wf>
		<wf pos="CC">تہٕ</wf>
		<wf pos="NN">قَسَم</wf>
		<wf pos="VM">ہٮ۪نَس</wf>
		<wf pos="NNC">کورِ</wf>
		<wf pos="NN">مٲلۍ</wf>
		<wf pos="PSP">سٕنٛدِ</wf>
		<wf pos="PSP">طرفہٕ</wf>
		<wf pos="NN">رضامٔنٛدی</wf>
		<wf pos="CC">تہٕ</wf>
		<wf pos="NN">بٮ۪قرارُک</wf>
		<wf pos="NN">جواب</wf>
		<wf pos="VM">آسان</wf>
		<wf pos="SYM">۔</wf>
</sentence>
<sentence s_id="2">
		<wf pos="NN">موج</wf>
		<wf pos="VAUX">چھےٚ</wf>
		<wf pos="NN">شُرِس</wf>
		<wf pos="NN">اَتَھس</wf>
		<wf pos="NN" sense_id="2">تَھپ</wf>
		<wf pos="VM">کرنٲوِتھ</wf>
		<wf pos="NN">کھۄکھٕش</wf>
		<wf pos="VM">کَرناوان</wf>
		<wf pos="SYM">۔</wf>
</sentence>
<sentence s_id="3">
		<wf pos="NN">نالہٕ</wf>
		<wf pos="POW">موٚت</wf>
		<wf pos="VAUX">چُھ</wf>
		<wf pos="NN">مَحتَت</wf>
		<wf pos="NN">اِظہار</wf>
		<wf pos="NN">کَرانناٹکِکِس</wf>
		<wf pos="NN">اِختتامَس</wf>
		<wf pos="PSP">پٮ۪ٹھ</wf>
		<wf pos="VAUX">اوس</wf>
		<wf pos="NN">مٲلِس</wf>
		<wf pos="NEG">نہٕ</wf>
		<wf pos="NN">نٮ۪چِو</wf>
		<wf pos="PSP">سُنٛد</wf>
		<wf pos="NN">نالہٕ</wf>
		<wf pos="POW">موٚت</wf>
		<wf pos="NN">دِلَس</wf>
		<wf pos="NN" sense_id="3">تَھپ</wf>
		<wf pos="NN">کَرَن</wf>
		<wf pos="PSP">وول</wf>
		<wf pos="SYM">۔</wf>
</sentence>
<sentence s_id="4">
		<wf pos="NN">آلہٕ</wf>
		<wf pos="CC">یا</wf>
		<wf pos="CC">بیٚیہِ</wf>
		<wf pos="PRP">کُنہِ</wf>
		<wf pos="NN">چیٖزُک</wf>
		<wf pos="PRP">سُہ</wf>
		<wf pos="NN">چیٖز</wf>
		<wf pos="DEM">ییٚمہِ</wf>
		<wf pos="PSP">سۭتۍ</wf>
		<wf pos="PRP">سُہ</wf>
		<wf pos="NN">اَتَھس</wf>
		<wf pos="PSP">کٮ۪تھ</wf>
		<wf pos="VAUX">چھِ</wf>
		<wf pos="NN">رَٹان:بانَس</wf>
		<wf pos="NN" sense_id="2">تَھپ</wf>
		<wf pos="VM">پٕھٹنہٕ</wf>
		<wf pos="VM">کِنۍ</wf>
		<wf pos="VAUX">چھِ</wf>
		<wf pos="PRP">سُہ</wf>
		<wf pos="NN">اَتَھس</wf>
		<wf pos="PSP">کٮ۪تھ</wf>
		<wf pos="VM">رَٹنَس</wf>
		<wf pos="PSP">منٛز</wf>
		<wf pos="JJ">مُشکِل</wf>
		<wf pos="VM">گَژھان</wf>
		<wf pos="SYM">۔</wf>
</sentence>
<sentence s_id="5">
		<wf pos="DEM">ییٚمِچ</wf>
		<wf pos="NN" sense_id="4">تَھپ</wf>
		<wf pos="VAUX">چھےٚ</wf>
		<wf pos="PRP">کَمزورتٔمۍ</wf>
		<wf pos="PSP">سٕنٛز</wf>
		<wf pos="NN">تَپھ</wf>
		<wf pos="NN">کَمزور</wf>
		<wf pos="VM">گٔژھتھٕے</wf>
		<wf pos="NN">پٮ۪یہِ</wf>
		<wf pos="NN">گاڑ</wf>
		<wf pos="NN">آبَس</wf>
		<wf pos="PSP">منٛز</wf>
		<wf pos="SYM">۔</wf>
</sentence>
<sentence s_id="6">
		<wf pos="PRP">کانٛہہ</wf>
		<wf pos="VM">رٔٹِتھ</wf>
		<wf pos="VM">نِنٕچ</wf>
		<wf pos="NN">حالَت:پُلسہٕ</wf>
		<wf pos="PSP">وٲلۍ</wf>
		<wf pos="VM">دِژ</wf>
		<wf pos="NN">ژوٗرَس</wf>
		<wf pos="NN" sense_id="2">تَھپ</wf>
		<wf pos="SYM">۔</wf>
</sentence>
<sentence s_id="7">
		<wf pos="NN">بُرشَس</wf>
		<wf pos="VM">چھٕ</wf>
		<wf pos="NN" sense_id="4">تَھپ</wf>
		<wf pos="NN">پھٕٹہٕ</wf>
		<wf pos="VM">مٕژ</wf>
		<wf pos="SYM">۔</wf>
</sentence>
<sentence s_id="8">
		<wf pos="PRP">تٔٮمِس</wf>
		<wf pos="VAUX">دِژٕکھ</wf>
		<wf pos="NN">وَتہِ</wf>
		<wf pos="PSP">پٮ۪ٹھ</wf>
		<wf pos="NN" sense_id="2">تَھپ</wf>
		<wf pos="SYM">۔</wf>
</sentence>
<sentence s_id="9">
		<wf pos="NN">موج</wf>
		<wf pos="VAUX">چھےٚ</wf>
		<wf pos="NN">شُرِس</wf>
		<wf pos="NN">اَتَھس</wf>
		<wf pos="NN" sense_id="2">تَھپ</wf>
		<wf pos="VM">کرنٲوِتھ</wf>
		<wf pos="NN">کھۄکھٕش</wf>
		<wf pos="VM">کَرناوان</wf>
		<wf pos="SYM">۔</wf>
</sentence>
<sentence s_id="10">
		<wf pos="PRP">اَسہِ</wf>
		<wf pos="NN">پَزٕ</wf>
		<wf pos="INTF">پَژھہٕ</wf>
		<wf pos="NN" sense_id="1">تَھپ</wf>
		<wf pos="VM">کَرٕنۍ</wf>
		<wf pos="SYM">۔</wf>
</sentence>
<sentence s_id="1">
		<wf pos="NN">حٲضری</wf>
		<wf pos="VM">سوزنَس</wf>
		<wf pos="VAUX">چھیٚہ</wf>
		<wf pos="NN">حٲضری</wf>
		<wf pos="NNC">گوٚبرٕ</wf>
		<wf pos="NN">مٲلۍ</wf>
		<wf pos="PSP">سٕنٛدِ</wf>
		<wf pos="PSP">طرفہٕ</wf>
		<wf pos="NNC">کورِ</wf>
		<wf pos="NN" sense_id="1">تَھپ</wf>
		<wf pos="VM">ترٛاونَس</wf>
		<wf pos="CC">تہٕ</wf>
		<wf pos="NN">قَسَم</wf>
		<wf pos="VM">ہٮ۪نَس</wf>
		<wf pos="NNC">کورِ</wf>
		<wf pos="NN">مٲلۍ</wf>
		<wf pos="PSP">سٕنٛدِ</wf>
		<wf pos="PSP">طرفہٕ</wf>
		<wf pos="NN">رضامٔنٛدی</wf>
		<wf pos="CC">تہٕ</wf>
		<wf pos="NN">بٮ۪قرارُک</wf>
		<wf pos="NN">جواب</wf>
		<wf pos="VM">آسان</wf>
		<wf pos="SYM">۔</wf>
</sentence>
<sentence s_id="2">
		<wf pos="NN">موج</wf>
		<wf pos="VAUX">چھےٚ</wf>
		<wf pos="NN">شُرِس</wf>
		<wf pos="NN">اَتَھس</wf>
		<wf pos="NN" sense_id="2">تَھپ</wf>
		<wf pos="VM">کرنٲوِتھ</wf>
		<wf pos="NN">کھۄکھٕش</wf>
		<wf pos="VM">کَرناوان</wf>
		<wf pos="SYM">۔</wf>
</sentence>
<sentence s_id="3">
		<wf pos="NN">نالہٕ</wf>
		<wf pos="POW">موٚت</wf>
		<wf pos="VAUX">چُھ</wf>
		<wf pos="NN">مَحتَت</wf>
		<wf pos="NN">اِظہار</wf>
		<wf pos="NN">کَرانناٹکِکِس</wf>
		<wf pos="NN">اِختتامَس</wf>
		<wf pos="PSP">پٮ۪ٹھ</wf>
		<wf pos="VAUX">اوس</wf>
		<wf pos="NN">مٲلِس</wf>
		<wf pos="NEG">نہٕ</wf>
		<wf pos="NN">نٮ۪چِو</wf>
		<wf pos="PSP">سُنٛد</wf>
		<wf pos="NN">نالہٕ</wf>
		<wf pos="POW">موٚت</wf>
		<wf pos="NN">دِلَس</wf>
		<wf pos="NN" sense_id="3">تَھپ</wf>
		<wf pos="NN">کَرَن</wf>
		<wf pos="PSP">وول</wf>
		<wf pos="SYM">۔</wf>
</sentence>
<sentence s_id="4">
		<wf pos="NN">آلہٕ</wf>
		<wf pos="CC">یا</wf>
		<wf pos="CC">بیٚیہِ</wf>
		<wf pos="PRP">کُنہِ</wf>
		<wf pos="NN">چیٖزُک</wf>
		<wf pos="PRP">سُہ</wf>
		<wf pos="NN">چیٖز</wf>
		<wf pos="DEM">ییٚمہِ</wf>
		<wf pos="PSP">سۭتۍ</wf>
		<wf pos="PRP">سُہ</wf>
		<wf pos="NN">اَتَھس</wf>
		<wf pos="PSP">کٮ۪تھ</wf>
		<wf pos="VAUX">چھِ</wf>
		<wf pos="NN">رَٹان:بانَس</wf>
		<wf pos="NN" sense_id="2">تَھپ</wf>
		<wf pos="VM">پٕھٹنہٕ</wf>
		<wf pos="VM">کِنۍ</wf>
		<wf pos="VAUX">چھِ</wf>
		<wf pos="PRP">سُہ</wf>
		<wf pos="NN">اَتَھس</wf>
		<wf pos="PSP">کٮ۪تھ</wf>
		<wf pos="VM">رَٹنَس</wf>
		<wf pos="PSP">منٛز</wf>
		<wf pos="JJ">مُشکِل</wf>
		<wf pos="VM">گَژھان</wf>
		<wf pos="SYM">۔</wf>
</sentence>
<sentence s_id="5">
		<wf pos="DEM">ییٚمِچ</wf>
		<wf pos="NN" sense_id="4">تَھپ</wf>
		<wf pos="VAUX">چھےٚ</wf>
		<wf pos="PRP">کَمزورتٔمۍ</wf>
		<wf pos="PSP">سٕنٛز</wf>
		<wf pos="NN">تَپھ</wf>
		<wf pos="NN">کَمزور</wf>
		<wf pos="VM">گٔژھتھٕے</wf>
		<wf pos="NN">پٮ۪یہِ</wf>
		<wf pos="NN">گاڑ</wf>
		<wf pos="NN">آبَس</wf>
		<wf pos="PSP">منٛز</wf>
		<wf pos="SYM">۔</wf>
</sentence>
<sentence s_id="6">
		<wf pos="PRP">کانٛہہ</wf>
		<wf pos="VM">رٔٹِتھ</wf>
		<wf pos="VM">نِنٕچ</wf>
		<wf pos="NN">حالَت:پُلسہٕ</wf>
		<wf pos="PSP">وٲلۍ</wf>
		<wf pos="VM">دِژ</wf>
		<wf pos="NN">ژوٗرَس</wf>
		<wf pos="NN" sense_id="2">تَھپ</wf>
		<wf pos="SYM">۔</wf>
</sentence>
<sentence s_id="7">
		<wf pos="NN">بُرشَس</wf>
		<wf pos="VM">چھٕ</wf>
		<wf pos="NN" sense_id="4">تَھپ</wf>
		<wf pos="NN">پھٕٹہٕ</wf>
		<wf pos="VM">مٕژ</wf>
		<wf pos="SYM">۔</wf>
</sentence>
<sentence s_id="8">
		<wf pos="PRP">تٔٮمِس</wf>
		<wf pos="VAUX">دِژٕکھ</wf>
		<wf pos="NN">وَتہِ</wf>
		<wf pos="PSP">پٮ۪ٹھ</wf>
		<wf pos="NN" sense_id="2">تَھپ</wf>
		<wf pos="SYM">۔</wf>
</sentence>
<sentence s_id="9">
		<wf pos="NN">موج</wf>
		<wf pos="VAUX">چھےٚ</wf>
		<wf pos="NN">شُرِس</wf>
		<wf pos="NN">اَتَھس</wf>
		<wf pos="NN" sense_id="2">تَھپ</wf>
		<wf pos="VM">کرنٲوِتھ</wf>
		<wf pos="NN">کھۄکھٕش</wf>
		<wf pos="VM">کَرناوان</wf>
		<wf pos="SYM">۔</wf>
</sentence>
<sentence s_id="10">
		<wf pos="PRP">اَسہِ</wf>
		<wf pos="NN">پَزٕ</wf>
		<wf pos="INTF">پَژھہٕ</wf>
		<wf pos="NN" sense_id="1">تَھپ</wf>
		<wf pos="VM">کَرٕنۍ</wf>
		<wf pos="SYM">۔</wf>
</sentence>
<sentence s_id="1">
		<wf pos="NN">حٲضری</wf>
		<wf pos="VM">سوزنَس</wf>
		<wf pos="VAUX">چھیٚہ</wf>
		<wf pos="NN">حٲضری</wf>
		<wf pos="NNC">گوٚبرٕ</wf>
		<wf pos="NN">مٲلۍ</wf>
		<wf pos="PSP">سٕنٛدِ</wf>
		<wf pos="PSP">طرفہٕ</wf>
		<wf pos="NNC">کورِ</wf>
		<wf pos="NN" sense_id="1">تَھپ</wf>
		<wf pos="VM">ترٛاونَس</wf>
		<wf pos="CC">تہٕ</wf>
		<wf pos="NN">قَسَم</wf>
		<wf pos="VM">ہٮ۪نَس</wf>
		<wf pos="NNC">کورِ</wf>
		<wf pos="NN">مٲلۍ</wf>
		<wf pos="PSP">سٕنٛدِ</wf>
		<wf pos="PSP">طرفہٕ</wf>
		<wf pos="NN">رضامٔنٛدی</wf>
		<wf pos="CC">تہٕ</wf>
		<wf pos="NN">بٮ۪قرارُک</wf>
		<wf pos="NN">جواب</wf>
		<wf pos="VM">آسان</wf>
		<wf pos="SYM">۔</wf>
</sentence>
<sentence s_id="2">
		<wf pos="NN">موج</wf>
		<wf pos="VAUX">چھےٚ</wf>
		<wf pos="NN">شُرِس</wf>
		<wf pos="NN">اَتَھس</wf>
		<wf pos="NN" sense_id="2">تَھپ</wf>
		<wf pos="VM">کرنٲوِتھ</wf>
		<wf pos="NN">کھۄکھٕش</wf>
		<wf pos="VM">کَرناوان</wf>
		<wf pos="SYM">۔</wf>
</sentence>
<sentence s_id="3">
		<wf pos="NN">نالہٕ</wf>
		<wf pos="POW">موٚت</wf>
		<wf pos="VAUX">چُھ</wf>
		<wf pos="NN">مَحتَت</wf>
		<wf pos="NN">اِظہار</wf>
		<wf pos="NN">کَرانناٹکِکِس</wf>
		<wf pos="NN">اِختتامَس</wf>
		<wf pos="PSP">پٮ۪ٹھ</wf>
		<wf pos="VAUX">اوس</wf>
		<wf pos="NN">مٲلِس</wf>
		<wf pos="NEG">نہٕ</wf>
		<wf pos="NN">نٮ۪چِو</wf>
		<wf pos="PSP">سُنٛد</wf>
		<wf pos="NN">نالہٕ</wf>
		<wf pos="POW">موٚت</wf>
		<wf pos="NN">دِلَس</wf>
		<wf pos="NN" sense_id="3">تَھپ</wf>
		<wf pos="NN">کَرَن</wf>
		<wf pos="PSP">وول</wf>
		<wf pos="SYM">۔</wf>
</sentence>
<sentence s_id="4">
		<wf pos="NN">آلہٕ</wf>
		<wf pos="CC">یا</wf>
		<wf pos="CC">بیٚیہِ</wf>
		<wf pos="PRP">کُنہِ</wf>
		<wf pos="NN">چیٖزُک</wf>
		<wf pos="PRP">سُہ</wf>
		<wf pos="NN">چیٖز</wf>
		<wf pos="DEM">ییٚمہِ</wf>
		<wf pos="PSP">سۭتۍ</wf>
		<wf pos="PRP">سُہ</wf>
		<wf pos="NN">اَتَھس</wf>
		<wf pos="PSP">کٮ۪تھ</wf>
		<wf pos="VAUX">چھِ</wf>
		<wf pos="NN">رَٹان:بانَس</wf>
		<wf pos="NN" sense_id="2">تَھپ</wf>
		<wf pos="VM">پٕھٹنہٕ</wf>
		<wf pos="VM">کِنۍ</wf>
		<wf pos="VAUX">چھِ</wf>
		<wf pos="PRP">سُہ</wf>
		<wf pos="NN">اَتَھس</wf>
		<wf pos="PSP">کٮ۪تھ</wf>
		<wf pos="VM">رَٹنَس</wf>
		<wf pos="PSP">منٛز</wf>
		<wf pos="JJ">مُشکِل</wf>
		<wf pos="VM">گَژھان</wf>
		<wf pos="SYM">۔</wf>
</sentence>
<sentence s_id="5">
		<wf pos="DEM">ییٚمِچ</wf>
		<wf pos="NN" sense_id="4">تَھپ</wf>
		<wf pos="VAUX">چھےٚ</wf>
		<wf pos="PRP">کَمزورتٔمۍ</wf>
		<wf pos="PSP">سٕنٛز</wf>
		<wf pos="NN">تَپھ</wf>
		<wf pos="NN">کَمزور</wf>
		<wf pos="VM">گٔژھتھٕے</wf>
		<wf pos="NN">پٮ۪یہِ</wf>
		<wf pos="NN">گاڑ</wf>
		<wf pos="NN">آبَس</wf>
		<wf pos="PSP">منٛز</wf>
		<wf pos="SYM">۔</wf>
</sentence>
<sentence s_id="6">
		<wf pos="PRP">کانٛہہ</wf>
		<wf pos="VM">رٔٹِتھ</wf>
		<wf pos="VM">نِنٕچ</wf>
		<wf pos="NN">حالَت:پُلسہٕ</wf>
		<wf pos="PSP">وٲلۍ</wf>
		<wf pos="VM">دِژ</wf>
		<wf pos="NN">ژوٗرَس</wf>
		<wf pos="NN" sense_id="2">تَھپ</wf>
		<wf pos="SYM">۔</wf>
</sentence>
<sentence s_id="7">
		<wf pos="NN">بُرشَس</wf>
		<wf pos="VM">چھٕ</wf>
		<wf pos="NN" sense_id="4">تَھپ</wf>
		<wf pos="NN">پھٕٹہٕ</wf>
		<wf pos="VM">مٕژ</wf>
		<wf pos="SYM">۔</wf>
</sentence>
<sentence s_id="8">
		<wf pos="PRP">تٔٮمِس</wf>
		<wf pos="VAUX">دِژٕکھ</wf>
		<wf pos="NN">وَتہِ</wf>
		<wf pos="PSP">پٮ۪ٹھ</wf>
		<wf pos="NN" sense_id="2">تَھپ</wf>
		<wf pos="SYM">۔</wf>
</sentence>
<sentence s_id="9">
		<wf pos="NN">موج</wf>
		<wf pos="VAUX">چھےٚ</wf>
		<wf pos="NN">شُرِس</wf>
		<wf pos="NN">اَتَھس</wf>
		<wf pos="NN" sense_id="2">تَھپ</wf>
		<wf pos="VM">کرنٲوِتھ</wf>
		<wf pos="NN">کھۄکھٕش</wf>
		<wf pos="VM">کَرناوان</wf>
		<wf pos="SYM">۔</wf>
</sentence>
<sentence s_id="10">
		<wf pos="PRP">اَسہِ</wf>
		<wf pos="NN">پَزٕ</wf>
		<wf pos="INTF">پَژھہٕ</wf>
		<wf pos="NN" sense_id="1">تَھپ</wf>
		<wf pos="VM">کَرٕنۍ</wf>
		<wf pos="SYM">۔</wf>
</sentence>
<sentence s_id="1">
		<wf pos="NN">حٲضری</wf>
		<wf pos="VM">سوزنَس</wf>
		<wf pos="VAUX">چھیٚہ</wf>
		<wf pos="NN">حٲضری</wf>
		<wf pos="NNC">گوٚبرٕ</wf>
		<wf pos="NN">مٲلۍ</wf>
		<wf pos="PSP">سٕنٛدِ</wf>
		<wf pos="PSP">طرفہٕ</wf>
		<wf pos="NNC">کورِ</wf>
		<wf pos="NN" sense_id="1">تَھپ</wf>
		<wf pos="VM">ترٛاونَس</wf>
		<wf pos="CC">تہٕ</wf>
		<wf pos="NN">قَسَم</wf>
		<wf pos="VM">ہٮ۪نَس</wf>
		<wf pos="NNC">کورِ</wf>
		<wf pos="NN">مٲلۍ</wf>
		<wf pos="PSP">سٕنٛدِ</wf>
		<wf pos="PSP">طرفہٕ</wf>
		<wf pos="NN">رضامٔنٛدی</wf>
		<wf pos="CC">تہٕ</wf>
		<wf pos="NN">بٮ۪قرارُک</wf>
		<wf pos="NN">جواب</wf>
		<wf pos="VM">آسان</wf>
		<wf pos="SYM">۔</wf>
</sentence>
<sentence s_id="2">
		<wf pos="NN">موج</wf>
		<wf pos="VAUX">چھےٚ</wf>
		<wf pos="NN">شُرِس</wf>
		<wf pos="NN">اَتَھس</wf>
		<wf pos="NN" sense_id="2">تَھپ</wf>
		<wf pos="VM">کرنٲوِتھ</wf>
		<wf pos="NN">کھۄکھٕش</wf>
		<wf pos="VM">کَرناوان</wf>
		<wf pos="SYM">۔</wf>
</sentence>
<sentence s_id="3">
		<wf pos="NN">نالہٕ</wf>
		<wf pos="POW">موٚت</wf>
		<wf pos="VAUX">چُھ</wf>
		<wf pos="NN">مَحتَت</wf>
		<wf pos="NN">اِظہار</wf>
		<wf pos="NN">کَرانناٹکِکِس</wf>
		<wf pos="NN">اِختتامَس</wf>
		<wf pos="PSP">پٮ۪ٹھ</wf>
		<wf pos="VAUX">اوس</wf>
		<wf pos="NN">مٲلِس</wf>
		<wf pos="NEG">نہٕ</wf>
		<wf pos="NN">نٮ۪چِو</wf>
		<wf pos="PSP">سُنٛد</wf>
		<wf pos="NN">نالہٕ</wf>
		<wf pos="POW">موٚت</wf>
		<wf pos="NN">دِلَس</wf>
		<wf pos="NN" sense_id="3">تَھپ</wf>
		<wf pos="NN">کَرَن</wf>
		<wf pos="PSP">وول</wf>
		<wf pos="SYM">۔</wf>
</sentence>
<sentence s_id="4">
		<wf pos="NN">آلہٕ</wf>
		<wf pos="CC">یا</wf>
		<wf pos="CC">بیٚیہِ</wf>
		<wf pos="PRP">کُنہِ</wf>
		<wf pos="NN">چیٖزُک</wf>
		<wf pos="PRP">سُہ</wf>
		<wf pos="NN">چیٖز</wf>
		<wf pos="DEM">ییٚمہِ</wf>
		<wf pos="PSP">سۭتۍ</wf>
		<wf pos="PRP">سُہ</wf>
		<wf pos="NN">اَتَھس</wf>
		<wf pos="PSP">کٮ۪تھ</wf>
		<wf pos="VAUX">چھِ</wf>
		<wf pos="NN">رَٹان:بانَس</wf>
		<wf pos="NN" sense_id="2">تَھپ</wf>
		<wf pos="VM">پٕھٹنہٕ</wf>
		<wf pos="VM">کِنۍ</wf>
		<wf pos="VAUX">چھِ</wf>
		<wf pos="PRP">سُہ</wf>
		<wf pos="NN">اَتَھس</wf>
		<wf pos="PSP">کٮ۪تھ</wf>
		<wf pos="VM">رَٹنَس</wf>
		<wf pos="PSP">منٛز</wf>
		<wf pos="JJ">مُشکِل</wf>
		<wf pos="VM">گَژھان</wf>
		<wf pos="SYM">۔</wf>
</sentence>
<sentence s_id="5">
		<wf pos="DEM">ییٚمِچ</wf>
		<wf pos="NN" sense_id="4">تَھپ</wf>
		<wf pos="VAUX">چھےٚ</wf>
		<wf pos="PRP">کَمزورتٔمۍ</wf>
		<wf pos="PSP">سٕنٛز</wf>
		<wf pos="NN">تَپھ</wf>
		<wf pos="NN">کَمزور</wf>
		<wf pos="VM">گٔژھتھٕے</wf>
		<wf pos="NN">پٮ۪یہِ</wf>
		<wf pos="NN">گاڑ</wf>
		<wf pos="NN">آبَس</wf>
		<wf pos="PSP">منٛز</wf>
		<wf pos="SYM">۔</wf>
</sentence>
<sentence s_id="6">
		<wf pos="PRP">کانٛہہ</wf>
		<wf pos="VM">رٔٹِتھ</wf>
		<wf pos="VM">نِنٕچ</wf>
		<wf pos="NN">حالَت:پُلسہٕ</wf>
		<wf pos="PSP">وٲلۍ</wf>
		<wf pos="VM">دِژ</wf>
		<wf pos="NN">ژوٗرَس</wf>
		<wf pos="NN" sense_id="2">تَھپ</wf>
		<wf pos="SYM">۔</wf>
</sentence>
<sentence s_id="7">
		<wf pos="NN">بُرشَس</wf>
		<wf pos="VM">چھٕ</wf>
		<wf pos="NN" sense_id="4">تَھپ</wf>
		<wf pos="NN">پھٕٹہٕ</wf>
		<wf pos="VM">مٕژ</wf>
		<wf pos="SYM">۔</wf>
</sentence>
<sentence s_id="8">
		<wf pos="PRP">تٔٮمِس</wf>
		<wf pos="VAUX">دِژٕکھ</wf>
		<wf pos="NN">وَتہِ</wf>
		<wf pos="PSP">پٮ۪ٹھ</wf>
		<wf pos="NN" sense_id="2">تَھپ</wf>
		<wf pos="SYM">۔</wf>
</sentence>
<sentence s_id="9">
		<wf pos="NN">موج</wf>
		<wf pos="VAUX">چھےٚ</wf>
		<wf pos="NN">شُرِس</wf>
		<wf pos="NN">اَتَھس</wf>
		<wf pos="NN" sense_id="2">تَھپ</wf>
		<wf pos="VM">کرنٲوِتھ</wf>
		<wf pos="NN">کھۄکھٕش</wf>
		<wf pos="VM">کَرناوان</wf>
		<wf pos="SYM">۔</wf>
</sentence>
<sentence s_id="10">
		<wf pos="PRP">اَسہِ</wf>
		<wf pos="NN">پَزٕ</wf>
		<wf pos="INTF">پَژھہٕ</wf>
		<wf pos="NN" sense_id="1">تَھپ</wf>
		<wf pos="VM">کَرٕنۍ</wf>
		<wf pos="SYM">۔</wf>
</sentence>
<sentence s_id="1">
		<wf pos="NN">حٲضری</wf>
		<wf pos="VM">سوزنَس</wf>
		<wf pos="VAUX">چھیٚہ</wf>
		<wf pos="NN">حٲضری</wf>
		<wf pos="NNC">گوٚبرٕ</wf>
		<wf pos="NN">مٲلۍ</wf>
		<wf pos="PSP">سٕنٛدِ</wf>
		<wf pos="PSP">طرفہٕ</wf>
		<wf pos="NNC">کورِ</wf>
		<wf pos="NN" sense_id="1">تَھپ</wf>
		<wf pos="VM">ترٛاونَس</wf>
		<wf pos="CC">تہٕ</wf>
		<wf pos="NN">قَسَم</wf>
		<wf pos="VM">ہٮ۪نَس</wf>
		<wf pos="NNC">کورِ</wf>
		<wf pos="NN">مٲلۍ</wf>
		<wf pos="PSP">سٕنٛدِ</wf>
		<wf pos="PSP">طرفہٕ</wf>
		<wf pos="NN">رضامٔنٛدی</wf>
		<wf pos="CC">تہٕ</wf>
		<wf pos="NN">بٮ۪قرارُک</wf>
		<wf pos="NN">جواب</wf>
		<wf pos="VM">آسان</wf>
		<wf pos="SYM">۔</wf>
</sentence>
<sentence s_id="2">
		<wf pos="NN">موج</wf>
		<wf pos="VAUX">چھےٚ</wf>
		<wf pos="NN">شُرِس</wf>
		<wf pos="NN">اَتَھس</wf>
		<wf pos="NN" sense_id="2">تَھپ</wf>
		<wf pos="VM">کرنٲوِتھ</wf>
		<wf pos="NN">کھۄکھٕش</wf>
		<wf pos="VM">کَرناوان</wf>
		<wf pos="SYM">۔</wf>
</sentence>
<sentence s_id="3">
		<wf pos="NN">نالہٕ</wf>
		<wf pos="POW">موٚت</wf>
		<wf pos="VAUX">چُھ</wf>
		<wf pos="NN">مَحتَت</wf>
		<wf pos="NN">اِظہار</wf>
		<wf pos="NN">کَرانناٹکِکِس</wf>
		<wf pos="NN">اِختتامَس</wf>
		<wf pos="PSP">پٮ۪ٹھ</wf>
		<wf pos="VAUX">اوس</wf>
		<wf pos="NN">مٲلِس</wf>
		<wf pos="NEG">نہٕ</wf>
		<wf pos="NN">نٮ۪چِو</wf>
		<wf pos="PSP">سُنٛد</wf>
		<wf pos="NN">نالہٕ</wf>
		<wf pos="POW">موٚت</wf>
		<wf pos="NN">دِلَس</wf>
		<wf pos="NN" sense_id="3">تَھپ</wf>
		<wf pos="NN">کَرَن</wf>
		<wf pos="PSP">وول</wf>
		<wf pos="SYM">۔</wf>
</sentence>
<sentence s_id="4">
		<wf pos="NN">آلہٕ</wf>
		<wf pos="CC">یا</wf>
		<wf pos="CC">بیٚیہِ</wf>
		<wf pos="PRP">کُنہِ</wf>
		<wf pos="NN">چیٖزُک</wf>
		<wf pos="PRP">سُہ</wf>
		<wf pos="NN">چیٖز</wf>
		<wf pos="DEM">ییٚمہِ</wf>
		<wf pos="PSP">سۭتۍ</wf>
		<wf pos="PRP">سُہ</wf>
		<wf pos="NN">اَتَھس</wf>
		<wf pos="PSP">کٮ۪تھ</wf>
		<wf pos="VAUX">چھِ</wf>
		<wf pos="NN">رَٹان:بانَس</wf>
		<wf pos="NN" sense_id="2">تَھپ</wf>
		<wf pos="VM">پٕھٹنہٕ</wf>
		<wf pos="VM">کِنۍ</wf>
		<wf pos="VAUX">چھِ</wf>
		<wf pos="PRP">سُہ</wf>
		<wf pos="NN">اَتَھس</wf>
		<wf pos="PSP">کٮ۪تھ</wf>
		<wf pos="VM">رَٹنَس</wf>
		<wf pos="PSP">منٛز</wf>
		<wf pos="JJ">مُشکِل</wf>
		<wf pos="VM">گَژھان</wf>
		<wf pos="SYM">۔</wf>
</sentence>
<sentence s_id="5">
		<wf pos="DEM">ییٚمِچ</wf>
		<wf pos="NN" sense_id="4">تَھپ</wf>
		<wf pos="VAUX">چھےٚ</wf>
		<wf pos="PRP">کَمزورتٔمۍ</wf>
		<wf pos="PSP">سٕنٛز</wf>
		<wf pos="NN">تَپھ</wf>
		<wf pos="NN">کَمزور</wf>
		<wf pos="VM">گٔژھتھٕے</wf>
		<wf pos="NN">پٮ۪یہِ</wf>
		<wf pos="NN">گاڑ</wf>
		<wf pos="NN">آبَس</wf>
		<wf pos="PSP">منٛز</wf>
		<wf pos="SYM">۔</wf>
</sentence>
<sentence s_id="6">
		<wf pos="PRP">کانٛہہ</wf>
		<wf pos="VM">رٔٹِتھ</wf>
		<wf pos="VM">نِنٕچ</wf>
		<wf pos="NN">حالَت:پُلسہٕ</wf>
		<wf pos="PSP">وٲلۍ</wf>
		<wf pos="VM">دِژ</wf>
		<wf pos="NN">ژوٗرَس</wf>
		<wf pos="NN" sense_id="2">تَھپ</wf>
		<wf pos="SYM">۔</wf>
</sentence>
<sentence s_id="7">
		<wf pos="NN">بُرشَس</wf>
		<wf pos="VM">چھٕ</wf>
		<wf pos="NN" sense_id="4">تَھپ</wf>
		<wf pos="NN">پھٕٹہٕ</wf>
		<wf pos="VM">مٕژ</wf>
		<wf pos="SYM">۔</wf>
</sentence>
<sentence s_id="80">
		<wf pos="PRP">تٔٮمِس</wf>
		<wf pos="VAUX">دِژٕکھ</wf>
		<wf pos="NN">وَتہِ</wf>
		<wf pos="PSP">پٮ۪ٹھ</wf>
		<wf pos="NN" sense_id="2">تَھپ</wf>
		<wf pos="SYM">۔</wf>
</sentence>
<sentence s_id="81">
		<wf pos="NN">موج</wf>
		<wf pos="VAUX">چھےٚ</wf>
		<wf pos="NN">شُرِس</wf>
		<wf pos="NN">اَتَھس</wf>
		<wf pos="NN" sense_id="2">تَھپ</wf>
		<wf pos="VM">کرنٲوِتھ</wf>
		<wf pos="NN">کھۄکھٕش</wf>
		<wf pos="VM">کَرناوان</wf>
		<wf pos="SYM">۔</wf>
</sentence>
<sentence s_id="82">
		<wf pos="PRP">اَسہِ</wf>
		<wf pos="NN">پَزٕ</wf>
		<wf pos="INTF">پَژھہٕ</wf>
		<wf pos="NN" sense_id="1">تَھپ</wf>
		<wf pos="VM">کَرٕنۍ</wf>
		<wf pos="SYM">۔</wf>
</sentence>
<sentence s_id="83">
		<wf pos="NN">حٲضری</wf>
		<wf pos="VM">سوزنَس</wf>
		<wf pos="VAUX">چھیٚہ</wf>
		<wf pos="NN">حٲضری</wf>
		<wf pos="NNC">گوٚبرٕ</wf>
		<wf pos="NN">مٲلۍ</wf>
		<wf pos="PSP">سٕنٛدِ</wf>
		<wf pos="PSP">طرفہٕ</wf>
		<wf pos="NNC">کورِ</wf>
		<wf pos="NN" sense_id="1">تَھپ</wf>
		<wf pos="VM">ترٛاونَس</wf>
		<wf pos="CC">تہٕ</wf>
		<wf pos="NN">قَسَم</wf>
		<wf pos="VM">ہٮ۪نَس</wf>
		<wf pos="NNC">کورِ</wf>
		<wf pos="NN">مٲلۍ</wf>
		<wf pos="PSP">سٕنٛدِ</wf>
		<wf pos="PSP">طرفہٕ</wf>
		<wf pos="NN">رضامٔنٛدی</wf>
		<wf pos="CC">تہٕ</wf>
		<wf pos="NN">بٮ۪قرارُک</wf>
		<wf pos="NN">جواب</wf>
		<wf pos="VM">آسان</wf>
		<wf pos="SYM">۔</wf>
</sentence>
<sentence s_id="84">
		<wf pos="NN">موج</wf>
		<wf pos="VAUX">چھےٚ</wf>
		<wf pos="NN">شُرِس</wf>
		<wf pos="NN">اَتَھس</wf>
		<wf pos="NN" sense_id="2">تَھپ</wf>
		<wf pos="VM">کرنٲوِتھ</wf>
		<wf pos="NN">کھۄکھٕش</wf>
		<wf pos="VM">کَرناوان</wf>
		<wf pos="SYM">۔</wf>
</sentence>
</contextfile>