<?xml version="1.0" encoding="utf-8"?>
<contextfile fileno="68" filename="تَکلیٖف">
	<sentence s_id="1">
		<wf pos="NNPC">جِنابہِ</wf>
		<wf pos="NNP">عالی</wf>
		<wf pos="NN">،مہربٲنی</wf>
		<wf pos="VM">کٔرِتھ</wf>
		<wf pos="VM">کٔرِو</wf>
		<wf pos="VM">ؤنۍ</wf>
		<wf pos="NN" sense_id="1">تَکلیٖف</wf>
		<wf pos="PRP">میٲنۍ</wf>
		<wf pos="NN">کٲم</wf>
		<wf pos="VM">کَرنُک</wf>
		<wf pos="SYM">۔</wf>
	</sentence>
	<sentence s_id="2">
		<wf pos="NN" sense_id="3">تَکلیٖف</wf>
		<wf pos="NN">کَس</wf>
		<wf pos="NN">وَقتَس</wf>
		<wf pos="PSP">منٛز</wf>
		<wf pos="VAUX">چُھ</wf>
		<wf pos="NNP">خداے</wf>
		<wf pos="NN">یاد</wf>
		<wf pos="VM">پٮ۪وان</wf>
		<wf pos="SYM">۔</wf>
	</sentence>
	<sentence s_id="3">
		<wf pos="PRP">تٔمۍ</wf>
		<wf pos="PSP">سٕنٛز</wf>
		<wf pos="NN">حالَت</wf>
		<wf pos="VM">وٕچھِتھ</wf>
		<wf pos="VM">چھہٕ</wf>
		<wf pos="PRP">مےٚ</wf>
		<wf pos="NN" sense_id="1">تَکلیٖف</wf>
		<wf pos="JJ">گَژھانق</wf>
		<wf pos="SYM">۔</wf>
	</sentence>
	<sentence s_id="4">
		<wf pos="PRP">تٔمۍ</wf>
		<wf pos="PSP">سٕنٛز</wf>
		<wf pos="RB">کَتھٕ</wf>
		<wf pos="VM">بوٗزِتھ</wf>
		<wf pos="VAUX">گو</wf>
		<wf pos="PRP">مےٚ</wf>
		<wf pos="NN" sense_id="1">تَکلیٖف</wf>
		<wf pos="SYM">۔</wf>
	</sentence>
	<sentence s_id="5">
		<wf pos="JJ">جٲہِل</wf>
		<wf pos="NN">لُکھ</wf>
		<wf pos="VM">چھٕنہٕ</wf>
		<wf pos="PRP">مےٚ</wf>
		<wf pos="NN">پَسَنٛد</wf>
		<wf pos="PRP">تٔمۍ</wf>
		<wf pos="VAUX">چھہِ</wf>
		<wf pos="PRP">مےٚ</wf>
		<wf pos="NN" sense_id="1">تَکلیٖف</wf>
		<wf pos="VM">دٮ۪وان</wf>
		<wf pos="SYM">۔</wf>
	</sentence>
	<sentence s_id="6">
		<wf pos="JJ">جٲہِل</wf>
		<wf pos="NN">لُکھے</wf>
		<wf pos="VAUX">چھہِ</wf>
		<wf pos="NN">دُنیاہَس</wf>
		<wf pos="NN" sense_id="2">تَکلیٖف</wf>
		<wf pos="POW">دار</wf>
		<wf pos="VM">سَمجان</wf>
		<wf pos="SYM">۔</wf>
	</sentence>
	<sentence s_id="7">
		<wf pos="NN">شامَس</wf>
		<wf pos="VAUX">چُھ</wf>
		<wf pos="NNPC">شاہ</wf>
		<wf pos="VM">ترٛاونَس</wf>
		<wf pos="PSP">منٛز</wf>
		<wf pos="NN" sense_id="3">تَکلیٖف</wf>
		<wf pos="VM">گَژھان</wf>
		<wf pos="SYM">۔</wf>
	</sentence>
	<sentence s_id="8">
		<wf pos="NN">بَڑِ</wf>
		<wf pos="NN" sense_id="1">تَکلیٖف</wf>
		<wf pos="VAUX">چُھ</wf>
		<wf pos="VM">گَژھان</wf>
		<wf pos="RB">ییٚلہِ</wf>
		<wf pos="NN">أچھ</wf>
		<wf pos="PSP">اَنٛدَر</wf>
		<wf pos="PRP">کینٛہہ</wf>
		<wf pos="VAUX">چُھ</wf>
		<wf pos="VM">گَژھان</wf>
		<wf pos="SYM">۔</wf>
	</sentence>
	<sentence s_id="9">
		<wf pos="NNP">سٔنیَس</wf>
		<wf pos="VAUX">چُھ</wf>
		<wf pos="NN">فٔتوٗر</wf>
		<wf pos="RB">بادٲیی</wf>
		<wf pos="NN">چٔشمُک</wf>
		<wf pos="NN" sense_id="3">تَکلیٖف</wf>
		<wf pos="SYM">۔</wf>
	</sentence>
	<sentence s_id="10">
		<wf pos="VM">راجُن</wf>
		<wf pos="RB">ٲخری</wf>
		<wf pos="NN">وَقت</wf>
		<wf pos="VM">روٗد</wf>
		<wf pos="JJ">واریاہ</wf>
		<wf pos="NN" sense_id="3">تَکلیٖف</wf>
		<wf pos="VM">دِہ</wf>
		<wf pos="SYM">۔</wf>
	</sentence>
	<sentence s_id="11">
		<wf pos="PRP">سُہ</wf>
		<wf pos="NN" sense_id="3">تَکلیٖف</wf>
		<wf pos="PRP">یُس</wf>
		<wf pos="NEG">نہٕ</wf>
		<wf pos="PRP">کُنہِ</wf>
		<wf pos="PSP">منٛز</wf>
		<wf pos="VM">رٔلِتھ</wf>
		<wf pos="CC">یا</wf>
		<wf pos="VM">میٖلِتھ</wf>
		<wf pos="VAUX">آسہِ</wf>
		<wf pos="SYM">۔</wf>
	</sentence>
	<sentence s_id="12">
		<wf pos="PRP">کٲنٛسہِ</wf>
		<wf pos="PSP">سۭتۍ</wf>
		<wf pos="NEG">نہ</wf>
		<wf pos="NN">رَلَن</wf>
		<wf pos="PSP">وٲلِس</wf>
		<wf pos="NN">شَخصس</wf>
		<wf pos="VAUX">چھےٚ</wf>
		<wf pos="VM">گَژھان</wf>
		<wf pos="NN">محنَت</wf>
		<wf pos="VM">کَرنَس</wf>
		<wf pos="NN" sense_id="1">تَکلیٖف</wf>
		<wf pos="SYM">۔</wf>
	</sentence>
	<sentence s_id="13">
		<wf pos="PRP">تٔمِس</wf>
		<wf pos="VAUX">چُھ</wf>
		<wf pos="NN">شہہ</wf>
		<wf pos="NN">ہیٚنَس</wf>
		<wf pos="PSP">منٛز</wf>
		<wf pos="NN" sense_id="2">تَکلیٖف</wf>
		<wf pos="VM">گَژھان</wf>
		<wf pos="SYM">۔</wf>
	</sentence>
	<sentence s_id="14">
		<wf pos="NN" sense_id="2">تَکلیٖف</wf>
		<wf pos="NN">بَرداش</wf>
		<wf pos="VM">کَرُن</wf>
		<wf pos="VAUX">چُھ</wf>
		<wf pos="PRP">پرٛٮ۪تھ</wf>
		<wf pos="NN">مَزہَبَس</wf>
		<wf pos="PSP">منٛز</wf>
		<wf pos="NN">غَلَط</wf>
		<wf pos="SYM">۔</wf>
	</sentence>
	<sentence s_id="15">
		<wf pos="NN">اَنٛگریزَو</wf>
		<wf pos="VM">واتنوو</wf>
		<wf pos="NN">ہِنٛدُستانکس</wf>
		<wf pos="NN">عوامَس</wf>
		<wf pos="JJ">واریاہ</wf>
		<wf pos="NN" sense_id="2">تَکلیٖف</wf>
		<wf pos="SYM">۔</wf>
	</sentence>
	<sentence s_id="16">
		<wf pos="NN">ژۄرَو</wf>
		<wf pos="NN">زَمانو</wf>
		<wf pos="PSP">منٛز</wf>
		<wf pos="RB">ٲخری</wf>
		<wf pos="RB">زَمانہٕ</wf>
		<wf pos="PRP">یُس</wf>
		<wf pos="RB">اَز</wf>
		<wf pos="NN">کَل</wf>
		<wf pos="VAUX">چُھ</wf>
		<wf pos="DEM">یَتھ</wf>
		<wf pos="PSP">منٛز</wf>
		<wf pos="VAUX">چُھ</wf>
		<wf pos="NN">کَمزورس</wf>
		<wf pos="NN" sense_id="2">تَکلیٖف</wf>
		<wf pos="VM">واتناون</wf>
		<wf pos="NN">بَجر</wf>
		<wf pos="VM">یِوان</wf>
		<wf pos="VM">ماننہٕ</wf>
		<wf pos="SYM">۔</wf>
	</sentence>
	<sentence s_id="17">
		<wf pos="NN">اِنسانَس</wf>
		<wf pos="NN" sense_id="2">تَکلیٖف</wf>
		<wf pos="VM">دیُن</wf>
		<wf pos="VAUX">چھہِ</wf>
		<wf pos="NN">کٔلیُگٕچ</wf>
		<wf pos="NN">نِشٲنی</wf>
		<wf pos="SYM">۔</wf>
	</sentence>
	<sentence s_id="18">
		<wf pos="NN">کَمزور</wf>
		<wf pos="NN">اِنسانَس</wf>
		<wf pos="VAUX">گَژھہِ</wf>
		<wf pos="NEG">نہٕ</wf>
		<wf pos="NN" sense_id="2">تَکلیٖف</wf>
		<wf pos="VM">کَرُن</wf>
		<wf pos="SYM">۔</wf>
	</sentence>
	<sentence s_id="19">
		<wf pos="NNC">ٹھیکہٕ</wf>
		<wf pos="NN">دَر</wf>
		<wf pos="VAUX">چُھ</wf>
		<wf pos="VM">گٔنٛڈِتھ</wf>
		<wf pos="NN">موٚزوٗرَن</wf>
		<wf pos="NN" sense_id="2">تَکلیٖف</wf>
		<wf pos="VM">دٮ۪وان</wf>
		<wf pos="SYM">۔</wf>
	</sentence>
	<sentence s_id="20">
		<wf pos="NN">ہِٹلَرَن</wf>
		<wf pos="VM">دیُت</wf>
		<wf pos="PSP">یِہوٗد</wf>
		<wf pos="NN">زٲژ</wf>
		<wf pos="JJ">واریاہ</wf>
		<wf pos="NN" sense_id="2">تَکلیٖف</wf>
		<wf pos="SYM">۔</wf>
	</sentence>
	<sentence s_id="21">
		<wf pos="NN">اِنسانَن</wf>
		<wf pos="NN" sense_id="2">تَکلیٖف</wf>
		<wf pos="NN">دور</wf>
		<wf pos="VM">کَرنہٕ</wf>
		<wf pos="PSP">خٲطرٕ</wf>
		<wf pos="VAUX">چُھ</wf>
		<wf pos="PRP">مےٚ</wf>
		<wf pos="PRP">پنُن</wf>
		<wf pos="NN">پان</wf>
		<wf pos="RB">پوٗرٕ</wf>
		<wf pos="POW">پٲٹھۍ</wf>
		<wf pos="VM">تیار</wf>
		<wf pos="VM">کرُن</wf>
		<wf pos="SYM">۔</wf>
	</sentence>
	<sentence s_id="22">
		<wf pos="PRP">مےٚ</wf>
		<wf pos="VAUX">چُھ</wf>
		<wf pos="NN" sense_id="2">تَکلیٖف</wf>
		<wf pos="VM">مِٹاونہٕ</wf>
		<wf pos="PSP">خٲطرٕ</wf>
		<wf pos="NN">کمَر</wf>
		<wf pos="VM">گوٚنٛڈمُت</wf>
		<wf pos="SYM">۔</wf>
	</sentence>
	<sentence s_id="23">
		<wf pos="PRP">تٔمۍ</wf>
		<wf pos="PSP">سٕنٛز</wf>
		<wf pos="NN" sense_id="3">تَکلیٖف</wf>
		<wf pos="JJ">زَد</wf>
		<wf pos="NN">حالَت</wf>
		<wf pos="VAUX">چَھس</wf>
		<wf pos="NEG">نہٕ</wf>
		<wf pos="PRP">بہٕ</wf>
		<wf pos="VM">وٕچِھتھ</wf>
		<wf pos="VAUX">ہٮ۪کان</wf>
		<wf pos="SYM">۔</wf>
	</sentence>
	<sentence s_id="24">
		<wf pos="NN">بیٖمہِ</wf>
		<wf pos="VAUX">چُھ</wf>
		<wf pos="NN" sense_id="2">تَکلیٖف</wf>
		<wf pos="NN">کَس</wf>
		<wf pos="NN">وَقتَس</wf>
		<wf pos="PSP">منٛز</wf>
		<wf pos="NN">بَچاو</wf>
		<wf pos="VM">کَران</wf>
		<wf pos="SYM">۔</wf>
	</sentence>
	<sentence s_id="25">
		<wf pos="NN">بَگوانَس</wf>
		<wf pos="PSP">پٮ۪ٹھ</wf>
		<wf pos="NN">یٔقیٖن</wf>
		<wf pos="VAUX">چُھ</wf>
		<wf pos="NN">اِنسان</wf>
		<wf pos="PSP">سُنٛد</wf>
		<wf pos="NN" sense_id="1">تَکلیٖف</wf>
		<wf pos="NN">کَم</wf>
		<wf pos="VM">کَران</wf>
		<wf pos="SYM">۔</wf>
	</sentence>
	<sentence s_id="26">
		<wf pos="PRP">اَسہِ</wf>
		<wf pos="NN">پَزٕ</wf>
		<wf pos="NN" sense_id="2">تَکلیٖف</wf>
		<wf pos="JJ">زَد</wf>
		<wf pos="NN">نَفرٕ</wf>
		<wf pos="PSP">سٕنٛز</wf>
		<wf pos="NN">مَدَد</wf>
		<wf pos="VM">کَرٕنۍ</wf>
		<wf pos="SYM">۔</wf>
	</sentence>
	<sentence s_id="27">
		<wf pos="NN">کرٛشنَس</wf>
		<wf pos="VAUX">گوٚو</wf>
		<wf pos="NEG">نہٕ</wf>
		<wf pos="NN">بَرداشت</wf>
		<wf pos="VM">سُدامُن</wf>
		<wf pos="NN" sense_id="2">تَکلیٖف</wf>
		<wf pos="SYM">۔</wf>
	</sentence>
	<sentence s_id="28">
		<wf pos="DEM">یِہ</wf>
		<wf pos="VAUX">چُھ</wf>
		<wf pos="PRP">سہُ</wf>
		<wf pos="NN" sense_id="3">تَکلیٖف</wf>
		<wf pos="DEM">ییٚمہِ</wf>
		<wf pos="PSP">منٛز</wf>
		<wf pos="NEG">نہٕ</wf>
		<wf pos="NNP">جَلدٕۍ</wf>
		<wf pos="VAUX">ہٮ۪کو</wf>
		<wf pos="VM">نیٖرِتھ</wf>
		<wf pos="SYM">۔</wf>
	</sentence>
	<sentence s_id="29">
		<wf pos="NN">واے</wf>
		<wf pos="NNP">خداے</wf>
		<wf pos="INJ">!</wf>
		<wf pos="PRP">بہٕ</wf>
		<wf pos="NN">کَتھ</wf>
		<wf pos="NN" sense_id="2">تَکلیٖف</wf>
		<wf pos="NN">آبَس</wf>
		<wf pos="PSP">منٛز</wf>
		<wf pos="VM">ہٮ۪نہٕ</wf>
		<wf pos="VM">آس</wf>
		<wf pos="SYM">۔</wf>
	</sentence>
	<sentence s_id="30">
		<wf pos="PRP">کٲنٛسہِ</wf>
		<wf pos="VM">گَژھ</wf>
		<wf pos="NEG">نہٕ</wf>
		<wf pos="NN" sense_id="2">تَکلیٖف</wf>
		<wf pos="VM">واتناوُن</wf>
		<wf pos="SYM">۔</wf>
	</sentence>
	<sentence s_id="31">
		<wf pos="PRP">تٔمۍ</wf>
		<wf pos="VM">أنۍ</wf>
		<wf pos="PRP">پانَس</wf>
		<wf pos="PRP">پانے</wf>
		<wf pos="NN" sense_id="1">تَکلیٖف</wf>
		<wf pos="SYM">۔</wf>
	</sentence>
	<sentence s_id="32">
		<wf pos="PRP">تَس</wf>
		<wf pos="VAUX">چُھ</wf>
		<wf pos="NN">زَنٛگہِ</wf>
		<wf pos="NN" sense_id="3">تَکلیٖف</wf>
		<wf pos="SYM">۔</wf>
	</sentence>
	<sentence s_id="33">
		<wf pos="PRP">تَس</wf>
		<wf pos="VAUX">چھےٚ</wf>
		<wf pos="NN">دٕلُک</wf>
		<wf pos="NN" sense_id="3">تَکلیٖف</wf>
		<wf pos="SYM">۔</wf>
	</sentence>
	<sentence s_id="34">
		<wf pos="PRP">سُہ</wf>
		<wf pos="VAUX">اوس</wf>
		<wf pos="NN" sense_id="3">تَکلیٖف</wf>
		<wf pos="PSP">سۭتۍ</wf>
		<wf pos="NN">واے</wf>
		<wf pos="NN">واے</wf>
		<wf pos="VM">کران</wf>
		<wf pos="SYM">۔</wf>
	</sentence>
	<sentence s_id="35">
		<wf pos="NN">آزٕ</wf>
		<wf pos="NN">کَلٕکۍ</wf>
		<wf pos="VM">ساینَس</wf>
		<wf pos="NN">دان</wf>
		<wf pos="VM">چھہٕ</wf>
		<wf pos="PRP">پرٛٮ۪تھ</wf>
		<wf pos="PRP">کانٛہہ</wf>
		<wf pos="NN" sense_id="3">تَکلیٖف</wf>
		<wf pos="NN">اعلاج</wf>
		<wf pos="POW">دار</wf>
		<wf pos="VM">بَناونَس</wf>
		<wf pos="PSP">منٛز</wf>
		<wf pos="VM">لٔگِتھ</wf>
		<wf pos="SYM">۔</wf>
	</sentence>
	<sentence s_id="36">
		<wf pos="NN">مِرگی</wf>
		<wf pos="NEG">چھَنہٕ</wf>
		<wf pos="RB">لاگ</wf>
		<wf pos="POW">دار</wf>
		<wf pos="NN" sense_id="3">تَکلیٖف</wf>
		<wf pos="SYM">۔</wf>
	</sentence>
	<sentence s_id="37">
		<wf pos="JJ">نیٖم</wf>
		<wf pos="NN">پَنہٕ</wf>
		<wf pos="NN">ؤتھرَن</wf>
		<wf pos="PSP">ہُنٛد</wf>
		<wf pos="NN">رَس</wf>
		<wf pos="VM">چَنہٕ</wf>
		<wf pos="PSP">سۭتۍ</wf>
		<wf pos="CC">یا</wf>
		<wf pos="NN">بٕتھِس</wf>
		<wf pos="VM">لَگاونہٕ</wf>
		<wf pos="PSP">سۭتۍ</wf>
		<wf pos="VAUX">چھےٚ</wf>
		<wf pos="DEM">ژَمہِ</wf>
		<wf pos="PRP">ہُٕنٛد</wf>
		<wf pos="NN" sense_id="3">تَکلیٖف</wf>
		<wf pos="RB">دوٗر</wf>
		<wf pos="VM">گَژھآن</wf>
		<wf pos="SYM">۔</wf>
	</sentence>
	<sentence s_id="38">
		<wf pos="PRP">ییٚمِس</wf>
		<wf pos="NEG">نا</wf>
		<wf pos="VAUX">چھےٚ</wf>
		<wf pos="DEM">ژَمہِ</wf>
		<wf pos="PRP">ہُٕنٛد</wf>
		<wf pos="NN" sense_id="3">تَکلیٖف</wf>
		<wf pos="SYM">۔</wf>
	</sentence>
	<sentence s_id="39">
		<wf pos="PRP">ییٚمِس</wf>
		<wf pos="NN">بَچس</wf>
		<wf pos="VAUX">چھےٚ</wf>
		<wf pos="NEG">نہٕ</wf>
		<wf pos="DEM">ژَمہِ</wf>
		<wf pos="PRP">ہُٕنٛد</wf>
		<wf pos="NN" sense_id="3">تَکلیٖف</wf>
		<wf pos="SYM">۔</wf>
	</sentence>
	<sentence s_id="40">
		<wf pos="PRP">سُہ</wf>
		<wf pos="VAUX">چُھ</wf>
		<wf pos="NN" sense_id="3">تَکلیٖف</wf>
		<wf pos="PSP">وٲلس</wf>
		<wf pos="NN">بَچس</wf>
		<wf pos="NN">تنٛگ</wf>
		<wf pos="VM">کران</wf>
		<wf pos="SYM">۔</wf>
	</sentence>
	<sentence s_id="41">
		<wf pos="PRP">بہٕ</wf>
		<wf pos="VAUX">چُھس</wf>
		<wf pos="PRP">تٔمۍ</wf>
		<wf pos="PSP">سُنٛد</wf>
		<wf pos="NN" sense_id="1">تَکلیٖف</wf>
		<wf pos="VM">سَمجان</wf>
		<wf pos="SYM">۔</wf>
	</sentence>
	<sentence s_id="42">
		<wf pos="DEM">یِمَن</wf>
		<wf pos="JJ">کُڈٕرۍ</wf>
		<wf pos="NN" sense_id="3">تَکلیٖف</wf>
		<wf pos="VAUX">اوس</wf>
		<wf pos="VM">آسان</wf>
		<wf pos="PRP">تِم</wf>
		<wf pos="VAUX">ٲس</wf>
		<wf pos="NEG">نہٕ</wf>
		<wf pos="NN">خٕدمَت</wf>
		<wf pos="VM">کرنس</wf>
		<wf pos="PSP">لایق</wf>
		<wf pos="VM">آسان</wf>
		<wf pos="SYM">۔</wf>
	</sentence>
	<sentence s_id="43">
		<wf pos="JJ">بٔڑۍ</wf>
		<wf pos="RDP">بٔڑۍ</wf>
		<wf pos="NN">ڑاکٹر</wf>
		<wf pos="RP">تہِ</wf>
		<wf pos="VM">ہیٚکۍ</wf>
		<wf pos="NEG">نہٕ</wf>
		<wf pos="PRP">ییٚمِس</wf>
		<wf pos="CC">یہٕ</wf>
		<wf pos="NN" sense_id="3">تَکلیٖف</wf>
		<wf pos="NN">دور</wf>
		<wf pos="VM">کرتھ</wf>
		<wf pos="SYM">۔</wf>
	</sentence>
	<sentence s_id="44">
		<wf pos="PRP">بہٕ</wf>
		<wf pos="VAUX">چُھس</wf>
		<wf pos="NEG">نہٕ</wf>
		<wf pos="NEG">وُنہٕ</wf>
		<wf pos="RP">تہِ</wf>
		<wf pos="NN">اَمہٕ</wf>
		<wf pos="NN" sense_id="2">تَکلیٖف</wf>
		<wf pos="QC">دہ</wf>
		<wf pos="NN">زنٛگہِ</wf>
		<wf pos="NN">دادِ</wf>
		<wf pos="QC">نشہٕ</wf>
		<wf pos="RB">واپَس</wf>
		<wf pos="VM">یِوان</wf>
		<wf pos="SYM">۔</wf>
	</sentence>
	<sentence s_id="45">
		<wf pos="WQ">کُس</wf>
		<wf pos="RB">چُھے</wf>
		<wf pos="PRP">ژےٚ</wf>
		<wf pos="NN" sense_id="2">تَکلیٖف</wf>
		<wf pos="VM">واتناوان</wf>
		<wf pos="SYM">۔</wf>
	</sentence>
	<sentence s_id="46">
		<wf pos="CC">بےٚ</wf>
		<wf pos="NN">بروٗسہٕ</wf>
		<wf pos="???">ستۍ</wf>
		<wf pos="VAUX">چُھ</wf>
		<wf pos="NN">اِنسانَس</wf>
		<wf pos="JJ">واریاہ</wf>
		<wf pos="NN" sense_id="2">تَکلیٖف</wf>
		<wf pos="VM">واتان</wf>
		<wf pos="SYM">۔</wf>
	</sentence>
	<sentence s_id="47">
		<wf pos="PRP">سۄ</wf>
		<wf pos="NN">آواز</wf>
		<wf pos="DEM">یۄس</wf>
		<wf pos="PRP">کٲنٛسہِ</wf>
		<wf pos="NN">دود</wf>
		<wf pos="CC">یا</wf>
		<wf pos="NN" sense_id="2">تَکلیٖف</wf>
		<wf pos="VM">آسنہٕ</wf>
		<wf pos="NN">وِزِ</wf>
		<wf pos="VM">نیران</wf>
		<wf pos="VAUX">چھےٚ</wf>
		<wf pos="SYM">۔</wf>
	</sentence>
	<sentence s_id="48">
		<wf pos="PRP">سُہ</wf>
		<wf pos="VAUX">اوس</wf>
		<wf pos="NN" sense_id="3">تَکلیٖف</wf>
		<wf pos="PSP">سۭتۍ</wf>
		<wf pos="NN">واے</wf>
		<wf pos="NN">واے</wf>
		<wf pos="VM">کران</wf>
		<wf pos="SYM">۔</wf>
	</sentence>
	<sentence s_id="49">
		<wf pos="NN">دوٗرِچ</wf>
		<wf pos="NN">نَظَر</wf>
		<wf pos="NN">کمزور</wf>
		<wf pos="VM">آسنہٕ</wf>
		<wf pos="PSP">سۭتۍ</wf>
		<wf pos="VAUX">چُھ</wf>
		<wf pos="PRP">تَس</wf>
		<wf pos="JJ">واریاہ</wf>
		<wf pos="NN" sense_id="1">تَکلیٖف</wf>
		<wf pos="VM">گژھان</wf>
		<wf pos="SYM">۔</wf>
	</sentence>
	<sentence s_id="50">
		<wf pos="PRP">سُہ</wf>
		<wf pos="VAUX">چُھ</wf>
		<wf pos="PRP">پٲنۍ</wf>
		<wf pos="PRP">پانَس</wf>
		<wf pos="NN" sense_id="2">تَکلیٖف</wf>
		<wf pos="VM">واتناوان</wf>
		<wf pos="SYM">۔</wf>
	</sentence>
	<sentence s_id="51">
		<wf pos="NN">لوٗکھ</wf>
		<wf pos="VAUX">چھِ</wf>
		<wf pos="RB">وُنہِ</wf>
		<wf pos="PSP">کہِ</wf>
		<wf pos="NN">کِس</wf>
		<wf pos="NN">حکوٗمتَس</wf>
		<wf pos="PSP">منٛز</wf>
		<wf pos="NN" sense_id="2">تَکلیٖف</wf>
		<wf pos="VM">وٮ۪ترٛاوان</wf>
		<wf pos="SYM">۔</wf>
	</sentence>
	<sentence s_id="52">
		<wf pos="PRP">أسۍ</wf>
		<wf pos="VAUX">چھِ</wf>
		<wf pos="VM">وُچھان</wf>
		<wf pos="PRP">کرہنٮ۪ن</wf>
		<wf pos="NN">یِہوٗدیَن</wf>
		<wf pos="PSP">ہٕنٛز</wf>
		<wf pos="NN">ہِجرَت</wf>
		<wf pos="RB">ییٚلہِ</wf>
		<wf pos="PRP">تِمَن</wf>
		<wf pos="NN">ہٹلرَن</wf>
		<wf pos="JJ">واریاہ</wf>
		<wf pos="NN" sense_id="2">تَکلیٖف</wf>
		<wf pos="VM">دٮ۪وت</wf>
		<wf pos="SYM">۔</wf>
	</sentence>
	<sentence s_id="53">
		<wf pos="NN">مےٛ</wf>
		<wf pos="VAUX">چَھ</wf>
		<wf pos="JJ">سٲرۍسٕے</wf>
		<wf pos="PRP">پانَس</wf>
		<wf pos="NN" sense_id="3">تَکلیٖف</wf>
		<wf pos="VM">کران</wf>
		<wf pos="SYM">۔</wf>
	</sentence>
	<sentence s_id="54">
		<wf pos="PRP">مےٚ</wf>
		<wf pos="VAUX">چُھ</wf>
		<wf pos="PSP">ورزِشہِ</wf>
		<wf pos="RB">پَتہٕ</wf>
		<wf pos="NN:?">چھاتہِ</wf>
		<wf pos="PSP">ہُنٛد</wf>
		<wf pos="NN" sense_id="3">تَکلیٖف</wf>
		<wf pos="VM">باسان</wf>
		<wf pos="SYM">۔</wf>
	</sentence>
	<sentence s_id="55">
		<wf pos="PRP">مےٚ</wf>
		<wf pos="VAUX">چُھ</wf>
		<wf pos="JJ">اَزکَل</wf>
		<wf pos="NN">کَمرَس</wf>
		<wf pos="NN" sense_id="3">تَکلیٖف</wf>
		<wf pos="SYM">۔</wf>
	</sentence>
	<sentence s_id="56">
		<wf pos="PRP">تٔمِس</wf>
		<wf pos="VAUX">چُھ</wf>
		<wf pos="PRP">پٔتِمِس</wf>
		<wf pos="NN">پاسَس</wf>
		<wf pos="NN" sense_id="3">تَکلیٖف</wf>
		<wf pos="SYM">۔</wf>
	</sentence>
	<sentence s_id="57">
		<wf pos="PRP">تٔمِس</wf>
		<wf pos="VAUX">چھےٚ</wf>
		<wf pos="NN">کَمَرُک</wf>
		<wf pos="NN" sense_id="3">تَکلیٖف</wf>
		<wf pos="SYM">۔</wf>
	</sentence>
	<sentence s_id="58">
		<wf pos="PRP">سُہ</wf>
		<wf pos="VAUX">چُھ</wf>
		<wf pos="NN">کَمَرک</wf>
		<wf pos="NN" sense_id="3">تَکلیٖف</wf>
		<wf pos="PSP">سۭتۍ</wf>
		<wf pos="JJ">پَریشان</wf>
		<wf pos="SYM">۔</wf>
	</sentence>
	<sentence s_id="59">
		<wf pos="PRP">تٔمِس</wf>
		<wf pos="VAUX">چُھ</wf>
		<wf pos="JJ">یٔڑ</wf>
		<wf pos="NN" sense_id="3">تَکلیٖف</wf>
		<wf pos="SYM">۔</wf>
	</sentence>
	<sentence s_id="60">
		<wf pos="PRP">تٔمِس</wf>
		<wf pos="VAUX">چُھ</wf>
		<wf pos="NN">کمرَس</wf>
		<wf pos="NN" sense_id="3">تَکلیٖف</wf>
		<wf pos="CC">تَوَے</wf>
		<wf pos="VAUX">چُھ</wf>
		<wf pos="RB">نٔمِتھ</wf>
		<wf pos="VM">پَکان</wf>
		<wf pos="SYM">۔</wf>
	</sentence>
	<sentence s_id="61">
		<wf pos="DEM">یہِ</wf>
		<wf pos="NN">ڈَنٛڑٕ</wf>
		<wf pos="RB">کِتھ</wf>
		<wf pos="POW">کٔنۍ</wf>
		<wf pos="VAUX">چُھ</wf>
		<wf pos="PRP">تِمَن</wf>
		<wf pos="NN" sense_id="2">تَکلیٖف</wf>
		<wf pos="VM">واتناوان</wf>
		<wf pos="SYM">۔</wf>
	</sentence>
	<sentence s_id="62">
		<wf pos="PRP">تٔمِس</wf>
		<wf pos="VAUX">چُھ</wf>
		<wf pos="NN">کَلس</wf>
		<wf pos="NN" sense_id="3">تَکلیٖف</wf>
		<wf pos="CC">بیٚیہِ</wf>
		<wf pos="VAUX">چُھس</wf>
		<wf pos="NNP">تھوٚڈا</wf>
		<wf pos="NN">تَپھ</wf>
		<wf pos="SYM">۔</wf>
	</sentence>
	<sentence s_id="63">
		<wf pos="PRP">مےٚ</wf>
		<wf pos="VAUX">چُھ</wf>
		<wf pos="NN">سردی</wf>
		<wf pos="PSP">منٛز</wf>
		<wf pos="QC">اکس</wf>
		<wf pos="PRP">پانَس</wf>
		<wf pos="NN" sense_id="3">تَکلیٖف</wf>
		<wf pos="VM">کران</wf>
		<wf pos="SYM">۔</wf>
	</sentence>
	<sentence s_id="64">
		<wf pos="NN" sense_id="3">تَکلیٖف</wf>
		<wf pos="VM">آسنہٕ</wf>
		<wf pos="NN">وِزِ</wf>
		<wf pos="VAUX">چُھ</wf>
		<wf pos="VM">ِنسان</wf>
		<wf pos="NN">واے</wf>
		<wf pos="NN">واے</wf>
		<wf pos="VM">آسان</wf>
		<wf pos="VM">کران</wf>
		<wf pos="SYM">۔</wf>
	</sentence>
	<sentence s_id="65">
		<wf pos="JJ">زیادٕ</wf>
		<wf pos="VAUX">ژوٚک</wf>
		<wf pos="VM">کھٮ۪نہٕ</wf>
		<wf pos="PSP">سۭتۍ</wf>
		<wf pos="VAUX">چُھ</wf>
		<wf pos="PRP">مےٚ</wf>
		<wf pos="NN">دَنٛدَس</wf>
		<wf pos="NN" sense_id="3">تَکلیٖف</wf>
		<wf pos="VM">کران</wf>
		<wf pos="SYM">۔</wf>
	</sentence>
	<sentence s_id="66">
		<wf pos="NN">تیٚمبٕر</wf>
		<wf pos="VM">کھٮ۪نہٕ</wf>
		<wf pos="PSP">سۭتۍ</wf>
		<wf pos="VM">کٔرٕن</wf>
		<wf pos="PRP">مےٚ</wf>
		<wf pos="NN">دَنٛدَن</wf>
		<wf pos="NN" sense_id="3">تَکلیٖف</wf>
		<wf pos="SYM">۔</wf>
	</sentence>
	<sentence s_id="67">
		<wf pos="PRP">مےٚ</wf>
		<wf pos="VAUX">چُھ</wf>
		<wf pos="NN">دٔچھنہِ</wf>
		<wf pos="VM">اَتھچہِ</wf>
		<wf pos="DEM">مٔنٛزِمہِ</wf>
		<wf pos="NN">اوٚنٛگجہِ</wf>
		<wf pos="NN" sense_id="3">تَکلیٖف</wf>
		<wf pos="SYM">۔</wf>
	</sentence>
	<sentence s_id="68">
		<wf pos="PRP">تٔمِس</wf>
		<wf pos="VAUX">چُھ</wf>
		<wf pos="JJ">لۄکٹِس</wf>
		<wf pos="NN">أنٛدرَمَس</wf>
		<wf pos="NN" sense_id="3">تَکلیٖف</wf>
		<wf pos="SYM">۔</wf>
	</sentence>
	<sentence s_id="69">
		<wf pos="PRP">تٔمِس</wf>
		<wf pos="VAUX">چُھ</wf>
		<wf pos="NN">تَمُک</wf>
		<wf pos="NN" sense_id="3">تَکلیٖف</wf>
		<wf pos="SYM">۔</wf>
	</sentence>
	<sentence s_id="70">
		<wf pos="PRP">مےٚ</wf>
		<wf pos="VAUX">چُھ</wf>
		<wf pos="NN">گرٛۄزَس</wf>
		<wf pos="NN" sense_id="3">تَکلیٖف</wf>
		<wf pos="SYM">۔</wf>
	</sentence>
	<sentence s_id="71">
		<wf pos="PRP">تٔمِس</wf>
		<wf pos="VAUX">چُھ</wf>
		<wf pos="NN">أنٛدرَمُک</wf>
		<wf pos="NN" sense_id="3">تَکلیٖف</wf>
		<wf pos="SYM">۔</wf>
	</sentence>
	<sentence s_id="72">
		<wf pos="PRP">تَس</wf>
		<wf pos="VAUX">چُھ</wf>
		<wf pos="NN">لَبلَبَس</wf>
		<wf pos="NN" sense_id="3">تَکلیٖف</wf>
		<wf pos="SYM">۔</wf>
	</sentence>
	<sentence s_id="73">
		<wf pos="NNPC">رام</wf>
		<wf pos="NEG">چُھنہٕ</wf>
		<wf pos="PRP">پَنُن</wf>
		<wf pos="NN" sense_id="1">تَکلیٖف</wf>
		<wf pos="NN">کانٛسہِ</wf>
		<wf pos="VM">وَنان</wf>
		<wf pos="SYM">۔</wf>
	</sentence>
	<sentence s_id="74">
		<wf pos="PRP">سُہ</wf>
		<wf pos="NN">کَس</wf>
		<wf pos="VM">وَنہِ</wf>
		<wf pos="PRP">پَنُن</wf>
		<wf pos="NN" sense_id="1">تَکلیٖف</wf>
		<wf pos="SYM">۔</wf>
	</sentence>
	<sentence s_id="75">
		<wf pos="PRP">تٔمِس</wf>
		<wf pos="VAUX">چھےٚ</wf>
		<wf pos="NN">کِسہِ</wf>
		<wf pos="NN">وٲج</wf>
		<wf pos="VM">لٲگنہِ</wf>
		<wf pos="PSP">سۭتۍ</wf>
		<wf pos="NN">كِسہِ</wf>
		<wf pos="NN" sense_id="3">تَکلیٖف</wf>
		<wf pos="VM">کران</wf>
		<wf pos="SYM">۔</wf>
	</sentence>
	<sentence s_id="76">
		<wf pos="NN">رامس</wf>
		<wf pos="VAUX">چُھ</wf>
		<wf pos="NN">کمرَس</wf>
		<wf pos="NN" sense_id="3">تَکلیٖف</wf>
		<wf pos="CC">توےٚ</wf>
		<wf pos="VAUX">اوس</wf>
		<wf pos="PRP">سُہ</wf>
		<wf pos="VM">کُٹُھس</wf>
		<wf pos="PSP">منٛز</wf>
		<wf pos="NN">کَمَبر</wf>
		<wf pos="RB">ہیوٚر</wf>
		<wf pos="VM">کُن</wf>
		<wf pos="RB">کٔررِتھ</wf>
		<wf pos="VM">شٔنٛگِتھ</wf>
		<wf pos="SYM">۔</wf>
	</sentence>
	<sentence s_id="77">
		<wf pos="PRP">کُنہِ</wf>
		<wf pos="PRP">کُنہِ</wf>
		<wf pos="NN">وِزِ</wf>
		<wf pos="VAUX">چُھ</wf>
		<wf pos="NN">پِشاب</wf>
		<wf pos="NN">بانَس</wf>
		<wf pos="PSP">منٛز</wf>
		<wf pos="VM">کَنہِ</wf>
		<wf pos="NN">جَمع</wf>
		<wf pos="NN">گَژُھنہ</wf>
		<wf pos="PSP">سۭتۍ</wf>
		<wf pos="NN" sense_id="3">تَکلیٖف</wf>
		<wf pos="VM">گَژھان</wf>
		<wf pos="SYM">۔</wf>
	</sentence>
	<sentence s_id="78">
		<wf pos="PRP">تٔمِس</wf>
		<wf pos="VAUX">چھِ</wf>
		<wf pos="NN">بَچہِ</wf>
		<wf pos="NN">دانہِ</wf>
		<wf pos="NN" sense_id="3">تَکلیٖف</wf>
		<wf pos="CC">تہٕ</wf>
		<wf pos="CC">اوے</wf>
		<wf pos="VAUX">چُھس</wf>
		<wf pos="NEG">نہٕ</wf>
		<wf pos="VM">شُرُے</wf>
		<wf pos="SYM">۔</wf>
	</sentence>
	<sentence s_id="79">
		<wf pos="NN">بَچہٕ</wf>
		<wf pos="NN">دانہِ</wf>
		<wf pos="NN" sense_id="3">تَکلیٖف</wf>
		<wf pos="VM">آسنہٕ</wf>
		<wf pos="VM">کِنۍ</wf>
		<wf pos="VAUX">ہٮ۪کہِ</wf>
		<wf pos="NEG">نہٕ</wf>
		<wf pos="INTF">سیٖتا</wf>
		<wf pos="NN">موج</wf>
		<wf pos="VM">بٔنِتھ</wf>
		<wf pos="SYM">۔</wf>
	</sentence>
	<sentence s_id="80">
		<wf pos="PRP">تٔمِس</wf>
		<wf pos="VAUX">چُھ</wf>
		<wf pos="JJ">بٔڈِس</wf>
		<wf pos="NN">أنٛدَرَمَس</wf>
		<wf pos="NN" sense_id="3">تَکلیٖف</wf>
		<wf pos="CC">تہٕ</wf>
		<wf pos="RB">وۄنۍ</wf>
		<wf pos="VAUX">چُھس</wf>
		<wf pos="NNC">اَپریشن</wf>
		<wf pos="SYM">۔</wf>
	</sentence>
	<sentence s_id="81">
		<wf pos="NN">دَوا</wf>
		<wf pos="NNPC">پھوٚل</wf>
		<wf pos="ZEM">کھٮ۪تھٕے</wf>
		<wf pos="VAUX">گو</wf>
		<wf pos="PRP">مےٚ</wf>
		<wf pos="PSP">کَلُک</wf>
		<wf pos="NN" sense_id="3">تَکلیٖف</wf>
		<wf pos="JJ">ٹھیٖک</wf>
		<wf pos="SYM">۔</wf>
	</sentence>
	<sentence s_id="82">
		<wf pos="PRP">مےٚ</wf>
		<wf pos="VAUX">چُھ</wf>
		<wf pos="NN">اُنٛگجَن</wf>
		<wf pos="PSP">ہِندٮ۪ن</wf>
		<wf pos="NN">جوڑَن</wf>
		<wf pos="NN" sense_id="3">تَکلیٖف</wf>
		<wf pos="SYM">۔</wf>
	</sentence>
	<sentence s_id="83">
		<wf pos="PRP">مےٚ</wf>
		<wf pos="VAUX">چُھ</wf>
		<wf pos="JJ">کوٚٹھِس</wf>
		<wf pos="NN" sense_id="3">تَکلیٖف</wf>
		<wf pos="SYM">۔</wf>
	</sentence>
	<sentence s_id="84">
		<wf pos="NN">شانٛد</wf>
		<wf pos="NEG">مہٕ</wf>
		<wf pos="VM">کر</wf>
		<wf pos="NN">دوٚگُن</wf>
		<wf pos="RB">پتہٕ</wf>
		<wf pos="VAUX">یِیہِ</wf>
		<wf pos="NEG">نہٕ</wf>
		<wf pos="DEM">اتھ</wf>
		<wf pos="PSP">پٮ۪ٹھ</wf>
		<wf pos="NN">شۄنٛگنہٕ</wf>
		<wf pos="CC">تہٕ</wf>
		<wf pos="DEM">امہِ</wf>
		<wf pos="PSP">سۭتۍ</wf>
		<wf pos="NN">کری</wf>
		<wf pos="JJ">گردنہِ</wf>
		<wf pos="NN" sense_id="3">تَکلیٖف</wf>
		<wf pos="SYM">۔</wf>
	</sentence>
	<sentence s_id="85">
		<wf pos="NN">موسمس</wf>
		<wf pos="PSP">منٛز</wf>
		<wf pos="RB">اچانک</wf>
		<wf pos="NN">تبدیٖلی</wf>
		<wf pos="VM">کِنۍ</wf>
		<wf pos="VAUX">چُھ</wf>
		<wf pos="RB">از</wf>
		<wf pos="NN">کل</wf>
		<wf pos="VM">چھاتہِ</wf>
		<wf pos="PSP">ہُنٛد</wf>
		<wf pos="NN" sense_id="3">تَکلیٖف</wf>
		<wf pos="JJ">عام</wf>
		<wf pos="SYM">۔</wf>
	</sentence>
	<sentence s_id="86">
		<wf pos="JJ">زیادٕ</wf>
		<wf pos="NN">مَسالہٕ</wf>
		<wf pos="POW">دار</wf>
		<wf pos="VM">کھٮ۪نہٕ</wf>
		<wf pos="PSP">سۭتۍ</wf>
		<wf pos="VAUX">چُھ</wf>
		<wf pos="NN">میٛادَس</wf>
		<wf pos="NN" sense_id="3">تَکلیٖف</wf>
		<wf pos="VM">کَران</wf>
		<wf pos="SYM">۔</wf>
	</sentence>
	<sentence s_id="87">
		<wf pos="CC">اَگَر</wf>
		<wf pos="NEG">نہٕ</wf>
		<wf pos="NN">کھٮ۪ن</wf>
		<wf pos="RB">اَصٕل</wf>
		<wf pos="POW">پٲٹھۍ</wf>
		<wf pos="NN">ہَضٕم</wf>
		<wf pos="INTF">گَژھہٕ</wf>
		<wf pos="RB">تیٚلہٕ</wf>
		<wf pos="VAUX">چُھ</wf>
		<wf pos="NN" sense_id="1">تَکلیٖف</wf>
		<wf pos="VM">کَران</wf>
		<wf pos="SYM">۔</wf>
	</sentence>
	<sentence s_id="88">
		<wf pos="NN">شُرن</wf>
		<wf pos="VAUX">چھہِ</wf>
		<wf pos="NN">دود</wf>
		<wf pos="NEG">نہ</wf>
		<wf pos="VM">پورنٕچ</wf>
		<wf pos="NN">صَلٲحیَت</wf>
		<wf pos="NN">کَم</wf>
		<wf pos="VM">آسنہٕ</wf>
		<wf pos="VM">کِنۍ</wf>
		<wf pos="RB">جَلدی</wf>
		<wf pos="NN" sense_id="3">تَکلیٖف</wf>
		<wf pos="VM">کَران</wf>
		<wf pos="SYM">۔</wf>
	</sentence>
	<sentence s_id="89">
		<wf pos="PRP">تٔمِس</wf>
		<wf pos="VAUX">اوس</wf>
		<wf pos="NN">کَلَس</wf>
		<wf pos="NN" sense_id="1">تَکلیٖف</wf>
		<wf pos="NN">مَحصوٗس</wf>
		<wf pos="VM">گَژھان</wf>
		<wf pos="SYM">۔</wf>
	</sentence>
	<sentence s_id="90">
		<wf pos="PRP">مےٚ</wf>
		<wf pos="VAUX">چُھ</wf>
		<wf pos="NN">پُشتَس</wf>
		<wf pos="NN" sense_id="3">تَکلیٖف</wf>
		<wf pos="SYM">۔</wf>
	</sentence>
	<sentence s_id="91">
		<wf pos="PRP">بہٕ</wf>
		<wf pos="VAUX">چَھس</wf>
		<wf pos="NNP">چٲنۍ</wf>
		<wf pos="NN" sense_id="1">تَکلیٖف</wf>
		<wf pos="VM">سَمجان</wf>
		<wf pos="SYM">۔</wf>
	</sentence>
	<sentence s_id="92">
		<wf pos="PRP">سُہ</wf>
		<wf pos="VAUX">چُھ</wf>
		<wf pos="NN" sense_id="1">تَکلیٖف</wf>
		<wf pos="PSP">نِشہِ</wf>
		<wf pos="NN">نجاتٕ</wf>
		<wf pos="PSP">خٲطرٕ</wf>
		<wf pos="NN">دَوا</wf>
		<wf pos="VM">کھٮ۪وان</wf>
		<wf pos="SYM">۔</wf>
	</sentence>
	<sentence s_id="93">
		<wf pos="PRP">کیٚنٛہہ</wf>
		<wf pos="NN">لُکھ</wf>
		<wf pos="VAUX">چھِ</wf>
		<wf pos="NN" sense_id="1">تَکلیٖف</wf>
		<wf pos="RB">دوٗر</wf>
		<wf pos="VM">کَرنہٕ</wf>
		<wf pos="PSP">خٲطرٕ</wf>
		<wf pos="RP">تہِ</wf>
		<wf pos="JJ">جِسٕم</wf>
		<wf pos="VM">زالان</wf>
		<wf pos="SYM">۔</wf>
	</sentence>
	<sentence s_id="94">
		<wf pos="NN">دوا</wf>
		<wf pos="CC">بےٚ</wf>
		<wf pos="NN">اَثر</wf>
		<wf pos="VM">آسنہٕ</wf>
		<wf pos="PSP">کہِ</wf>
		<wf pos="NN">وجہہ</wf>
		<wf pos="PSP">سۭتۍ</wf>
		<wf pos="VAUX">چُھ</wf>
		<wf pos="NN" sense_id="3">تَکلیٖف</wf>
		<wf pos="VM">بَڑان</wf>
		<wf pos="SYM">۔</wf>
	</sentence>
	<sentence s_id="95">
		<wf pos="CC">یہٕ</wf>
		<wf pos="NN">ژھاوُل</wf>
		<wf pos="VAUX">چُھ</wf>
		<wf pos="NN">گنٛٹِیارکَہٕ</wf>
		<wf pos="NN" sense_id="3">تَکلیٖف</wf>
		<wf pos="PSP">سۭتۍ</wf>
		<wf pos="JJ">مُتٲثِر</wf>
		<wf pos="SYM">۔</wf>
	</sentence>
	<sentence s_id="96">
		<wf pos="NN">شیامٲس</wf>
		<wf pos="VAUX">چُھ</wf>
		<wf pos="NN">اَکَثر</wf>
		<wf pos="NN">کَلَس</wf>
		<wf pos="NN" sense_id="3">تَکلیٖف</wf>
		<wf pos="VM">آسان</wf>
		<wf pos="SYM">۔</wf>
	</sentence>

</contextfile>