<?xml version="1.0" ?>
<contextfile filename="جاے" fileno="45">
	<sentence s_id="1">
		<wf pos="NNPC">تُلہٕ</wf>
		<wf pos="NNP">مُلہِ</wf>
		<wf pos="VAUX">چھیٚہ</wf>
		<wf pos="NNP">کٔشیٖرِ</wf>
		<wf pos="PSP">منز</wf>
		<wf pos="QC">اَکھ</wf>
		<wf pos="JJ">مُتبرٕک</wf>
		<wf pos="NN" sense_id="1">جاے</wf>
		<wf pos="VAUX">یِوان</wf>
		<wf pos="VM">ماننہٕ</wf>
		<wf pos="SYM">۔</wf>
	</sentence>
	<sentence s_id="2">
		<wf pos="NNPC">شراونہٕ</wf>
		<wf pos="NNPC">گَٹہٕ</wf>
		<wf pos="NNPC">پَچھ</wf>
		<wf pos="NNP">کاہ</wf>
		<wf pos="VAUX">چھیٚہ</wf>
		<wf pos="VM">یِوان</wf>
		<wf pos="NNPC">کملا</wf>
		<wf pos="NNP">کاہ</wf>
		<wf pos="VM">ماننہٕ</wf>
		<wf pos="DEM">یہِ</wf>
		<wf pos="VAUX">چُھ</wf>
		<wf pos="NNP">شکھتی</wf>
		<wf pos="PSP">ہُند</wf>
		<wf pos="QC">اَکھ</wf>
		<wf pos="NN">ناو</wf>
		<wf pos="CC">تہٕ</wf>
		<wf pos="PRP">امۍسٕے</wf>
		<wf pos="VAUX">چُھ</wf>
		<wf pos="DEM">یہِ</wf>
		<wf pos="NN">دۄہ</wf>
		<wf pos="VM">منسٗوب</wf>
		<wf pos="VAUX">یِوان</wf>
		<wf pos="VM">کرنہٕ</wf>
		<wf pos="DEM">اَمہِ</wf>
		<wf pos="NN">دۄہہٕ</wf>
		<wf pos="VAUX">چُھ</wf>
		<wf pos="NNPC">کملا</wf>
		<wf pos="NN">ناگَس</wf>
		<wf pos="PSP">پٮ۪ٹھ</wf>
		<wf pos="NN">دِوَے</wf>
		<wf pos="VM">لَگان</wf>
		<wf pos="DEM">یہِ</wf>
		<wf pos="VAUX">چھیٚہ</wf>
		<wf pos="NNP">ترال</wf>
		<wf pos="NNP">پَرگنَس</wf>
		<wf pos="PSP">منٛز</wf>
		<wf pos="NNPC">بُگیہِ</wf>
		<wf pos="NNP">مٔرۍ</wf>
		<wf pos="NN">بالچہِ</wf>
		<wf pos="NN">کۄچھہِ</wf>
		<wf pos="PSP">منز</wf>
		<wf pos="QC">اَکھ</wf>
		<wf pos="NN" sense_id="1">جاے</wf>
		<wf pos="SYM">۔</wf>
	</sentence>
	<sentence s_id="3">
		<wf pos="NNPC">نو</wf>
		<wf pos="NNP">دِل</wf>
		<wf pos="VAUX">چھیٚہ</wf>
		<wf pos="QC">اَکھ</wf>
		<wf pos="NN" sense_id="1">جاے</wf>
		<wf pos="NN">تحصیٖل</wf>
		<wf pos="NNP">ترالَس</wf>
		<wf pos="PSP">منز</wf>
		<wf pos="SYM">۔</wf>
	</sentence>
	<sentence s_id="4">
		<wf pos="RB">اَتہِ</wf>
		<wf pos="VAUX">چِھ</wf>
		<wf pos="JJ">وارِیاہ</wf>
		<wf pos="NN">ناگ</wf>
		<wf pos="CC">تہٕ</wf>
		<wf pos="NN">ناوٕ</wf>
		<wf pos="PSP">مٗوجٗوب</wf>
		<wf pos="CC">تہِ</wf>
		<wf pos="VAUX">چھِ</wf>
		<wf pos="DEM">یہِ</wf>
		<wf pos="NN" sense_id="1">جاے</wf>
		<wf pos="QC">نَون</wf>
		<wf pos="NN">ناگَن</wf>
		<wf pos="PSP">ہنٕز</wf>
		<wf pos="NN" sense_id="1">جاے</wf>
		<wf pos="VM">ماننہٕ</wf>
		<wf pos="VAUX">یِوان</wf>
		<wf pos="SYM">۔</wf>
	</sentence>
	<sentence s_id="5">
		<wf pos="NNP">کٔشیٖرِ</wf>
		<wf pos="PSP">ہٕنٛد</wf>
		<wf pos="JJ">مُختٔلِف</wf>
		<wf pos="NN">زِیارَتگاہ</wf>
		<wf pos="RB">یوٚتام</wf>
		<wf pos="NNP">کٔشیٖرِ</wf>
		<wf pos="PSP">ہٕنٛدٮ۪ن</wf>
		<wf pos="NN">زِیارتگاہَن</wf>
		<wf pos="PSP">ہُنٛد</wf>
		<wf pos="NN">سَوال</wf>
		<wf pos="VAUX">چُھ</wf>
		<wf pos="NNP">،کٔشیٖر</wf>
		<wf pos="VAUX">چھیٚہ</wf>
		<wf pos="DEM">سۄ</wf>
		<wf pos="NN" sense_id="1">جاے</wf>
		<wf pos="DEM">یَتھ</wf>
		<wf pos="NNPC">پیرٕ</wf>
		<wf pos="NNP">وٲر</wf>
		<wf pos="CC">تہٕ</wf>
		<wf pos="NNPC">ریٚشہٕ</wf>
		<wf pos="NNP">وٲر</wf>
		<wf pos="VM">وَننہٕ</wf>
		<wf pos="VAUX">چُھ</wf>
		<wf pos="VM">یِوان</wf>
		<wf pos="RB">اَتِہ</wf>
		<wf pos="VAUX">چِھ</wf>
		<wf pos="JJ">مُختٔلِف</wf>
		<wf pos="NN">پیٖرَو</wf>
		<wf pos="CC">تہٕ</wf>
		<wf pos="JJ">مُختٔلِف</wf>
		<wf pos="NN">ریٚشَو</wf>
		<wf pos="PRP">پَنُن</wf>
		<wf pos="NN">پَرتَو</wf>
		<wf pos="VM">ترٛوومُت</wf>
		<wf pos="SYM">۔</wf>
	</sentence>
	<sentence s_id="6">
		<wf pos="NNPC">راز</wf>
		<wf pos="NNP">ویٖر</wf>
		<wf pos="NN">علاقہٕ</wf>
		<wf pos="VAUX">چُھ</wf>
		<wf pos="JJ">توٲریٖخی</wf>
		<wf pos="NN">اعتبارٕ</wf>
		<wf pos="RP">تِہ</wf>
		<wf pos="INTF">سیٹھاہ</wf>
		<wf pos="JJ">اہم۔</wf>
		<wf pos="DEM">أمۍ</wf>
		<wf pos="NN">علاقَن</wf>
		<wf pos="VAUX">چِھ</wf>
		<wf pos="JJ">تَھدِپایِکۍ</wf>
		<wf pos="NN">عٲلِم</wf>
		<wf pos="NN">،ادیٖب</wf>
		<wf pos="CC">تہٕ</wf>
		<wf pos="NN">بُزرگ</wf>
		<wf pos="VM">پٲدٕ</wf>
		<wf pos="VM">کٔرۍمٕتۍ۔</wf>
		<wf pos="DEM">یِمَن</wf>
		<wf pos="JJ">توٲریٖخی</wf>
		<wf pos="NN">شخصیژن</wf>
		<wf pos="PSP">مَنٛز</wf>
		<wf pos="VAUX">چِھ</wf>
		<wf pos="NNPC">سید</wf>
		<wf pos="NNPC">غلام</wf>
		<wf pos="NNPC">شاہ</wf>
		<wf pos="NNP">بادشاہ</wf>
		<wf pos="INTF">سیٹھاہ</wf>
		<wf pos="JJ">ناماوار</wf>
		<wf pos="PRP">تِہُنٛد</wf>
		<wf pos="NN">زاسنہٕ</wf>
		<wf pos="VAUX">چُھ</wf>
		<wf pos="QC">۱۷۱۶ء</wf>
		<wf pos="VM">ماننہٕ</wf>
		<wf pos="VAUX">یِوان</wf>
		<wf pos="PRP">یِہٕنٛز</wf>
		<wf pos="NNC">زینہٕ</wf>
		<wf pos="NN" sense_id="1">جاے</wf>
		<wf pos="VAUX">چھیٚے</wf>
		<wf pos="NNP">راولپیٔنڈ</wf>
		<wf pos="CC">تہٕ</wf>
		<wf pos="RB">اتی</wf>
		<wf pos="PSP">پیٹھٕ</wf>
		<wf pos="VM">آے</wf>
		<wf pos="RB">یور</wf>
		<wf pos="SYM">۔</wf>
	</sentence>
	<sentence s_id="7">
		<wf pos="NNPC">بابا</wf>
		<wf pos="NNPC">غلام</wf>
		<wf pos="NNP">شاہ</wf>
		<wf pos="VM">پھیٖرۍ</wf>
		<wf pos="DEM">اَمِہ</wf>
		<wf pos="NN">علاقہٕ</wf>
		<wf pos="PSP">چن</wf>
		<wf pos="NNP">جایَن</wf>
		<wf pos="RB">ٲخر</wf>
		<wf pos="VM">وٲتۍ</wf>
		<wf pos="NNP">رتنپورٕ</wf>
		<wf pos="PSP">کس</wf>
		<wf pos="NN">بالہٕدامنَس</wf>
		<wf pos="PSP">تَل</wf>
		<wf pos="CC">تہٕ</wf>
		<wf pos="VM">کوٚرُکھ</wf>
		<wf pos="DEM">أتھۍ</wf>
		<wf pos="NN">جایِہ</wf>
		<wf pos="NN">قیام</wf>
		<wf pos="DEM">یِہ</wf>
		<wf pos="NN" sense_id="1">جاے</wf>
		<wf pos="VAUX">چھےٚ</wf>
		<wf pos="NNPC">راز</wf>
		<wf pos="NNP">ویرسریِہ</wf>
		<wf pos="PSP">پیٹھٕ</wf>
		<wf pos="QC">۳۴</wf>
		<wf pos="QF">کلو</wf>
		<wf pos="NN">میٖٹَر</wf>
		<wf pos="RB">دوٗر</wf>
		<wf pos="CC">تہٕ</wf>
		<wf pos="NNP">تَھنہٕمنڈی</wf>
		<wf pos="PSP">پیٹھٕ</wf>
		<wf pos="QC">پانٛژھ</wf>
		<wf pos="QF">کلو</wf>
		<wf pos="NN">میٖٹَر</wf>
		<wf pos="RB">دوٗر</wf>
		<wf pos="SYM">۔</wf>
	</sentence>
	<sentence s_id="8">
		<wf pos="NNPC">غلام</wf>
		<wf pos="NNPC">شاہ</wf>
		<wf pos="NNP">صٲبٕنۍ</wf>
		<wf pos="NN">زِیارَت</wf>
		<wf pos="VAUX">چھےٚ</wf>
		<wf pos="JJ">سٲرۍسٕے</wf>
		<wf pos="NN">رِیاستَس</wf>
		<wf pos="PSP">مَنٛز</wf>
		<wf pos="JJ">مشہوٗر</wf>
		<wf pos="RB">اتھ</wf>
		<wf pos="NN" sense_id="1">جاے</wf>
		<wf pos="VAUX">چِھ</wf>
		<wf pos="NN">طرفاتَو</wf>
		<wf pos="PSP">پیٹھٕ</wf>
		<wf pos="JJ">مُختٔلِف</wf>
		<wf pos="NN">عقیٖدَن</wf>
		<wf pos="PSP">ہٕنٛدۍ</wf>
		<wf pos="NN">لوٗکھ</wf>
		<wf pos="VM">واتان</wf>
		<wf pos="SYM">۔</wf>
	</sentence>
	<sentence s_id="9">
		<wf pos="DEM">یِہ</wf>
		<wf pos="NN" sense_id="1">جاے</wf>
		<wf pos="VAUX">چھٚے</wf>
		<wf pos="INTF">سیٹھاہ</wf>
		<wf pos="JJ">حسیٖن۔</wf>
		<wf pos="RB:?">أنٛدۍ</wf>
		<wf pos="RDP:?">پٔکھۍ</wf>
		<wf pos="VAUX">چِھس</wf>
		<wf pos="JJ">گٔنۍ</wf>
		<wf pos="NN">جنگل</wf>
		<wf pos="NN:?">دٔچھٕنۍ</wf>
		<wf pos="NN:?">کھووٕرۍ</wf>
		<wf pos="VAUX">چَھس</wf>
		<wf pos="NN">کۄلہٕ</wf>
		<wf pos="CC">تہٕ</wf>
		<wf pos="NN">آرٕ</wf>
		<wf pos="SYM">۔</wf>
	</sentence>
	<sentence s_id="10">
		<wf pos="PRP">تۄہہِ</wf>
		<wf pos="VM">روزِ</wf>
		<wf pos="NN">جنوٗبہٕ</wf>
		<wf pos="PSP">طرفہٕ</wf>
		<wf pos="NNPC">بہار</wf>
		<wf pos="NNP">پردیشچہِ</wf>
		<wf pos="NNP">میتھلی</wf>
		<wf pos="NN">زبٲنۍ</wf>
		<wf pos="PSP">ہٕنٛز</wf>
		<wf pos="NN">دَمدٔرِ</wf>
		<wf pos="CC">تہٕ</wf>
		<wf pos="NNP">ووٚتر</wf>
		<wf pos="PSP">طرفہ</wf>
		<wf pos="VM">روٗد</wf>
		<wf pos="NNP">نیپال</wf>
		<wf pos="DEM">یۄسہٕ</wf>
		<wf pos="RB">زَن</wf>
		<wf pos="NNP">نیپٲلۍ</wf>
		<wf pos="NNC">بول</wf>
		<wf pos="NN">باشہِ</wf>
		<wf pos="PSP">ہٕنٛز</wf>
		<wf pos="NN" sense_id="1">جاے</wf>
		<wf pos="VAUX">چھٚے</wf>
		<wf pos="SYM">۔</wf>
	</sentence>
	<sentence s_id="11">
		<wf pos="JJ">پرٛانہِ</wf>
		<wf pos="NN">وقتہٕ</wf>
		<wf pos="VAUX">آسہٕہَن</wf>
		<wf pos="NN">خاندَر</wf>
		<wf pos="QC">اَکھ</wf>
		<wf pos="NN">خُشی</wf>
		<wf pos="PSP">ہٕنٛز</wf>
		<wf pos="NN">کتھا</wf>
		<wf pos="VM">مانان</wf>
		<wf pos="CC">تہٕ</wf>
		<wf pos="DEM">اَمی</wf>
		<wf pos="PSP">باپَتھ</wf>
		<wf pos="VAUX">آسہٕ</wf>
		<wf pos="VM">ہَن</wf>
		<wf pos="NN">کھٮ۪ناہ</wf>
		<wf pos="RDP">چٮ۪ناہ</wf>
		<wf pos="VM">کران</wf>
		<wf pos="CC">تہٕ</wf>
		<wf pos="NN">نَژُناہ</wf>
		<wf pos="NN">گِندُناہ</wf>
		<wf pos="VM">کران</wf>
		<wf pos="NN">کورِ</wf>
		<wf pos="NN">گوٚبرس</wf>
		<wf pos="VAUX">اسہٕ</wf>
		<wf pos="VM">ہَن</wf>
		<wf pos="DEM">اَمہِ</wf>
		<wf pos="NN">موقہٕ</wf>
		<wf pos="PSP">باپَتھ</wf>
		<wf pos="VM">سجاوان</wf>
		<wf pos="NN">لٔر</wf>
		<wf pos="NN" sense_id="2">جاے</wf>
		<wf pos="VAUX">آسہٕ</wf>
		<wf pos="VM">ہَن</wf>
		<wf pos="JJ">نٔوِس</wf>
		<wf pos="NN">بٲژ</wf>
		<wf pos="PSP">سٕنٛدِس</wf>
		<wf pos="VM">یِنَس</wf>
		<wf pos="PSP">پٮ۪ٹھ</wf>
		<wf pos="VM">لِوان</wf>
		<wf pos="RDP">کران</wf>
		<wf pos="CC">یا</wf>
		<wf pos="DEM">اَتھ</wf>
		<wf pos="NN">صفٲیی</wf>
		<wf pos="VM">کران</wf>
		<wf pos="SYM">۔</wf>
	</sentence>
	<sentence s_id="12">
		<wf pos="PRP">سٲنِس</wf>
		<wf pos="NN">سماجَس</wf>
		<wf pos="PSP">منٛز</wf>
		<wf pos="VAUX">چھِنہِ</wf>
		<wf pos="DEM">اتھ</wf>
		<wf pos="NN">رسٕمس</wf>
		<wf pos="NN" sense_id="3">جاے</wf>
		<wf pos="SYM">۔</wf>
	</sentence>
	<sentence s_id="13">
		<wf pos="NN">سایہِ</wf>
		<wf pos="NN">بانَس</wf>
		<wf pos="PSP">منٛز</wf>
		<wf pos="VAUX">چھیٚہ</wf>
		<wf pos="NN">مَہرازٕ</wf>
		<wf pos="PSP">سٕنٛز</wf>
		<wf pos="NN" sense_id="1">جاے</wf>
		<wf pos="JJ">سارِوٕے</wf>
		<wf pos="RP">کھۄتہٕ</wf>
		<wf pos="JJ">جادٕ</wf>
		<wf pos="VAUX">یِوان</wf>
		<wf pos="VM">سَجاونہٕ</wf>
		<wf pos="SYM">۔</wf>
	</sentence>
	<sentence s_id="14">
		<wf pos="DEM">اَتھ</wf>
		<wf pos="VAUX">چِھ</wf>
		<wf pos="VM">وَنان</wf>
		<wf pos="NN">‘‘مَہرازٕ</wf>
		<wf pos="NN">جاے’’</wf>
		<wf pos="SYM">۔</wf>
	</sentence>
	<sentence s_id="15">
		<wf pos="DEM">یہِ</wf>
		<wf pos="NN" sense_id="1">جاے</wf>
		<wf pos="VAUX">چُھ</wf>
		<wf pos="VM">یِوان</wf>
		<wf pos="RB">پوٗرٕ</wf>
		<wf pos="RDP">پوٗرٕ</wf>
		<wf pos="NN">رازٕ</wf>
		<wf pos="RB">تَختٕکۍپٲٹھۍ</wf>
		<wf pos="VM">سَجاونہٕ</wf>
		<wf pos="RB">أندۍ</wf>
		<wf pos="RDP">أندۍ</wf>
		<wf pos="VAUX">چِھس</wf>
		<wf pos="VM">یِوان</wf>
		<wf pos="NN">تٔکیہِ</wf>
		<wf pos="VM">تھاونہٕ</wf>
		<wf pos="SYM">۔</wf>
	</sentence>
	<sentence s_id="16">
		<wf pos="PRP">بٮ۪ہَن</wf>
		<wf pos="NN" sense_id="1">جاے</wf>
		<wf pos="VAUX">چھیٚہ</wf>
		<wf pos="VM">آسان</wf>
		<wf pos="RB">باقٕے</wf>
		<wf pos="NN">فَرشہِ</wf>
		<wf pos="RP">کھۄتہٕ</wf>
		<wf pos="RP">ہَنا</wf>
		<wf pos="JJ">تھٔز</wf>
		<wf pos="RP">پَہَن</wf>
		<wf pos="SYM">۔</wf>
	</sentence>
	<sentence s_id="17">
		<wf pos="DEM">اَتھ</wf>
		<wf pos="NN" sense_id="1">جاے</wf>
		<wf pos="VAUX">چھیٚہ</wf>
		<wf pos="VM">یِوان</wf>
		<wf pos="NN">دٔچِھنۍ</wf>
		<wf pos="CC">تہٕ</wf>
		<wf pos="NN">کھووٕرۍ</wf>
		<wf pos="JJ">رنگدار</wf>
		<wf pos="NN">دوتٮ۪و</wf>
		<wf pos="PSP">سۭتۍ</wf>
		<wf pos="RB">جوٗلٕکۍپٲٹھۍ</wf>
		<wf pos="NN">سَجاوَٹھ</wf>
		<wf pos="VM">کرنہٕ</wf>
		<wf pos="CC">تہٕ</wf>
		<wf pos="NNC">پھۄکہٕ</wf>
		<wf pos="NN">بالہٕ</wf>
		<wf pos="VM">لاگنہٕ</wf>
		<wf pos="NN">بُتھہِ</wf>
		<wf pos="RB">سیوٚد</wf>
		<wf pos="PSP">منٛزس</wf>
		<wf pos="VAUX">چُھس</wf>
		<wf pos="VM">یِوان</wf>
		<wf pos="NN">‘‘سواگتم’’</wf>
		<wf pos="CC">’یا</wf>
		<wf pos="NN">’ویلکم’’</wf>
		<wf pos="VM">لاگنہٕ</wf>
		<wf pos="NN">سَجاوَٹھ</wf>
		<wf pos="VM">کرنہٕ</wf>
		<wf pos="RB">پَتہٕ</wf>
		<wf pos="VAUX">چِھ</wf>
		<wf pos="VM">یِوان</wf>
		<wf pos="NNC">ساے</wf>
		<wf pos="NN">بانَس</wf>
		<wf pos="RB">أندۍ</wf>
		<wf pos="RDP">أندۍ</wf>
		<wf pos="NNC">مُشکہٕ</wf>
		<wf pos="NN">تُجہِ</wf>
		<wf pos="VM">لگٲوِتھ</wf>
		<wf pos="VM">تھاونہٕ</wf>
		<wf pos="CC">،یُتھ</wf>
		<wf pos="POW">زَن</wf>
		<wf pos="NN">مہرازٕ</wf>
		<wf pos="VM">یِنہٕ</wf>
		<wf pos="NN">وِزِ</wf>
		<wf pos="PRP">یِمَن</wf>
		<wf pos="VM">ژٕکھٕے</wf>
		<wf pos="RB">اوت</wf>
		<wf pos="VM">دیُن</wf>
		<wf pos="VAUX">آسہِ</wf>
		<wf pos="PRP">پنٕنۍ</wf>
		<wf pos="NN">کتھ</wf>
		<wf pos="PRP">بییٚس</wf>
		<wf pos="PSP">تام</wf>
		<wf pos="VM">واتناونہٕ</wf>
		<wf pos="PSP">خٲطرٕ</wf>
		<wf pos="CC">اگرچِہ</wf>
		<wf pos="RB">گۄڈٕ</wf>
		<wf pos="SYM">گۄڈٕ</wf>
		<wf pos="JJ">زبٲنۍ</wf>
		<wf pos="NN">دٔلیٖلَن</wf>
		<wf pos="PSP">ہُنٛد</wf>
		<wf pos="NN">مَدد</wf>
		<wf pos="VM">نِنہٕ</wf>
		<wf pos="VAUX">اوس</wf>
		<wf pos="VM">یِوان</wf>
		<wf pos="CC">مگر</wf>
		<wf pos="NN">وق</wf>
		<wf pos="VM">گُزرنَس</wf>
		<wf pos="PSP">سۭتۍ</wf>
		<wf pos="VM">رِٹ</wf>
		<wf pos="DEM">یہِ</wf>
		<wf pos="NN" sense_id="1">جاے</wf>
		<wf pos="NN">داستانَو</wf>
		<wf pos="SYM">۔</wf>
	</sentence>
	<sentence s_id="18">
		<wf pos="NN">داستانہٕ</wf>
		<wf pos="VAUX">آیِہ</wf>
		<wf pos="RB">اَصٕل</wf>
		<wf pos="POW">پٲٹھۍ</wf>
		<wf pos="NN">اِستمال</wf>
		<wf pos="VM">کرنہٕ</wf>
		<wf pos="CC">تہٕ</wf>
		<wf pos="PRP">تِہٕنٛدۍ</wf>
		<wf pos="DEM">ﺃمۍ</wf>
		<wf pos="NN">اِستمالَن</wf>
		<wf pos="VM">نِیِہ</wf>
		<wf pos="RB">پوٗرٕ</wf>
		<wf pos="POW">پٲٹھۍ</wf>
		<wf pos="NN">دٔلیٖلَن</wf>
		<wf pos="PSP">ہٕنٛز</wf>
		<wf pos="NN" sense_id="1">جاے</wf>
		<wf pos="SYM">۔</wf>
	</sentence>
	<sentence s_id="19">
		<wf pos="CC">مَگَر</wf>
		<wf pos="PRP">تِہُنٛد</wf>
		<wf pos="NN">چَلُن</wf>
		<wf pos="RP">تِہ</wf>
		<wf pos="VAUX">روٗد</wf>
		<wf pos="NEG">نہٕ</wf>
		<wf pos="JJ">زیٛادٕ</wf>
		<wf pos="NN">وَقتَس</wf>
		<wf pos="PSP">تام</wf>
		<wf pos="CC">تِکیٛازِ</wf>
		<wf pos="RB">ییٚلِہ</wf>
		<wf pos="NN">داستانَن</wf>
		<wf pos="PSP">ہُنٛد</wf>
		<wf pos="NN">زمانہٕ</wf>
		<wf pos="JJ">زوال</wf>
		<wf pos="POW">پزیٖر</wf>
		<wf pos="VM">سپُد</wf>
		<wf pos="DEM">اَمِچ</wf>
		<wf pos="NN" sense_id="1">جاے</wf>
		<wf pos="VM">رٔٹ</wf>
		<wf pos="NN">ناولہِ</wf>
		<wf pos="SYM">۔</wf>
	</sentence>
	<sentence s_id="20">
		<wf pos="CC">تہٕ</wf>
		<wf pos="RB">اَتٮ۪تھ</wf>
		<wf pos="VAUX">ہٮ۪کو</wf>
		<wf pos="PRP">ﺃسۍ</wf>
		<wf pos="VM">ؤنِتھ</wf>
		<wf pos="DEM">زِ</wf>
		<wf pos="NN">ناولہٕ</wf>
		<wf pos="VM">رٔٹۍ</wf>
		<wf pos="NN">داستانَن</wf>
		<wf pos="PSP">ہٕنٛز</wf>
		<wf pos="NN" sense_id="1">جاے</wf>
		<wf pos="SYM">۔</wf>
	</sentence>
	<sentence s_id="21">
		<wf pos="NN">زندگی</wf>
		<wf pos="PSP">ہٕنٛز</wf>
		<wf pos="NN">تحریٖکہ</wf>
		<wf pos="JJ">منٛز</wf>
		<wf pos="RB">ییٚلہِ</wf>
		<wf pos="JJ">اَدبی</wf>
		<wf pos="NN">نشونُمہٕچ</wf>
		<wf pos="NN">وۄٹہٕ</wf>
		<wf pos="NN">ژھانڈ</wf>
		<wf pos="NN">کاڈ</wf>
		<wf pos="VM">کڈُن</wf>
		<wf pos="VAUX">چِھ</wf>
		<wf pos="VM">ہٮ۪وان,</wf>
		<wf pos="JJ">نٔوۍ</wf>
		<wf pos="RDP">نٔوۍ</wf>
		<wf pos="NN">رجحان</wf>
		<wf pos="VAUX">چِھ</wf>
		<wf pos="DEM">اَتھ</wf>
		<wf pos="PSP">منٛز</wf>
		<wf pos="VM">شٲمِل</wf>
		<wf pos="VAUX">گژھان</wf>
		<wf pos="JJ">مزہبی</wf>
		<wf pos="CC">تہٕ</wf>
		<wf pos="JJ">اخلٲقی</wf>
		<wf pos="NN">رجحان</wf>
		<wf pos="VAUX">چِھ</wf>
		<wf pos="DEM">اَمہِ</wf>
		<wf pos="NN">قٕسمٕ</wf>
		<wf pos="PSP">قٕسمٕکٮ۪ن</wf>
		<wf pos="NN">واقعن</wf>
		<wf pos="CC">یا</wf>
		<wf pos="NN">دٔلیٖلَن</wf>
		<wf pos="PSP">منٛز</wf>
		<wf pos="NN" sense_id="4">جاے</wf>
		<wf pos="VM">رٹان</wf>
		<wf pos="SYM">۔</wf>
	</sentence>
	<sentence s_id="22">
		<wf pos="QC">أکس</wf>
		<wf pos="NN">اِنسانَس</wf>
		<wf pos="VAUX">چُھ</wf>
		<wf pos="PRP">پرٮ۪تھ</wf>
		<wf pos="NN">وِزِ</wf>
		<wf pos="PRP">پانَس</wf>
		<wf pos="PSP">مَنٛز</wf>
		<wf pos="DEM">تِتھۍ</wf>
		<wf pos="NN">آداب</wf>
		<wf pos="VM">پٲدٕ</wf>
		<wf pos="VM">کرٕنۍ</wf>
		<wf pos="VAUX">آسان</wf>
		<wf pos="DEM">یِم</wf>
		<wf pos="PRP">تٔمِس</wf>
		<wf pos="RB">پوٗرٕپٲٹھۍ</wf>
		<wf pos="QC">اَکھ</wf>
		<wf pos="JJ">مُکمَل</wf>
		<wf pos="NN">اِنسان</wf>
		<wf pos="VM">بناوَن</wf>
		<wf pos="CC">تہٕ</wf>
		<wf pos="NN">سماجَس</wf>
		<wf pos="PSP">مَنٛز</wf>
		<wf pos="VM">روزنہٕ</wf>
		<wf pos="PSP">خٲطرٕ</wf>
		<wf pos="PRP">تٔمۍ</wf>
		<wf pos="PSP">سٕنٛدِ</wf>
		<wf pos="PSP">خٲطرٕ</wf>
		<wf pos="QC">اَکھ</wf>
		<wf pos="JJ">مُستقِل</wf>
		<wf pos="NN" sense_id="4">جاے</wf>
		<wf pos="VM">بناوَن</wf>
		<wf pos="SYM">۔</wf>
	</sentence>
	<sentence s_id="23">
		<wf pos="RB">یِتَھےپٲٹھۍ</wf>
		<wf pos="CC">اگر</wf>
		<wf pos="PRP">أسۍ</wf>
		<wf pos="NN">کتھ</wf>
		<wf pos="VM">کرَو</wf>
		<wf pos="NNC">اِنفارمیشن</wf>
		<wf pos="NN">ٹٮ۪کنالیجی</wf>
		<wf pos="PSP">ہٕنٛز</wf>
		<wf pos="DEM">تَتھ</wf>
		<wf pos="PSP">مَنٛز</wf>
		<wf pos="VAUX">چُھ</wf>
		<wf pos="PRP">یِمَو</wf>
		<wf pos="JJ">سارِوٕے</wf>
		<wf pos="NN">چیٖزَو</wf>
		<wf pos="PRP">پَنِنۍ</wf>
		<wf pos="RDP">پَنٕنۍ</wf>
		<wf pos="CC">اَکھ</wf>
		<wf pos="JJ">الگ</wf>
		<wf pos="NN" sense_id="5">جاے</wf>
		<wf pos="VM">بنٲومٕژ</wf>
		<wf pos="SYM">۔</wf>
	</sentence>
	<sentence s_id="24">
		<wf pos="CC">ہرگاہ</wf>
		<wf pos="PRP">ساریٚے</wf>
		<wf pos="NN">کتھہٕ</wf>
		<wf pos="CC">تہٕ</wf>
		<wf pos="NN">قصبہٕ</wf>
		<wf pos="JJ">پٔزۍ</wf>
		<wf pos="VM">مانوکھ،</wf>
		<wf pos="RB">تیٚلہِ</wf>
		<wf pos="VAUX">اوس</wf>
		<wf pos="RP">ڈاکٹر</wf>
		<wf pos="NNP">کیصر</wf>
		<wf pos="PSP">سُند</wf>
		<wf pos="DEM">یہِ</wf>
		<wf pos="NN">تجرُبہٕگاہ</wf>
		<wf pos="RB">پٔزی</wf>
		<wf pos="QC">اکھ</wf>
		<wf pos="JJ">عجیٖب</wf>
		<wf pos="NN" sense_id="6">جاے</wf>
		<wf pos="SYM">۔</wf>
	</sentence>
	<sentence s_id="25">
		<wf pos="DEM">یہِ</wf>
		<wf pos="NN" sense_id="6">جاے</wf>
		<wf pos="VAUX">چھَ</wf>
		<wf pos="NN">سٲنۍ</wf>
		<wf pos="SYM">۔</wf>
	</sentence>
	<sentence s_id="26">
		<wf pos="DEM">یہِ</wf>
		<wf pos="NN" sense_id="2">جاے</wf>
		<wf pos="VM">پٚراٹنہٕ</wf>
		<wf pos="PSP">سۭتۍ</wf>
		<wf pos="VAUX">گژھِہ</wf>
		<wf pos="NEG">نہٕ</wf>
		<wf pos="INTF">تیٗوت</wf>
		<wf pos="NN">نۄقصان</wf>
		<wf pos="NN">سوداگارس</wf>
		<wf pos="INTF">یٗوت</wf>
		<wf pos="PRP">اَسہِ</wf>
		<wf pos="VAUX">گَژھہِ</wf>
		<wf pos="SYM">۔</wf>
	</sentence>
	<sentence s_id="27">
		<wf pos="PRP">اسہِ</wf>
		<wf pos="VAUX">پَزِ</wf>
		<wf pos="DEM">تہِ</wf>
		<wf pos="VM">سونچُن</wf>
		<wf pos="DEM">یٚیمہِ</wf>
		<wf pos="PSP">سٔتۍ</wf>
		<wf pos="PRP">اَسہِ</wf>
		<wf pos="PRP">پَنُن</wf>
		<wf pos="NN" sense_id="1">جاے</wf>
		<wf pos="VM">مِلہِ</wf>
		<wf pos="SYM">۔</wf>
	</sentence>
	<sentence s_id="28">
		<wf pos="DEM">یہ</wf>
		<wf pos="NN" sense_id="3">جاے</wf>
		<wf pos="VAUX">چِھ</wf>
		<wf pos="PRP">سٲنۍ</wf>
		<wf pos="PRP">أسۍ</wf>
		<wf pos="WQ">کیازِ</wf>
		<wf pos="VM">ژلو</wf>
		<wf pos="SYM">۔</wf>
	</sentence>
	<sentence s_id="29">
		<wf pos="NN">ون</wf>
		<wf pos="VAUX">چُھ</wf>
		<wf pos="NN">جاناوارن</wf>
		<wf pos="PSP">ہُنٛد</wf>
		<wf pos="NN">مالِیُن</wf>
		<wf pos="NN">یٲغی</wf>
		<wf pos="NN">پَشن،</wf>
		<wf pos="NN">سہن،</wf>
		<wf pos="NN">شالن،</wf>
		<wf pos="NN">ہانٛگلن،</wf>
		<wf pos="NN">ہاپتن</wf>
		<wf pos="CC">تہٕ</wf>
		<wf pos="NN">روٗسۍ</wf>
		<wf pos="POW">کچن</wf>
		<wf pos="NN">بیترِ</wf>
		<wf pos="NN">جانورن</wf>
		<wf pos="PSP">ہنٛز</wf>
		<wf pos="NN">چھپن</wf>
		<wf pos="NN" sense_id="5">جاے</wf>
		<wf pos="SYM">۔</wf>
	</sentence>
	<sentence s_id="30">
		<wf pos="NNC">(“ناگٕہ</wf>
		<wf pos="NN">کورِ</wf>
		<wf pos="PSP">ہُند</wf>
		<wf pos="NN">لژھجِہ</wf>
		<wf pos="NN">دَب</wf>
		<wf pos="NNP">“کٲشر</wf>
		<wf pos="VM">کتھٕہ</wf>
		<wf pos="QC">(۱۹۹٠)</wf>
		<wf pos="DEM">اَمِہ</wf>
		<wf pos="NN">دلیٖلِہ</wf>
		<wf pos="PSP">ہندِ</wf>
		<wf pos="NN" sense_id="1">جاے</wf>
		<wf pos="NN">آثار</wf>
		<wf pos="VAUX">چھِہ</wf>
		<wf pos="RB">وُنِہ</wf>
		<wf pos="RP">تِہ</wf>
		<wf pos="VM">نٔنۍ</wf>
		<wf pos="NN">مثالے</wf>
		<wf pos="NNP">ژکدد</wf>
		<wf pos="NN">سیمتھن</wf>
		<wf pos="NNP">(ویٚجِہبیور)</wf>
		<wf pos="NNPC">زامتٕرۍ</wf>
		<wf pos="NNP">(پہلگام)</wf>
		<wf pos="RB">یِتھے</wf>
		<wf pos="POW">پٲٹھۍ</wf>
		<wf pos="VAUX">چِھہ</wf>
		<wf pos="JJ">واریہن</wf>
		<wf pos="NN">رازٕ</wf>
		<wf pos="NN">دلیٖلن</wf>
		<wf pos="PSP">ہنز</wf>
		<wf pos="NN">ہانکل</wf>
		<wf pos="PRP">کنِہ</wf>
		<wf pos="CC">نتٕہ</wf>
		<wf pos="JJ">توٲریٖخۍ</wf>
		<wf pos="NN">واقعہس</wf>
		<wf pos="PSP">سۭتۍ</wf>
		<wf pos="VM">وٲٹِتھ</wf>
		<wf pos="VM">لبنٕہ</wf>
		<wf pos="VAUX">یوان</wf>
		<wf pos="SYM">۔</wf>
	</sentence>
	<sentence s_id="31">
		<wf pos="NNP">کٲشِر</wf>
		<wf pos="NN">زبان</wf>
		<wf pos="VAUX">چھٚے</wf>
		<wf pos="RB">وُنہِ</wf>
		<wf pos="JJ">زِندٕ،</wf>
		<wf pos="CC">تہٕ</wf>
		<wf pos="CC">ہرگاہ</wf>
		<wf pos="PRP">أسۍ</wf>
		<wf pos="NN">عاشقن</wf>
		<wf pos="PSP">ہٕنٛدۍ</wf>
		<wf pos="RB">پٲٹھۍ</wf>
		<wf pos="VM">یَژھو</wf>
		<wf pos="CC">تہٕ</wf>
		<wf pos="JJ">ژُکۍ</wf>
		<wf pos="NN">درن</wf>
		<wf pos="PSP">ہٕنٛدۍ</wf>
		<wf pos="RB">پٲٹھۍ</wf>
		<wf pos="VM">جکھَو،</wf>
		<wf pos="DEM">یہِ</wf>
		<wf pos="VM">مرِ</wf>
		<wf pos="NEG">نہٕ</wf>
		<wf pos="RDP">سہل</wf>
		<wf pos="DEM">یہِ</wf>
		<wf pos="JJ">قدیم</wf>
		<wf pos="NN">کٲلۍ</wf>
		<wf pos="CC">تہٕ</wf>
		<wf pos="NN">اِمکانو</wf>
		<wf pos="NN">زبان</wf>
		<wf pos="NN">زُوٕ</wf>
		<wf pos="NN">زٮ۪تہٕ</wf>
		<wf pos="VM">رٔژھرنہٕ</wf>
		<wf pos="PSP">باپتھ</wf>
		<wf pos="CC">تہٕ</wf>
		<wf pos="DEM">اَتھ</wf>
		<wf pos="JJ">ژوٚر</wf>
		<wf pos="RDP">ژوٚر</wf>
		<wf pos="NN">وۄپزاو</wf>
		<wf pos="CC">تہٕ</wf>
		<wf pos="NN">وہراو</wf>
		<wf pos="VM">بخشنہٕ</wf>
		<wf pos="PSP">خٲطرٕ</wf>
		<wf pos="VM">کٔر</wf>
		<wf pos="RB">پٔتۍمٮ۪ن</wf>
		<wf pos="QC">پَنٛژٕہن</wf>
		<wf pos="QC">شیٹھن</wf>
		<wf pos="NN">ؤرِین</wf>
		<wf pos="PSP">دوران</wf>
		<wf pos="NEG">نَہ</wf>
		<wf pos="RB">صرف</wf>
		<wf pos="NNP">کٲشرٮ۪و</wf>
		<wf pos="NN">قلمکارو</wf>
		<wf pos="CC">تہٕ</wf>
		<wf pos="NN">دٲنِشورَو</wf>
		<wf pos="VM">پھِرٕنۍ</wf>
		<wf pos="PSP">لایق</wf>
		<wf pos="NN">کٲم</wf>
		<wf pos="CC">بٔلۍکہِ</wf>
		<wf pos="PRP">کینٛژو</wf>
		<wf pos="JJ">سرکٲرۍ،</wf>
		<wf pos="POW">سرکٲرۍ</wf>
		<wf pos="CC">کیٛو</wf>
		<wf pos="JJ">غٲر</wf>
		<wf pos="POW">سرکٲۍ</wf>
		<wf pos="NN">تنظیمو</wf>
		<wf pos="RP">تہِ</wf>
		<wf pos="DEM">اَتھ</wf>
		<wf pos="RB">واپَس</wf>
		<wf pos="PRP">پَنٕنۍ</wf>
		<wf pos="DEM">سۄے</wf>
		<wf pos="NN" sense_id="1">جاے</wf>
		<wf pos="VM">دِنۍ</wf>
		<wf pos="RP">تہِ</wf>
		<wf pos="VAUX">چھیٚہ</wf>
		<wf pos="NN">کٲم</wf>
		<wf pos="SYM">۔</wf>
	</sentence>
	<sentence s_id="32">
		<wf pos="CC">یوٚدوَے</wf>
		<wf pos="PRP">أسۍ</wf>
		<wf pos="VAUX">ہٮ۪کو</wf>
		<wf pos="NEG">نہٕ</wf>
		<wf pos="DEM">اَتھ</wf>
		<wf pos="PRP">سۄ</wf>
		<wf pos="NN" sense_id="1">جاے</wf>
		<wf pos="RB">واپَس</wf>
		<wf pos="VM">دِتھ</wf>
		<wf pos="NN">وَقٕت</wf>
		<wf pos="RP">تہِ</wf>
		<wf pos="VAUX">چُھ</wf>
		<wf pos="NEG">نہٕ</wf>
		<wf pos="RB">دوٗر</wf>
		<wf pos="RB">ییٚلہِ</wf>
		<wf pos="DEM">یہِ</wf>
		<wf pos="PRP">اَسہِ</wf>
		<wf pos="PSP">مَنٛز</wf>
		<wf pos="NEG">نہٕ</wf>
		<wf pos="SYM">۔</wf>
	</sentence>
	<sentence s_id="33">
		<wf pos="PRP">اَسِہ</wf>
		<wf pos="VAUX">أس</wf>
		<wf pos="NN" sense_id="1">جاے</wf>
		<wf pos="INTF">سٮ۪ٹھا</wf>
		<wf pos="NN">تنٛگ</wf>
		<wf pos="RB">وُنِہ</wf>
		<wf pos="RP">تِہ</wf>
		<wf pos="VAUX">چَھ</wf>
		<wf pos="DEM">سۄے</wf>
		<wf pos="SYM">۔</wf>
	</sentence>
	<sentence s_id="34">
		<wf pos="NNP">بۄنِہ</wf>
		<wf pos="QC">اَکھ</wf>
		<wf pos="NN">ووٚٹ</wf>
		<wf pos="DEM">یَتھ</wf>
		<wf pos="PSP">منٛز</wf>
		<wf pos="QC">أکس</wf>
		<wf pos="NN">پاسَس</wf>
		<wf pos="NN">وان</wf>
		<wf pos="VAUX">چُھ</wf>
		<wf pos="RP">تِہ</wf>
		<wf pos="PRP">بیٚیِس</wf>
		<wf pos="NN">پاسَس</wf>
		<wf pos="NN">بِہن</wf>
		<wf pos="NN" sense_id="5">جاے</wf>
		<wf pos="SYM">۔</wf>
	</sentence>
	<sentence s_id="35">
		<wf pos="NNP">دوٚمِس</wf>
		<wf pos="NN">پورس</wf>
		<wf pos="VAUX">چُھ</wf>
		<wf pos="NN" sense_id="2">جاے</wf>
		<wf pos="INTF">سٮ۪ٹھاہ</wf>
		<wf pos="SYM">۔</wf>
	</sentence>
	<sentence s_id="36">
		<wf pos="WQ">کوٚت</wf>
		<wf pos="VM">گوٚو</wf>
		<wf pos="NN">بٕہ</wf>
		<wf pos="VM">تھاوٕ</wf>
		<wf pos="NNP">عظَم</wf>
		<wf pos="NN">بَبس</wf>
		<wf pos="NN" sense_id="3">جاے</wf>
		<wf pos="VM">رٔٹِتھ</wf>
		<wf pos="NN">گُلن</wf>
		<wf pos="VM">کوٚر</wf>
		<wf pos="QC">أکس</wf>
		<wf pos="NN">جایِہ</wf>
		<wf pos="NN">زنٛگٕہ</wf>
		<wf pos="VM">ترأوِتھ</wf>
		<wf pos="NN">قبضٕہ،</wf>
		<wf pos="SYM">۔</wf>
	</sentence>
	<sentence s_id="37">
		<wf pos="JJ">پوٚز</wf>
		<wf pos="RB">تَنہٕ</wf>
		<wf pos="JJ">اوسُم</wf>
		<wf pos="NEG">نہٕ</wf>
		<wf pos="DEM">یہِ</wf>
		<wf pos="NN">ٹِپ</wf>
		<wf pos="POW">ٹِپ</wf>
		<wf pos="NN">کنَن</wf>
		<wf pos="VM">گَژھان</wf>
		<wf pos="DEM">یہِ</wf>
		<wf pos="VAUX">گو</wf>
		<wf pos="RB">مٔنٛزۍ</wf>
		<wf pos="NN">کنَن</wf>
		<wf pos="RDP">وارٕ</wf>
		<wf pos="NN">کارٕ</wf>
		<wf pos="VAUX">اوسُس</wf>
		<wf pos="VM">بِہِتھ</wf>
		<wf pos="WQ">کیٛاہ</wf>
		<wf pos="VM">کریومَکھ</wf>
		<wf pos="QC">زٕ</wf>
		<wf pos="DEM">اَتھ</wf>
		<wf pos="NN">شکیٖنجَس</wf>
		<wf pos="NN">بریوہَس</wf>
		<wf pos="NN">خبر</wf>
		<wf pos="NN" sense_id="3">جاے</wf>
		<wf pos="NN">بدلٮ۪مہٕ</wf>
		<wf pos="SYM">۔</wf>
	</sentence>
	<sentence s_id="38">
		<wf pos="RB">صرف</wf>
		<wf pos="NN" sense_id="2">جاے</wf>
		<wf pos="VM">بدلاونہٕ</wf>
		<wf pos="RDP">سۭتۍ</wf>
		<wf pos="WQ">ما</wf>
		<wf pos="VAUX">چِھ</wf>
		<wf pos="NN">دٲدۍ</wf>
		<wf pos="JJ">ژلان!</wf>
		<wf pos="SYM">۔</wf>
	</sentence>
	<sentence s_id="39">
		<wf pos="RB">گاہے</wf>
		<wf pos="RDP">اوسُم</wf>
		<wf pos="VM">باسان</wf>
		<wf pos="QC">زٕ</wf>
		<wf pos="RB">وُنۍ</wf>
		<wf pos="RDP">وُنۍ</wf>
		<wf pos="VAUX">چھس</wf>
		<wf pos="VM">آمُت</wf>
		<wf pos="NN" sense_id="1">جاے</wf>
		<wf pos="CC">تہٕ</wf>
		<wf pos="RB">گاہے</wf>
		<wf pos="NN">ؤری</wf>
		<wf pos="QF">وادن</wf>
		<wf pos="PSP">ہٕنٛز</wf>
		<wf pos="NN">گرٛٮ۪ند</wf>
		<wf pos="JJ">مُشکل</wf>
		<wf pos="VM">باسان</wf>
		<wf pos="RB">ٲخٕر</wf>
		<wf pos="VAUX">سپُد</wf>
		<wf pos="DEM">تی</wf>
		<wf pos="DEM">یہِ</wf>
		<wf pos="NEG">نہٕ</wf>
		<wf pos="PRP">مےٚ</wf>
		<wf pos="NEG">زانٛہہ</wf>
		<wf pos="VM">سوٗنٛچ۔</wf>
		<wf pos="SYM">۔</wf>
	</sentence>
	<sentence s_id="40">
		<wf pos="RB">یُتھے</wf>
		<wf pos="NN">تٔم</wf>
		<wf pos="NN">پٕنن</wf>
		<wf pos="NN" sense_id="1">جاے</wf>
		<wf pos="VM">رٔٹ</wf>
		<wf pos="PRP">تس</wf>
		<wf pos="NN">أند</wf>
		<wf pos="NN">پٔكھ</wf>
		<wf pos="VM">ہیو٘تُن</wf>
		<wf pos="NN">لۄژن</wf>
		<wf pos="NN">لۄژن</wf>
		<wf pos="JJ">آوازَن</wf>
		<wf pos="NN">ہُر</wf>
		<wf pos="POW">بر</wf>
		<wf pos="VM">گژھُن</wf>
		<wf pos="CC">تہٕ</wf>
		<wf pos="NNC">كنہٕ</wf>
		<wf pos="NN">پھسرارَے</wf>
		<wf pos="VAUX">ۂیژٕن</wf>
		<wf pos="VM">تیزٕن</wf>
		<wf pos="SYM">۔</wf>
	</sentence>
	<sentence s_id="41">
		<wf pos="NN">تٔم</wf>
		<wf pos="RB">یی٘لہِ</wf>
		<wf pos="RB">ژوٗرِ</wf>
		<wf pos="RB">ژوٗرِ</wf>
		<wf pos="NN">نظراہ</wf>
		<wf pos="VM">دِژ</wf>
		<wf pos="NN">تٔم</wf>
		<wf pos="VM">وُچھ</wf>
		<wf pos="NN">پٕنن</wf>
		<wf pos="NN">ساٲری</wf>
		<wf pos="NN">ساٲتھی</wf>
		<wf pos="NN">تٔس</wf>
		<wf pos="VM">كُن</wf>
		<wf pos="VM">وُچھان</wf>
		<wf pos="CC">تہٕ</wf>
		<wf pos="NN">تٔم</wf>
		<wf pos="POW">سٕے</wf>
		<wf pos="PSP">متعلق</wf>
		<wf pos="VM">اكھ</wf>
		<wf pos="QC">أكِس</wf>
		<wf pos="NN">كُن</wf>
		<wf pos="NN">اِشارٕ</wf>
		<wf pos="VM">كران</wf>
		<wf pos="CC">لیٚہازا</wf>
		<wf pos="VM">زون</wf>
		<wf pos="DEM">تَمہِ</wf>
		<wf pos="CC">یہٕ</wf>
		<wf pos="NN" sense_id="1">جاے</wf>
		<wf pos="NN">تراوِن</wf>
		<wf pos="NN">جان</wf>
		<wf pos="SYM">۔</wf>
	</sentence>
	<sentence s_id="42">
		<wf pos="NNP">کٲشر</wf>
		<wf pos="NN">زبٲنۍ</wf>
		<wf pos="PSP">ہُنٛد</wf>
		<wf pos="DEM">یُہے</wf>
		<wf pos="VAUX">چُھ</wf>
		<wf pos="RB">ازکل</wf>
		<wf pos="NNP">کٲشرِس</wf>
		<wf pos="NNP">نِسٲے</wf>
		<wf pos="NN">حلقس</wf>
		<wf pos="PSP">منٛز</wf>
		<wf pos="CC">زنتہٕ</wf>
		<wf pos="NN">سونتہٕ</wf>
		<wf pos="NN">جہارس</wf>
		<wf pos="NN">خۄشاوَے</wf>
		<wf pos="VM">دپان</wf>
		<wf pos="QC">اکہِ</wf>
		<wf pos="QC">اکہِ</wf>
		<wf pos="PSP">طرفہٕ</wf>
		<wf pos="NN">مثالے</wf>
		<wf pos="NN">نسیم</wf>
		<wf pos="JJ">شفایی</wf>
		<wf pos="VM">بٔنِتھ</wf>
		<wf pos="JJ">سرتازٕ</wf>
		<wf pos="NN">بولہوش</wf>
		<wf pos="VM">کران</wf>
		<wf pos="CC">تہٕ</wf>
		<wf pos="PRP">بییہِ</wf>
		<wf pos="PSP">طرفہٕ</wf>
		<wf pos="NNPC">رخسانہ</wf>
		<wf pos="NNPC">محفوظہ</wf>
		<wf pos="NN">وغٲرٕ</wf>
		<wf pos="VM">بٔنِتھ</wf>
		<wf pos="QC">أکس</wf>
		<wf pos="NN">حٲرتس</wf>
		<wf pos="NN" sense_id="1">جاے</wf>
		<wf pos="VM">شیران</wf>
		<wf pos="CC">تہٕ</wf>
		<wf pos="PRP">تِہُنٛد</wf>
		<wf pos="NN">حال</wf>
		<wf pos="VM">وُچھ</wf>
		<wf pos="RDP">وُچھِ</wf>
		<wf pos="RB">وۄنۍ</wf>
		<wf pos="NNPC">نزیر</wf>
		<wf pos="CC">تہٕ</wf>
		<wf pos="JJ">ہۄنرمند</wf>
		<wf pos="NNP">اُردو</wf>
		<wf pos="NN">شٲعر</wf>
		<wf pos="RP">تہِ</wf>
		<wf pos="NNP">کٲشُر</wf>
		<wf pos="VM">گۭنگراوُن</wf>
		<wf pos="SYM">۔</wf>
	</sentence>
	<sentence s_id="43">
		<wf pos="NNPC">کانن</wf>
		<wf pos="PSP">سُند</wf>
		<wf pos="NN">برگیڑ</wf>
		<wf pos="VAUX">چُھ</wf>
		<wf pos="NNC">زیٚوِ</wf>
		<wf pos="NN">زبٲنۍ</wf>
		<wf pos="NNP">نیپوٗلِن</wf>
		<wf pos="NN">دم</wf>
		<wf pos="VM">دِوان</wf>
		<wf pos="CC">مگر</wf>
		<wf pos="NNC">داندٕ</wf>
		<wf pos="NN">ٹھۄلہِ</wf>
		<wf pos="VAUX">چُھ</wf>
		<wf pos="INTF">تیوٗتھ</wf>
		<wf pos="VM">کھوژان</wf>
		<wf pos="CC">زِ</wf>
		<wf pos="NN">زنانہِ</wf>
		<wf pos="NN">دٔلِس</wf>
		<wf pos="PSP">تَل</wf>
		<wf pos="VAUX">چُھ</wf>
		<wf pos="NNC">چھپن</wf>
		<wf pos="VM">لبان</wf>
		<wf pos="NN">Lady</wf>
		<wf pos="NNP">Macbeth</wf>
		<wf pos="PSP">of</wf>
		<wf pos="NNP">mansala</wf>
		<wf pos="VAUX">چھیٚہ</wf>
		<wf pos="NN">قٲتۍلہٕ</wf>
		<wf pos="PSP">سٕنز</wf>
		<wf pos="JJ">مُجرم</wf>
		<wf pos="NN">ماشوق</wf>
		<wf pos="VM">آسنہٕ</wf>
		<wf pos="PSP">باووٚجوٗد</wf>
		<wf pos="NNP">سایبریا</wf>
		<wf pos="NNC">جالاے</wf>
		<wf pos="VAUX">گژھان</wf>
		<wf pos="RDP">گژھان</wf>
		<wf pos="RP">تہِ</wf>
		<wf pos="NN">قتل</wf>
		<wf pos="VM">کران،</wf>
		<wf pos="DEM">اتھ</wf>
		<wf pos="PSP">مقابلہٕ</wf>
		<wf pos="VAUX">چُھ</wf>
		<wf pos="NNP">مارکھیم</wf>
		<wf pos="PRP">پنُن</wf>
		<wf pos="POW">پان</wf>
		<wf pos="NN">پُلسس</wf>
		<wf pos="NN">حوالہٕ</wf>
		<wf pos="VM">کرناوان</wf>
		<wf pos="SYM">۔</wf>
	</sentence>
	<sentence s_id="44">
		<wf pos="NN">یونیورسٹیہِ</wf>
		<wf pos="PSP">ہُنٛد</wf>
		<wf pos="NNP">“انہار“</wf>
		<wf pos="VAUX">چُھ</wf>
		<wf pos="CC">تہٕ</wf>
		<wf pos="NN">تحقیٖقس</wf>
		<wf pos="PRP">تنٮ۪یٖدس</wf>
		<wf pos="NN" sense_id="1">جاے</wf>
		<wf pos="VM">شیرنہٕ</wf>
		<wf pos="PSP">باوجود</wf>
		<wf pos="JJ">تخلیٖقی</wf>
		<wf pos="NN">سرگرمِیَو</wf>
		<wf pos="PSP">باپَتھ</wf>
		<wf pos="NN">منشہِ</wf>
		<wf pos="JJ">مُوٲفق</wf>
		<wf pos="NN">وتشاوَکھ</wf>
		<wf pos="VM">بٔنِتھ</wf>
		<wf pos="VAUX">ہٮ۪کان</wf>
		<wf pos="SYM">۔</wf>
	</sentence>
	<sentence s_id="45">
		<wf pos="DEM">ییٚمہِ</wf>
		<wf pos="NN">کتھہِ</wf>
		<wf pos="PSP">ہُنٛد</wf>
		<wf pos="NN">تجربہٕ</wf>
		<wf pos="VAUX">آسہِ</wf>
		<wf pos="PRP">تۄہہِ</wf>
		<wf pos="RP">تہِ</wf>
		<wf pos="RB">ییٚلہِ</wf>
		<wf pos="PSP">زن</wf>
		<wf pos="NN">انسان</wf>
		<wf pos="NN">ژکھِ</wf>
		<wf pos="PSP">منٛز</wf>
		<wf pos="VM">بۄڈان</wf>
		<wf pos="VAUX">چُھ</wf>
		<wf pos="PRP">تِہُنٛد</wf>
		<wf pos="VM">فرماوُن</wf>
		<wf pos="VAUX">چُھ</wf>
		<wf pos="NN" sense_id="1">جاے</wf>
		<wf pos="VM">رٔٹِتھ</wf>
		<wf pos="NN">ژکھِ</wf>
		<wf pos="PSP">ہندٮ۪ن</wf>
		<wf pos="NN">آولنٮ۪ن</wf>
		<wf pos="CC">تہٕ</wf>
		<wf pos="NN">ولگتنٮ۪ن</wf>
		<wf pos="PSP">منٛز</wf>
		<wf pos="VM">پھسان</wf>
		<wf pos="RB">یتھ</wf>
		<wf pos="PRP">کنہِ</wf>
		<wf pos="JJ">گٲرۍ</wf>
		<wf pos="NN">نمبلہِ</wf>
		<wf pos="PSP">منٛز</wf>
		<wf pos="JJ">انزٲنۍ</wf>
		<wf pos="NN">گاو</wf>
		<wf pos="VM">پھٔسِتھ</wf>
		<wf pos="PRP">تِمے</wf>
		<wf pos="JJ">بےٚربط</wf>
		<wf pos="CC">تہٕ</wf>
		<wf pos="JJ">بےٚمانہِ</wf>
		<wf pos="NN">ٹانگہٕ</wf>
		<wf pos="VM">دی</wf>
		<wf pos="DEM">یِمن</wf>
		<wf pos="PSP">منٛز</wf>
		<wf pos="NEG">نہٕ</wf>
		<wf pos="NN">گٲو</wf>
		<wf pos="PSP">ہِندِس</wf>
		<wf pos="NN">مٲلکس</wf>
		<wf pos="PRP">أہنٛز</wf>
		<wf pos="NN">پریشانی</wf>
		<wf pos="CC">یا</wf>
		<wf pos="NN">مصیبتٕچ</wf>
		<wf pos="PRP">کانٛہہ</wf>
		<wf pos="RP">تہِ</wf>
		<wf pos="VAUX">آسہِ</wf>
		<wf pos="CC">تہٕ</wf>
		<wf pos="NN">گاو</wf>
		<wf pos="POW">کٔنۍ</wf>
		<wf pos="VM">مۄکلہِ</wf>
		<wf pos="NN">نمبلہِ</wf>
		<wf pos="PSP">منٛزٕ</wf>
		<wf pos="SYM">۔</wf>
	</sentence>
	<sentence s_id="46">
		<wf pos="QC">ستہٕؤنۍ</wf>
		<wf pos="NN">ڈیرن</wf>
		<wf pos="PSP">پٮ۪ٹھ</wf>
		<wf pos="PRP">کانہہ</wf>
		<wf pos="NN">دروازٕ</wf>
		<wf pos="CC">تہٕ</wf>
		<wf pos="NN">چھلا</wf>
		<wf pos="VM">ثوبوت</wf>
		<wf pos="VAUX">ٲس</wf>
		<wf pos="PRP">سۄ</wf>
		<wf pos="VM">گیہ</wf>
		<wf pos="NN">وزِ</wf>
		<wf pos="CC">تٕہ</wf>
		<wf pos="RB">وارٕ</wf>
		<wf pos="RDP">وارٕ</wf>
		<wf pos="VM">غٲب،</wf>
		<wf pos="CC">زِ</wf>
		<wf pos="PRP">کینژن</wf>
		<wf pos="NN">ہفتن</wf>
		<wf pos="NN">محلہٕ</wf>
		<wf pos="PSP">کٮ۪و</wf>
		<wf pos="QC">دۄیو</wf>
		<wf pos="QC">شییو</wf>
		<wf pos="NN">گرَو</wf>
		<wf pos="NN">رات</wf>
		<wf pos="PSP">کیُت</wf>
		<wf pos="NN">مکانہٕ</wf>
		<wf pos="PSP">کس</wf>
		<wf pos="NN">ملبَس</wf>
		<wf pos="CC">تٕہ</wf>
		<wf pos="NN" sense_id="1">جاے</wf>
		<wf pos="JJ">صاف</wf>
		<wf pos="VM">کٔرِتھ</wf>
		<wf pos="SYM">۔</wf>
	</sentence>
	<sentence s_id="47">
		<wf pos="RB">وۄنۍ</wf>
		<wf pos="VAUX">چھُس</wf>
		<wf pos="PRP">پننِہ</wf>
		<wf pos="NN">لیاقتہٕ</wf>
		<wf pos="CC">تہٕ</wf>
		<wf pos="PRP">تہنٛد</wf>
		<wf pos="NN">دۄیِہخٲرٕ</wf>
		<wf pos="NN">ژاٹہٕ</wf>
		<wf pos="NN">شُرۍ</wf>
		<wf pos="PSP">سٕندۍ</wf>
		<wf pos="RB">پٲٹھۍ</wf>
		<wf pos="NN">گرِ</wf>
		<wf pos="RDP">گرِ</wf>
		<wf pos="NN">وزِ</wf>
		<wf pos="NN">سبقہٕ</wf>
		<wf pos="VM">دٔرران</wf>
		<wf pos="CC">زِ</wf>
		<wf pos="NN">ژکھ</wf>
		<wf pos="VM">ژاپِنۍ</wf>
		<wf pos="VAUX">گٔیہ</wf>
		<wf pos="NNP">پہلوانی</wf>
		<wf pos="NN">وِرد</wf>
		<wf pos="RB">پتِہ</wf>
		<wf pos="CC">یوٚدوَے</wf>
		<wf pos="PRP">کنِہ</wf>
		<wf pos="RDP">کنِہ</wf>
		<wf pos="NN">ساتہ</wf>
		<wf pos="JJ">بدل</wf>
		<wf pos="NN">کتھاہ</wf>
		<wf pos="DEM">اَمِہ</wf>
		<wf pos="RP">خۄتہٕ</wf>
		<wf pos="JJ">اہم</wf>
		<wf pos="CC">تہٕ</wf>
		<wf pos="JJ">ضوٚروٗرِی</wf>
		<wf pos="NN">اگادِ</wf>
		<wf pos="VM">گٔژِہتھ</wf>
		<wf pos="NN" sense_id="1">جاے</wf>
		<wf pos="VM">رٔٹِتھ</wf>
		<wf pos="VAUX">چھَم</wf>
		<wf pos="VM">بہان</wf>
		<wf pos="DEM">تمِہ</wf>
		<wf pos="NN">ساتہٕ</wf>
		<wf pos="CC">زن</wf>
		<wf pos="RB">بییٚہ</wf>
		<wf pos="NN">جوانِی</wf>
		<wf pos="PSP">اندر</wf>
		<wf pos="NN">لۄکچار</wf>
		<wf pos="VM">روٗدمُت</wf>
		<wf pos="VAUX">آسان</wf>
		<wf pos="SYM">۔</wf>
	</sentence>
	<sentence s_id="48">
		<wf pos="PSP">ہیٚنٛدٮ۪ن</wf>
		<wf pos="PSP">خٲطرٕ</wf>
		<wf pos="VAUX">چھٚے</wf>
		<wf pos="NN">کاشی</wf>
		<wf pos="QC">اَکھ</wf>
		<wf pos="JJ">مُقدَس</wf>
		<wf pos="NN" sense_id="3">جاے</wf>
		<wf pos="SYM">۔</wf>
	</sentence>
	<sentence s_id="49">
		<wf pos="NN">دوٗستی</wf>
		<wf pos="PSP">منٛز</wf>
		<wf pos="VAUX">گَژھِ</wf>
		<wf pos="NEG">نہٕ</wf>
		<wf pos="NN">لالچہِ</wf>
		<wf pos="NN" sense_id="1">جاے</wf>
		<wf pos="NN">دِنۍہَنُمانن</wf>
		<wf pos="VM">کَرنٲو</wf>
		<wf pos="NN">رامس</wf>
		<wf pos="CC">تہٕ</wf>
		<wf pos="NN">سُگرٛیٖوَس</wf>
		<wf pos="NN">دوٗستی</wf>
		<wf pos="SYM">۔</wf>
	</sentence>
	<sentence s_id="50">
		<wf pos="NNPC">ہِمالِیا</wf>
		<wf pos="NNP">پَربَت</wf>
		<wf pos="VAUX">چھےٚ</wf>
		<wf pos="QC">اَکھ</wf>
		<wf pos="JJ">اَصلی</wf>
		<wf pos="NN" sense_id="1">جاے</wf>
		<wf pos="SYM">۔</wf>
	</sentence>
	<sentence s_id="51">
		<wf pos="DEM">یہِ</wf>
		<wf pos="JJ">تنظیم</wf>
		<wf pos="VAUX">چھیٚہ</wf>
		<wf pos="NN">بےٚگَر</wf>
		<wf pos="NN">لُکن</wf>
		<wf pos="NN" sense_id="4">جاے</wf>
		<wf pos="VM">فراہم</wf>
		<wf pos="VM">کَران</wf>
		<wf pos="SYM">۔</wf>
	</sentence>
	<sentence s_id="52">
		<wf pos="NN">سَرَو</wf>
		<wf pos="PSP">سۭتۍ</wf>
		<wf pos="VM">بٔرِتھ</wf>
		<wf pos="NNPC">آےآےٹی</wf>
		<wf pos="NNP">پَویی</wf>
		<wf pos="VAUX">چھےٚ</wf>
		<wf pos="QC">اَکھ</wf>
		<wf pos="NN">لُطف</wf>
		<wf pos="VM">اَنٛدوز</wf>
		<wf pos="NN" sense_id="6">جاے</wf>
		<wf pos="SYM">۔</wf>
	</sentence>
	<sentence s_id="53">
		<wf pos="NNC">ہَوٲیی</wf>
		<wf pos="NN">اَڑٕ</wf>
		<wf pos="VAUX">چُھ</wf>
		<wf pos="QC">اَکھ</wf>
		<wf pos="JJ">بِلاقۄدرٔتی</wf>
		<wf pos="NN" sense_id="1">جاے</wf>
		<wf pos="SYM">۔</wf>
	</sentence>
	<sentence s_id="54">
		<wf pos="NN">مہربٲنی</wf>
		<wf pos="VM">کٔرِتھ</wf>
		<wf pos="NNP">ؤنوٗ</wf>
		<wf pos="PRP">پَنٕنۍ</wf>
		<wf pos="VM">روزَن</wf>
		<wf pos="NN" sense_id="1">جاے</wf>
		<wf pos="SYM">۔</wf>
	</sentence>
	<sentence s_id="55">
		<wf pos="NN">دہرِیَتَس</wf>
		<wf pos="PSP">منٛز</wf>
		<wf pos="NEG">چھُنہٕ</wf>
		<wf pos="NNP">خۄدایَس</wf>
		<wf pos="CC">تہٕ</wf>
		<wf pos="NN">خارق</wf>
		<wf pos="NN">عادتٕکِس</wf>
		<wf pos="NN">فَلسَفس</wf>
		<wf pos="PRP">کانٛہہ</wf>
		<wf pos="NN" sense_id="4">جاے</wf>
		<wf pos="SYM">۔</wf>
	</sentence>
	<sentence s_id="56">
		<wf pos="NNP">ہِنٛدو</wf>
		<wf pos="NN">مزہبہٕ</wf>
		<wf pos="PSP">مُطٲبِق</wf>
		<wf pos="VAUX">چھٚے</wf>
		<wf pos="PRP">کانٛہہ</wf>
		<wf pos="RP">تہِ</wf>
		<wf pos="NN">ناپاکھ</wf>
		<wf pos="NN" sense_id="1">جاے</wf>
		<wf pos="NN">گنٛگا</wf>
		<wf pos="NN">جَل</wf>
		<wf pos="VM">ترٛٲوِتھ</wf>
		<wf pos="NN">پاکھ</wf>
		<wf pos="VM">گَژھان</wf>
		<wf pos="SYM">۔</wf>
	</sentence>
	<sentence s_id="57">
		<wf pos="NN">کاشی</wf>
		<wf pos="VAUX">چھےٚ</wf>
		<wf pos="QC">اَکھ</wf>
		<wf pos="NN">پاکھ</wf>
		<wf pos="NN" sense_id="1">جاے</wf>
		<wf pos="SYM">۔</wf>
	</sentence>
	<sentence s_id="58">
		<wf pos="NN">کاشی</wf>
		<wf pos="VAUX">چھےٚ</wf>
		<wf pos="PSP">ہیٚنٛدٮ۪ن</wf>
		<wf pos="PSP">ہِنٛز</wf>
		<wf pos="JJ">مزۂبی</wf>
		<wf pos="NN" sense_id="5">جاے</wf>
		<wf pos="SYM">۔</wf>
	</sentence>
	<sentence s_id="59">
		<wf pos="RB">یَپٲرۍ</wf>
		<wf pos="VM">کِنۍ</wf>
		<wf pos="NEG">مہٕ</wf>
		<wf pos="NN">نیٖرِو!یہِ</wf>
		<wf pos="VAUX">چَھوٕ</wf>
		<wf pos="NEG">نہ</wf>
		<wf pos="VM">اَژ</wf>
		<wf pos="VM">وٕنۍ</wf>
		<wf pos="NN" sense_id="1">جاے</wf>
		<wf pos="SYM">۔</wf>
	</sentence>
	<sentence s_id="60">
		<wf pos="DEM">یہِ</wf>
		<wf pos="VAUX">چھےٚ</wf>
		<wf pos="QC">اَکھ</wf>
		<wf pos="POW">دِلچَسِپ</wf>
		<wf pos="NN">کَتھ</wf>
		<wf pos="DEM">یہِ</wf>
		<wf pos="VAUX">چھےٚ</wf>
		<wf pos="QC">اَکھ</wf>
		<wf pos="JJ">دِلچَسٕپ</wf>
		<wf pos="NN" sense_id="6">جاے</wf>
		<wf pos="SYM">۔</wf>
	</sentence>
	<sentence s_id="61">
		<wf pos="NNP">گوتَم</wf>
		<wf pos="NNP">بُد</wf>
		<wf pos="VAUX">چُھ</wf>
		<wf pos="NNP">بُد</wf>
		<wf pos="NN">مَزہَبُک</wf>
		<wf pos="NN">بٲنی</wf>
		<wf pos="NN">کارکُشانگَر</wf>
		<wf pos="VAUX">چُھ</wf>
		<wf pos="NNP">گوتَم</wf>
		<wf pos="NNP">بُدھ</wf>
		<wf pos="PSP">سٕنٛز</wf>
		<wf pos="QC">اَکھ</wf>
		<wf pos="JJ">اَہَم</wf>
		<wf pos="NN" sense_id="1">جاے</wf>
		<wf pos="SYM">۔</wf>
	</sentence>
	<sentence s_id="62">
		<wf pos="JJ">صاف</wf>
		<wf pos="CC">تہٕ</wf>
		<wf pos="JJ">شِفاف</wf>
		<wf pos="VM">روزَن</wf>
		<wf pos="NN" sense_id="1">جاے</wf>
		<wf pos="VAUX">چھےٚ</wf>
		<wf pos="NN">صَحتَس</wf>
		<wf pos="PSP">خٲطرٕ</wf>
		<wf pos="NN">ضَروٗرییہٕ</wf>
		<wf pos="NN">کُلُے</wf>
		<wf pos="VAUX">چُھ</wf>
		<wf pos="DEM">یِمَن</wf>
		<wf pos="NN">پٔرِنٛدَن</wf>
		<wf pos="PSP">ہٕنٛز</wf>
		<wf pos="VM">روزَن</wf>
		<wf pos="NN" sense_id="6">جاے</wf>
		<wf pos="SYM">۔</wf>
	</sentence>
	<sentence s_id="63">
		<wf pos="PRP">تٔمۍ</wf>
		<wf pos="PSP">سٕنٛز</wf>
		<wf pos="JJ">خراب</wf>
		<wf pos="NN">حالَت</wf>
		<wf pos="VM">ۂیٚچۍ</wf>
		<wf pos="NEG">نہٕ</wf>
		<wf pos="PRP">مےٚ</wf>
		<wf pos="VM">وٕچھِتھ</wf>
		<wf pos="CC">تہٕ</wf>
		<wf pos="PRP">مےٚ</wf>
		<wf pos="VM">دُیت</wf>
		<wf pos="NNP">تیٚمِس</wf>
		<wf pos="PRP">پَنٛنِس</wf>
		<wf pos="NN">گَرَس</wf>
		<wf pos="PSP">منٛز</wf>
		<wf pos="NN" sense_id="1">جاے</wf>
		<wf pos="SYM">۔</wf>
	</sentence>
	<sentence s_id="64">
		<wf pos="NN" sense_id="6">جاے</wf>
		<wf pos="NN">پَھل</wf>
		<wf pos="VAUX">چُھ</wf>
		<wf pos="VM">گٕہِتھ</wf>
		<wf pos="NN">شُرٮ۪ن</wf>
		<wf pos="NN">ژاس</wf>
		<wf pos="VM">یِنہٕ</wf>
		<wf pos="NN">وِزِ</wf>
		<wf pos="VM">آپراونہٕ</wf>
		<wf pos="VAUX">یِوان</wf>
		<wf pos="SYM">۔</wf>
	</sentence>
	<sentence s_id="65">
		<wf pos="PRP">سون</wf>
		<wf pos="NN">گُروجی</wf>
		<wf pos="RB">ییٚلہِ</wf>
		<wf pos="RP">تہِ</wf>
		<wf pos="NN">کَکَتا</wf>
		<wf pos="VAUX">چُھ</wf>
		<wf pos="VM">گَژھان</wf>
		<wf pos="NN">،تَتہِ</wf>
		<wf pos="PSP">پٮ۪ٹھہٕ</wf>
		<wf pos="JJ">بَنٛگٲلۍ</wf>
		<wf pos="NN">مِٹھٲے</wf>
		<wf pos="JJ">سَنٛدیش</wf>
		<wf pos="VM">اَنٕنۍ</wf>
		<wf pos="VAUX">چھکھ</wf>
		<wf pos="NEG">نہٕ</wf>
		<wf pos="VM">گَژھان</wf>
		<wf pos="JJ">مٔشِتھبَنٛگٲلۍ</wf>
		<wf pos="NN">مِٹھایہِ</wf>
		<wf pos="PSP">منٛز</wf>
		<wf pos="VAUX">چھٚے</wf>
		<wf pos="NN">سَنٛدیشس</wf>
		<wf pos="PRP">پَنٕنۍ</wf>
		<wf pos="JJ">اَلَگ</wf>
		<wf pos="NN" sense_id="6">جاے</wf>
		<wf pos="SYM">۔</wf>
	</sentence>
	<sentence s_id="66">
		<wf pos="NN">بَچہِ</wf>
		<wf pos="VAUX">چھہِ</wf>
		<wf pos="NEG">جِنہٕ</wf>
		<wf pos="RB:?">دٔلیٖلہٕ</wf>
		<wf pos="VM">بوٗزِتھ</wf>
		<wf pos="NN">کھوژانگام</wf>
		<wf pos="PSP">کٮ۪و</wf>
		<wf pos="VAUX">چُھ</wf>
		<wf pos="NN">گامس</wf>
		<wf pos="NN">نیٚبٕر</wf>
		<wf pos="VM">کَنہِ</wf>
		<wf pos="JJ">پرٛون</wf>
		<wf pos="NN">قلہ</wf>
		<wf pos="JJ">کھوژ</wf>
		<wf pos="NN">ن</wf>
		<wf pos="NN" sense_id="5">جاے</wf>
		<wf pos="NN">قَرار</wf>
		<wf pos="VM">دیُت</wf>
		<wf pos="VM">مُت</wf>
		<wf pos="SYM">۔</wf>
	</sentence>
	<sentence s_id="67">
		<wf pos="NN">خاراتَس</wf>
		<wf pos="PSP">منٛز</wf>
		<wf pos="NEG">چَھنہٕ</wf>
		<wf pos="PRP">خۄد</wf>
		<wf pos="NN">غرضی</wf>
		<wf pos="PRP">کانٛہہ</wf>
		<wf pos="NN" sense_id="1">جاے</wf>
		<wf pos="SYM">۔</wf>
	</sentence>
	<sentence s_id="68">
		<wf pos="JJ">پرٛٮ۪تھ</wf>
		<wf pos="PRP">کُنہِ</wf>
		<wf pos="NN">مَزہَبَس</wf>
		<wf pos="PSP">مَنٛز</wf>
		<wf pos="VAUX">چھےٚ</wf>
		<wf pos="JJ">مُختٔلِف</wf>
		<wf pos="NN">عٔقیٖدٔتی</wf>
		<wf pos="NN">جایہِ</wf>
		<wf pos="NNP">آسانگٔیا</wf>
		<wf pos="VAUX">چھےٚ</wf>
		<wf pos="QC">اَکھ</wf>
		<wf pos="JJ">عقیٖدٔتی</wf>
		<wf pos="NN" sense_id="3">جاے</wf>
		<wf pos="SYM">۔</wf>
	</sentence>
	<sentence s_id="69">
		<wf pos="NN">دُنیاہَس</wf>
		<wf pos="PSP">منٛز</wf>
		<wf pos="VAUX">چُھ</wf>
		<wf pos="NNP">ہِنٛدوستانَس</wf>
		<wf pos="JJ">باوقار</wf>
		<wf pos="NN" sense_id="1">جاے</wf>
		<wf pos="SYM">۔</wf>
	</sentence>
	<sentence s_id="70">
		<wf pos="NN">گَردَنہِ</wf>
		<wf pos="PSP">نِش</wf>
		<wf pos="NNC">ہِرۍ</wf>
		<wf pos="NN">گۄگلَس</wf>
		<wf pos="PSP">نِش</wf>
		<wf pos="VAUX">چھےٚ</wf>
		<wf pos="JJ">واریاہ</wf>
		<wf pos="NNP">روزُک</wf>
		<wf pos="NN" sense_id="1">جاے</wf>
		<wf pos="VM">آسان</wf>
		<wf pos="SYM">۔</wf>
	</sentence>
	<sentence s_id="71">
		<wf pos="NN">پَکوٕنۍ</wf>
		<wf pos="NN">جانوَر</wf>
		<wf pos="VM">چھٕ</wf>
		<wf pos="PRP">پَنٕنۍ</wf>
		<wf pos="NN" sense_id="1">جاے</wf>
		<wf pos="VM">بَدلاوان</wf>
		<wf pos="SYM">۔</wf>
	</sentence>
	<sentence s_id="72">
		<wf pos="PRP">بہٕ</wf>
		<wf pos="NN">ترٛاوٕو</wf>
		<wf pos="NNP">جَلدٕۍ</wf>
		<wf pos="CC">یہٕ</wf>
		<wf pos="NN" sense_id="1">جاے</wf>
		<wf pos="SYM">۔</wf>
	</sentence>
	<sentence s_id="73">
		<wf pos="NN">پُجٲری</wf>
		<wf pos="NN">جِیَن</wf>
		<wf pos="RB">کٔرکٔنۍترٛانہٕ</wf>
		<wf pos="PRP">بِرٛونٛہہ</wf>
		<wf pos="NN" sense_id="1">جاے</wf>
		<wf pos="JJ">پاک</wf>
		<wf pos="SYM">۔</wf>
	</sentence>
	<sentence s_id="74">
		<wf pos="RB">از</wf>
		<wf pos="NN">کل</wf>
		<wf pos="NEG">چُھنہٕ</wf>
		<wf pos="PRP">کانٛہہ</wf>
		<wf pos="NNP">تار</wf>
		<wf pos="VM">سوزان</wf>
		<wf pos="CC">تِکیازِ</wf>
		<wf pos="DEM">امِچ</wf>
		<wf pos="NN" sense_id="2">جاے</wf>
		<wf pos="VM">رٔٹ</wf>
		<wf pos="JJ">ای</wf>
		<wf pos="NN">میلن</wf>
		<wf pos="SYM">۔</wf>
	</sentence>
	<sentence s_id="75">
		<wf pos="NN">آستان</wf>
		<wf pos="VAUX">چھےٚ</wf>
		<wf pos="NN">پاکھ</wf>
		<wf pos="NN" sense_id="2">جاے</wf>
		<wf pos="NNP">وارانٔسی</wf>
		<wf pos="QC">چھٖٚے</wf>
		<wf pos="QC">اَکھ</wf>
		<wf pos="POW">مٲنۍ</wf>
		<wf pos="VM">مٕژ</wf>
		<wf pos="NN">زِیارَت</wf>
		<wf pos="RB">گاہ</wf>
		<wf pos="SYM">۔</wf>
	</sentence>
	<sentence s_id="76">
		<wf pos="NNP">کٔشیٖر</wf>
		<wf pos="VAUX">چھےٚ</wf>
		<wf pos="NN">ٹوٗرِسٹَن</wf>
		<wf pos="PSP">ہٕنٛز</wf>
		<wf pos="QC">اَکھ</wf>
		<wf pos="JJ">اَہَم</wf>
		<wf pos="NN">جاےتاج</wf>
		<wf pos="NN">مَحَل</wf>
		<wf pos="VM">وِچھنہٕ</wf>
		<wf pos="PSP">خٲطرٕ</wf>
		<wf pos="VAUX">چھہِ</wf>
		<wf pos="JJ">واریاہ</wf>
		<wf pos="NNPC">ٹوٗرسٹ</wf>
		<wf pos="VM">یِوان</wf>
		<wf pos="SYM">۔</wf>
	</sentence>
	<sentence s_id="77">
		<wf pos="DEM">یہِ</wf>
		<wf pos="NN" sense_id="2">جاے</wf>
		<wf pos="VAUX">چھےٚ</wf>
		<wf pos="VM">اَمُن</wf>
		<wf pos="POW">دار</wf>
		<wf pos="SYM">۔</wf>
	</sentence>
	<sentence s_id="78">
		<wf pos="NN">کٔشمیٖرِیَس</wf>
		<wf pos="PSP">منٛز</wf>
		<wf pos="VAUX">چھےٚ</wf>
		<wf pos="NN">ت</wf>
		<wf pos="VM">اَدا</wf>
		<wf pos="VM">کَرنٕچ</wf>
		<wf pos="VM">بولَن</wf>
		<wf pos="NN" sense_id="1">جاے</wf>
		<wf pos="NN">دَنٛد</wf>
		<wf pos="SYM">۔</wf>
	</sentence>
	<sentence s_id="79">
		<wf pos="NN">پوٗزا</wf>
		<wf pos="VM">کَرنٕچ</wf>
		<wf pos="NN" sense_id="1">جاے</wf>
		<wf pos="INTF">گَژھہٕ</wf>
		<wf pos="JJ">پاک</wf>
		<wf pos="VM">آسٕنۍ</wf>
		<wf pos="SYM">۔</wf>
	</sentence>
	<sentence s_id="80">
		<wf pos="NN">وِنیی</wf>
		<wf pos="VM">بَنٲو</wf>
		<wf pos="NN">لُکَن</wf>
		<wf pos="PSP">ہِنٛدَٮ۪ن</wf>
		<wf pos="NN">دِلن</wf>
		<wf pos="PSP">منٛز</wf>
		<wf pos="VM">پَنٕن</wf>
		<wf pos="NN" sense_id="1">جاے</wf>
		<wf pos="VM">پَنٛنہ</wf>
		<wf pos="CC">بےٚ</wf>
		<wf pos="NN">غرضی</wf>
		<wf pos="PSP">سۭتۍ</wf>
		<wf pos="SYM">۔</wf>
	</sentence>
	<sentence s_id="81">
		<wf pos="NNPC">رُشوَت</wf>
		<wf pos="NNP">خورَن</wf>
		<wf pos="PSP">خٲطرٕ</wf>
		<wf pos="NEG">چَھنہٕ</wf>
		<wf pos="PRP">سٲنِس</wf>
		<wf pos="NN">مٕلکَس</wf>
		<wf pos="PSP">منٛز</wf>
		<wf pos="NN" sense_id="1">جاے</wf>
		<wf pos="SYM">۔</wf>
	</sentence>
	<sentence s_id="82">
		<wf pos="NN">شام</wf>
		<wf pos="VAUX">چُھ</wf>
		<wf pos="NNP">دِلہِ</wf>
		<wf pos="PSP">منٛز</wf>
		<wf pos="VM">روزان</wf>
		<wf pos="CC">مَگَر</wf>
		<wf pos="QC">تیٚمہِ</wf>
		<wf pos="PSP">سٕنٛز</wf>
		<wf pos="JJ">بُنیٲدی</wf>
		<wf pos="NN" sense_id="3">جاے</wf>
		<wf pos="VAUX">چھےٚ</wf>
		<wf pos="NN">کٔشیٖز</wf>
		<wf pos="SYM">۔</wf>
	</sentence>
	<sentence s_id="83">
		<wf pos="NN" sense_id="1">جاے</wf>
		<wf pos="INJ">پرکاش</wf>
		<wf pos="NN">نارایَن</wf>
		<wf pos="VAUX">چُھہ</wf>
		<wf pos="NN">سمٲجیَتُک</wf>
		<wf pos="NN">پَکہٕ</wf>
		<wf pos="NN">مانَن</wf>
		<wf pos="PSP">وول</wf>
		<wf pos="SYM">۔</wf>
	</sentence>
	<sentence s_id="84">
		<wf pos="PRP">مےٚ</wf>
		<wf pos="NN">ییٚتین</wf>
		<wf pos="NN">وَسُن</wf>
		<wf pos="VAUX">اوس</wf>
		<wf pos="PRP">سۄ</wf>
		<wf pos="NN" sense_id="1">جاے</wf>
		<wf pos="VAUX">گٔیہِ</wf>
		<wf pos="NN">اَتھٕ</wf>
		<wf pos="SYM">۔</wf>
	</sentence>
	<sentence s_id="85">
		<wf pos="NN">مُقام</wf>
		<wf pos="NNPC">ہاونہ</wf>
		<wf pos="PSP">خٲطرٕ</wf>
		<wf pos="VAUX">چِھ</wf>
		<wf pos="RB">پوٚت</wf>
		<wf pos="NN" sense_id="4">جاے</wf>
		<wf pos="PSP">منٛز</wf>
		<wf pos="PSP">پٮ۪ٹھ</wf>
		<wf pos="NN">اِستعمال</wf>
		<wf pos="VM">کَرنہ</wf>
		<wf pos="VAUX">یِوان</wf>
		<wf pos="SYM">۔</wf>
	</sentence>
	<sentence s_id="86">
		<wf pos="NN">ماجہِ</wf>
		<wf pos="VM">ہٲو</wf>
		<wf pos="PRP">مےٚ</wf>
		<wf pos="NN">آسمانَس</wf>
		<wf pos="PSP">منٛز</wf>
		<wf pos="VM">پول</wf>
		<wf pos="JJ">تارکٕچ</wf>
		<wf pos="NN" sense_id="4">جاے</wf>
		<wf pos="SYM">۔</wf>
	</sentence>
	<sentence s_id="87">
		<wf pos="NNP">ہولی</wf>
		<wf pos="PSP">منٛز</wf>
		<wf pos="VAUX">چھِ</wf>
		<wf pos="NN" sense_id="1">جاے</wf>
		<wf pos="NN" sense_id="1">جاے</wf>
		<wf pos="NN">بَنٛگ</wf>
		<wf pos="VM">چھانٛنہٕ</wf>
		<wf pos="VAUX">یِوان</wf>
		<wf pos="SYM">۔</wf>
	</sentence>
	<sentence s_id="88">
		<wf pos="NN">گَرٕچ</wf>
		<wf pos="NN">بُنیاد</wf>
		<wf pos="VM">تراونہٕ</wf>
		<wf pos="PRP">برٛوٚنٛہہ</wf>
		<wf pos="VAUX">گَژھِ</wf>
		<wf pos="DEM">تَتھ</wf>
		<wf pos="NN" sense_id="1">جاے</wf>
		<wf pos="NN">پوٗزا</wf>
		<wf pos="VM">کَرٕنۍ</wf>
		<wf pos="SYM">۔</wf>
	</sentence>
	<sentence s_id="89">
		<wf pos="NN">ییٚتین</wf>
		<wf pos="VAUX">چھِ</wf>
		<wf pos="NN">حاجین</wf>
		<wf pos="PSP">ہٕنٛدِ</wf>
		<wf pos="VM">رُکنٕچ</wf>
		<wf pos="NN" sense_id="1">جاے</wf>
		<wf pos="SYM">۔</wf>
	</sentence>
	<sentence s_id="90">
		<wf pos="NNP">کٲشرِس</wf>
		<wf pos="PSP">منٛز</wf>
		<wf pos="VAUX">چُھ</wf>
		<wf pos="NN">مثنوی</wf>
		<wf pos="NN">اَدبُک</wf>
		<wf pos="QC">اَکھ</wf>
		<wf pos="JJ">خاص</wf>
		<wf pos="NN">مقامہِنٛدِیَس</wf>
		<wf pos="PSP">منٛز</wf>
		<wf pos="VAUX">چُھ</wf>
		<wf pos="NNPC">تُلسی</wf>
		<wf pos="NN">اَدبس</wf>
		<wf pos="QC">اَکھ</wf>
		<wf pos="JJ">اَہم</wf>
		<wf pos="NN" sense_id="5">جاے</wf>
		<wf pos="SYM">۔</wf>
	</sentence>
	<sentence s_id="91">
		<wf pos="RB">ییٚتہِ</wf>
		<wf pos="VAUX">چُھ</wf>
		<wf pos="NN">لاوٲرِث</wf>
		<wf pos="NN">لُکَن</wf>
		<wf pos="NN">چھَپَن</wf>
		<wf pos="NN" sense_id="2">جاے</wf>
		<wf pos="VM">دِنہٕ</wf>
		<wf pos="VAUX">یِوان</wf>
		<wf pos="SYM">۔</wf>
	</sentence>
	<sentence s_id="92">
		<wf pos="NN">لُکھ</wf>
		<wf pos="VAUX">چھِ</wf>
		<wf pos="NN">ژھۄٹہٕ</wf>
		<wf pos="NN">ڈَبَس</wf>
		<wf pos="PSP">منٛز</wf>
		<wf pos="NN">ژھۄٹھ</wf>
		<wf pos="VM">تراونہٕ</wf>
		<wf pos="RB">بجاے</wf>
		<wf pos="NN">ہُتین</wf>
		<wf pos="NN">ییٚتین</wf>
		<wf pos="NN">ژھۄٹھ</wf>
		<wf pos="VM">تراوان</wf>
		<wf pos="SYM">۔</wf>
	</sentence>
	<sentence s_id="93">
		<wf pos="PRP">میٲنِس</wf>
		<wf pos="NN">دِلَس</wf>
		<wf pos="PSP">مںٛز</wf>
		<wf pos="VAUX">چھِ</wf>
		<wf pos="PRP">تٔمۍ</wf>
		<wf pos="PSP">سٕںٛز</wf>
		<wf pos="QC">اکھ</wf>
		<wf pos="JJ">خاص</wf>
		<wf pos="NN" sense_id="1">جاے</wf>
		<wf pos="SYM">۔</wf>
	</sentence>
	<sentence s_id="94">
		<wf pos="CC">زا</wf>
		<wf pos="NN">شُرٮ۪ن</wf>
		<wf pos="VAUX">چھِ</wf>
		<wf pos="RB">اکثر</wf>
		<wf pos="JJ">سرٛان</wf>
		<wf pos="VM">کَرنہٕ</wf>
		<wf pos="RB">بَجاے</wf>
		<wf pos="NN">تٕژھ</wf>
		<wf pos="VM">یِوان</wf>
		<wf pos="PSP">کَرنہِ</wf>
		<wf pos="SYM">۔</wf>
	</sentence>
	<sentence s_id="95">
		<wf pos="NNPC">پاناجی</wf>
		<wf pos="NN">چھےاکھ</wf>
		<wf pos="JJ">لۄکٕٹ</wf>
		<wf pos="NN">وُچھنۍ</wf>
		<wf pos="PSP">لایق</wf>
		<wf pos="NN" sense_id="1">جاے</wf>
		<wf pos="SYM">۔</wf>
	</sentence>
	<sentence s_id="96">
		<wf pos="NNPC">اگرتلا</wf>
		<wf pos="VAUX">چھے</wf>
		<wf pos="NN">چکرٕ</wf>
		<wf pos="PSP">خٲطرٕ</wf>
		<wf pos="NN">اکتوٗبر</wf>
		<wf pos="PSP">پٮ۪ٹھ</wf>
		<wf pos="NN">مارچس</wf>
		<wf pos="PSP">تام</wf>
		<wf pos="JJ">صحیح</wf>
		<wf pos="NN" sense_id="2">جاے</wf>
		<wf pos="SYM">۔</wf>
	</sentence>
	<sentence s_id="97">
		<wf pos="NNP">بٔنِم</wf>
		<wf pos="NN" sense_id="3">جاے</wf>
		<wf pos="VAUX">چھے</wf>
		<wf pos="NN">ہوٚر</wf>
		<wf pos="RB">بون</wf>
		<wf pos="SYM">۔</wf>
	</sentence>
	<sentence s_id="98">
		<wf pos="DEM">یہِ</wf>
		<wf pos="NN">پیپل</wf>
		<wf pos="NN">کُل</wf>
		<wf pos="VAUX">چُھ</wf>
		<wf pos="NN">ژرِ</wf>
		<wf pos="PSP">ہنٛز</wf>
		<wf pos="NNC">چھپن</wf>
		<wf pos="NN" sense_id="1">جاے</wf>
		<wf pos="SYM">۔</wf>
	</sentence>
	<sentence s_id="99">
		<wf pos="NN">رکت</wf>
		<wf pos="NNPC">گت</wf>
		<wf pos="NNP">جور</wf>
		<wf pos="VAUX">چُھ</wf>
		<wf pos="NN">تپھ</wf>
		<wf pos="NN">لدس</wf>
		<wf pos="NN">خوٗنس</wf>
		<wf pos="PSP">منٛز</wf>
		<wf pos="NN" sense_id="1">جاے</wf>
		<wf pos="VM">کران</wf>
		<wf pos="SYM">۔</wf>
	</sentence>
	<sentence s_id="100">
		<wf pos="NN">أگیاری</wf>
		<wf pos="VAUX">چُھ</wf>
		<wf pos="PRP">پارسیٚن</wf>
		<wf pos="PSP">ہٕنٛدِ</wf>
		<wf pos="NN">عبادتٕچ</wf>
		<wf pos="NN" sense_id="1">جاے</wf>
		<wf pos="SYM">۔</wf>
	</sentence>
	<sentence s_id="101">
		<wf pos="NN">سَرکارَس</wf>
		<wf pos="VAUX">پَزِ</wf>
		<wf pos="PRP">سارنٕے</wf>
		<wf pos="PSP">ہِنٛدِ</wf>
		<wf pos="NN">فٲیدٕ</wf>
		<wf pos="PSP">خٲطرٕ</wf>
		<wf pos="NN">شہجار</wf>
		<wf pos="POW">دار</wf>
		<wf pos="NN" sense_id="1">جاے</wf>
		<wf pos="VM">بَناونہٕ</wf>
		<wf pos="PSP">خٲطرٕ</wf>
		<wf pos="NN">مٔعٲشی</wf>
		<wf pos="NN">مَدَد</wf>
		<wf pos="NN">دُین</wf>
		<wf pos="SYM">۔</wf>
	</sentence>
	<sentence s_id="102">
		<wf pos="NNP">کٔنِیاکُماری</wf>
		<wf pos="VAUX">چُھ</wf>
		<wf pos="QC">اَکھ</wf>
		<wf pos="JJ">مَشہوٗر</wf>
		<wf pos="NN">سَیاح</wf>
		<wf pos="NN" sense_id="1">جاے</wf>
		<wf pos="SYM">۔</wf>
	</sentence>
	<sentence s_id="103">
		<wf pos="NNP">شِملا</wf>
		<wf pos="VAUX">چھےٚ</wf>
		<wf pos="QC">اَکہ</wf>
		<wf pos="JJ">مَشہوٗر</wf>
		<wf pos="NN">سَیاح</wf>
		<wf pos="NN" sense_id="1">جاے</wf>
		<wf pos="SYM">۔</wf>
	</sentence>
	<sentence s_id="104">
		<wf pos="PRP">مےٚ</wf>
		<wf pos="VM">وَن</wf>
		<wf pos="PRP">کانٛہہ</wf>
		<wf pos="INTF">تِژھ</wf>
		<wf pos="NN" sense_id="1">جاے</wf>
		<wf pos="RB">ییٚتٮ۪ن</wf>
		<wf pos="NEG">نہٕ</wf>
		<wf pos="PRP">کانٛہہ</wf>
		<wf pos="NN">غَم</wf>
		<wf pos="JJ">زَد</wf>
		<wf pos="VAUX">آسہِ</wf>
		<wf pos="SYM">۔</wf>
	</sentence>
	<sentence s_id="105">
		<wf pos="NNP">وِرنٛداوَم</wf>
		<wf pos="VAUX">چھےٚ</wf>
		<wf pos="NN">کِرٛشَن</wf>
		<wf pos="NNP">بَگوان</wf>
		<wf pos="PSP">سٕنٛز</wf>
		<wf pos="NN">جَلوٕ</wf>
		<wf pos="NN">فَروشی</wf>
		<wf pos="PSP">ہٕنٛز</wf>
		<wf pos="NN" sense_id="4">جاے</wf>
		<wf pos="VM">روٗزمٕژ</wf>
		<wf pos="SYM">۔</wf>
	</sentence>
	<sentence s_id="106">
		<wf pos="NNP">جیروٗسَلَم</wf>
		<wf pos="VAUX">چھےٚ</wf>
		<wf pos="NN">یٔہوٗدِیَن،عیٖسٲیِیَن</wf>
		<wf pos="CC">تہٕ</wf>
		<wf pos="NN">مُسَلمانَن</wf>
		<wf pos="PSP">ہِنٛز</wf>
		<wf pos="NN">مُقَدَس</wf>
		<wf pos="NN" sense_id="4">جاے</wf>
		<wf pos="SYM">۔</wf>
	</sentence>
	<sentence s_id="107">
		<wf pos="RB">لاسا</wf>
		<wf pos="VAUX">چھِ</wf>
		<wf pos="NN">لامَن</wf>
		<wf pos="PSP">ہٕنٛز</wf>
		<wf pos="NN">مُٮقَدَس</wf>
		<wf pos="NN" sense_id="1">جاے</wf>
		<wf pos="SYM">۔</wf>
	</sentence>
	<sentence s_id="108">
		<wf pos="NN">زِنٛدٕگی</wf>
		<wf pos="PSP">مَنٛز</wf>
		<wf pos="VAUX">گَژھہِ</wf>
		<wf pos="NEG">نہٕ</wf>
		<wf pos="NN">سُستی</wf>
		<wf pos="PSP">خٲطرٕ</wf>
		<wf pos="NEG">کٕہۭنۍ</wf>
		<wf pos="RP">تہِ</wf>
		<wf pos="NN" sense_id="1">جاے</wf>
		<wf pos="PRP">آسٕنی</wf>
		<wf pos="SYM">۔</wf>
	</sentence>
	<sentence s_id="109">
		<wf pos="NN">پوربَنٛدر</wf>
		<wf pos="VAUX">چھےٚ</wf>
		<wf pos="VM">بابوٗجِیٕنۍ</wf>
		<wf pos="NN">زٮ۪نہٕ</wf>
		<wf pos="NN" sense_id="1">جاے</wf>
		<wf pos="SYM">۔</wf>
	</sentence>
	<sentence s_id="110">
		<wf pos="NN">زِنٛدَگی</wf>
		<wf pos="PSP">منٛز</wf>
		<wf pos="VAUX">گَژھنہٕ</wf>
		<wf pos="JJ">نااُمیٖدی</wf>
		<wf pos="PRP">کانٛہہ</wf>
		<wf pos="NN" sense_id="1">جاے</wf>
		<wf pos="VM">آسٕنۍ</wf>
		<wf pos="SYM">۔</wf>
	</sentence>
	<sentence s_id="111">
		<wf pos="DEM">یہِ</wf>
		<wf pos="VM">ترٛٲوِتھ</wf>
		<wf pos="NN">کَملٕۍ</wf>
		<wf pos="VAUX">چھےٚ</wf>
		<wf pos="NN">مَہاتھ</wf>
		<wf pos="VAUX">ما</wf>
		<wf pos="NNP">جی</wf>
		<wf pos="NEG">نہٕ</wf>
		<wf pos="PSP">خٲطرٕ</wf>
		<wf pos="NN">آرام</wf>
		<wf pos="NN" sense_id="1">جاے</wf>
		<wf pos="SYM">۔</wf>
	</sentence>
	<sentence s_id="112">
		<wf pos="DEM">یَتھ</wf>
		<wf pos="NN">کھیلہِ</wf>
		<wf pos="PSP">منٛز</wf>
		<wf pos="VAUX">میٛلے</wf>
		<wf pos="PRP">مےٚ</wf>
		<wf pos="QO">گۄڈنِچ</wf>
		<wf pos="NN" sense_id="6">جاے</wf>
		<wf pos="SYM">۔</wf>
	</sentence>
	<sentence s_id="113">
		<wf pos="NN">رہٲیش</wf>
		<wf pos="PSP">خٲطرٕ</wf>
		<wf pos="VAUX">چھے</wf>
		<wf pos="DEM">ییہ</wf>
		<wf pos="QC">جاےٚ</wf>
		<wf pos="JJ">واریاہ</wf>
		<wf pos="RB">اصل</wf>
		<wf pos="SYM">۔</wf>
	</sentence>
	<sentence s_id="114">
		<wf pos="PRP">کیٚنٛہہ</wf>
		<wf pos="NN">لُکھ</wf>
		<wf pos="VAUX">چھِ</wf>
		<wf pos="NN">دہشَت</wf>
		<wf pos="NN">گَردَن</wf>
		<wf pos="VM">کھوژنہٕ</wf>
		<wf pos="RB">ورٲے</wf>
		<wf pos="RB">ژوٗرِ</wf>
		<wf pos="RB">ژوٗرِ</wf>
		<wf pos="NN" sense_id="1">جاے</wf>
		<wf pos="VM">دِوان</wf>
		<wf pos="SYM">۔</wf>
	</sentence>
	<sentence s_id="115">
		<wf pos="NN">پونٛسہٕ</wf>
		<wf pos="VAUX">چُھ</wf>
		<wf pos="JJ">ہَر</wf>
		<wf pos="NN" sense_id="1">جاے</wf>
		<wf pos="NNPC">غٲلِب</wf>
		<wf pos="VM">گَژھان</wf>
		<wf pos="SYM">۔</wf>
	</sentence>
	<sentence s_id="116">
		<wf pos="PRP">بہٕ</wf>
		<wf pos="VAUX">چُھس</wf>
		<wf pos="VM">پَنٛنہٕ</wf>
		<wf pos="NN" sense_id="1">جاے</wf>
		<wf pos="PSP">پٮ۪ٹھ</wf>
		<wf pos="NN">کھڑا،</wf>
		<wf pos="NN">چانہٕ</wf>
		<wf pos="NN" sense_id="1">جاے</wf>
		<wf pos="PSP">پٮ۪ٹھ</wf>
		<wf pos="NEG">نہٕ</wf>
		<wf pos="PRP">کیٚنٛہہ</wf>
		<wf pos="SYM">۔</wf>
	</sentence>
	<sentence s_id="117">
		<wf pos="PRP">تٔمۍ</wf>
		<wf pos="VM">بَنوو</wf>
		<wf pos="DEM">یہِ</wf>
		<wf pos="NN">محل</wf>
		<wf pos="PRP">پَنٕنۍ</wf>
		<wf pos="VM">روزَن</wf>
		<wf pos="NN" sense_id="1">جاے</wf>
		<wf pos="SYM">۔</wf>
	</sentence>
	<sentence s_id="118">
		<wf pos="NNP">راجِستٲنۍ</wf>
		<wf pos="VAUX">لُکہِ</wf>
		<wf pos="NN">موسیٖقی</wf>
		<wf pos="PSP">ہِنٛدٮ۪ن</wf>
		<wf pos="NN">آلَن</wf>
		<wf pos="PSP">منٛز</wf>
		<wf pos="VAUX">چُھ</wf>
		<wf pos="NN">جوٗگۍ</wf>
		<wf pos="VM">سارٔنٛگہِ</wf>
		<wf pos="QC">اَکھ</wf>
		<wf pos="JJ">اَہَم</wf>
		<wf pos="NN" sense_id="1">جاے</wf>
		<wf pos="SYM">۔</wf>
	</sentence>
	<sentence s_id="119">
		<wf pos="NNP">راج</wf>
		<wf pos="NN">گاٹھ</wf>
		<wf pos="VAUX">چھےٚ</wf>
		<wf pos="QC">اَکھ</wf>
		<wf pos="NN">وٕچھنَس</wf>
		<wf pos="PSP">لایَق</wf>
		<wf pos="NN" sense_id="1">جاے</wf>
		<wf pos="SYM">۔</wf>
	</sentence>
	<sentence s_id="120">
		<wf pos="NN">تیٖراَنٛدٲزی</wf>
		<wf pos="PSP">منٛز</wf>
		<wf pos="VM">کٔر</wf>
		<wf pos="PRP">تٔمۍ</wf>
		<wf pos="QO">گۄڈنٕچ</wf>
		<wf pos="NN" sense_id="1">جاے</wf>
		<wf pos="VM">حٲصِل</wf>
		<wf pos="SYM">۔</wf>
	</sentence>
	<sentence s_id="121">
		<wf pos="NN">سوہر</wf>
		<wf pos="VAUX">چھےٚ</wf>
		<wf pos="PRP">سۄ</wf>
		<wf pos="NN" sense_id="3">جاے</wf>
		<wf pos="RB">ییٚتہِ</wf>
		<wf pos="NN">سِنٛدباد</wf>
		<wf pos="VM">زاو</wf>
		<wf pos="SYM">۔</wf>
	</sentence>
	<sentence s_id="122">
		<wf pos="DEM">یہِ</wf>
		<wf pos="NN" sense_id="4">جاے</wf>
		<wf pos="VAUX">چھےٚ</wf>
		<wf pos="NN">سارسوَتَن</wf>
		<wf pos="PSP">خٲطرٕ</wf>
		<wf pos="JJ">بَنٛد</wf>
		<wf pos="SYM">۔</wf>
	</sentence>
	<sentence s_id="123">
		<wf pos="PRP">تٔمۍ</wf>
		<wf pos="PSP">سٕنٛز</wf>
		<wf pos="NN">روزن</wf>
		<wf pos="NN" sense_id="1">جاے</wf>
		<wf pos="NN">کَتہِ</wf>
		<wf pos="VAUX">چھےٚ</wf>
		<wf pos="SYM">۔</wf>
	</sentence>
	<sentence s_id="124">
		<wf pos="NN">مہربٲنی</wf>
		<wf pos="RB">کٔرتھ</wf>
		<wf pos="POW">دیو</wf>
		<wf pos="PRP">مےٚ</wf>
		<wf pos="PRP">کُنہِ</wf>
		<wf pos="RP">تہِ</wf>
		<wf pos="NN">روزن</wf>
		<wf pos="NN" sense_id="1">جاے</wf>
		<wf pos="SYM">۔</wf>
	</sentence>
	<sentence s_id="125">
		<wf pos="NN">ونہِ</wf>
		<wf pos="RP">تہِ</wf>
		<wf pos="NEG">چَھنہٕ</wf>
		<wf pos="VAUX">آسہِ</wf>
		<wf pos="RB">ییٚتہِ</wf>
		<wf pos="NN">روزن</wf>
		<wf pos="NN" sense_id="1">جاے</wf>
		<wf pos="SYM">۔</wf>
	</sentence>
	<sentence s_id="126">
		<wf pos="DEM">یہِ</wf>
		<wf pos="NN" sense_id="1">جاے</wf>
		<wf pos="VAUX">چھےٚ</wf>
		<wf pos="JJ">کم</wf>
		<wf pos="NN">تَھزَرس</wf>
		<wf pos="PSP">پٮ۪ٹھ</wf>
		<wf pos="SYM">۔</wf>
	</sentence>
	<sentence s_id="127">
		<wf pos="NNC">ییژِ</wf>
		<wf pos="NN">بِرِ</wf>
		<wf pos="PSP">منٛز</wf>
		<wf pos="NN">کَڑٕ</wf>
		<wf pos="PRP">تٔمۍ</wf>
		<wf pos="NN">زَبَردٔستی</wf>
		<wf pos="NN" sense_id="4">جاے</wf>
		<wf pos="CC">تہٕ</wf>
		<wf pos="VM">اوٚنُن</wf>
		<wf pos="JJ">فارَم</wf>
		<wf pos="SYM">۔</wf>
	</sentence>
	<sentence s_id="128">
		<wf pos="NNC">یٖژِ</wf>
		<wf pos="NN">زیچھِ</wf>
		<wf pos="NN">لٲنہِ</wf>
		<wf pos="PSP">منٛز</wf>
		<wf pos="JJ">کٔڑ</wf>
		<wf pos="PRP">تٔمۍ</wf>
		<wf pos="NN">ذبردٔستی</wf>
		<wf pos="PRP">پانَس</wf>
		<wf pos="PSP">خٲطرٕ</wf>
		<wf pos="NN" sense_id="5">جاے</wf>
		<wf pos="SYM">۔</wf>
	</sentence>
	<sentence s_id="129">
		<wf pos="PRP">سۄ</wf>
		<wf pos="VAUX">چھےٚ</wf>
		<wf pos="JJ">جان</wf>
		<wf pos="NN" sense_id="1">جاے</wf>
		<wf pos="PRP">اَسہِ</wf>
		<wf pos="VAUX">پَزِ</wf>
		<wf pos="DEM">تَتھ</wf>
		<wf pos="NN">مُعاینہٕ</wf>
		<wf pos="VM">کرُن</wf>
		<wf pos="SYM">۔</wf>
	</sentence>
	<sentence s_id="130">
		<wf pos="PRP">مےٚ</wf>
		<wf pos="VAUX">چھےٚ</wf>
		<wf pos="VM">کَھران</wf>
		<wf pos="PRP">سۄ</wf>
		<wf pos="NN">مایوٗس</wf>
		<wf pos="VM">کُن</wf>
		<wf pos="NN" sense_id="3">جاے</wf>
		<wf pos="SYM">۔</wf>
	</sentence>
	<sentence s_id="131">
		<wf pos="DEM">یہِ</wf>
		<wf pos="NN" sense_id="3">جاے</wf>
		<wf pos="PSP">چھےٛ</wf>
		<wf pos="QC">۵٠٠٠</wf>
		<wf pos="NN">میٹرٕکس</wf>
		<wf pos="NN">تھزرس</wf>
		<wf pos="PSP">پٮ۪ٹھ</wf>
		<wf pos="SYM">۔</wf>
	</sentence>
	<sentence s_id="132">
		<wf pos="PRP">تٔمۍ</wf>
		<wf pos="NN">کوٛر</wf>
		<wf pos="VM">خٲلی</wf>
		<wf pos="JJ">سٲرٕے</wf>
		<wf pos="NN" sense_id="1">جاے</wf>
		<wf pos="SYM">۔</wf>
	</sentence>
	<sentence s_id="133">
		<wf pos="DEM">یہِ</wf>
		<wf pos="NN" sense_id="1">جاے</wf>
		<wf pos="WQ">کر</wf>
		<wf pos="VM">یِیہِ</wf>
		<wf pos="PRP">کَھننہٕ</wf>
		<wf pos="SYM">۔</wf>
	</sentence>
	<sentence s_id="134">
		<wf pos="DEM">یہِ</wf>
		<wf pos="VAUX">چھےٚ</wf>
		<wf pos="NN">نَنَن</wf>
		<wf pos="PSP">ہِنٛز</wf>
		<wf pos="VM">روزنٕچ</wf>
		<wf pos="NN" sense_id="1">جاے</wf>
		<wf pos="SYM">۔</wf>
	</sentence>
	<sentence s_id="135">
		<wf pos="PRP">تٔمۍ</wf>
		<wf pos="PSP">سٕنٛز</wf>
		<wf pos="NN">روزن</wf>
		<wf pos="NN" sense_id="1">جاے</wf>
		<wf pos="NN">کَتہِ</wf>
		<wf pos="VAUX">چھےٚ</wf>
		<wf pos="SYM">۔</wf>
	</sentence>
	<sentence s_id="136">
		<wf pos="JJ">سٲرٕے</wf>
		<wf pos="NN" sense_id="1">جاے</wf>
		<wf pos="VAUX">ٲسۍ</wf>
		<wf pos="VM">دزان</wf>
		<wf pos="SYM">۔</wf>
	</sentence>
	<sentence s_id="137">
		<wf pos="PRP">سُہ</wf>
		<wf pos="VM">ووت</wf>
		<wf pos="VM">پَنٛنہٕ</wf>
		<wf pos="NN" sense_id="1">جاے</wf>
		<wf pos="RB">ژیٖرۍ</wf>
		<wf pos="SYM">۔</wf>
	</sentence>
	<sentence s_id="138">
		<wf pos="CC">اگر</wf>
		<wf pos="NEG">نہٕ</wf>
		<wf pos="PRP">مے</wf>
		<wf pos="NN">ٛ</wf>
		<wf pos="PRP">سُہ</wf>
		<wf pos="JJ">جوش</wf>
		<wf pos="VAUX">دِیہا</wf>
		<wf pos="PRP">بہٕ</wf>
		<wf pos="VAUX">ہٮ۪کہا</wf>
		<wf pos="NEG">نہٕ</wf>
		<wf pos="NN" sense_id="1">جاے</wf>
		<wf pos="VM">کٔڑتھ</wf>
		<wf pos="SYM">۔</wf>
	</sentence>
	<sentence s_id="139">
		<wf pos="NNP">گر</wf>
		<wf pos="NEG">نہٕ</wf>
		<wf pos="PRP">مے</wf>
		<wf pos="NN">ٛ</wf>
		<wf pos="PRP">سُہ</wf>
		<wf pos="NN">پونٛس</wf>
		<wf pos="VAUX">دِیہا</wf>
		<wf pos="PRP">بہٕ</wf>
		<wf pos="VAUX">ہٮ۪کہا</wf>
		<wf pos="NEG">نہٕ</wf>
		<wf pos="NN" sense_id="1">جاے</wf>
		<wf pos="VM">بناتٔھ</wf>
		<wf pos="SYM">۔</wf>
	</sentence>

</contextfile>