<?xml version="1.0" ?>
<contextfile filename="جان" fileno="52">
	<sentence s_id="1">
		<wf pos="JJ">ترقیٲتی</wf>
		<wf pos="NN">منصوٗبن</wf>
		<wf pos="PSP">پٮ۪ٹھ</wf>
		<wf pos="VM">تھٮ۪کناوُن</wf>
		<wf pos="VAUX">گٔے</wf>
		<wf pos="JJ" sense_id="1">جان</wf>
		<wf pos="NN">کتھا</wf>
		<wf pos="CC">مگر</wf>
		<wf pos="JJ">بنٲدے</wf>
		<wf pos="NN">سہولت</wf>
		<wf pos="NN">لُکن</wf>
		<wf pos="NN">آیہتن</wf>
		<wf pos="VM">تھاونس</wf>
		<wf pos="PSP">منٛز</wf>
		<wf pos="JJ">ناکام</wf>
		<wf pos="VM">گَژُھن</wf>
		<wf pos="WQ">کتہِ</wf>
		<wf pos="VM">گوو</wf>
		<wf pos="NN">لوٗکن</wf>
		<wf pos="PSP">ہُند</wf>
		<wf pos="NN">ژُک</wf>
		<wf pos="VM">آسُن</wf>
		<wf pos="SYM">۔</wf>
	</sentence>
	<sentence s_id="2">
		<wf pos="NNP">ہندُستٲنۍ</wf>
		<wf pos="NNC">كركٹ</wf>
		<wf pos="NN">ٹیم</wf>
		<wf pos="VAUX">چھٚے</wf>
		<wf pos="JJ">بداخلاق,</wf>
		<wf pos="NNPC">سورَو</wf>
		<wf pos="NNP">گنگولی</wf>
		<wf pos="JJ">بٚےایمانن</wf>
		<wf pos="PSP">ہُند</wf>
		<wf pos="NN">بَب</wf>
		<wf pos="RP">شری</wf>
		<wf pos="NNP">سنتھ</wf>
		<wf pos="VAUX">چُھ</wf>
		<wf pos="NEG">نہٕ</wf>
		<wf pos="JJ" sense_id="1">جان</wf>
		<wf pos="SYM">۔</wf>
	</sentence>
	<sentence s_id="3">
		<wf pos="NNP">آسٹریلیا</wf>
		<wf pos="PSP">ہٕكۍ</wf>
		<wf pos="QC">ٲكۍ</wf>
		<wf pos="JJ">معروٗف</wf>
		<wf pos="NN">اخبارَن</wf>
		<wf pos="VAUX">چُھ</wf>
		<wf pos="DEM">یٚیمہِ</wf>
		<wf pos="NN">كتھِ</wf>
		<wf pos="PSP">ہُند</wf>
		<wf pos="NN">اِكشاف</wf>
		<wf pos="VM">كٚورمُت</wf>
		<wf pos="RP">زِ</wf>
		<wf pos="RB">پٔتۍ</wf>
		<wf pos="POW">مٮ۪ن</wf>
		<wf pos="JJ">كینٚژَن</wf>
		<wf pos="NN">دٕہۍلٮ۪ن</wf>
		<wf pos="PSP">منٛز</wf>
		<wf pos="VAUX">چھٚے</wf>
		<wf pos="NNP">ہندُستٲنۍ</wf>
		<wf pos="NNC">كركٹ</wf>
		<wf pos="NN">ٹیٖم</wf>
		<wf pos="JJ">سارِوٕے</wf>
		<wf pos="RP">كھۄتہٕ</wf>
		<wf pos="JJ" sense_id="1">جان</wf>
		<wf pos="NN">ٹیٖم</wf>
		<wf pos="NN">ثٲبِت</wf>
		<wf pos="DEM">گٲمٕژ</wf>
		<wf pos="SYM">۔</wf>
	</sentence>
	<sentence s_id="4">
		<wf pos="NN">منگتہٕ</wf>
		<wf pos="VM">اَننہٕ</wf>
		<wf pos="NN">وِزِ</wf>
		<wf pos="VAUX">چِھ</wf>
		<wf pos="NNP">بَٹَن</wf>
		<wf pos="PSP">مَنٛز</wf>
		<wf pos="NN">کۄل</wf>
		<wf pos="CC">تہٕ</wf>
		<wf pos="NN">گُتھٕر</wf>
		<wf pos="RB">ضو٘روٗر</wf>
		<wf pos="VM">وُچھان</wf>
		<wf pos="JJ" sense_id="1">جان</wf>
		<wf pos="NNP">کۄلُک</wf>
		<wf pos="CC">تہٕ</wf>
		<wf pos="NNP">سۄگتھرِیُک</wf>
		<wf pos="NN">پۄتُھر</wf>
		<wf pos="VAUX">چِھ</wf>
		<wf pos="INTF">بَڈٕ</wf>
		<wf pos="RB">چاوٕ</wf>
		<wf pos="POW">سان</wf>
		<wf pos="CC">تہٕ</wf>
		<wf pos="NN">طوالٔژ</wf>
		<wf pos="RB">بغٲر</wf>
		<wf pos="VAUX">یِوان</wf>
		<wf pos="VM">اَننہٕ</wf>
		<wf pos="SYM">۔</wf>
	</sentence>
	<sentence s_id="5">
		<wf pos="NNP">مُسَلمانَن</wf>
		<wf pos="PSP">مَنٛز</wf>
		<wf pos="RP">تِہ</wf>
		<wf pos="VAUX">چُھ</wf>
		<wf pos="PRP">کانٛہہ</wf>
		<wf pos="RDP">کانٛہہ</wf>
		<wf pos="VM">وٕچھان</wf>
		<wf pos="DEM">زِ</wf>
		<wf pos="NN">بَچِہ</wf>
		<wf pos="VAUX">چَھ</wf>
		<wf pos="JJ" sense_id="1">جان</wf>
		<wf pos="NN">گَرُک</wf>
		<wf pos="CC">کنِہ</wf>
		<wf pos="NEG">نَہ</wf>
		<wf pos="RB">پَتہٕ</wf>
		<wf pos="VAUX">چِھ</wf>
		<wf pos="PRP">تٔسۍ</wf>
		<wf pos="NN">بَچَس</wf>
		<wf pos="NN">مَنٛگتہٕ</wf>
		<wf pos="VM">اَنان</wf>
		<wf pos="PRP">یُس</wf>
		<wf pos="PRP">تِمَن</wf>
		<wf pos="VM">باسان</wf>
		<wf pos="VAUX">چُھ</wf>
		<wf pos="JJ">اَصلِہ،</wf>
		<wf pos="NN">گھَرُک</wf>
		<wf pos="CC">،مَگَر</wf>
		<wf pos="RB">اَکثَر</wf>
		<wf pos="NN">لوٗکھ</wf>
		<wf pos="NEG">چِھنہٕ</wf>
		<wf pos="VM">وٕچھان</wf>
		<wf pos="DEM">یِم</wf>
		<wf pos="NN">چیٖز</wf>
		<wf pos="SYM">۔</wf>
	</sentence>
	<sentence s_id="6">
		<wf pos="NN">وازٕ</wf>
		<wf pos="JJ">بِچور</wf>
		<wf pos="VAUX">چُھ</wf>
		<wf pos="NN">وُرِ</wf>
		<wf pos="PSP">تَل</wf>
		<wf pos="VM">پرٛاران</wf>
		<wf pos="VAUX">آسان</wf>
		<wf pos="CC">زِ</wf>
		<wf pos="RB">کر</wf>
		<wf pos="VM">واتٮ۪م</wf>
		<wf pos="NNP">بَتہٕ</wf>
		<wf pos="VM">کھارنُک</wf>
		<wf pos="NN">ناد</wf>
		<wf pos="RB">ٲخرٕ</wf>
		<wf pos="PRP">تَس</wf>
		<wf pos="VAUX">چھیٚہ</wf>
		<wf pos="NNC">گوٚبرٕ</wf>
		<wf pos="NN">مٲلۍ</wf>
		<wf pos="PSP">سٕنٛدِ</wf>
		<wf pos="PSP">طَرفہٕ</wf>
		<wf pos="JJ" sense_id="1">جان</wf>
		<wf pos="NN">بَخشٲیِشا</wf>
		<wf pos="VM">تَران</wf>
		<wf pos="SYM">۔</wf>
	</sentence>
	<sentence s_id="7">
		<wf pos="NNPC">گدھا</wf>
		<wf pos="NNP">دَرَن</wf>
		<wf pos="VAUX">چھیٚہ</wf>
		<wf pos="NNP">پارسکر</wf>
		<wf pos="NNPC">گریٚہہ</wf>
		<wf pos="NN">سوٗترس</wf>
		<wf pos="PSP">منٛز</wf>
		<wf pos="NNPC">دَیہِ</wf>
		<wf pos="NNP">بَتہٕ</wf>
		<wf pos="NN">رَسمٕچ</wf>
		<wf pos="JJ" sense_id="2">جان</wf>
		<wf pos="POW">پٲٹھۍ</wf>
		<wf pos="NN">وَکھنَے</wf>
		<wf pos="VM">کٔرمٕژ</wf>
		<wf pos="SYM">۔</wf>
	</sentence>
	<sentence s_id="8">
		<wf pos="NN">داجَس</wf>
		<wf pos="PSP">سۭتۍ</wf>
		<wf pos="VAUX">چُھ</wf>
		<wf pos="VM">یِوان</wf>
		<wf pos="NN">مٲلۍ</wf>
		<wf pos="PSP">سُند</wf>
		<wf pos="NN">گَرٕ</wf>
		<wf pos="NN">بَتہٕ</wf>
		<wf pos="NN">سیُن</wf>
		<wf pos="VM">سوزنہٕ</wf>
		<wf pos="DEM">یہِ</wf>
		<wf pos="VAUX">چُھ</wf>
		<wf pos="VM">آسان</wf>
		<wf pos="QF">توٚلہٕ</wf>
		<wf pos="NN">بُہرٛیا</wf>
		<wf pos="CC">تہٕ</wf>
		<wf pos="NN">سِنۍ</wf>
		<wf pos="QF">دیگا</wf>
		<wf pos="RB">باقٕے</wf>
		<wf pos="JJ" sense_id="2">جان</wf>
		<wf pos="RDP">جان</wf>
		<wf pos="NN">سِنۍ</wf>
		<wf pos="VAUX">چِھ</wf>
		<wf pos="VM">آسان</wf>
		<wf pos="JJ">الگ</wf>
		<wf pos="RDP">الگ</wf>
		<wf pos="NN">بانَن</wf>
		<wf pos="PSP">منز</wf>
		<wf pos="SYM">۔</wf>
	</sentence>
	<sentence s_id="9">
		<wf pos="NN">ہَفتَس</wf>
		<wf pos="QC">أکس</wf>
		<wf pos="VAUX">چھیٚہ</wf>
		<wf pos="NN">نۄش</wf>
		<wf pos="VM">روزان</wf>
		<wf pos="NNC">وٲرِو</wf>
		<wf pos="NN">گَرِ</wf>
		<wf pos="NN">پَلَنگَس</wf>
		<wf pos="PSP">پٮ۪ٹھ</wf>
		<wf pos="INTF">بَڈٕ</wf>
		<wf pos="RB">وَضہہٕ</wf>
		<wf pos="PSP">سان</wf>
		<wf pos="JJ">رُت</wf>
		<wf pos="NN">ساتھ</wf>
		<wf pos="VM">وُچھِتھ</wf>
		<wf pos="VAUX">چُھ</wf>
		<wf pos="NN">گَریُک</wf>
		<wf pos="NN">خاندار</wf>
		<wf pos="NN">بازر</wf>
		<wf pos="VM">نیران</wf>
		<wf pos="CC">تہٕ</wf>
		<wf pos="JJ" sense_id="2">جان</wf>
		<wf pos="RP">پَہَن</wf>
		<wf pos="NN">ژۄچہِ</wf>
		<wf pos="RP">ہَنا</wf>
		<wf pos="NN">دۄدٕ</wf>
		<wf pos="RP">ہَنا</wf>
		<wf pos="NN">بیترِ</wf>
		<wf pos="NN">گَرٕ</wf>
		<wf pos="VM">اَنان</wf>
		<wf pos="CC">تہٕ</wf>
		<wf pos="NN">نۄشہِ</wf>
		<wf pos="VM">وَنان</wf>
		<wf pos="NN">چاے</wf>
		<wf pos="VM">بَناونہٕ</wf>
		<wf pos="PSP">خٲطرٕ</wf>
		<wf pos="SYM">۔</wf>
	</sentence>
	<sentence s_id="10">
		<wf pos="NNP">شانٛدٕکر</wf>
		<wf pos="NN">ٹرنکس</wf>
		<wf pos="PSP">منز</wf>
		<wf pos="VM">تھٲوۍمٕتٮ۪ن</wf>
		<wf pos="NN">سوٗٹَن</wf>
		<wf pos="PSP">منز</wf>
		<wf pos="VAUX">چُھ</wf>
		<wf pos="NN">زٲم</wf>
		<wf pos="PSP">ہٕنٛدِ</wf>
		<wf pos="PSP">خٲطرٕ</wf>
		<wf pos="JJ" sense_id="2">جان</wf>
		<wf pos="NN">زَربافہٕ</wf>
		<wf pos="QF">چھَلاہ</wf>
		<wf pos="VM">تھاونہٕ</wf>
		<wf pos="VAUX">یِوان</wf>
		<wf pos="SYM">۔</wf>
	</sentence>
	<sentence s_id="11">
		<wf pos="RB">وۄنۍ</wf>
		<wf pos="NEG">نہ</wf>
		<wf pos="VAUX">روٗد</wf>
		<wf pos="PRP">کنہِ</wf>
		<wf pos="NN">زَرباف</wf>
		<wf pos="CC">تہٕ</wf>
		<wf pos="NEG">نہ</wf>
		<wf pos="NN">کیمخاب</wf>
		<wf pos="RB">وۄنۍ</wf>
		<wf pos="VAUX">چِھ</wf>
		<wf pos="DEM">اَمہِ</wf>
		<wf pos="PSP">بَدلہٕ</wf>
		<wf pos="JJ" sense_id="2">جان</wf>
		<wf pos="RP">پَہَن</wf>
		<wf pos="NN">دوتہِ</wf>
		<wf pos="NN">سوٗٹھاہ</wf>
		<wf pos="VAUX">یِوان</wf>
		<wf pos="NN">زٲم</wf>
		<wf pos="PSP">ہٕنٛدِ</wf>
		<wf pos="PSP">خٲطرٕ</wf>
		<wf pos="NN">ٹرنکس</wf>
		<wf pos="PSP">منٛز</wf>
		<wf pos="VM">تھاونہٕ</wf>
		<wf pos="CC">تہٕ</wf>
		<wf pos="NN">ٹرنک</wf>
		<wf pos="VM">ہاونہٕ</wf>
		<wf pos="NN">وِزِ</wf>
		<wf pos="VAUX">چُھ</wf>
		<wf pos="DEM">یہِ</wf>
		<wf pos="NN">سوٗٹھ</wf>
		<wf pos="NN">شاندٕکرِ</wf>
		<wf pos="RB">بَجایہِ</wf>
		<wf pos="NN">زٲم</wf>
		<wf pos="VAUX">یِوان</wf>
		<wf pos="VM">دِنہٕ</wf>
		<wf pos="SYM">۔</wf>
	</sentence>
	<sentence s_id="12">
		<wf pos="QC">ژۄدٲہمِہ</wf>
		<wf pos="NN">صٔدی</wf>
		<wf pos="PSP">ہٕنٛدِس</wf>
		<wf pos="QC">ژوٗرۍ</wf>
		<wf pos="POW">مِس</wf>
		<wf pos="NN">دٔہۍلِس</wf>
		<wf pos="PSP">کیت</wf>
		<wf pos="VAUX">گۄو</wf>
		<wf pos="NNP">کٔشیٖر</wf>
		<wf pos="PSP">منٛز</wf>
		<wf pos="NN">دورِ</wf>
		<wf pos="NNP">سلاطینُک</wf>
		<wf pos="NN">آغاز</wf>
		<wf pos="NNP">مُسلمان</wf>
		<wf pos="NN">کٲرۍگرَو</wf>
		<wf pos="CC">یوٚدوے</wf>
		<wf pos="NN">تعمیٖر</wf>
		<wf pos="RB">یسلہٕ</wf>
		<wf pos="POW">پٲٹھۍ</wf>
		<wf pos="NN">لٔکٕر</wf>
		<wf pos="VM">لٲج</wf>
		<wf pos="CC">اَماپوٚز</wf>
		<wf pos="NNC">میر</wf>
		<wf pos="NN">کامِہ</wf>
		<wf pos="CC">تہٕ</wf>
		<wf pos="NN">کنۍن</wf>
		<wf pos="PSP">ہٕنٛدی</wf>
		<wf pos="PRP">کینٛہہ</wf>
		<wf pos="JJ" sense_id="3">جان</wf>
		<wf pos="NN">تعمیٖر</wf>
		<wf pos="RP">تِہ</wf>
		<wf pos="VM">آے</wf>
		<wf pos="DEM">أتھۍ</wf>
		<wf pos="NN">دورس</wf>
		<wf pos="PSP">منٛز</wf>
		<wf pos="NN">بارسَس</wf>
		<wf pos="SYM">۔</wf>
	</sentence>
	<sentence s_id="13">
		<wf pos="PRP">کنِہ</wf>
		<wf pos="RP">تِہ</wf>
		<wf pos="NN">ادبُک</wf>
		<wf pos="NN">تواریٖخ</wf>
		<wf pos="JJ" sense_id="2">جان</wf>
		<wf pos="RB">پٲٹھۍ</wf>
		<wf pos="VM">پرنہٕ</wf>
		<wf pos="CC">تہٕ</wf>
		<wf pos="VM">سمجنہٕ</wf>
		<wf pos="PSP">خٲطرٕ</wf>
		<wf pos="VAUX">چُھ</wf>
		<wf pos="JJ">ضوروٗری</wf>
		<wf pos="DEM">زِ</wf>
		<wf pos="DEM">تتھ</wf>
		<wf pos="VM">کرو</wf>
		<wf pos="CC">یا</wf>
		<wf pos="NN">زمانٕہ</wf>
		<wf pos="PSP">لحاظٕ</wf>
		<wf pos="CC">یا</wf>
		<wf pos="RP">تہٕ</wf>
		<wf pos="NN">ادمیَن</wf>
		<wf pos="CC">تہٕ</wf>
		<wf pos="NN">اَدبٕچِہ</wf>
		<wf pos="NN">نَہبہ</wf>
		<wf pos="PSP">مُطٲبق</wf>
		<wf pos="NN">حِصہٕباگے</wf>
		<wf pos="SYM">۔</wf>
	</sentence>
	<sentence s_id="14">
		<wf pos="NN">تٕرکہٕؤٹ</wf>
		<wf pos="VAUX">چُھ</wf>
		<wf pos="NN">اَندِتہِ</wf>
		<wf pos="RP">کھۄتہٕ</wf>
		<wf pos="JJ" sense_id="3">جان</wf>
		<wf pos="NN">قٕسٕم</wf>
		<wf pos="NN">خاندر</wf>
		<wf pos="VAUX">یِوان</wf>
		<wf pos="VM">ماننہٕ</wf>
		<wf pos="CC">تہِکیازِ</wf>
		<wf pos="DEM">اَمہِ</wf>
		<wf pos="NN">قسمٕکس</wf>
		<wf pos="NN">خاندرَس</wf>
		<wf pos="PSP">منٛز</wf>
		<wf pos="VAUX">چھیٚہ</wf>
		<wf pos="QC">اَکہِ</wf>
		<wf pos="NN">گرٕچ</wf>
		<wf pos="NN">کوٗر</wf>
		<wf pos="QC">دوٚیمِس</wf>
		<wf pos="NN">گرس</wf>
		<wf pos="VM">گژھان</wf>
		<wf pos="CC">تہٕ</wf>
		<wf pos="NN">نۄش</wf>
		<wf pos="QC">ترٛییٚمہِ</wf>
		<wf pos="VAUX">یِوان</wf>
		<wf pos="VM">اَننہٕ</wf>
		<wf pos="SYM">۔</wf>
	</sentence>
	<sentence s_id="15">
		<wf pos="NN">خاندرٕ</wf>
		<wf pos="RB">برٛۄنہہ</wf>
		<wf pos="RP">پَہَن</wf>
		<wf pos="PRP">کینٛہہ</wf>
		<wf pos="NN">دۄہ</wf>
		<wf pos="VAUX">چُھ</wf>
		<wf pos="JJ" sense_id="4">جان</wf>
		<wf pos="RP">پَہَن</wf>
		<wf pos="NN">ساتھاہ</wf>
		<wf pos="VAUX">یِوان</wf>
		<wf pos="VM">وُچھناوٕ</wf>
		<wf pos="CC">تہٕ</wf>
		<wf pos="DEM">اَمہِ</wf>
		<wf pos="NN">دۄہہٕ</wf>
		<wf pos="VAUX">چھ</wf>
		<wf pos="RB">نزدیٖکٕکۍ</wf>
		<wf pos="NNC">انگ</wf>
		<wf pos="NN">ٲشناو</wf>
		<wf pos="PSP">بایہِ</wf>
		<wf pos="VAUX">یِوان</wf>
		<wf pos="CC">تہٕ</wf>
		<wf pos="NNC">حق</wf>
		<wf pos="NN">ہَمسٲے</wf>
		<wf pos="PSP">بایہِ</wf>
		<wf pos="VM">یِوان</wf>
		<wf pos="CC">تہٕ</wf>
		<wf pos="NN">توٚمُل</wf>
		<wf pos="VM">ژَھٹان</wf>
		<wf pos="CC">تہٕ</wf>
		<wf pos="DEM">یہِ</wf>
		<wf pos="VM">ژٔھٹٮ۪تھ</wf>
		<wf pos="VM">شیٖرِتھ</wf>
		<wf pos="JJ">الگ</wf>
		<wf pos="RDP">الگ</wf>
		<wf pos="NN">بانَن</wf>
		<wf pos="PSP">منٛز</wf>
		<wf pos="VM">تھاوان</wf>
		<wf pos="SYM">۔</wf>
	</sentence>
	<sentence s_id="16">
		<wf pos="JJ">سارِوٕے</wf>
		<wf pos="RP">کھۄتہٕ</wf>
		<wf pos="JJ">صاف</wf>
		<wf pos="CC">تہٕ</wf>
		<wf pos="JJ" sense_id="5">جان</wf>
		<wf pos="NN">توٚمُل</wf>
		<wf pos="VAUX">چِھ</wf>
		<wf pos="NN">کورِۍ</wf>
		<wf pos="PSP">وٲلۍ</wf>
		<wf pos="NN">برٲژِ</wf>
		<wf pos="PSP">خٲطرٕ</wf>
		<wf pos="VM">تھاوان</wf>
		<wf pos="SYM">۔</wf>
	</sentence>
	<sentence s_id="17">
		<wf pos="NN">توٚمُل</wf>
		<wf pos="VM">ژَھٹنک</wf>
		<wf pos="NN">دۄہہٕ</wf>
		<wf pos="VAUX">چھیٚہ</wf>
		<wf pos="VM">یِوان</wf>
		<wf pos="NN">توٚمُل</wf>
		<wf pos="VM">ژَھٹَن</wf>
		<wf pos="PSP">واجنٮ۪ن</wf>
		<wf pos="JJ" sense_id="3">جان</wf>
		<wf pos="NN">چایاہ</wf>
		<wf pos="NN">ژوٚٹاہ</wf>
		<wf pos="VM">دِنہٕ</wf>
		<wf pos="CC">تہٕ</wf>
		<wf pos="PRP">تِمہٕ</wf>
		<wf pos="NN">خۄش</wf>
		<wf pos="VM">کرنہٕ</wf>
		<wf pos="SYM">۔</wf>
	</sentence>
	<sentence s_id="18">
		<wf pos="PRP">أمِس</wf>
		<wf pos="VAUX">چُھ</wf>
		<wf pos="VM">یِوان</wf>
		<wf pos="NN">دۄداہ</wf>
		<wf pos="NN">قہواہ</wf>
		<wf pos="VM">دِنہٕ</wf>
		<wf pos="CC">تہٕ</wf>
		<wf pos="DEM">اَتھ</wf>
		<wf pos="PSP">سۭتۍ</wf>
		<wf pos="VAUX">چَھس</wf>
		<wf pos="VM">یِوان</wf>
		<wf pos="JJ" sense_id="5">جان</wf>
		<wf pos="NN">ژۄچہِ</wf>
		<wf pos="RP">ہَنا</wf>
		<wf pos="CC">یا</wf>
		<wf pos="NN">مِٹھایہِ</wf>
		<wf pos="RP">ہَنا</wf>
		<wf pos="VM">دِنہٕ</wf>
		<wf pos="SYM">۔</wf>
	</sentence>
	<sentence s_id="19">
		<wf pos="NNC">کۄلہٕ</wf>
		<wf pos="NN">گور</wf>
		<wf pos="VAUX">چُھ</wf>
		<wf pos="NNC">لٔگنہٕ</wf>
		<wf pos="NN">چیٖرۍ</wf>
		<wf pos="VM">پَرنہٕ</wf>
		<wf pos="RB">پَتہٕ</wf>
		<wf pos="DEM">،یہِ</wf>
		<wf pos="NN">سامانہٕ</wf>
		<wf pos="RP">ہَن</wf>
		<wf pos="NN">تولِیایہِ</wf>
		<wf pos="VM">گَنڈان</wf>
		<wf pos="NN">یٔزمَن</wf>
		<wf pos="VAUX">چُھس</wf>
		<wf pos="NN">رۄپیہ</wf>
		<wf pos="QC">اَکھ</wf>
		<wf pos="QC">ہَتھ</wf>
		<wf pos="CC">تہٕ</wf>
		<wf pos="QC">اَکھ</wf>
		<wf pos="RDP">،اَکھ</wf>
		<wf pos="QC">ہَتھ</wf>
		<wf pos="QC">اَکونزاہ</wf>
		<wf pos="CC">یا</wf>
		<wf pos="PRP">پَننہِ</wf>
		<wf pos="NN">مَقدوٗرٕ</wf>
		<wf pos="PSP">موٗجوٗب</wf>
		<wf pos="QC">ہَتھ</wf>
		<wf pos="QC">جوراہ</wf>
		<wf pos="QC">تارٕ</wf>
		<wf pos="VM">دِوان</wf>
		<wf pos="CC">تہٕ</wf>
		<wf pos="JJ" sense_id="1">جان</wf>
		<wf pos="POW">پٲٹھۍ</wf>
		<wf pos="NN">رۄخصَتھ</wf>
		<wf pos="VM">کران</wf>
		<wf pos="SYM">۔</wf>
	</sentence>
	<sentence s_id="20">
		<wf pos="NN">مہرازٕ</wf>
		<wf pos="PSP">سٕنز</wf>
		<wf pos="NN">جیٖپ</wf>
		<wf pos="NN">کار</wf>
		<wf pos="CC">یا</wf>
		<wf pos="NN">گُر</wf>
		<wf pos="VAUX">چھ</wf>
		<wf pos="VM">آسان</wf>
		<wf pos="JJ" sense_id="6">جان</wf>
		<wf pos="POW">پٲٹھۍ</wf>
		<wf pos="NN">پوشَو،</wf>
		<wf pos="NNC">پوشہِ</wf>
		<wf pos="NN">مالَو,</wf>
		<wf pos="CC">تہٕ</wf>
		<wf pos="NNC">واوٕ</wf>
		<wf pos="NN">مالَو</wf>
		<wf pos="PSP">سۭتۍ</wf>
		<wf pos="VM">سجٲوِتھ</wf>
		<wf pos="NN">مہرازٕ</wf>
		<wf pos="VAUX">چُھ</wf>
		<wf pos="DEM">أتھۍ</wf>
		<wf pos="PSP">پٮ۪ٹھ</wf>
		<wf pos="NN">سوار</wf>
		<wf pos="VM">سَپدان</wf>
		<wf pos="SYM">۔</wf>
	</sentence>
	<sentence s_id="21">
		<wf pos="NNP">کشیٖر</wf>
		<wf pos="VAUX">چھٚے</wf>
		<wf pos="DEM">یہِ</wf>
		<wf pos="NN">خصوٗصِیت</wf>
		<wf pos="CC">زِ</wf>
		<wf pos="DEM">ییٚمہِ</wf>
		<wf pos="NN">زمیٖنہِ</wf>
		<wf pos="VAUX">چُھ</wf>
		<wf pos="JJ">مختلف</wf>
		<wf pos="JJ">ضروٗری</wf>
		<wf pos="NN">وسیٖلن</wf>
		<wf pos="CC">تہٕ</wf>
		<wf pos="NN">وتن</wf>
		<wf pos="PSP">ہنزِ</wf>
		<wf pos="NN">کٔمی</wf>
		<wf pos="CC">تہٕ</wf>
		<wf pos="QC">ساسہٕ</wf>
		<wf pos="QF">بٔدۍ</wf>
		<wf pos="NN">مشکل</wf>
		<wf pos="VM">ٲسِتھ</wf>
		<wf pos="CC">تہِ</wf>
		<wf pos="JJ">علمی</wf>
		<wf pos="CC">تہٕ</wf>
		<wf pos="JJ">ادبی</wf>
		<wf pos="NN">دُنیاہچن</wf>
		<wf pos="JJ">تَھدِپایہِ</wf>
		<wf pos="PSP">چن</wf>
		<wf pos="NN">شخصیژن</wf>
		<wf pos="NN">زَنَم</wf>
		<wf pos="VM">دیُتمُت</wf>
		<wf pos="DEM">یِمَو</wf>
		<wf pos="NN">شٲعری</wf>
		<wf pos="PSP">ہندۍ</wf>
		<wf pos="CC">تہٕ</wf>
		<wf pos="NN">ادبٕکۍ</wf>
		<wf pos="DEM">تِتھۍ</wf>
		<wf pos="JJ">شاہپارٕ</wf>
		<wf pos="NN">تخلیٖق</wf>
		<wf pos="VM">کٔرۍ</wf>
		<wf pos="PRP">یہندِ</wf>
		<wf pos="NN">مطالہٕ</wf>
		<wf pos="PSP">سۭتۍ</wf>
		<wf pos="VAUX">أسۍ</wf>
		<wf pos="DEM">تَمہِ</wf>
		<wf pos="NN">وقتہٕ</wf>
		<wf pos="PSP">کٮ۪ن</wf>
		<wf pos="NN">حالاتن</wf>
		<wf pos="PSP">ہُند</wf>
		<wf pos="JJ" sense_id="4">جان</wf>
		<wf pos="RB">پٲٹھۍ</wf>
		<wf pos="NN">اندازٕ</wf>
		<wf pos="VAUX">چھِہ</wf>
		<wf pos="VAUX">ہٮ۪کان</wf>
		<wf pos="VM">کٔرِتھ</wf>
		<wf pos="SYM">۔</wf>
	</sentence>
	<sentence s_id="22">
		<wf pos="NNP">کٲشرِ</wf>
		<wf pos="NN">زنانہٕ</wf>
		<wf pos="VAUX">چھٚے</wf>
		<wf pos="VM">آسمژٕ</wf>
		<wf pos="NNP">سنسکرٛت</wf>
		<wf pos="CC">تہٕ</wf>
		<wf pos="NNP">پرٛاکرٛت</wf>
		<wf pos="RB">روٲنی</wf>
		<wf pos="PSP">سان</wf>
		<wf pos="VM">بولان</wf>
		<wf pos="DEM">یَتھ</wf>
		<wf pos="PSP">پٮ۪ٹھ</wf>
		<wf pos="VM">کِلہَن</wf>
		<wf pos="NNP">کٲشرٮ۪ن</wf>
		<wf pos="NN">زنانن</wf>
		<wf pos="PSP">ہندِ</wf>
		<wf pos="PSP">کس</wf>
		<wf pos="NN">فنس</wf>
		<wf pos="PSP">منز</wf>
		<wf pos="NN">مہارٔژ</wf>
		<wf pos="PSP">ہنز</wf>
		<wf pos="VM">کران</wf>
		<wf pos="VM">ونان</wf>
		<wf pos="CC">زِ</wf>
		<wf pos="PRP">تِمہٕ</wf>
		<wf pos="VAUX">آسہٕ</wf>
		<wf pos="INTF">تیوٗت</wf>
		<wf pos="JJ" sense_id="6">جان</wf>
		<wf pos="CC">تہٕ</wf>
		<wf pos="RB">مہارتہٕ</wf>
		<wf pos="PSP">سان</wf>
		<wf pos="VM">نژان</wf>
		<wf pos="CC">زِ</wf>
		<wf pos="QC">زٕ</wf>
		<wf pos="NNP">دیومالٲیی</wf>
		<wf pos="NN">نژن</wf>
		<wf pos="CC">تہٕ</wf>
		<wf pos="PSP">ہِشہِ</wf>
		<wf pos="NN">نرتَکہٕ</wf>
		<wf pos="VM">آسہٕ</wf>
		<wf pos="PRP">یِمن</wf>
		<wf pos="NNP">کٲشرٮ۪ن</wf>
		<wf pos="NN">زنانن</wf>
		<wf pos="PSP">ہُند</wf>
		<wf pos="NN">رَقٕص</wf>
		<wf pos="VM">وُچھِتھ</wf>
		<wf pos="RB">تِتھہٕ</wf>
		<wf pos="POW">کٔنۍ</wf>
		<wf pos="RP">ہَے</wf>
		<wf pos="CC">تہٕ</wf>
		<wf pos="JJ">رٔہِتھ</wf>
		<wf pos="VM">گژھان</wf>
		<wf pos="CC">زِ</wf>
		<wf pos="NNP">ریکھا</wf>
		<wf pos="VAUX">ٲس</wf>
		<wf pos="NN">رِکھ</wf>
		<wf pos="PSP">ہِش</wf>
		<wf pos="JJ">روٗزِتھ</wf>
		<wf pos="VM">گژھان</wf>
		<wf pos="CC">تہٕ</wf>
		<wf pos="NNP">لیکھا</wf>
		<wf pos="VAUX">ٲس</wf>
		<wf pos="NN">چِتر</wf>
		<wf pos="NN">یعنی</wf>
		<wf pos="QC">اکھ</wf>
		<wf pos="NN">تصویٖر</wf>
		<wf pos="PSP">ہِش</wf>
		<wf pos="RB">رٔہِتھ</wf>
		<wf pos="VM">گژھان</wf>
		<wf pos="SYM">۔</wf>
	</sentence>
	<sentence s_id="23">
		<wf pos="JJ">عام</wf>
		<wf pos="NN">استمالس</wf>
		<wf pos="PSP">منٛز</wf>
		<wf pos="VAUX">چُھ</wf>
		<wf pos="NN">لفظ</wf>
		<wf pos="NN">(ریش)</wf>
		<wf pos="NN">جمال</wf>
		<wf pos="CC">و</wf>
		<wf pos="NN">زینت</wf>
		<wf pos="CC">تہٕ</wf>
		<wf pos="JJ" sense_id="2">جان</wf>
		<wf pos="NN">پۄشاکھ</wf>
		<wf pos="PSP">خٲطرٕ</wf>
		<wf pos="VM">یوان</wf>
		<wf pos="SYM">۔</wf>
	</sentence>
	<sentence s_id="24">
		<wf pos="DEM">یہِ</wf>
		<wf pos="NN">مرتبان</wf>
		<wf pos="VAUX">اوس</wf>
		<wf pos="RB">گٔرِتھ</wf>
		<wf pos="RDP">ژٔرِتھ</wf>
		<wf pos="CC">تہٕ</wf>
		<wf pos="POW">پٲٹھۍ</wf>
		<wf pos="VAUX">اوس</wf>
		<wf pos="JJ" sense_id="6">جان</wf>
		<wf pos="NN">ہُنرمٔنٛدی</wf>
		<wf pos="PSP">ہُند</wf>
		<wf pos="NN">باس</wf>
		<wf pos="VM">دِوان</wf>
		<wf pos="SYM">۔</wf>
	</sentence>
	<sentence s_id="25">
		<wf pos="DEM">یمن</wf>
		<wf pos="NN">بُڑن</wf>
		<wf pos="RP">تہِ</wf>
		<wf pos="VM">باسیوٚو</wf>
		<wf pos="CC">زِ</wf>
		<wf pos="DEM">اَتھ</wf>
		<wf pos="NN">آبس</wf>
		<wf pos="VAUX">آسن</wf>
		<wf pos="PRP">کیٚنہہ</wf>
		<wf pos="JJ" sense_id="3">جان</wf>
		<wf pos="CC">تہٕ</wf>
		<wf pos="JJ">سوٗدمند</wf>
		<wf pos="NN">خٲصیٔژ</wf>
		<wf pos="SYM">۔</wf>
	</sentence>
	<sentence s_id="26">
		<wf pos="NN">ڈاکٹرن</wf>
		<wf pos="VM">تُج</wf>
		<wf pos="NN">کرٛٮ۪کھ</wf>
		<wf pos="JJ" sense_id="5">جان</wf>
		<wf pos="POW">پٲٹھۍ</wf>
		<wf pos="NN">ہَر</wf>
		<wf pos="VM">کرٕنۍ</wf>
		<wf pos="NEG">نہٕ</wf>
		<wf pos="JJ">جان’’</wf>
		<wf pos="PRP">تِمن</wf>
		<wf pos="VAUX">گٔیہِ</wf>
		<wf pos="NN">ژھۄپہٕ</wf>
		<wf pos="CC">تہٕ</wf>
		<wf pos="VM">تھانتھرییہِ</wf>
		<wf pos="SYM">۔</wf>
	</sentence>
	<sentence s_id="27">
		<wf pos="RP">ڈاکٹر</wf>
		<wf pos="NNP">کیصرن</wf>
		<wf pos="VM">ووٚنُکھ</wf>
		<wf pos="VM">“وُچھِو۔</wf>
		<wf pos="NNC">آبہِ</wf>
		<wf pos="NN">شباب</wf>
		<wf pos="VAUX">چُھ</wf>
		<wf pos="JJ">سورُے</wf>
		<wf pos="RB">ؤسۍ</wf>
		<wf pos="VM">پیوٚمُت</wf>
		<wf pos="JJ" sense_id="1">جان</wf>
		<wf pos="VM">گۄو</wf>
		<wf pos="PRP">مٚے</wf>
		<wf pos="NEG">چُھنہٕ</wf>
		<wf pos="DEM">امیُک</wf>
		<wf pos="PRP">کانہہ</wf>
		<wf pos="RP">تہِ</wf>
		<wf pos="NN">افسوٗس</wf>
		<wf pos="CC">یوٚدوَے</wf>
		<wf pos="DEM">امہِ</wf>
		<wf pos="NN">آبُک</wf>
		<wf pos="NN">پھموارٕ</wf>
		<wf pos="PRP">میٲنِس</wf>
		<wf pos="NN">دروازس</wf>
		<wf pos="PSP">تلٕے</wf>
		<wf pos="VM">وُزِ،</wf>
		<wf pos="PRP">بہٕ</wf>
		<wf pos="VAUX">گژھہٕ</wf>
		<wf pos="NEG">نہٕ</wf>
		<wf pos="PRP">پنٕنۍ</wf>
		<wf pos="NN">وُٹھ</wf>
		<wf pos="NN">أدراونہِ</wf>
		<wf pos="RP">تہِ</wf>
		<wf pos="VM">توٚتن</wf>
		<wf pos="SYM">۔</wf>
	</sentence>
	<sentence s_id="28">
		<wf pos="NNPC">دِلیپ</wf>
		<wf pos="NNP">کمارُن</wf>
		<wf pos="JJ">فِلمی</wf>
		<wf pos="NN">سَفَرنامہٕ</wf>
		<wf pos="QC">اَکھ</wf>
		<wf pos="NN">نَظَر</wf>
		<wf pos="JJ">فِلمی</wf>
		<wf pos="NN">دُنیاہَس</wf>
		<wf pos="PSP">کن</wf>
		<wf pos="VM">ترٛٲوِتھ</wf>
		<wf pos="VAUX">چُھ</wf>
		<wf pos="PRP">اَسِہ</wf>
		<wf pos="VM">نَنان</wf>
		<wf pos="CC">زِ</wf>
		<wf pos="INTF">کۭتٮ۪و</wf>
		<wf pos="JJ">بَڑٮ۪و</wf>
		<wf pos="RDP">بَڑٮ۪و</wf>
		<wf pos="NN">ہیروَو</wf>
		<wf pos="VAUX">چِھ</wf>
		<wf pos="PRP">پَنٕنۍ</wf>
		<wf pos="RDP">پَنٕنۍ</wf>
		<wf pos="NN">اداکٲری</wf>
		<wf pos="INTF">بَڑٕ</wf>
		<wf pos="JJ" sense_id="3">جان</wf>
		<wf pos="POW">پٲٹھۍ</wf>
		<wf pos="VM">نِبٲومٕژ</wf>
		<wf pos="SYM">۔</wf>
	</sentence>
	<sentence s_id="29">
		<wf pos="NN">سوداگارن</wf>
		<wf pos="VM">ہٮ۪ت</wf>
		<wf pos="NN">مٗورۍ</wf>
		<wf pos="VM">ژٹٕنۍ</wf>
		<wf pos="CC">تہٕ</wf>
		<wf pos="VM">پراٹٕنۍ</wf>
		<wf pos="QC">أکس</wf>
		<wf pos="NN">کۄکرس</wf>
		<wf pos="VM">باسیوو</wf>
		<wf pos="NEG">نہٕ</wf>
		<wf pos="DEM">یہِ</wf>
		<wf pos="JJ" sense_id="1">جان</wf>
		<wf pos="SYM">۔</wf>
	</sentence>
	<sentence s_id="30">
		<wf pos="PRP">مےٚ</wf>
		<wf pos="WQ">کتھ</wf>
		<wf pos="VAUX">چُھکھ</wf>
		<wf pos="VM">وَنان</wf>
		<wf pos="CC">مگر</wf>
		<wf pos="PRP">سُہ</wf>
		<wf pos="VAUX">ہا</wf>
		<wf pos="VM">چپھے</wf>
		<wf pos="JJ" sense_id="1">جان</wf>
		<wf pos="SYM">۔</wf>
	</sentence>
	<sentence s_id="31">
		<wf pos="RB">یِتھٕکنۍ</wf>
		<wf pos="VAUX">چُھ</wf>
		<wf pos="JJ">بِچور</wf>
		<wf pos="JJ" sense_id="1">جان</wf>
		<wf pos="CC">تہٕ</wf>
		<wf pos="RB">وۄنۍ</wf>
		<wf pos="NN">ژوٗر</wf>
		<wf pos="RP">تہِ</wf>
		<wf pos="WQ">کوسہٕ</wf>
		<wf pos="VM">کٔرٕن</wf>
		<wf pos="SYM">۔</wf>
	</sentence>
	<sentence s_id="32">
		<wf pos="RB">جدیٖد</wf>
		<wf pos="NN">افسانن</wf>
		<wf pos="VM">پرزنٲوۍ</wf>
		<wf pos="NN">افسانٕکۍ</wf>
		<wf pos="NN">حَد</wf>
		<wf pos="DEM">اَتھ</wf>
		<wf pos="PSP">منٛز</wf>
		<wf pos="VAUX">چُھ</wf>
		<wf pos="NEG">نہٕ</wf>
		<wf pos="NN">ناولہٕ</wf>
		<wf pos="PSP">ہٕنٛدۍ</wf>
		<wf pos="RB">پٲٹھۍ</wf>
		<wf pos="JJ">واریاہ</wf>
		<wf pos="NN">پاسل</wf>
		<wf pos="CC">تہٕ</wf>
		<wf pos="JJ">ممکن</wf>
		<wf pos="DEM">یہِ</wf>
		<wf pos="VAUX">چُھ</wf>
		<wf pos="RB">مخصوٗص</wf>
		<wf pos="NN">فردٕ</wf>
		<wf pos="PSP">سٕنز</wf>
		<wf pos="JJ">مخصوٗص</wf>
		<wf pos="NN">زندگیہِ</wf>
		<wf pos="PSP">ہندِس</wf>
		<wf pos="PRP">کُنہِ</wf>
		<wf pos="QC">ٲکس</wf>
		<wf pos="JJ">مخصوٗص</wf>
		<wf pos="CC">تہٕ</wf>
		<wf pos="JJ">اہم</wf>
		<wf pos="NN">واقعس</wf>
		<wf pos="PSP">پٮ۪ٹھ</wf>
		<wf pos="VM">مشتمل</wf>
		<wf pos="DEM">یَتھ</wf>
		<wf pos="PSP">منز</wf>
		<wf pos="JJ" sense_id="1">جان</wf>
		<wf pos="VM">گیوو</wf>
		<wf pos="NNC">وحدتِ</wf>
		<wf pos="RP">تہِ</wf>
		<wf pos="VAUX">آسِہے</wf>
		<wf pos="CC">تہٕ</wf>
		<wf pos="RP">تہِ</wf>
		<wf pos="SYM">۔</wf>
	</sentence>
	<sentence s_id="33">
		<wf pos="PRP">تٔمِس</wf>
		<wf pos="PSP">منز</wf>
		<wf pos="NN">مژرٕچ</wf>
		<wf pos="PRP">کانہہ</wf>
		<wf pos="NN">علامت</wf>
		<wf pos="NEG">نہ</wf>
		<wf pos="VM">ڈیٖشِتھ</wf>
		<wf pos="CC">تٕہ</wf>
		<wf pos="RB">محض</wf>
		<wf pos="NN">جوابٕہ</wf>
		<wf pos="PSP">خٲطرٕ</wf>
		<wf pos="CC">یا</wf>
		<wf pos="PRP">تَسُند</wf>
		<wf pos="NN">دِل</wf>
		<wf pos="VM">رچھنٕہ</wf>
		<wf pos="PSP">خٲطرٕ</wf>
		<wf pos="RB">ییٚلِہ</wf>
		<wf pos="JJ">رٲوی</wf>
		<wf pos="NN">یوٚرٕ</wf>
		<wf pos="VM">وَنان</wf>
		<wf pos="VAUX">چُھس</wf>
		<wf pos="CC">زِ</wf>
		<wf pos="DEM">“یِہ</wf>
		<wf pos="VM">آسِ</wf>
		<wf pos="VAUX">ہے</wf>
		<wf pos="JJ" sense_id="7">جان</wf>
		<wf pos="NN">ذاژ</wf>
		<wf pos="PSP">ہُند</wf>
		<wf pos="CC">“مگر</wf>
		<wf pos="NN">موٚکر</wf>
		<wf pos="VM">مۄمُت</wf>
		<wf pos="RB">پوٗت</wf>
		<wf pos="NN">اَتھس</wf>
		<wf pos="PSP">کٮ۪تھ</wf>
		<wf pos="VM">رٔٹِتھ</wf>
		<wf pos="NN">کردار</wf>
		<wf pos="VAUX">چُھ</wf>
		<wf pos="DEM">اَتھ</wf>
		<wf pos="CC">تٕہ</wf>
		<wf pos="NN">رٲوی</wf>
		<wf pos="PSP">سٕندٮ۪ن</wf>
		<wf pos="DEM">یِتھۍ</wf>
		<wf pos="PSP">نٕے</wf>
		<wf pos="NN">جوابن</wf>
		<wf pos="CC">زنتٕہ</wf>
		<wf pos="PRP">تس</wf>
		<wf pos="RB">واپس</wf>
		<wf pos="NN">بُتھِس</wf>
		<wf pos="VM">دٲرِتھ</wf>
		<wf pos="VM">دِوان</wf>
		<wf pos="SYM">۔</wf>
	</sentence>
	<sentence s_id="34">
		<wf pos="NNP">صمُد</wf>
		<wf pos="VAUX">اوس</wf>
		<wf pos="JJ">شریف</wf>
		<wf pos="CC">تہٕ</wf>
		<wf pos="JJ">مھنتی</wf>
		<wf pos="PRP">ـتٔمۍ</wf>
		<wf pos="VM">لٲجۍ</wf>
		<wf pos="NN">زٔمینہٕ</wf>
		<wf pos="QF">کھار</wf>
		<wf pos="QC">ڈوڈ</wf>
		<wf pos="QF">کھار</wf>
		<wf pos="DEM">أتھۍ</wf>
		<wf pos="NN">جنگلس</wf>
		<wf pos="PSP">منز</wf>
		<wf pos="NN">مکایہ</wf>
		<wf pos="NN">فصلاہ</wf>
		<wf pos="VM">کٕنُن</wf>
		<wf pos="VM">لوٚگ</wf>
		<wf pos="JJ" sense_id="5">جان</wf>
		<wf pos="POW">پٲٹھۍ</wf>
		<wf pos="NN">دوہ</wf>
		<wf pos="RDP">دوہ</wf>
		<wf pos="VM">کڈنہِ</wf>
		<wf pos="SYM">۔</wf>
	</sentence>
	<sentence s_id="35">
		<wf pos="VM">دپان</wf>
		<wf pos="PRP">یُسُے</wf>
		<wf pos="NN">ژکھ</wf>
		<wf pos="VM">ژاپہِ</wf>
		<wf pos="PRP">سُے</wf>
		<wf pos="VAUX">چُھ</wf>
		<wf pos="JJ" sense_id="2">جان</wf>
		<wf pos="RP">تہِ</wf>
		<wf pos="NN">زانن</wf>
		<wf pos="PRP">تِمے</wf>
		<wf pos="NN">ژاپل</wf>
		<wf pos="PRP">یِمَو</wf>
		<wf pos="DEM">یُتھ</wf>
		<wf pos="JJ">بے</wf>
		<wf pos="NN">جسم</wf>
		<wf pos="CC">و</wf>
		<wf pos="NN">دُشمن</wf>
		<wf pos="VM">ژٲپِتھ</wf>
		<wf pos="VM">ترٛوو</wf>
		<wf pos="CC">تہٕ</wf>
		<wf pos="NN">نجاتھ</wf>
		<wf pos="VM">لوٚبُکھ</wf>
		<wf pos="CC">تہٕ</wf>
		<wf pos="DEM">یِم</wf>
		<wf pos="NN">ژاپن</wf>
		<wf pos="PRP">تِمے</wf>
		<wf pos="VAUX">گٔے</wf>
		<wf pos="JJ">سۄکھل</wf>
		<wf pos="SYM">۔</wf>
	</sentence>
	<sentence s_id="36">
		<wf pos="DEM">یہِ</wf>
		<wf pos="NN">رسم</wf>
		<wf pos="NN">خط</wf>
		<wf pos="PRP">پانہٕ</wf>
		<wf pos="VM">نٲوۍمٕتِس</wf>
		<wf pos="VAUX">گٔیہِ</wf>
		<wf pos="NEG">نہٕ</wf>
		<wf pos="PRP">اَسہِ</wf>
		<wf pos="JJ">واریاہ</wf>
		<wf pos="NN">دۄہ</wf>
		<wf pos="CC">تہٕ</wf>
		<wf pos="NN">اگرے</wf>
		<wf pos="RB">وُنہِ</wf>
		<wf pos="RP">تہِ</wf>
		<wf pos="VAUX">ٲسۍ</wf>
		<wf pos="DEM">اتھ</wf>
		<wf pos="NN">ترمیٖم</wf>
		<wf pos="CC">یا</wf>
		<wf pos="NN">سُدہار</wf>
		<wf pos="VM">کٔرِتھ</wf>
		<wf pos="DEM">یہِ</wf>
		<wf pos="INTF">زیادٕ</wf>
		<wf pos="JJ">صحی</wf>
		<wf pos="CC">تہٕ</wf>
		<wf pos="JJ">مکمل</wf>
		<wf pos="VM">بنٲوِتھ</wf>
		<wf pos="VAUX">ہٮ۪کون</wf>
		<wf pos="INTF">سٮ۪ٹھا</wf>
		<wf pos="JJ" sense_id="1">جان</wf>
		<wf pos="VAUX">گژھِ</wf>
		<wf pos="NN">وقتُک</wf>
		<wf pos="VM">تقاضہٕ</wf>
		<wf pos="VAUX">چُھ</wf>
		<wf pos="CC">زِ</wf>
		<wf pos="PRP">اَسہِ</wf>
		<wf pos="VAUX">پَزِ</wf>
		<wf pos="NEG">نہٕ</wf>
		<wf pos="RB">پوت</wf>
		<wf pos="VM">ہیٚون</wf>
		<wf pos="SYM">۔</wf>
	</sentence>
	<sentence s_id="37">
		<wf pos="DEM">أتھۍ</wf>
		<wf pos="PSP">منٛز</wf>
		<wf pos="RB">یلِہ</wf>
		<wf pos="PRP">سٚے</wf>
		<wf pos="NN">تھۄند</wf>
		<wf pos="VAUX">چُھ</wf>
		<wf pos="NN">سُوچ</wf>
		<wf pos="NN">مہاراجس</wf>
		<wf pos="VM">کیٛوت</wf>
		<wf pos="VAUX">چُھ</wf>
		<wf pos="NN">یِ</wf>
		<wf pos="JJ" sense_id="2">جان</wf>
		<wf pos="VM">تان</wf>
		<wf pos="SYM">۔</wf>
	</sentence>
	<sentence s_id="38">
		<wf pos="NN">تھۄندٕ</wf>
		<wf pos="VAUX">اوس</wf>
		<wf pos="PSP">منٛزۍ</wf>
		<wf pos="PSP">منٛزۍ</wf>
		<wf pos="PRP">کنِہ</wf>
		<wf pos="NN">دۄہہٕ</wf>
		<wf pos="PRP">مٚے</wf>
		<wf pos="PSP">نِش</wf>
		<wf pos="JJ">کٲنی</wf>
		<wf pos="N">ڈبہِ</wf>
		<wf pos="PSP">پٮ۪ٹھ</wf>
		<wf pos="VM">کھسان</wf>
		<wf pos="CC">تہٕ</wf>
		<wf pos="NN">اورٕچ</wf>
		<wf pos="NN">یورٕچ</wf>
		<wf pos="NN">کتھا</wf>
		<wf pos="NN">بتھا</wf>
		<wf pos="VM">کران</wf>
		<wf pos="DEM">یِہ</wf>
		<wf pos="VAUX">اوس</wf>
		<wf pos="JJ" sense_id="1">جان</wf>
		<wf pos="JJ">رَلہٕ</wf>
		<wf pos="POW">وُن</wf>
		<wf pos="NN">میلہٕ</wf>
		<wf pos="POW">وُن</wf>
		<wf pos="NN">لڑکہٕ</wf>
		<wf pos="CC">تہٕ</wf>
		<wf pos="PRP">مٚے</wf>
		<wf pos="PSP">سۭتۍ</wf>
		<wf pos="NN">کتھٕ</wf>
		<wf pos="VM">کرنس</wf>
		<wf pos="VAUX">اوس</wf>
		<wf pos="PRP">أمِس</wf>
		<wf pos="INTF">بڑٕ</wf>
		<wf pos="NN">ساد</wf>
		<wf pos="VM">لگان</wf>
		<wf pos="SYM">۔</wf>
	</sentence>
	<sentence s_id="39">
		<wf pos="DEM">یہِ</wf>
		<wf pos="VM">کوٚروٕ</wf>
		<wf pos="NEG">نہٕ</wf>
		<wf pos="PRP">تۄہِہ</wf>
		<wf pos="JJ" sense_id="1">جان</wf>
		<wf pos="PRP">تُہۍ</wf>
		<wf pos="RP">ہَے</wf>
		<wf pos="VAUX">چِھوٕ</wf>
		<wf pos="PRP">مےٚ</wf>
		<wf pos="PRP">پنٕنۍ</wf>
		<wf pos="NN">اَولاد</wf>
		<wf pos="NN">گرٕکۍ</wf>
		<wf pos="NN">بٲژ</wf>
		<wf pos="CC">مگر</wf>
		<wf pos="DEM">یہِ</wf>
		<wf pos="NN">ۂہَر</wf>
		<wf pos="VAUX">چُھوٕ</wf>
		<wf pos="PRP">تۄہِہ</wf>
		<wf pos="VM">ڈالان</wf>
		<wf pos="SYM">۔</wf>
	</sentence>
	<sentence s_id="40">
		<wf pos="RB">وۄنۍ</wf>
		<wf pos="VAUX">ہے</wf>
		<wf pos="NN">کرٕو</wf>
		<wf pos="CC">تہٕ</wf>
		<wf pos="WQ">کیا</wf>
		<wf pos="VM">کرو</wf>
		<wf pos="PRP">مٚے</wf>
		<wf pos="VAUX">چُھ</wf>
		<wf pos="NN">خیال</wf>
		<wf pos="PRP">بہٕ</wf>
		<wf pos="NN">گژھٕ</wf>
		<wf pos="NN">حصار</wf>
		<wf pos="RB">واپس</wf>
		<wf pos="PRP">بہٕ</wf>
		<wf pos="VAUX">گوس</wf>
		<wf pos="RB">ییٚتہ</wf>
		<wf pos="JJ">بوٗر</wf>
		<wf pos="PRP">بہٕ</wf>
		<wf pos="VAUX">چُھس</wf>
		<wf pos="DEM">تٔتِی</wf>
		<wf pos="JJ" sense_id="1">جان</wf>
		<wf pos="SYM">۔</wf>
	</sentence>
	<sentence s_id="41">
		<wf pos="NN">دوستن</wf>
		<wf pos="NN">از</wf>
		<wf pos="NNP">دۄہہ</wf>
		<wf pos="VAUX">آسِہ</wf>
		<wf pos="JJ" sense_id="2">جان</wf>
		<wf pos="POW">پٲٹھۍ</wf>
		<wf pos="SYM">۔</wf>
	</sentence>
	<sentence s_id="42">
		<wf pos="DEM">یِتہِ</wf>
		<wf pos="VAUX">اوس</wf>
		<wf pos="VM">یِوان</wf>
		<wf pos="VM">وَننہٕ</wf>
		<wf pos="CC">زِ</wf>
		<wf pos="JJ">ہَر</wf>
		<wf pos="PRP">کنہِ</wf>
		<wf pos="NN">کامہِ</wf>
		<wf pos="PSP">مَنٛز</wf>
		<wf pos="VAUX">ٲس</wf>
		<wf pos="RB">محموٗدٕ</wf>
		<wf pos="RDP">جلدی</wf>
		<wf pos="VM">کران</wf>
		<wf pos="CC">تہٕ</wf>
		<wf pos="INTF">بَڑٕ</wf>
		<wf pos="JJ" sense_id="3">جان</wf>
		<wf pos="POW">پٲٹھۍ</wf>
		<wf pos="VAUX">ٲس</wf>
		<wf pos="PRP">سۄ</wf>
		<wf pos="JJ">ہَر</wf>
		<wf pos="PRP">کانٛہہ</wf>
		<wf pos="NN">کٲم</wf>
		<wf pos="VM">کران</wf>
		<wf pos="SYM">۔</wf>
	</sentence>
	<sentence s_id="43">
		<wf pos="PRP">أمِس</wf>
		<wf pos="VAUX">اوس</wf>
		<wf pos="QC">اَکھ</wf>
		<wf pos="JJ" sense_id="5">جان</wf>
		<wf pos="NN">عادَت</wf>
		<wf pos="DEM">یہِ</wf>
		<wf pos="VAUX">اوس</wf>
		<wf pos="VM">کران</wf>
		<wf pos="NN">صدقہٕ</wf>
		<wf pos="RP">تہِ</wf>
		<wf pos="DEM">یہِ</wf>
		<wf pos="JJ">پِلہِ</wf>
		<wf pos="NN">ہٮ۪س</wf>
		<wf pos="RP">تہِ</wf>
		<wf pos="VAUX">اوس</wf>
		<wf pos="NNP">خۄداے</wf>
		<wf pos="PSP">سٕنٛزِ</wf>
		<wf pos="NN">وَتہِ</wf>
		<wf pos="PSP">مَنٛز</wf>
		<wf pos="NN">خرچ</wf>
		<wf pos="VM">کران</wf>
		<wf pos="SYM">۔</wf>
	</sentence>
	<sentence s_id="44">
		<wf pos="NN">دُنیا</wf>
		<wf pos="VAUX">چُھ</wf>
		<wf pos="NN">ناپایِدار</wf>
		<wf pos="RB">غنیٖمَت</wf>
		<wf pos="VAUX">چُھ</wf>
		<wf pos="PRP">سُہ</wf>
		<wf pos="NN">دۄہ</wf>
		<wf pos="PRP">یُس</wf>
		<wf pos="JJ" sense_id="1">جان</wf>
		<wf pos="POW">پٲٹھۍ</wf>
		<wf pos="NN">نیرِ</wf>
		<wf pos="SYM">۔</wf>
	</sentence>
	<sentence s_id="45">
		<wf pos="NN">درویش</wf>
		<wf pos="VAUX">گو</wf>
		<wf pos="PRP">پننِس</wf>
		<wf pos="NN">کٹھِس</wf>
		<wf pos="PSP">مَنٛز</wf>
		<wf pos="NN">نِنٛدراہ</wf>
		<wf pos="VAUX">چھَس</wf>
		<wf pos="NEG">نہٕ</wf>
		<wf pos="VM">یِوان</wf>
		<wf pos="NNP">کینٛہہ،</wf>
		<wf pos="PRP">پانَس</wf>
		<wf pos="PSP">سۭتۍ</wf>
		<wf pos="VM">کوٚرُن</wf>
		<wf pos="RB">،وۄنۍ</wf>
		<wf pos="NEG">چُھنہٕ</wf>
		<wf pos="DEM">یَتھ</wf>
		<wf pos="NN">گَرَس</wf>
		<wf pos="PSP">مَنٛز</wf>
		<wf pos="VM">روزُن</wf>
		<wf pos="JJ" sense_id="4">جان</wf>
		<wf pos="NN">شَہزادٕ</wf>
		<wf pos="VM">پرٛژھٮ۪م</wf>
		<wf pos="NN">دۄہَے</wf>
		<wf pos="NN">وولہٕ</wf>
		<wf pos="NNC">دولہٕ</wf>
		<wf pos="NN">سوال،</wf>
		<wf pos="PRP">شوٹھ</wf>
		<wf pos="VAUX">گَژِھ</wf>
		<wf pos="NN">،غنیٖمَت</wf>
		<wf pos="VAUX">چُھ</wf>
		<wf pos="NN">أچھ</wf>
		<wf pos="NN">مٔچھ</wf>
		<wf pos="VM">ٹُوِتھ</wf>
		<wf pos="VM">ژَلُن</wf>
		<wf pos="SYM">۔</wf>
	</sentence>
	<sentence s_id="46">
		<wf pos="NN">تٔمڮ</wf>
		<wf pos="RB">یی٘لہِ</wf>
		<wf pos="RB">ژوٗرِ</wf>
		<wf pos="RB">ژوٗرِ</wf>
		<wf pos="NN">نظراہ</wf>
		<wf pos="VM">دِژ</wf>
		<wf pos="NN">تٔمڮ</wf>
		<wf pos="VM">وُچھ</wf>
		<wf pos="NN">پٕننڮ</wf>
		<wf pos="NN">ساٲری</wf>
		<wf pos="NN">ساٲتھی</wf>
		<wf pos="NN">تٔسڮ</wf>
		<wf pos="VM">كُن</wf>
		<wf pos="VM">وُچھان</wf>
		<wf pos="CC">تہٕ</wf>
		<wf pos="NN">تٔمڮ</wf>
		<wf pos="POW">سٕے</wf>
		<wf pos="PSP">متعلق</wf>
		<wf pos="VM">اكھ</wf>
		<wf pos="QC">أكِس</wf>
		<wf pos="NN">كُن</wf>
		<wf pos="NN">اِشارٕ</wf>
		<wf pos="VM">كران</wf>
		<wf pos="CC">لیٚہازا</wf>
		<wf pos="VM">زون</wf>
		<wf pos="DEM">تَمہِ</wf>
		<wf pos="NN">ژھۄپَے</wf>
		<wf pos="JJ" sense_id="3">جان</wf>
		<wf pos="SYM">۔</wf>
	</sentence>
	<sentence s_id="47">
		<wf pos="PRP">سُہ</wf>
		<wf pos="VAUX">اوس</wf>
		<wf pos="NNC">داں</wf>
		<wf pos="NNPC">پھوٚل</wf>
		<wf pos="VM">کُچھِ</wf>
		<wf pos="VM">ترٛاوان</wf>
		<wf pos="CC">تہٕ</wf>
		<wf pos="NN">آپیہِ</wf>
		<wf pos="NN">کال</wf>
		<wf pos="VM">وٲتِتھ</wf>
		<wf pos="VAUX">اوسُس</wf>
		<wf pos="NN">چھۄنٮ۪ر</wf>
		<wf pos="VM">ژٔٹِتھ</wf>
		<wf pos="DEM">اَتھ</wf>
		<wf pos="JJ" sense_id="5">جان</wf>
		<wf pos="NN">مۄل</wf>
		<wf pos="VAUX">یِوان</wf>
		<wf pos="SYM">۔</wf>
	</sentence>
	<sentence s_id="48">
		<wf pos="NN">من</wf>
		<wf pos="VM">رنزنونہٕ</wf>
		<wf pos="PSP">کٮ۪و</wf>
		<wf pos="NN">ؤسیٖلَو</wf>
		<wf pos="VM">کٔر</wf>
		<wf pos="NN">لڑیشاہ</wf>
		<wf pos="PSP">سٕنٛز</wf>
		<wf pos="NN">اہمیت</wf>
		<wf pos="VM">ختم</wf>
		<wf pos="CC">تہٕ</wf>
		<wf pos="RB">وارٕ</wf>
		<wf pos="VM">لوٗس</wf>
		<wf pos="DEM">یہِ</wf>
		<wf pos="NN">لُکہٕ</wf>
		<wf pos="NN">فنکار</wf>
		<wf pos="PRP">أمِس</wf>
		<wf pos="NN">کردارس</wf>
		<wf pos="PSP">سۭتۍ</wf>
		<wf pos="VAUX">گٔیہِ</wf>
		<wf pos="PRP">تِم</wf>
		<wf pos="JJ">بےشمار</wf>
		<wf pos="NN">منظومہٕ</wf>
		<wf pos="RP">تہِ</wf>
		<wf pos="VM">ضایہِ</wf>
		<wf pos="DEM">یِم</wf>
		<wf pos="NN">ہتہٕ</wf>
		<wf pos="NN">ؤرۍیو</wf>
		<wf pos="PSP">پٮ۪ٹھہٕ</wf>
		<wf pos="JJ" sense_id="1">جان</wf>
		<wf pos="CC">تہٕ</wf>
		<wf pos="JJ">ناکارٕ</wf>
		<wf pos="NN">حالاتن</wf>
		<wf pos="NN">ٲنہٕ</wf>
		<wf pos="VM">ہاوان</wf>
		<wf pos="VAUX">ٲسۍ</wf>
		<wf pos="SYM">۔</wf>
	</sentence>
	<sentence s_id="49">
		<wf pos="VAUX">گو</wf>
		<wf pos="DEM">تِم</wf>
		<wf pos="NEG">نہٕ</wf>
		<wf pos="JJ">خٲلص</wf>
		<wf pos="NN">کٲشری</wf>
		<wf pos="NN">رِسالہٕ</wf>
		<wf pos="CC">مگر</wf>
		<wf pos="NNP">کٲشُر</wf>
		<wf pos="NN">مواد</wf>
		<wf pos="VAUX">چُھ</wf>
		<wf pos="PRP">تِمن</wf>
		<wf pos="PSP">ہُند</wf>
		<wf pos="QC">اکھ</wf>
		<wf pos="JJ" sense_id="1">جان</wf>
		<wf pos="CC">تہٕ</wf>
		<wf pos="JJ">اہم</wf>
		<wf pos="NN">حِصہٕ</wf>
		<wf pos="VAUX">آسان</wf>
		<wf pos="SYM">۔</wf>
	</sentence>
	<sentence s_id="50">
		<wf pos="NN">زٲرۍ</wf>
		<wf pos="VAUX">آسُن</wf>
		<wf pos="VAUX">چُھ</wf>
		<wf pos="NEG">نہٕ</wf>
		<wf pos="JJ" sense_id="1">جان</wf>
		<wf pos="SYM">۔</wf>
	</sentence>
	<sentence s_id="51">
		<wf pos="DEM">یمن</wf>
		<wf pos="NN">لوٗکن</wf>
		<wf pos="VM">باسان</wf>
		<wf pos="VAUX">اوس</wf>
		<wf pos="CC">زِ</wf>
		<wf pos="NN">زنانہٕ</wf>
		<wf pos="VAUX">ہیٚکہِ</wf>
		<wf pos="NEG">نہٕ</wf>
		<wf pos="POW">پٲٹھۍ</wf>
		<wf pos="VM">کٔرِتھ،</wf>
		<wf pos="PRP">تِم</wf>
		<wf pos="VAUX">سپٕدۍ</wf>
		<wf pos="NNP">جشومتی</wf>
		<wf pos="PSP">ہٕنٛدۍ</wf>
		<wf pos="NN">کارنامہٕ</wf>
		<wf pos="VM">وُچھِتھ</wf>
		<wf pos="JJ">ہَےبُنگہٕ</wf>
		<wf pos="SYM">۔</wf>
	</sentence>
	<sentence s_id="52">
		<wf pos="NNP">جشومتی</wf>
		<wf pos="VAUX">سپٕز</wf>
		<wf pos="QC">اکھ</wf>
		<wf pos="JJ" sense_id="1">جان</wf>
		<wf pos="NN">موج</wf>
		<wf pos="RP">تہِ</wf>
		<wf pos="VM">ثٲبِتھ</wf>
		<wf pos="VAUX">دِژ</wf>
		<wf pos="PRP">پنہٕنِس</wf>
		<wf pos="NN">نیٚچہِوِس</wf>
		<wf pos="JJ">رٕژ</wf>
		<wf pos="NN">تربیت،</wf>
		<wf pos="PRP">یٔمۍ</wf>
		<wf pos="PRP">تس</wf>
		<wf pos="RB">پتہٕ</wf>
		<wf pos="QC">ژتجِہن</wf>
		<wf pos="NN">ؤرۍین</wf>
		<wf pos="NN">حکوٗمتھ</wf>
		<wf pos="VM">کٔر</wf>
		<wf pos="SYM">۔</wf>
	</sentence>
	<sentence s_id="53">
		<wf pos="NN">ڈبِہ</wf>
		<wf pos="VM">أژِتھ</wf>
		<wf pos="DEM">یہِ</wf>
		<wf pos="PRP">سۄ</wf>
		<wf pos="VAUX">کرِہے</wf>
		<wf pos="DEM">تہ</wf>
		<wf pos="VAUX">اوسُس</wf>
		<wf pos="PRP">بٕہ</wf>
		<wf pos="JJ" sense_id="2">جان</wf>
		<wf pos="POW">پٲٹھۍ</wf>
		<wf pos="VAUX">ہٮ۪کان</wf>
		<wf pos="SYM">۔</wf>
	</sentence>
	<sentence s_id="54">
		<wf pos="VAUX">چُھکھ</wf>
		<wf pos="VM">بوزان</wf>
		<wf pos="PRP">مےٚ</wf>
		<wf pos="VAUX">ٲس</wf>
		<wf pos="NN">زنانہٕ</wf>
		<wf pos="PRP">سۄ</wf>
		<wf pos="VAUX">ٲس</wf>
		<wf pos="INTF">سٮ۪ٹھاہ</wf>
		<wf pos="INTF">سٮ۪ٹھاہ</wf>
		<wf pos="JJ" sense_id="1">جان</wf>
		<wf pos="SYM">۔</wf>
	</sentence>
	<sentence s_id="55">
		<wf pos="PRP">تَس</wf>
		<wf pos="VAUX">اوس</wf>
		<wf pos="RB">کالہٕ</wf>
		<wf pos="RB">پگاہ</wf>
		<wf pos="NN">دود</wf>
		<wf pos="VM">آسان</wf>
		<wf pos="RB">أتی</wf>
		<wf pos="VAUX">آسِہ</wf>
		<wf pos="VAUX">ہے</wf>
		<wf pos="JJ" sense_id="1">جان</wf>
		<wf pos="POW">پٲٹھۍ</wf>
		<wf pos="NN">شُرٮ۪ن</wf>
		<wf pos="PSP">سۭتۍ</wf>
		<wf pos="VM">اَسان</wf>
		<wf pos="VM">گِندان</wf>
		<wf pos="RB">اَتی</wf>
		<wf pos="VAUX">اوسُس</wf>
		<wf pos="VM">وُچھان</wf>
		<wf pos="RDP">وُچھان</wf>
		<wf pos="JJ">سٲرۍسٕے</wf>
		<wf pos="NN">بَدنَس</wf>
		<wf pos="NN">واے</wf>
		<wf pos="VM">یِوان</wf>
		<wf pos="SYM">۔</wf>
	</sentence>
	<sentence s_id="56">
		<wf pos="PRP">بٕہ</wf>
		<wf pos="JJ" sense_id="1">جان</wf>
		<wf pos="POW">پٲٹھی</wf>
		<wf pos="VM">کران</wf>
		<wf pos="CC">زِ</wf>
		<wf pos="NN">مہاراجہ</wf>
		<wf pos="VAUX">چھٚے</wf>
		<wf pos="NN">وُمرِ</wf>
		<wf pos="PSP">ہٕندِس</wf>
		<wf pos="DEM">تَتھ</wf>
		<wf pos="NN">بنَس</wf>
		<wf pos="PSP">پٮ۪ٹھ</wf>
		<wf pos="VM">وٲژمٕژ</wf>
		<wf pos="RB">ییٚتہ</wf>
		<wf pos="POW">نس</wf>
		<wf pos="QC">أکس</wf>
		<wf pos="JJ">اَنہرۍشِہ</wf>
		<wf pos="NN">کوٗر</wf>
		<wf pos="NN">گرَٕب</wf>
		<wf pos="VM">ونُک</wf>
		<wf pos="CC">تہٕ</wf>
		<wf pos="NN">شُرۍ</wf>
		<wf pos="VM">زٮ۪وراونُک</wf>
		<wf pos="INTF">سٮ۪ٹھاہ</wf>
		<wf pos="NN">ارمان</wf>
		<wf pos="CC">تہٕ</wf>
		<wf pos="NN">شوق</wf>
		<wf pos="VAUX">چُھ</wf>
		<wf pos="VM">آسان</wf>
		<wf pos="SYM">۔</wf>
	</sentence>
	<sentence s_id="57">
		<wf pos="VM">پٲدٕ</wf>
		<wf pos="JJ">گٔمتٮ۪ن</wf>
		<wf pos="NN">لُکن</wf>
		<wf pos="PSP">ہُنٛد</wf>
		<wf pos="VM">مرُن</wf>
		<wf pos="VAUX">چُھ</wf>
		<wf pos="VM:?">اَٹَلپریشٲنِیو</wf>
		<wf pos="PSP">سۭتۍ</wf>
		<wf pos="VM">پٲدٕ</wf>
		<wf pos="VM">گٔمژٕ</wf>
		<wf pos="NN">بٮ۪مارِ</wf>
		<wf pos="NN">ہٮ۪کَن</wf>
		<wf pos="JJ" sense_id="1">جان</wf>
		<wf pos="NN">لیوا</wf>
		<wf pos="VM">ٲسِتھ</wf>
		<wf pos="SYM">۔</wf>
	</sentence>
	<sentence s_id="58">
		<wf pos="PRP">تٔمِس</wf>
		<wf pos="VAUX">چُھہ</wf>
		<wf pos="NN">سَنَسکرِتُک</wf>
		<wf pos="JJ" sense_id="1">جان</wf>
		<wf pos="NN">علِم</wf>
		<wf pos="SYM">۔</wf>
	</sentence>
	<sentence s_id="59">
		<wf pos="NNP">بیٖمہٕ</wf>
		<wf pos="PSP">سٕنٛدٮ۪ن</wf>
		<wf pos="NN">نَرٮ۪ن</wf>
		<wf pos="VAUX">اوس</wf>
		<wf pos="JJ" sense_id="2">جان</wf>
		<wf pos="NN">زور</wf>
		<wf pos="SYM">۔</wf>
	</sentence>
	<sentence s_id="60">
		<wf pos="NN">بُزَرٕگ</wf>
		<wf pos="NN">نَفرَن</wf>
		<wf pos="PSP">ہِنٛز</wf>
		<wf pos="VAUX">چھےٚ</wf>
		<wf pos="VM">یِوان</wf>
		<wf pos="RB">ییٚتہِ</wf>
		<wf pos="JJ" sense_id="3">جان</wf>
		<wf pos="NN">خٔدمَت</wf>
		<wf pos="VM">کَرنہٕ</wf>
		<wf pos="SYM">۔</wf>
	</sentence>
	<sentence s_id="61">
		<wf pos="QC">اَکھ</wf>
		<wf pos="NN">ایماندار</wf>
		<wf pos="CC">تہٕ</wf>
		<wf pos="RB">پٔزۍ</wf>
		<wf pos="RDP">یور</wf>
		<wf pos="NN">نَفَرٕے</wf>
		<wf pos="VAUX">ہیٚکہِ</wf>
		<wf pos="QC">اَکھ</wf>
		<wf pos="JJ" sense_id="4">جان</wf>
		<wf pos="NN">جَج</wf>
		<wf pos="VM">ٲسِتھ</wf>
		<wf pos="SYM">۔</wf>
	</sentence>
	<sentence s_id="62">
		<wf pos="NN">سُستی</wf>
		<wf pos="NEG">چھَنہٕ</wf>
		<wf pos="JJ" sense_id="1">جان</wf>
		<wf pos="PRP">چیٖزسُہ</wf>
		<wf pos="VAUX">گو</wf>
		<wf pos="NN">سُستی</wf>
		<wf pos="PSP">پٮ۪ٹھہٕ</wf>
		<wf pos="NN">پُھرتی</wf>
		<wf pos="VM">کُن</wf>
		<wf pos="SYM">۔</wf>
	</sentence>
	<sentence s_id="63">
		<wf pos="DEM">یِم</wf>
		<wf pos="NN">تَماشہٕ</wf>
		<wf pos="VAUX">چھہِ</wf>
		<wf pos="JJ">بے</wf>
		<wf pos="JJ" sense_id="2">جان</wf>
		<wf pos="NN">چیٖز</wf>
		<wf pos="SYM">۔</wf>
	</sentence>
	<sentence s_id="64">
		<wf pos="PRP">سُہ</wf>
		<wf pos="VAUX">چُھ</wf>
		<wf pos="PRP">آزِ</wf>
		<wf pos="VM">بےٚجان</wf>
		<wf pos="NN">نَطرِ</wf>
		<wf pos="CC">گَژھانبےٚ</wf>
		<wf pos="NN">زوٗ</wf>
		<wf pos="NN">چیٖزَن</wf>
		<wf pos="PSP">منٛز</wf>
		<wf pos="VAUX">چھےٚ</wf>
		<wf pos="NN">مۄردٕگی</wf>
		<wf pos="NN">نَظرِ</wf>
		<wf pos="VM">گَژھان</wf>
		<wf pos="SYM">۔</wf>
	</sentence>
	<sentence s_id="65">
		<wf pos="NN">چامَسکی</wf>
		<wf pos="VAUX">چُھ</wf>
		<wf pos="NN">لِسانیاتُک</wf>
		<wf pos="JJ" sense_id="5">جان</wf>
		<wf pos="NN">بٲنی</wf>
		<wf pos="VM">کارجان</wf>
		<wf pos="NNP">مینٛڈَل</wf>
		<wf pos="VAUX">چُھ</wf>
		<wf pos="NN">عَلمہِ</wf>
		<wf pos="VM">تکوینُک</wf>
		<wf pos="NN">بٲنی</wf>
		<wf pos="NN">کار</wf>
		<wf pos="SYM">۔</wf>
	</sentence>
	<sentence s_id="66">
		<wf pos="DEM">ییٚمہِ</wf>
		<wf pos="NN">باغُک</wf>
		<wf pos="VM">باغوان</wf>
		<wf pos="VAUX">چُھ</wf>
		<wf pos="QC">اَکھ</wf>
		<wf pos="JJ" sense_id="5">جان</wf>
		<wf pos="NN">پوشَن</wf>
		<wf pos="NN">مُتعلِٮق</wf>
		<wf pos="VM">زانَن</wf>
		<wf pos="PSP">وول</wf>
		<wf pos="SYM">۔</wf>
	</sentence>
	<sentence s_id="67">
		<wf pos="PRP">سُہ</wf>
		<wf pos="VAUX">چُھ</wf>
		<wf pos="PRP">پننہِ</wf>
		<wf pos="RP">کھۄتہٕ</wf>
		<wf pos="JJ">ؤسۍ</wf>
		<wf pos="NN">پایہِ</wf>
		<wf pos="NN">ملٲزمس</wf>
		<wf pos="PSP">سۭتۍ</wf>
		<wf pos="RP">تہِ</wf>
		<wf pos="JJ" sense_id="1">جان</wf>
		<wf pos="NN">رِشتہٕ</wf>
		<wf pos="VM">تھوان</wf>
		<wf pos="SYM">۔</wf>
	</sentence>
	<sentence s_id="68">
		<wf pos="DEM">یہِ</wf>
		<wf pos="NN">موٗرتی</wf>
		<wf pos="VAUX">چھِ</wf>
		<wf pos="JJ" sense_id="1">جان</wf>
		<wf pos="NN">کٲرۍگٔرۍ</wf>
		<wf pos="VM">کٔرِتھ</wf>
		<wf pos="VM">بناونہٕ</wf>
		<wf pos="VAUX">آمٕژ</wf>
		<wf pos="SYM">۔</wf>
	</sentence>
	<sentence s_id="69">
		<wf pos="PRP">سُہ</wf>
		<wf pos="VAUX">چُھ</wf>
		<wf pos="INTF">سٮ۪ٹھاہ</wf>
		<wf pos="NN">کنٛجوٗس</wf>
		<wf pos="VM">،</wf>
		<wf pos="PRP">تٔمِس</wf>
		<wf pos="VAUX">چُھ</wf>
		<wf pos="RB">شاید</wf>
		<wf pos="NN">خزانہٕ</wf>
		<wf pos="NN">جمع</wf>
		<wf pos="VM">کَرنُک</wf>
		<wf pos="RB">اِرادٕخزانہٕ</wf>
		<wf pos="VAUX">گَژھہِ</wf>
		<wf pos="JJ" sense_id="2">جان</wf>
		<wf pos="NN">جایہِ</wf>
		<wf pos="NN">خَرِچ</wf>
		<wf pos="NN">کَرُنبِڑِ</wf>
		<wf pos="NN">بَب</wf>
		<wf pos="VAUX">چُھ</wf>
		<wf pos="VM">پَکوُن</wf>
		<wf pos="JJ">ٹِکوُن</wf>
		<wf pos="NN">خَزانہٕ</wf>
		<wf pos="SYM">۔</wf>
	</sentence>
	<sentence s_id="70">
		<wf pos="PRP">تٔمۍ</wf>
		<wf pos="VM">کوٚر</wf>
		<wf pos="PRP">تَس</wf>
		<wf pos="JJ" sense_id="3">جان</wf>
		<wf pos="NN">لیوا</wf>
		<wf pos="NN">حَملہٕ</wf>
		<wf pos="SYM">۔</wf>
	</sentence>
	<sentence s_id="71">
		<wf pos="NN">فونس</wf>
		<wf pos="VAUX">ٲس</wf>
		<wf pos="NN">گٲنٛنٹی</wf>
		<wf pos="VM">بجان</wf>
		<wf pos="CC">مگر</wf>
		<wf pos="PRP">کٲنٛسی</wf>
		<wf pos="VM">تُل</wf>
		<wf pos="NST">نہٕنٮ۪برٕ</wf>
		<wf pos="PSP">پٮ۪ٹھہٕ</wf>
		<wf pos="VM">یِیہٕ</wf>
		<wf pos="PSP">وٲلِس</wf>
		<wf pos="VM">فونَس</wf>
		<wf pos="VAUX">چھےٚ</wf>
		<wf pos="JJ">زیٖٹھ</wf>
		<wf pos="NN">گَنٛٹی</wf>
		<wf pos="VM">آسان</wf>
		<wf pos="SYM">۔</wf>
	</sentence>
	<sentence s_id="72">
		<wf pos="JJ" sense_id="4">جان</wf>
		<wf pos="VAUX">چھُہ</wf>
		<wf pos="NN">ژراٹہٕ</wf>
		<wf pos="NN">ہالس</wf>
		<wf pos="PSP">منٛز</wf>
		<wf pos="VM">پرناوَن</wf>
		<wf pos="SYM">۔</wf>
	</sentence>
	<sentence s_id="73">
		<wf pos="JJ">پرٛانہِ</wf>
		<wf pos="NN">زمانہٕ</wf>
		<wf pos="VAUX">اوس</wf>
		<wf pos="NN">کوٖرِ</wf>
		<wf pos="PSP">ہُنٛد</wf>
		<wf pos="VM">نیرُن</wf>
		<wf pos="VM">سجان</wf>
		<wf pos="JJ" sense_id="2">جان</wf>
		<wf pos="RB">ییٚلہِ</wf>
		<wf pos="PRP">تس</wf>
		<wf pos="NN">زانٛپانس</wf>
		<wf pos="PSP">منٛز</wf>
		<wf pos="VM">کڈان</wf>
		<wf pos="NN">ٲسۍمٔہرِنۍ</wf>
		<wf pos="VAUX">چھےٚ</wf>
		<wf pos="NN">زانٛپانَس</wf>
		<wf pos="PSP">منٛز</wf>
		<wf pos="VM">بِہِتھ</wf>
		<wf pos="SYM">۔</wf>
	</sentence>
	<sentence s_id="74">
		<wf pos="PRP">سون</wf>
		<wf pos="NN">اُستاد</wf>
		<wf pos="VAUX">چُھ</wf>
		<wf pos="NN">نظرِیاتُک</wf>
		<wf pos="JJ" sense_id="1">جان</wf>
		<wf pos="NN">عٲلِم</wf>
		<wf pos="SYM">۔</wf>
	</sentence>
	<sentence s_id="75">
		<wf pos="NNP">ہِنٛدوستانَس</wf>
		<wf pos="PSP">منٛز</wf>
		<wf pos="VAUX">چھےٚ</wf>
		<wf pos="JJ">دٮ۪وٲلی</wf>
		<wf pos="JJ" sense_id="1">جان</wf>
		<wf pos="POW">پٲٹھۍ</wf>
		<wf pos="VAUX">یِوان</wf>
		<wf pos="VM">مَناونہٕ</wf>
		<wf pos="SYM">۔</wf>
	</sentence>
	<sentence s_id="76">
		<wf pos="PRP">تِمَن</wf>
		<wf pos="QC">دۄن</wf>
		<wf pos="VAUX">چھےٚ</wf>
		<wf pos="VM">پانٕوَنۍ</wf>
		<wf pos="JJ" sense_id="1">جان</wf>
		<wf pos="NN">بَرابٔری</wf>
		<wf pos="VM">یِوان</wf>
		<wf pos="SYM">۔</wf>
	</sentence>
	<sentence s_id="77">
		<wf pos="DEM">ییٚمہِ</wf>
		<wf pos="VAUX">اِجلاسُکھ</wf>
		<wf pos="RB">نٲظِم</wf>
		<wf pos="VAUX">چُھ</wf>
		<wf pos="QC">اَکھ</wf>
		<wf pos="JJ" sense_id="5">جان</wf>
		<wf pos="NN">نَفَر</wf>
		<wf pos="SYM">۔</wf>
	</sentence>
	<sentence s_id="78">
		<wf pos="PRP">سُہ</wf>
		<wf pos="VAUX">چُھ</wf>
		<wf pos="JJ" sense_id="1">جان</wf>
		<wf pos="NN">زانَنَن</wf>
		<wf pos="PSP">وول</wf>
		<wf pos="VM">،</wf>
		<wf pos="PRP">کُنہِ</wf>
		<wf pos="RP">تہِ</wf>
		<wf pos="NN">چیزٕچ</wf>
		<wf pos="VM">پہچان</wf>
		<wf pos="VAUX">چُھ</wf>
		<wf pos="VM">کَران</wf>
		<wf pos="SYM">۔</wf>
	</sentence>
	<sentence s_id="79">
		<wf pos="PRP">ژےٚ</wf>
		<wf pos="NN">دٕژٕتھ</wf>
		<wf pos="PRP">مےٚ</wf>
		<wf pos="INTF">سٮ۪ٹھاہ</wf>
		<wf pos="JJ" sense_id="1">جان</wf>
		<wf pos="NN">زانٛکٲری</wf>
		<wf pos="SYM">۔</wf>
	</sentence>
	<sentence s_id="80">
		<wf pos="NN">لۄکُٹ</wf>
		<wf pos="NN">شُر</wf>
		<wf pos="VM">وَدناوُن</wf>
		<wf pos="NEG">چُھنہٕ</wf>
		<wf pos="JJ" sense_id="3">جان</wf>
		<wf pos="VM">گَژھان</wf>
		<wf pos="SYM">۔</wf>
	</sentence>
	<sentence s_id="81">
		<wf pos="JJ">اِصٕل</wf>
		<wf pos="NN">تَربِیَت</wf>
		<wf pos="POW">دار</wf>
		<wf pos="NN">بَچَن</wf>
		<wf pos="PSP">ہٕنٛز</wf>
		<wf pos="NN">صَحبَت</wf>
		<wf pos="VM">چھہٕ</wf>
		<wf pos="JJ" sense_id="1">جان</wf>
		<wf pos="VM">آسان</wf>
		<wf pos="SYM">۔</wf>
	</sentence>
	<sentence s_id="82">
		<wf pos="NNP">اَروٗنا</wf>
		<wf pos="PSP">سُنٛد</wf>
		<wf pos="NN">ماسوٗ</wf>
		<wf pos="VAUX">چُھ</wf>
		<wf pos="JJ" sense_id="2">جان</wf>
		<wf pos="NN">اَتھہٕ</wf>
		<wf pos="NN">وِچَھن</wf>
		<wf pos="PSP">وول</wf>
		<wf pos="SYM">۔</wf>
	</sentence>
	<sentence s_id="83">
		<wf pos="NN">مَنوج</wf>
		<wf pos="VAUX">آو</wf>
		<wf pos="NN">کالجُک</wf>
		<wf pos="PRP">سارِِوٕے</wf>
		<wf pos="RP">کھۄتہٕ</wf>
		<wf pos="JJ" sense_id="5">جان</wf>
		<wf pos="NN">شاگِرد</wf>
		<wf pos="VM">ژارنہٕ</wf>
		<wf pos="SYM">۔</wf>
	</sentence>
	<sentence s_id="84">
		<wf pos="VAUX">أس</wf>
		<wf pos="PRP">ییٚمِس</wf>
		<wf pos="QO">نیٛک</wf>
		<wf pos="NN">سمجان</wf>
		<wf pos="VAUX">ٲس</wf>
		<wf pos="PRP">سُہ</wf>
		<wf pos="NN">درٛاؤ</wf>
		<wf pos="RB">ٲخرَس</wf>
		<wf pos="NN">زوٗر</wf>
		<wf pos="SYM">۔</wf>
	</sentence>
	<sentence s_id="85">
		<wf pos="NNPC">پٔنٛڈِت</wf>
		<wf pos="NNPC">ہری</wf>
		<wf pos="NNP">شنکر</wf>
		<wf pos="VAUX">چُھ</wf>
		<wf pos="QC">اَکھ</wf>
		<wf pos="JJ" sense_id="6">جان</wf>
		<wf pos="NN">تقریٖر</wf>
		<wf pos="NN">کَرَن</wf>
		<wf pos="PSP">وول</wf>
		<wf pos="SYM">۔</wf>
	</sentence>
	<sentence s_id="86">
		<wf pos="PRP">بہٕ</wf>
		<wf pos="VAUX">اوس</wf>
		<wf pos="NNP">سَن</wf>
		<wf pos="PRP">سُہ</wf>
		<wf pos="INTF">واریاہ</wf>
		<wf pos="JJ" sense_id="2">جان</wf>
		<wf pos="VM">سَمجان</wf>
		<wf pos="SYM">۔</wf>
	</sentence>
	<sentence s_id="87">
		<wf pos="NNP">کِشورَن</wf>
		<wf pos="VAUX">چُھ</wf>
		<wf pos="NNPC">رام</wf>
		<wf pos="NNP">لیٖلا</wf>
		<wf pos="PSP">منٛز</wf>
		<wf pos="JJ" sense_id="7">جان</wf>
		<wf pos="NN">کِردار</wf>
		<wf pos="VM">ادا</wf>
		<wf pos="VM">کوٚرمُت</wf>
		<wf pos="SYM">۔</wf>
	</sentence>
	<sentence s_id="88">
		<wf pos="PRP">تٔمۍ</wf>
		<wf pos="VAUX">چُھ</wf>
		<wf pos="JJ" sense_id="1">جان</wf>
		<wf pos="NN">پوشاکھ</wf>
		<wf pos="VM">لوگمُت</wf>
		<wf pos="SYM">۔</wf>
	</sentence>
	<sentence s_id="89">
		<wf pos="NNP">منجوٗلا</wf>
		<wf pos="VAUX">چھِ</wf>
		<wf pos="JJ" sense_id="7">جان</wf>
		<wf pos="NN">کوٗریو</wf>
		<wf pos="PSP">منٛزٕ</wf>
		<wf pos="QC">اَکھ</wf>
		<wf pos="SYM">۔</wf>
	</sentence>
	<sentence s_id="90">
		<wf pos="PRP">کُنہِ</wf>
		<wf pos="RP">تہِ</wf>
		<wf pos="NN">چیٖزُک</wf>
		<wf pos="CC">حَدٕ</wf>
		<wf pos="RB">روٚس</wf>
		<wf pos="VAUX">آسُن</wf>
		<wf pos="NEG">چُھنہٕ</wf>
		<wf pos="JJ" sense_id="1">جان</wf>
		<wf pos="VM">گَژھان</wf>
		<wf pos="SYM">۔</wf>
	</sentence>
	<sentence s_id="91">
		<wf pos="DEM">یَتھ</wf>
		<wf pos="NN">موضوٗعس</wf>
		<wf pos="PSP">پٮ۪ٹھ</wf>
		<wf pos="VAUX">چھِ</wf>
		<wf pos="PRP">تٔمِس</wf>
		<wf pos="JJ" sense_id="1">جان</wf>
		<wf pos="JJ">عبوٗر</wf>
		<wf pos="SYM">۔</wf>
	</sentence>
	<sentence s_id="92">
		<wf pos="DEM">یِہ</wf>
		<wf pos="NN">گِرو</wf>
		<wf pos="VAUX">چُھ</wf>
		<wf pos="JJ" sense_id="6">جان</wf>
		<wf pos="VM">اَنجان</wf>
		<wf pos="NN">لُکن</wf>
		<wf pos="VM">لوٗٹان</wf>
		<wf pos="SYM">۔</wf>
	</sentence>
	<sentence s_id="93">
		<wf pos="RB">اَز</wf>
		<wf pos="VM">یِیہ</wf>
		<wf pos="JJ" sense_id="6">جان</wf>
		<wf pos="NN">کَٹھہٕ</wf>
		<wf pos="PSP">سٕنٛز</wf>
		<wf pos="NN">قۄربٲنی</wf>
		<wf pos="VM">دِنہٕ</wf>
		<wf pos="SYM">۔</wf>
	</sentence>
	<sentence s_id="94">
		<wf pos="NNPC">شامہٕ</wf>
		<wf pos="PRP">سٕند</wf>
		<wf pos="POW">ٮ۪و</wf>
		<wf pos="NN">وٲرِویو</wf>
		<wf pos="NN">انِہ</wf>
		<wf pos="PSP">مہنِوٮ۪ن</wf>
		<wf pos="NN">بخشٲیِش</wf>
		<wf pos="VM">دِنہٕ</wf>
		<wf pos="PSP">خٲطرٕ</wf>
		<wf pos="JJ" sense_id="1">جان</wf>
		<wf pos="JJ" sense_id="1">جان</wf>
		<wf pos="RB">دۄتہِ</wf>
		<wf pos="SYM">۔</wf>
	</sentence>
	<sentence s_id="95">
		<wf pos="NN">بۄچھِ</wf>
		<wf pos="JJ">ہوٚت</wf>
		<wf pos="NN">مرنہٕ</wf>
		<wf pos="RP">کھوتہٕ</wf>
		<wf pos="JJ" sense_id="1">جان</wf>
		<wf pos="VAUX">چُھ</wf>
		<wf pos="QC">ترٮ۪ن</wf>
		<wf pos="NN">دوہن</wf>
		<wf pos="PSP">ہُند</wf>
		<wf pos="VM">پھیوٗرمُت</wf>
		<wf pos="NNC">بتہٕ</wf>
		<wf pos="NN">کھیوٚن</wf>
		<wf pos="SYM">۔</wf>
	</sentence>
	<sentence s_id="96">
		<wf pos="DEM">یہِ</wf>
		<wf pos="NEG">چُھنہٕ</wf>
		<wf pos="JJ">ضروٗری</wf>
		<wf pos="NN">خاندٲنۍ</wf>
		<wf pos="NN">نفر</wf>
		<wf pos="VAUX">آسہِ</wf>
		<wf pos="JJ" sense_id="1">جان</wf>
		<wf pos="NN">خیالاتن</wf>
		<wf pos="PSP">ہُند</wf>
		<wf pos="SYM">۔</wf>
	</sentence>
	<sentence s_id="97">
		<wf pos="NN">نارفِک</wf>
		<wf pos="VAUX">چُھ</wf>
		<wf pos="NN">چال</wf>
		<wf pos="NN">ڈال</wf>
		<wf pos="PSP">منٛز</wf>
		<wf pos="INTF">واریاہ</wf>
		<wf pos="JJ" sense_id="1">جان</wf>
		<wf pos="CC">تہٕ</wf>
		<wf pos="NN">مزبوٗتھ</wf>
		<wf pos="VM">آسان</wf>
		<wf pos="SYM">۔</wf>
	</sentence>
	<sentence s_id="98">
		<wf pos="DEM">یَتھ</wf>
		<wf pos="NN">دِفٲقی</wf>
		<wf pos="PSP">بٮ۪ٹھ</wf>
		<wf pos="PSP">کہِ</wf>
		<wf pos="PSP">منٛز</wf>
		<wf pos="VAUX">چِھ</wf>
		<wf pos="PRP">سارنی</wf>
		<wf pos="JJ" sense_id="1">جان</wf>
		<wf pos="JJ" sense_id="1">جان</wf>
		<wf pos="NN">لُکن</wf>
		<wf pos="VAUX">آمٕژ</wf>
		<wf pos="RB">داوت</wf>
		<wf pos="VM">دِنہٕ</wf>
		<wf pos="SYM">۔</wf>
	</sentence>
	<sentence s_id="99">
		<wf pos="NN">انندی</wf>
		<wf pos="PSP">ہُند</wf>
		<wf pos="NN">تۄمُل</wf>
		<wf pos="VAUX">چُھ</wf>
		<wf pos="JJ" sense_id="1">جان</wf>
		<wf pos="VM">آسان</wf>
		<wf pos="SYM">۔</wf>
	</sentence>
	<sentence s_id="100">
		<wf pos="DEM">سو</wf>
		<wf pos="NN">مٲنٛش</wf>
		<wf pos="DEM">یۄس</wf>
		<wf pos="NN">انجان</wf>
		<wf pos="VM">کھیوان</wf>
		<wf pos="VAUX">چھے</wf>
		<wf pos="PRP">تٔمۍ</wf>
		<wf pos="PSP">سُند</wf>
		<wf pos="NN">دۄد</wf>
		<wf pos="VAUX">چُھ</wf>
		<wf pos="PSP">نشہِ</wf>
		<wf pos="JJ" sense_id="4">جان</wf>
		<wf pos="VM">آسان</wf>
		<wf pos="SYM">۔</wf>
	</sentence>
	<sentence s_id="101">
		<wf pos="PSP">کن</wf>
		<wf pos="NN">کجری</wf>
		<wf pos="PSP">ہُند</wf>
		<wf pos="NN">تۄمُل</wf>
		<wf pos="VAUX">چُھ</wf>
		<wf pos="JJ" sense_id="1">جان</wf>
		<wf pos="VM">آسان</wf>
		<wf pos="SYM">۔</wf>
	</sentence>
	<sentence s_id="102">
		<wf pos="NN">مُشک</wf>
		<wf pos="VM">بِلٲیہِ</wf>
		<wf pos="PRP">ہنٛدِ</wf>
		<wf pos="POW">ٮ۪ن</wf>
		<wf pos="NN">پوشن</wf>
		<wf pos="PSP">ہِندِس</wf>
		<wf pos="NN">عارقس</wf>
		<wf pos="VAUX">چُھ</wf>
		<wf pos="INTF">واریاہ</wf>
		<wf pos="JJ" sense_id="1">جان</wf>
		<wf pos="NN">مُشٕک</wf>
		<wf pos="VM">آسان</wf>
		<wf pos="SYM">۔</wf>
	</sentence>
	<sentence s_id="103">
		<wf pos="NN">راتس</wf>
		<wf pos="VAUX">چھے</wf>
		<wf pos="RP">مٔہیو</wf>
		<wf pos="INTF">روٚستٕے</wf>
		<wf pos="NN">جاین</wf>
		<wf pos="JJ" sense_id="1">جان</wf>
		<wf pos="NN">نینٛدر</wf>
		<wf pos="VM">پیوان</wf>
		<wf pos="SYM">۔</wf>
	</sentence>
	<sentence s_id="104">
		<wf pos="NN">لُکھ</wf>
		<wf pos="VM">چھِنہٕ</wf>
		<wf pos="JJ" sense_id="1">جان</wf>
		<wf pos="NN">لُکن</wf>
		<wf pos="PSP">ہٕنٛز</wf>
		<wf pos="NN">مخالفت</wf>
		<wf pos="VM">کرنہٕ</wf>
		<wf pos="PSP">نِشہِ</wf>
		<wf pos="RP">تہِ</wf>
		<wf pos="RB">پتھ</wf>
		<wf pos="VM">روزان</wf>
		<wf pos="SYM">۔</wf>
	</sentence>
	<sentence s_id="105">
		<wf pos="PRP">تٔمۍ</wf>
		<wf pos="PSP">سُند</wf>
		<wf pos="NN">رونگ</wf>
		<wf pos="VAUX">چُھ</wf>
		<wf pos="INTF">واریاہ</wf>
		<wf pos="JJ" sense_id="1">جان</wf>
		<wf pos="VM">سجان</wf>
		<wf pos="SYM">۔</wf>
	</sentence>
	<sentence s_id="106">
		<wf pos="JJ">اوٚر</wf>
		<wf pos="JJ" sense_id="1">جان</wf>
		<wf pos="VM">قٲیِم</wf>
		<wf pos="VM">تھاونہٕ</wf>
		<wf pos="PSP">خٲطرٕ</wf>
		<wf pos="VAUX">گِژھہِ</wf>
		<wf pos="DEM">دُہَے</wf>
		<wf pos="NN">وَرزِش</wf>
		<wf pos="VM">کَرٕنۍ</wf>
		<wf pos="SYM">۔</wf>
	</sentence>
	<sentence s_id="107">
		<wf pos="JJ" sense_id="1">جان</wf>
		<wf pos="NN">نَفرَن</wf>
		<wf pos="PSP">ہِنٛز</wf>
		<wf pos="NN">صحبَت</wf>
		<wf pos="VAUX">چھےٚ</wf>
		<wf pos="JJ">اَصٕل</wf>
		<wf pos="VM">آسان</wf>
		<wf pos="SYM">۔</wf>
	</sentence>
	<sentence s_id="108">
		<wf pos="PRP">ہیٚنٛدۍ</wf>
		<wf pos="NN">مَزہَبَس</wf>
		<wf pos="PSP">مَنٛز</wf>
		<wf pos="VAUX">چُھ</wf>
		<wf pos="NN">مانسَرووَرَس</wf>
		<wf pos="JJ" sense_id="1">جان</wf>
		<wf pos="NN">اہمِیَت</wf>
		<wf pos="SYM">۔</wf>
	</sentence>
	<sentence s_id="109">
		<wf pos="NN">میٖزورام</wf>
		<wf pos="VAUX">چُھ</wf>
		<wf pos="QC">اکھ</wf>
		<wf pos="JJ" sense_id="1">جان</wf>
		<wf pos="NN">کَلچَر</wf>
		<wf pos="PSP">وول</wf>
		<wf pos="NN">علاقہٕ</wf>
		<wf pos="SYM">۔</wf>
	</sentence>
	<sentence s_id="110">
		<wf pos="PRP">مےٚ</wf>
		<wf pos="VAUX">اوس</wf>
		<wf pos="JJ">آزَربای</wf>
		<wf pos="JJ" sense_id="1">جان</wf>
		<wf pos="NN">کِس</wf>
		<wf pos="NNC">لُکہٕ</wf>
		<wf pos="NN">نَژنہٕ</wf>
		<wf pos="PSP">کِس</wf>
		<wf pos="NN">موضوٗعس</wf>
		<wf pos="PSP">مُتلِق</wf>
		<wf pos="VM">زانُن</wf>
		<wf pos="SYM">۔</wf>
	</sentence>
	<sentence s_id="111">
		<wf pos="NN">تاتیاپاراہَس</wf>
		<wf pos="PSP">منٛز</wf>
		<wf pos="VAUX">چھِ</wf>
		<wf pos="RB">مَرٲٹھۍ</wf>
		<wf pos="NN">لُکَن</wf>
		<wf pos="PSP">ہٕنٛز</wf>
		<wf pos="JJ" sense_id="1">جان</wf>
		<wf pos="NN">اَکثٔریَت</wf>
		<wf pos="SYM">۔</wf>
	</sentence>
	<sentence s_id="112">
		<wf pos="NN">اِنسان</wf>
		<wf pos="PSP">سٕندِ</wf>
		<wf pos="NNP">اتھٕ</wf>
		<wf pos="JJ">بنٲومٕتٮ۪ن</wf>
		<wf pos="NN">چیزَن</wf>
		<wf pos="PSP">ہٕنٛز</wf>
		<wf pos="NN">گٔنٛزرَن</wf>
		<wf pos="VAUX">چھٚے</wf>
		<wf pos="VM">گَژھان</wf>
		<wf pos="CC">بےٚ</wf>
		<wf pos="JJ" sense_id="1">جان</wf>
		<wf pos="NN">چیٖزَن</wf>
		<wf pos="PSP">منٛز</wf>
		<wf pos="SYM">۔</wf>
	</sentence>
	<sentence s_id="113">
		<wf pos="PRP">اَسِہ</wf>
		<wf pos="VAUX">پَزِ</wf>
		<wf pos="VM">اَنجان</wf>
		<wf pos="NN">نفرَن</wf>
		<wf pos="PSP">سٕتۍ</wf>
		<wf pos="RP">تِہ</wf>
		<wf pos="JJ" sense_id="3">جان</wf>
		<wf pos="NN">ورتاو</wf>
		<wf pos="VM">کرُن</wf>
		<wf pos="SYM">۔</wf>
	</sentence>
	<sentence s_id="114">
		<wf pos="NNP">مہیش</wf>
		<wf pos="VAUX">چُھ</wf>
		<wf pos="NN">شہرٕ</wf>
		<wf pos="NN">چھانہٕ</wf>
		<wf pos="NN">کٲم</wf>
		<wf pos="VM">کٔرِتھ</wf>
		<wf pos="JJ" sense_id="1">جان</wf>
		<wf pos="NN">پونٛسہٕ</wf>
		<wf pos="VM">کَماوان</wf>
		<wf pos="SYM">۔</wf>
	</sentence>
	<sentence s_id="115">
		<wf pos="NN">سنٛجے</wf>
		<wf pos="VAUX">چُھ</wf>
		<wf pos="VM">ووننچہٕ</wf>
		<wf pos="NN">کامہِ</wf>
		<wf pos="PSP">پٮ۪ٹھ</wf>
		<wf pos="JJ" sense_id="1">جان</wf>
		<wf pos="VM">زینان</wf>
		<wf pos="SYM">۔</wf>
	</sentence>
	<sentence s_id="116">
		<wf pos="NN">موہنہٕ</wf>
		<wf pos="VAUX">چُھ</wf>
		<wf pos="NN">دُکانٛدٲری</wf>
		<wf pos="VM">کٔرِتھ</wf>
		<wf pos="JJ" sense_id="1">جان</wf>
		<wf pos="NN">پونٛسہٕ</wf>
		<wf pos="VM">کَماوان</wf>
		<wf pos="SYM">۔</wf>
	</sentence>
	<sentence s_id="117">
		<wf pos="NN">موہنہٕ</wf>
		<wf pos="VAUX">چُھ</wf>
		<wf pos="NN">ٹھانٛٹَھر</wf>
		<wf pos="NN">بازرَس</wf>
		<wf pos="PSP">مَنٛز</wf>
		<wf pos="JJ">ٹھانٛٹَہر</wf>
		<wf pos="NN">کٲم</wf>
		<wf pos="VM">کٔرِتھ</wf>
		<wf pos="JJ" sense_id="1">جان</wf>
		<wf pos="NN">پونٛسہٕ</wf>
		<wf pos="VM">کَماوان</wf>
		<wf pos="SYM">۔</wf>
	</sentence>
	<sentence s_id="118">
		<wf pos="NN">آزٕ</wf>
		<wf pos="NN">کَل</wf>
		<wf pos="VAUX">چُھ</wf>
		<wf pos="JJ">بَڑٮ۪ن</wf>
		<wf pos="NN">شہرَن</wf>
		<wf pos="PSP">منٛز</wf>
		<wf pos="NN">ٹرٛیفِک</wf>
		<wf pos="NN">جام</wf>
		<wf pos="QC">اَکھ</wf>
		<wf pos="JJ" sense_id="2">جان</wf>
		<wf pos="NN">مسلہٕ</wf>
		<wf pos="VM">بنیومُت</wf>
		<wf pos="SYM">۔</wf>
	</sentence>
	<sentence s_id="119">
		<wf pos="NN">أکِس</wf>
		<wf pos="JJ" sense_id="3">جان</wf>
		<wf pos="NN">موٚنٛڈہ</wf>
		<wf pos="VM">کورِہ</wf>
		<wf pos="CC">تہٕ</wf>
		<wf pos="PRP">تٔنٛد</wf>
		<wf pos="POW">ٮ۪و</wf>
		<wf pos="NN">شُر</wf>
		<wf pos="POW">ٮ۪و</wf>
		<wf pos="VM">بغٲرچُھنہ</wf>
		<wf pos="PRP">أہندِس</wf>
		<wf pos="NNP">گھرس</wf>
		<wf pos="PSP">منٛز</wf>
		<wf pos="PRP">کانٛہہ</wf>
		<wf pos="VM">روزان</wf>
		<wf pos="SYM">۔</wf>
	</sentence>
	<sentence s_id="120">
		<wf pos="DEM">یِمَن</wf>
		<wf pos="NN">تقریٖٮ۪ن</wf>
		<wf pos="CC">تہٕ</wf>
		<wf pos="NN">رٲوِشن</wf>
		<wf pos="PSP">ہٕنٛز</wf>
		<wf pos="NN">وَکھنَے</wf>
		<wf pos="NN">کرٕبہٕ</wf>
		<wf pos="VM">پَننہٕ</wf>
		<wf pos="NN">مقدوٗمہٕ</wf>
		<wf pos="PSP">موٗجوٗب</wf>
		<wf pos="DEM">یہِ</wf>
		<wf pos="NN">بحث</wf>
		<wf pos="RB">أکتھ</wf>
		<wf pos="VM">کُن</wf>
		<wf pos="VM">ترٲوِتھ</wf>
		<wf pos="CC">زِ</wf>
		<wf pos="NNP">آیا</wf>
		<wf pos="DEM">یِم</wf>
		<wf pos="NN">چھاجان</wf>
		<wf pos="VM">کِنہٕ</wf>
		<wf pos="JJ">ناکارٕ</wf>
		<wf pos="PRP">سُہ</wf>
		<wf pos="NN">دَل</wf>
		<wf pos="VM">دِن</wf>
		<wf pos="NN">پَرن</wf>
		<wf pos="PSP">وٲلۍ</wf>
		<wf pos="PRP">پانے</wf>
		<wf pos="CC">ہرگاہ</wf>
		<wf pos="PRP">تِمَن</wf>
		<wf pos="VM">آے</wf>
		<wf pos="VM">یِیِہ</wf>
		<wf pos="SYM">۔</wf>
	</sentence>
	<sentence s_id="121">
		<wf pos="PRP">سُہ</wf>
		<wf pos="VAUX">چُھ</wf>
		<wf pos="QC">اَکھ</wf>
		<wf pos="JJ" sense_id="4">جان</wf>
		<wf pos="JJ">مٲہر</wf>
		<wf pos="NN">فنکار</wf>
		<wf pos="SYM">۔</wf>
	</sentence>
	<sentence s_id="122">
		<wf pos="NNP">ڈیوڈ</wf>
		<wf pos="PSP">سٕنٛد</wf>
		<wf pos="PSP">مُطٲبق</wf>
		<wf pos="VAUX">چُھ</wf>
		<wf pos="JJ" sense_id="1">جان</wf>
		<wf pos="QC">۴۵</wf>
		<wf pos="NN">وۄہر</wf>
		<wf pos="SYM">۔</wf>
	</sentence>
	<sentence s_id="123">
		<wf pos="PSP">پٮ۪ٹھ</wf>
		<wf pos="PRP">کنہِ</wf>
		<wf pos="NN">ذِکر</wf>
		<wf pos="VM">کرنہٕ</wf>
		<wf pos="VAUX">آمُت</wf>
		<wf pos="JJ" sense_id="7">جان</wf>
		<wf pos="VM">ژاو</wf>
		<wf pos="DEM">اَمہِ</wf>
		<wf pos="RB">پَتہٕ</wf>
		<wf pos="NN">گرٕ</wf>
		<wf pos="SYM">۔</wf>
	</sentence>
	<sentence s_id="124">
		<wf pos="JJ" sense_id="1">جان</wf>
		<wf pos="VAUX">اوس</wf>
		<wf pos="NN">خوف</wf>
		<wf pos="JJ">زَد</wf>
		<wf pos="VM">باسان</wf>
		<wf pos="SYM">۔</wf>
	</sentence>
	<sentence s_id="125">
		<wf pos="JJ" sense_id="5">جان</wf>
		<wf pos="VAUX">چُھ</wf>
		<wf pos="NN">اَکہٕ</wf>
		<wf pos="CC">نَتہٕ</wf>
		<wf pos="PRP">بیٚیہِ</wf>
		<wf pos="NN">اَتھوارِ</wf>
		<wf pos="NN">کٲم</wf>
		<wf pos="VM">کرٕنۍ</wf>
		<wf pos="SYM">۔</wf>
	</sentence>
	<sentence s_id="126">
		<wf pos="DEM">یہِ</wf>
		<wf pos="VAUX">چُھ</wf>
		<wf pos="QC">اَکھ</wf>
		<wf pos="JJ" sense_id="1">جان</wf>
		<wf pos="NN">طٔریٖقہٕ</wf>
		<wf pos="SYM">۔</wf>
	</sentence>
	<sentence s_id="127">
		<wf pos="JJ" sense_id="1">جان</wf>
		<wf pos="VAUX">چُھ</wf>
		<wf pos="NN">بےشوٗب</wf>
		<wf pos="VM">باسان</wf>
		<wf pos="SYM">۔</wf>
	</sentence>
	<sentence s_id="128">
		<wf pos="NNP">محفِلہِ</wf>
		<wf pos="PSP">مَنٛز</wf>
		<wf pos="NN">بَچہٕ</wf>
		<wf pos="PSP">سٕنٛدۍ</wf>
		<wf pos="POW">پٲٹھۍ</wf>
		<wf pos="NN">کَتھ</wf>
		<wf pos="VM">کَرٕنۍ</wf>
		<wf pos="VAUX">چُھ</wf>
		<wf pos="NEG">نہٕ</wf>
		<wf pos="JJ" sense_id="1">جان</wf>
		<wf pos="VM">گَژھان</wf>
		<wf pos="SYM">۔</wf>
	</sentence>
	<sentence s_id="129">
		<wf pos="PRP">تۄہہِ</wf>
		<wf pos="VAUX">چُھوٕ</wf>
		<wf pos="JJ" sense_id="4">جان</wf>
		<wf pos="JJ">بوٚڑ</wf>
		<wf pos="NN">سرٛانہٕ</wf>
		<wf pos="NN">کُٹھ</wf>
		<wf pos="SYM">۔</wf>
	</sentence>
	<sentence s_id="130">
		<wf pos="NN">اِنسانَس</wf>
		<wf pos="VAUX">پَزِ</wf>
		<wf pos="PRP">پرٛٮ۪تھ</wf>
		<wf pos="PRP">کٲنٛسہِ</wf>
		<wf pos="PSP">سۭتۍ</wf>
		<wf pos="JJ" sense_id="2">جان</wf>
		<wf pos="POW">پٲٹھۍ</wf>
		<wf pos="VM">وَرتاوُن</wf>
		<wf pos="SYM">۔</wf>
	</sentence>
	<sentence s_id="131">
		<wf pos="PRP">سۄ</wf>
		<wf pos="VAUX">چھےٚ</wf>
		<wf pos="JJ" sense_id="1">جان</wf>
		<wf pos="NN">جاے</wf>
		<wf pos="PRP">اَسہِ</wf>
		<wf pos="VAUX">پَزِ</wf>
		<wf pos="DEM">تَتھ</wf>
		<wf pos="NN">مُعاینہٕ</wf>
		<wf pos="VM">کرُن</wf>
		<wf pos="SYM">۔</wf>
	</sentence>
	<sentence s_id="132">
		<wf pos="PRP">سۄ</wf>
		<wf pos="VAUX">چھےٚ</wf>
		<wf pos="INTF">سٮ۪ٹھاہ</wf>
		<wf pos="JJ" sense_id="7">جان</wf>
		<wf pos="NN">زنانہٕ</wf>
		<wf pos="SYM">۔</wf>
	</sentence>
	<sentence s_id="133">
		<wf pos="PRP">سۄ</wf>
		<wf pos="VAUX">چھےٚ</wf>
		<wf pos="JJ" sense_id="7">جان</wf>
		<wf pos="NN">کوٗر</wf>
		<wf pos="SYM">۔</wf>
	</sentence>
	<sentence s_id="134">
		<wf pos="VM">رٔشیٖدٕنۍ</wf>
		<wf pos="QC">بےٛ</wf>
		<wf pos="JJ">دخلی</wf>
		<wf pos="NN">گرٕ</wf>
		<wf pos="PSP">نِش</wf>
		<wf pos="VAUX">گوٚو</wf>
		<wf pos="NEG">نہٕ</wf>
		<wf pos="JJ" sense_id="1">جان</wf>
		<wf pos="SYM">۔</wf>
	</sentence>
	<sentence s_id="135">
		<wf pos="VAUX">ما</wf>
		<wf pos="JJ">کڑ</wf>
		<wf pos="NN">لٮ۪کہٕ</wf>
		<wf pos="DEM">یہِ</wf>
		<wf pos="VAUX">چُھ</wf>
		<wf pos="NEG">نہٕ</wf>
		<wf pos="VM">گژھان</wf>
		<wf pos="JJ" sense_id="1">جان</wf>
		<wf pos="SYM">۔</wf>
	</sentence>
	<sentence s_id="136">
		<wf pos="PRP">سُہ</wf>
		<wf pos="NN">أکِس</wf>
		<wf pos="JJ">لۄکچہِ</wf>
		<wf pos="NN">غلطی</wf>
		<wf pos="NN">پٮ۪ٹھجمٲژ</wf>
		<wf pos="PSP">منٛز</wf>
		<wf pos="VM">خٲرِج</wf>
		<wf pos="VM">کرُن</wf>
		<wf pos="NEG">چُھنہٕ</wf>
		<wf pos="JJ" sense_id="1">جان</wf>
		<wf pos="SYM">۔</wf>
	</sentence>
	<sentence s_id="137">
		<wf pos="RB">ییٚتہِ</wf>
		<wf pos="QC">چھےٛ</wf>
		<wf pos="NNP">طرف</wf>
		<wf pos="NN">دٲری</wf>
		<wf pos="NN">یٲژ</wf>
		<wf pos="VM">چلان</wf>
		<wf pos="DEM">یہِ</wf>
		<wf pos="VAUX">ما</wf>
		<wf pos="VAUX">گوٚو</wf>
		<wf pos="JJ" sense_id="1">جان</wf>
		<wf pos="SYM">۔</wf>
	</sentence>
	<sentence s_id="138">
		<wf pos="NN">موسم</wf>
		<wf pos="VAUX">اوس</wf>
		<wf pos="INTF">بَڑٕ</wf>
		<wf pos="JJ" sense_id="1">جان</wf>
		<wf pos="CC">تہٕ</wf>
		<wf pos="JJ">زَبر</wf>
		<wf pos="SYM">۔</wf>
	</sentence>
	<sentence s_id="139">
		<wf pos="NN">بَدقٔسمتی</wf>
		<wf pos="PSP">سۭتۍ</wf>
		<wf pos="VAUX">گوٚو</wf>
		<wf pos="RB">اَز</wf>
		<wf pos="QC">اَکھ</wf>
		<wf pos="NN">کار</wf>
		<wf pos="VM">حٲدۍثہِ</wf>
		<wf pos="DEM">یَتھ</wf>
		<wf pos="PSP">منٛز</wf>
		<wf pos="QC">زٕ</wf>
		<wf pos="NN">نَفَر</wf>
		<wf pos="VAUX">گٔیہِ</wf>
		<wf pos="RB">اَز</wf>
		<wf pos="JJ" sense_id="2">جان</wf>
		<wf pos="SYM">۔</wf>
	</sentence>

</contextfile>