<?xml version='1.0' encoding='utf-8'?>
<contextfile filename="جال" fileno="51">
<sentence s_id="1">
		<wf pos="NN">جسمس</wf>
		<wf pos="PSP">منٛز</wf>
		<wf pos="DEM">چِھۍ</wf>
		<wf pos="NN">رگن</wf>
		<wf pos="PSP">ہُند</wf>
		<wf pos="NN" sense_id="3">جال</wf>
		<wf pos="VAUX">آسن</wf>
		<wf pos="VM">بنٮ۪ومُت</wf>
		<wf pos="SYM">۔</wf>
</sentence>
<sentence s_id="2">
		<wf pos="NN">سٕکاشَس</wf>
		<wf pos="VAUX">چھِ</wf>
		<wf pos="QC">زٕ</wf>
		<wf pos="CC">یا</wf>
		<wf pos="QC">ژور</wf>
		<wf pos="NN">کھلٲڑۍ</wf>
		<wf pos="QC">اَکہِ</wf>
		<wf pos="RDP">بَڑِ</wf>
		<wf pos="NN" sense_id="1">جال</wf>
		<wf pos="PSP">پٮ۪ٹھ</wf>
		<wf pos="VM">گِنٛدان</wf>
		<wf pos="SYM">۔</wf>
</sentence>
<sentence s_id="3">
		<wf pos="QC">اَکہِ</wf>
		<wf pos="NN">قٕسمُک</wf>
		<wf pos="VM">شیٚستٕرُو</wf>
		<wf pos="JJ">گول</wf>
		<wf pos="NN">دان</wf>
		<wf pos="PSP">یَتھمَنٛز</wf>
		<wf pos="NN">باگ</wf>
		<wf pos="NN" sense_id="1">جال</wf>
		<wf pos="VAUX">چھےٚ</wf>
		<wf pos="VM">آسان</wf>
		<wf pos="NN">لٲگِتھ:موج</wf>
		<wf pos="VAUX">چھےٚ</wf>
		<wf pos="NN">دَمچوٗلَس</wf>
		<wf pos="PSP">پٮ۪ٹھ</wf>
		<wf pos="NN">بَتہٕ</wf>
		<wf pos="VM">رنان</wf>
		<wf pos="SYM">۔</wf>
</sentence>
<sentence s_id="4">
		<wf pos="NN">ٹٮ۪نٕس</wf>
		<wf pos="VM">گِنٛدنہٕ</wf>
		<wf pos="PSP">خٲطرٕ</wf>
		<wf pos="VAUX">چھہِ</wf>
		<wf pos="NNC">شُرۍ</wf>
		<wf pos="NN">مٲدانَس</wf>
		<wf pos="PSP">منٛز</wf>
		<wf pos="NN" sense_id="2">جال</wf>
		<wf pos="VM">لاگان</wf>
		<wf pos="SYM">۔</wf>
</sentence>
<sentence s_id="5">
		<wf pos="RB">ٲخر</wf>
		<wf pos="VM">پھنٛسیوو</wf>
		<wf pos="NN">کوتُر</wf>
		<wf pos="NN">شِکٲرۍ</wf>
		<wf pos="PSP">سٕنٛدِس</wf>
		<wf pos="NN" sense_id="2">جالس</wf>
		<wf pos="PSP">منٛز</wf>
		<wf pos="SYM">۔</wf>
</sentence>
<sentence s_id="6">
		<wf pos="NN" sense_id="2">جالس</wf>
		<wf pos="PSP">منٛز</wf>
		<wf pos="VM">پھسیٚو</wf>
		<wf pos="NN">باٹُر</wf>
		<wf pos="SYM">۔</wf>
</sentence>
<sentence s_id="7">
		<wf pos="PRP">مےٚ</wf>
		<wf pos="VAUX">اوس</wf>
		<wf pos="NN" sense_id="1">جالس</wf>
		<wf pos="NN">کٲڑِس</wf>
		<wf pos="PSP">مَنٛز</wf>
		<wf pos="NN">کھُر</wf>
		<wf pos="VAUX">آمُت</wf>
		<wf pos="NNC">واوٕ</wf>
		<wf pos="NN">طوٗفانَس</wf>
		<wf pos="PSP">مَنٛز</wf>
		<wf pos="VM">ٲسٕم</wf>
		<wf pos="NN" sense_id="4">جال</wf>
		<wf pos="QC">اَکھ</wf>
		<wf pos="NN">أکِس</wf>
		<wf pos="JJ">مُخٲلِف</wf>
		<wf pos="PRP">پرٛٮ۪تھ</wf>
		<wf pos="PSP">طرفہٕ</wf>
		<wf pos="NN">طنابَو</wf>
		<wf pos="PSP">سۭتۍ</wf>
		<wf pos="VM">لَمان</wf>
		<wf pos="SYM">۔</wf>
</sentence>
<sentence s_id="8">
		<wf pos="VAUX">‘‘وُچھ</wf>
		<wf pos="NN">بَک</wf>
		<wf pos="NN">بَک</wf>
		<wf pos="WQ">کیاہ</wf>
		<wf pos="VAUX">چُھ</wf>
		<wf pos="VM">کَران</wf>
		<wf pos="VAUX">آمُت</wf>
		<wf pos="RB">چُھے</wf>
		<wf pos="RB">اَز</wf>
		<wf pos="NN" sense_id="4">جال</wf>
		<wf pos="VM">وَہراونہِ</wf>
		<wf pos="NN">کریٖٹہٕ</wf>
		<wf pos="NN">پوٗت</wf>
		<wf pos="PSP">ہٮ۪تھ</wf>
		<wf pos="SYM">۔</wf>
</sentence>
<sentence s_id="9">
		<wf pos="NN">گاڑٕ</wf>
		<wf pos="PSP">ہٲنٛزس</wf>
		<wf pos="VAUX">چُھ</wf>
		<wf pos="NN" sense_id="4">جال</wf>
		<wf pos="VM">ترٛاوُن</wf>
		<wf pos="NN">گاڑٕ</wf>
		<wf pos="VM">رٹنہٕ</wf>
		<wf pos="PSP">خٲطرٕ</wf>
		<wf pos="SYM">۔</wf>
</sentence>
<sentence s_id="10">
		<wf pos="PRP">سُہ</wf>
		<wf pos="NN">جوٗلہٕ</wf>
		<wf pos="DEM">یُس</wf>
		<wf pos="NN">ڈَنٛڈَن</wf>
		<wf pos="PSP">پٮ۪ٹھ</wf>
		<wf pos="VAUX">چُھ</wf>
		<wf pos="VM">لٲگِتھ</wf>
		<wf pos="VM">آسان</wf>
		<wf pos="CC">تہٕ</wf>
		<wf pos="CC">بیٚیہِ</wf>
		<wf pos="PRP">یُس</wf>
		<wf pos="NN" sense_id="4">جال</wf>
		<wf pos="PSP">ہیوٗ</wf>
		<wf pos="VAUX">چُھ</wf>
		<wf pos="PRP">آسان:سُہ</wf>
		<wf pos="VAUX">اوس</wf>
		<wf pos="NN" sense_id="3">جالہِ</wf>
		<wf pos="POW">دار</wf>
		<wf pos="NN">جوٗلَس</wf>
		<wf pos="PSP">پٮ۪ٹھ</wf>
		<wf pos="NN">سَوٲرۍ</wf>
		<wf pos="VM">کھٮ۪وان</wf>
		<wf pos="SYM">۔</wf>
</sentence>
<sentence s_id="11">
		<wf pos="NN">تیٚمبَر</wf>
		<wf pos="VM">پٮ۪نہٕ</wf>
		<wf pos="NN">وِزِ</wf>
		<wf pos="NN">لالَس</wf>
		<wf pos="PSP">پٮ۪ٹھ</wf>
		<wf pos="NNC">پیٚنہٕ</wf>
		<wf pos="NN">واجیٚنٛۍ</wf>
		<wf pos="RB">ژھاے:تیٚمبَر</wf>
		<wf pos="NNC">پیٚنہٕ</wf>
		<wf pos="NN">وِزِ</wf>
		<wf pos="VAUX">چھِ</wf>
		<wf pos="NN">أچَھن</wf>
		<wf pos="NN" sense_id="4">جال</wf>
		<wf pos="VM">پٮ۪وان</wf>
		<wf pos="SYM">۔</wf>
</sentence>
<sentence s_id="12">
		<wf pos="NN">گاڈٕ</wf>
		<wf pos="VM">رَٹنہٕ</wf>
		<wf pos="PSP">خٲطرٕ</wf>
		<wf pos="QC">اَکھ</wf>
		<wf pos="NN">اوزار:گاڈٕ</wf>
		<wf pos="NN" sense_id="4">جال</wf>
		<wf pos="VAUX">چُھ</wf>
		<wf pos="QW">بٲنٛسوٗ</wf>
		<wf pos="VM">آسان</wf>
		<wf pos="VM">بَنیوٗمُت</wf>
		<wf pos="SYM">۔</wf>
</sentence>
<sentence s_id="13">
		<wf pos="NN">گاڑٕ</wf>
		<wf pos="NN">ہٲنٛز</wf>
		<wf pos="VAUX">چُھ</wf>
		<wf pos="NN" sense_id="4">جال</wf>
		<wf pos="VM">ترٛٲوِتھ</wf>
		<wf pos="NN">گاڑٕ</wf>
		<wf pos="VM">رَٹان</wf>
		<wf pos="SYM">۔</wf>
</sentence>
<sentence s_id="14">
		<wf pos="INTF">تِژھ</wf>
		<wf pos="NN">حالَت</wf>
		<wf pos="VM">پٲدٕ</wf>
		<wf pos="VM">کَرٕنۍ</wf>
		<wf pos="NN">ییٚمہٕ</wf>
		<wf pos="PSP">منٛز</wf>
		<wf pos="NEG">نہٕ</wf>
		<wf pos="VM">نیٖرِتھ</wf>
		<wf pos="NN">ہٮ۪کو:پُلسہٕ</wf>
		<wf pos="VAUX">چُھ</wf>
		<wf pos="JJ">خوٗنی</wf>
		<wf pos="VM">رَٹنہٕ</wf>
		<wf pos="PSP">خٲطرٕ</wf>
		<wf pos="NN" sense_id="3">جال</wf>
		<wf pos="VM">تَیار</wf>
		<wf pos="VM">کَران</wf>
		<wf pos="SYM">۔</wf>
</sentence>
<sentence s_id="15">
		<wf pos="DEM">ییٚمہِ</wf>
		<wf pos="NN">کارچہِ</wf>
		<wf pos="NNP">ٹٮ۪نکی</wf>
		<wf pos="PSP">ہِنٛدِس</wf>
		<wf pos="NN">وٮ۪نٹِلیٹرَس</wf>
		<wf pos="PSP">منٛز</wf>
		<wf pos="VAUX">چُھ</wf>
		<wf pos="NN">زۄلریو</wf>
		<wf pos="NN" sense_id="4">جال</wf>
		<wf pos="VM">ووٗنمُت</wf>
		<wf pos="SYM">۔</wf>
</sentence>
<sentence s_id="16">
		<wf pos="PRP">سُہ</wf>
		<wf pos="VAUX">چُھ</wf>
		<wf pos="PRP">کوچہ</wf>
		<wf pos="NN">گلٮ۪ن</wf>
		<wf pos="PSP">پٮ۪ٹھ</wf>
		<wf pos="NN">وہرتھ</wf>
		<wf pos="NN" sense_id="4">جال</wf>
		<wf pos="SYM">۔</wf>
</sentence>
<sentence s_id="17">
		<wf pos="QC">اَکھ</wf>
		<wf pos="NN">کُٹھ</wf>
		<wf pos="VAUX">آو</wf>
		<wf pos="VM">لٔکرِوِ</wf>
		<wf pos="NN" sense_id="5">جالہِ</wf>
		<wf pos="POW">دار</wf>
		<wf pos="NN">پَردٕ</wf>
		<wf pos="PSP">سۭتۍ</wf>
		<wf pos="QC">ژۄن</wf>
		<wf pos="NN">حِصَن</wf>
		<wf pos="PSP">منٛز</wf>
		<wf pos="JJ">تقسیٖم</wf>
		<wf pos="VM">کَرنہٕ</wf>
		<wf pos="SYM">۔</wf>
</sentence>
<sentence s_id="18">
		<wf pos="NN">اَکھس</wf>
		<wf pos="NN">کُٹھس</wf>
		<wf pos="VM">آے</wf>
		<wf pos="VM">لٔکرِوِ</wf>
		<wf pos="NN" sense_id="3">جالہِ</wf>
		<wf pos="POW">دار</wf>
		<wf pos="NN">پَردٕ</wf>
		<wf pos="PSP">سۭتۍ</wf>
		<wf pos="NN">ژۄر</wf>
		<wf pos="NN">حِصہٕ</wf>
		<wf pos="NN">کَرنَہِ</wf>
		<wf pos="SYM">۔</wf>
</sentence>
<sentence s_id="19">
		<wf pos="PRP">تٔمۍ</wf>
		<wf pos="VAUX">اوس</wf>
		<wf pos="JJ">نَوَٮ۪ن</wf>
		<wf pos="NN">پَلوَن</wf>
		<wf pos="PSP">پٮ۪ٹھہٕ</wf>
		<wf pos="NN" sense_id="3">جالہِ</wf>
		<wf pos="POW">دار</wf>
		<wf pos="NN">پَلَو</wf>
		<wf pos="VM">تھوومُت</wf>
		<wf pos="SYM">۔</wf>
</sentence>
<sentence s_id="20">
		<wf pos="NN">زَلٕر</wf>
		<wf pos="PSP">سُنٛد</wf>
		<wf pos="NN">کھٮ۪ن</wf>
		<wf pos="VAUX">چُھ</wf>
		<wf pos="PRP">تٔمۍ</wf>
		<wf pos="PSP">سٕنٛدِ</wf>
		<wf pos="NN" sense_id="5">جالہِ</wf>
		<wf pos="PSP">منٛز</wf>
		<wf pos="VM">پَھسمٕتۍ</wf>
		<wf pos="PRP">کٮ۪مۍ</wf>
		<wf pos="VM">آسانلَبہِ</wf>
		<wf pos="PSP">پٮ۪ٹھ</wf>
		<wf pos="VAUX">چُھ</wf>
		<wf pos="NN">زَلُر</wf>
		<wf pos="SYM">۔</wf>
</sentence>
<sentence s_id="21">
		<wf pos="PRP">سُہ</wf>
		<wf pos="NN">جوٗلہٕ</wf>
		<wf pos="DEM">یُس</wf>
		<wf pos="NN">ڈَنٛڈَن</wf>
		<wf pos="PSP">پٮ۪ٹھ</wf>
		<wf pos="VAUX">چُھ</wf>
		<wf pos="VM">لٲگِتھ</wf>
		<wf pos="VM">آسان</wf>
		<wf pos="CC">تہٕ</wf>
		<wf pos="CC">بیٚیہِ</wf>
		<wf pos="PRP">یُس</wf>
		<wf pos="NN" sense_id="4">جال</wf>
		<wf pos="PSP">ہیوٗ</wf>
		<wf pos="VAUX">چُھ</wf>
		<wf pos="SYM">۔</wf>
</sentence>
<sentence s_id="22">
		<wf pos="QC">اَکہِ</wf>
		<wf pos="NN">قٕسمٕچ</wf>
		<wf pos="JJ">پرٛٲنۍ</wf>
		<wf pos="VM">توپ:دُشمَنوو</wf>
		<wf pos="VM">کوٚر</wf>
		<wf pos="NN" sense_id="5">جالہِ</wf>
		<wf pos="PSP">سۭتۍ</wf>
		<wf pos="NN">قلعہٕ</wf>
		<wf pos="JJ">مِسہٕ</wf>
		<wf pos="NN">مار</wf>
		<wf pos="SYM">۔</wf>
</sentence>
<sentence s_id="23">
		<wf pos="QC">اَکھ</wf>
		<wf pos="NN">کُٹھ</wf>
		<wf pos="VAUX">آو</wf>
		<wf pos="VM">لٔکرِوِ</wf>
		<wf pos="NN" sense_id="3">جالہِ</wf>
		<wf pos="POW">دار</wf>
		<wf pos="NN">پَردٕ</wf>
		<wf pos="PSP">سۭتۍ</wf>
		<wf pos="QC">ژۄن</wf>
		<wf pos="NN">حِصَن</wf>
		<wf pos="PSP">منٛز</wf>
		<wf pos="JJ">تقسیٖم</wf>
		<wf pos="VM">کَرنہٕ</wf>
		<wf pos="SYM">۔</wf>
</sentence>
<sentence s_id="24">
		<wf pos="QC">اَکہِ</wf>
		<wf pos="NN">قٔسمُک</wf>
		<wf pos="NN" sense_id="3">جالہِ</wf>
		<wf pos="POW">دار</wf>
		<wf pos="JJ">کَپُر:بابَر</wf>
		<wf pos="NN">لیٹ</wf>
		<wf pos="VAUX">چُھ</wf>
		<wf pos="NN">مَچھر</wf>
		<wf pos="NN">دٲنۍ</wf>
		<wf pos="VM">بَناونَس</wf>
		<wf pos="VM">لَگان</wf>
		<wf pos="SYM">۔</wf>
</sentence>
<sentence s_id="25">
		<wf pos="NN">شامَس</wf>
		<wf pos="VAUX">اوس</wf>
		<wf pos="NN" sense_id="3">جالہِ</wf>
		<wf pos="POW">دار</wf>
		<wf pos="NN">کُرتہٕ</wf>
		<wf pos="VM">لٲگِتھ</wf>
		<wf pos="SYM">۔</wf>
</sentence>
<sentence s_id="26">
		<wf pos="QC">اَکہِ</wf>
		<wf pos="NNP">قٔسمٕچۍ</wf>
		<wf pos="NN">گاڈ:گاڈٕ</wf>
		<wf pos="NN">ہٲنٛز</wf>
		<wf pos="PSP">سٕنٛز</wf>
		<wf pos="NN" sense_id="5">جالہِ</wf>
		<wf pos="PSP">منٛز</wf>
		<wf pos="VM">پَھسییہِ</wf>
		<wf pos="QC">اَکھ</wf>
		<wf pos="NN">مُرَل</wf>
		<wf pos="SYM">۔</wf>
</sentence>
<sentence s_id="27">
		<wf pos="QC">اَکہِ</wf>
		<wf pos="NN">قٕسمُک</wf>
		<wf pos="NN">زٲوُیٛل</wf>
		<wf pos="CC">تہٕ</wf>
		<wf pos="NN" sense_id="3">جالہِ</wf>
		<wf pos="POW">دار</wf>
		<wf pos="JJ">سوٗتی</wf>
		<wf pos="NN">کَپُر:گاجس</wf>
		<wf pos="PSP">پٮ۪ٹھ</wf>
		<wf pos="VAUX">چھِ</wf>
		<wf pos="VM">آسان</wf>
		<wf pos="JJ">ریٖشمی</wf>
		<wf pos="NN">بُلبُل</wf>
		<wf pos="VM">بَنٲوِتھ</wf>
		<wf pos="SYM">۔</wf>
</sentence>
<sentence s_id="28">
		<wf pos="QC">اَکہِ</wf>
		<wf pos="NN">قٕسمُک</wf>
		<wf pos="NN">کپُر:جالیٖلٮ۪ٹ</wf>
		<wf pos="VAUX">چُھ</wf>
		<wf pos="VM">آسان</wf>
		<wf pos="NN" sense_id="3">جالہِ</wf>
		<wf pos="POW">دار</wf>
		<wf pos="SYM">۔</wf>
</sentence>
<sentence s_id="29">
		<wf pos="NN">سۄرفَس</wf>
		<wf pos="PSP">ہِش</wf>
		<wf pos="QC">اَکھ</wf>
		<wf pos="NN">گاڑ:گاڑٕ</wf>
		<wf pos="VM">ہٲنٛزنہِ</wf>
		<wf pos="NN" sense_id="4">جال</wf>
		<wf pos="PSP">منٛز</wf>
		<wf pos="VAUX">اوس</wf>
		<wf pos="QC">اَکھ</wf>
		<wf pos="NNC:?">بام</wf>
		<wf pos="CC">تہٕ</wf>
		<wf pos="JJ">بَنٛد</wf>
		<wf pos="VM">گومُت</wf>
		<wf pos="SYM">۔</wf>
</sentence>
<sentence s_id="30">
		<wf pos="JJ">لَکٕٹۍ</wf>
		<wf pos="JJ">لَکٕٹۍ</wf>
		<wf pos="PRP">کیٚمۍ</wf>
		<wf pos="VAUX">چھہِ</wf>
		<wf pos="NN" sense_id="4">جال</wf>
		<wf pos="PSP">منٛز</wf>
		<wf pos="VM">وَلنہٕ</wf>
		<wf pos="RB">یِتھ</wf>
		<wf pos="NN">زۄلٕر</wf>
		<wf pos="PSP">سُنٛد</wf>
		<wf pos="NN">شِکار</wf>
		<wf pos="VM">بَنان</wf>
		<wf pos="SYM">۔</wf>
</sentence>
<sentence s_id="31">
		<wf pos="NN">جِسمَس</wf>
		<wf pos="PSP">منٛز</wf>
		<wf pos="VM">لَبنہٕ</wf>
		<wf pos="VM">یِنہٕ</wf>
		<wf pos="PSP">واجنہِ</wf>
		<wf pos="PRP">تِمہٕ</wf>
		<wf pos="NN">رَگہٕ</wf>
		<wf pos="DEM">یِم</wf>
		<wf pos="NN">دٮ۪ماگ</wf>
		<wf pos="PSP">ہٮ۪ٹھ</wf>
		<wf pos="NN">شیٚچھ</wf>
		<wf pos="NN">جِسمَس</wf>
		<wf pos="VM">واتناوان</wf>
		<wf pos="VM">چھِ:نیوٗران</wf>
		<wf pos="VAUX">چھِ</wf>
		<wf pos="NN" sense_id="4">جال</wf>
		<wf pos="PSP">ہِنٛدۍ</wf>
		<wf pos="RB">پٲٹھۍ</wf>
		<wf pos="QC">اَکھ</wf>
		<wf pos="NN">أکِس</wf>
		<wf pos="PSP">سۭتۍ</wf>
		<wf pos="VM">ؤلِتھ</wf>
		<wf pos="VM">آسان</wf>
		<wf pos="SYM">۔</wf>
</sentence>
<sentence s_id="32">
		<wf pos="QC">اَکہِ</wf>
		<wf pos="NN">قٕسمٕچ</wf>
		<wf pos="JJ">بٔڑۍ</wf>
		<wf pos="NN">گاڈ:گاڈٕ</wf>
		<wf pos="PSP">ہٲنٛزَن</wf>
		<wf pos="VM">ترٛٲو</wf>
		<wf pos="NN" sense_id="4">جال</wf>
		<wf pos="PSP">منحز</wf>
		<wf pos="VM">لٔجمٕژ</wf>
		<wf pos="RDP">روہوٗ</wf>
		<wf pos="RB">واپَس</wf>
		<wf pos="NN">آبَس</wf>
		<wf pos="PSP">منٛز</wf>
		<wf pos="SYM">۔</wf>
</sentence>
<sentence s_id="33">
		<wf pos="NN" sense_id="4">جال</wf>
		<wf pos="PSP">ہِنٛدِ</wf>
		<wf pos="JJ">شِفٲفی</wf>
		<wf pos="NN">سۭتۍچھہِ</wf>
		<wf pos="DEM">اَتھ</wf>
		<wf pos="PSP">منٛز</wf>
		<wf pos="VM">تھٲوِتھ</wf>
		<wf pos="PRP">سٲری</wf>
		<wf pos="NN">چیز</wf>
		<wf pos="VM">یِوان</wf>
		<wf pos="VM">بوزنہٕ</wf>
		<wf pos="SYM">۔</wf>
</sentence>
<sentence s_id="34">
		<wf pos="QC">اَکہِ</wf>
		<wf pos="NN">قٕسمٕچ</wf>
		<wf pos="JJ">بٔڈ</wf>
		<wf pos="NN">زال:گاڈٕ</wf>
		<wf pos="NN" sense_id="4">جال</wf>
		<wf pos="PSP">سۭتۍ</wf>
		<wf pos="VAUX">چھٚے</wf>
		<wf pos="NN">گاڈٕ</wf>
		<wf pos="VM">رَٹنَس</wf>
		<wf pos="PSP">منٛز</wf>
		<wf pos="RB">آسٲنی</wf>
		<wf pos="VM">گَژھان</wf>
		<wf pos="SYM">۔</wf>
</sentence>
<sentence s_id="35">
		<wf pos="QC">اَکہِ</wf>
		<wf pos="NNP">قٔسٕچۍ</wf>
		<wf pos="PRP">گاڑ:تٔمۍ</wf>
		<wf pos="VM">رٔٹ</wf>
		<wf pos="NN" sense_id="4">جال</wf>
		<wf pos="PSP">منٛز</wf>
		<wf pos="QC">اَکھ</wf>
		<wf pos="NN">کَروا</wf>
		<wf pos="NN">گاڑ</wf>
		<wf pos="SYM">۔</wf>
</sentence>
<sentence s_id="36">
		<wf pos="PRP">تٔمۍ</wf>
		<wf pos="NN">لَگٲو</wf>
		<wf pos="NN">بال</wf>
		<wf pos="NN" sense_id="4">جال</wf>
		<wf pos="PSP">مَنٛز</wf>
		<wf pos="SYM">۔</wf>
</sentence>
<sentence s_id="37">
		<wf pos="NNP">شیخالعالَم</wf>
		<wf pos="VAUX">ٲسۍ</wf>
		<wf pos="NN">ظُلمَس</wf>
		<wf pos="CC">تہٕ</wf>
		<wf pos="NN">جَبرَس</wf>
		<wf pos="PSP">خِلاف</wf>
		<wf pos="PRP">تِم</wf>
		<wf pos="VAUX">ٲسۍ</wf>
		<wf pos="NN">غریٖبَن</wf>
		<wf pos="PSP">ہٕنٛدۍ</wf>
		<wf pos="JJ">غمخوار</wf>
		<wf pos="PRP">تِمَو</wf>
		<wf pos="VM">لوٚڈ</wf>
		<wf pos="PRP">تِمَن</wf>
		<wf pos="PRP">سارِنٕے</wf>
		<wf pos="PSP">خِلاف</wf>
		<wf pos="DEM">یِم</wf>
		<wf pos="NN">غریٖبَن</wf>
		<wf pos="NN" sense_id="3">جال</wf>
		<wf pos="VM">کٔرِتھ</wf>
		<wf pos="VM">لوٗٹان</wf>
		<wf pos="VAUX">ٲسۍ</wf>
		<wf pos="PRP">تِمَن</wf>
		<wf pos="VAUX">ٲس</wf>
		<wf pos="JJ">مٲکرن</wf>
		<wf pos="PSP">ہٕنٛز</wf>
		<wf pos="INTF">سَخ</wf>
		<wf pos="NN">نَفرَت</wf>
		<wf pos="PRP">پرٛیتھ</wf>
		<wf pos="PRP">کٲنٛسِہ</wf>
		<wf pos="VAUX">ٲسۍ</wf>
		<wf pos="VM">ہیٚچھناوان</wf>
		<wf pos="NN">محنت</wf>
		<wf pos="VM">کرٕنۍ</wf>
		<wf pos="CC">تہٕ</wf>
		<wf pos="PRP">پانہٕ</wf>
		<wf pos="PRP">پَنُن</wf>
		<wf pos="NN">روزگار</wf>
		<wf pos="VM">کماوُن</wf>
		<wf pos="SYM">۔</wf>
</sentence>
<sentence s_id="38">
		<wf pos="NNPC">ناسَمَجھ</wf>
		<wf pos="NNP">کَنٛسَن</wf>
		<wf pos="VM">کٔرۍ</wf>
		<wf pos="NNP">بَگوان</wf>
		<wf pos="NN">کرِٛشنَس</wf>
		<wf pos="VM">مارنٕکۍ</wf>
		<wf pos="NNP">واریا</wf>
		<wf pos="NN" sense_id="3">جال</wf>
		<wf pos="CC">مگر</wf>
		<wf pos="VAUX">گوٚو</wf>
		<wf pos="NEG">نہٕ</wf>
		<wf pos="NN">کامِیاب</wf>
		<wf pos="SYM">۔</wf>
</sentence>
<sentence s_id="39">
		<wf pos="RB">پَتھ</wf>
		<wf pos="VM">کالچہٕ</wf>
		<wf pos="NN">لَڑایہِ</wf>
		<wf pos="PSP">منٛز</wf>
		<wf pos="PRP">کٲنٛسہِ</wf>
		<wf pos="NN">نفرَس</wf>
		<wf pos="CC">یا</wf>
		<wf pos="PRP">کُنہِ</wf>
		<wf pos="NN">چیٖزَس</wf>
		<wf pos="NN">رٲچھ</wf>
		<wf pos="VM">کَرنہٕ</wf>
		<wf pos="PSP">خٲطرٕ</wf>
		<wf pos="QC">اَکھ</wf>
		<wf pos="NN">ڈال:مہابھارتٕچہِ</wf>
		<wf pos="NN">لَڑایہِ</wf>
		<wf pos="PSP">منٛز</wf>
		<wf pos="VAUX">آو</wf>
		<wf pos="NN">أبِمَنٛیوٗ</wf>
		<wf pos="NN">چکرٕویوٗوَس</wf>
		<wf pos="PSP">منٛز</wf>
		<wf pos="NN" sense_id="3">جال</wf>
		<wf pos="VM">کٔرِتھ</wf>
		<wf pos="VM">مارنہٕ</wf>
		<wf pos="SYM">۔</wf>
</sentence>
<sentence s_id="40">
		<wf pos="NN" sense_id="1">جال</wf>
		<wf pos="NNP">ہاونٕچۍ</wf>
		<wf pos="NN">کٲم:شام</wf>
		<wf pos="VAUX">چُھ</wf>
		<wf pos="NNP">ٹِگڈَم</wf>
		<wf pos="POW">بٲزی</wf>
		<wf pos="PSP">مںٛز</wf>
		<wf pos="JJ">مٲہِر</wf>
		<wf pos="SYM">۔</wf>
</sentence>
<sentence s_id="41">
		<wf pos="PRP">کٲنٛسہِ</wf>
		<wf pos="NN" sense_id="4">جال</wf>
		<wf pos="VM">دِتھ</wf>
		<wf pos="NN">دونٛکھِ</wf>
		<wf pos="VM">دِنٕچ</wf>
		<wf pos="RB">عَمَل</wf>
		<wf pos="PRP">چٲنِس</wf>
		<wf pos="NN">زالَس</wf>
		<wf pos="PSP">منٛز</wf>
		<wf pos="VAUX">ہٮ۪کہِ</wf>
		<wf pos="PRP">کانٛہہ</wf>
		<wf pos="CC">تہٕ</wf>
		<wf pos="VM">پٔھسِتھ</wf>
		<wf pos="SYM">۔</wf>
</sentence>
<sentence s_id="42">
		<wf pos="INTF">بَڑٕ</wf>
		<wf pos="NN">پھاشہٕ</wf>
		<wf pos="PSP">نِش</wf>
		<wf pos="VM">بَچنہٕ</wf>
		<wf pos="PSP">خٲطرٕ</wf>
		<wf pos="VAUX">گٔے</wf>
		<wf pos="PRP">سٲری</wf>
		<wf pos="NN" sense_id="4">جال</wf>
		<wf pos="JJ">ناکام</wf>
		<wf pos="SYM">۔</wf>
</sentence>
<sentence s_id="43">
		<wf pos="PRP">سُہ</wf>
		<wf pos="VAUX">اوس</wf>
		<wf pos="NN" sense_id="3">جالہِ</wf>
		<wf pos="POW">دار</wf>
		<wf pos="NN">جوٗلَس</wf>
		<wf pos="PSP">پٮ۪ٹھ</wf>
		<wf pos="NN">سَوٲرۍ</wf>
		<wf pos="VM">کھٮ۪وان</wf>
</sentence>
<sentence s_id="44">
		<wf pos="NN">جسمس</wf>
		<wf pos="PSP">منٛز</wf>
		<wf pos="DEM">چِھۍ</wf>
		<wf pos="NN">رگن</wf>
		<wf pos="PSP">ہُند</wf>
		<wf pos="NN" sense_id="3">جال</wf>
		<wf pos="VAUX">آسن</wf>
		<wf pos="VM">بنٮ۪ومُت</wf>
		<wf pos="SYM">۔</wf>
</sentence>
<sentence s_id="45">
		<wf pos="NN">سٕکاشَس</wf>
		<wf pos="VAUX">چھِ</wf>
		<wf pos="QC">زٕ</wf>
		<wf pos="CC">یا</wf>
		<wf pos="QC">ژور</wf>
		<wf pos="NN">کھلٲڑۍ</wf>
		<wf pos="QC">اَکہِ</wf>
		<wf pos="RDP">بَڑِ</wf>
		<wf pos="NN" sense_id="1">جال</wf>
		<wf pos="PSP">پٮ۪ٹھ</wf>
		<wf pos="VM">گِنٛدان</wf>
		<wf pos="SYM">۔</wf>
</sentence>
<sentence s_id="46">
		<wf pos="QC">اَکہِ</wf>
		<wf pos="NN">قٕسمُک</wf>
		<wf pos="VM">شیٚستٕرُو</wf>
		<wf pos="JJ">گول</wf>
		<wf pos="NN">دان</wf>
		<wf pos="PSP">یَتھمَنٛز</wf>
		<wf pos="NN">باگ</wf>
		<wf pos="NN" sense_id="1">جال</wf>
		<wf pos="VAUX">چھےٚ</wf>
		<wf pos="VM">آسان</wf>
		<wf pos="NN">لٲگِتھ:موج</wf>
		<wf pos="VAUX">چھےٚ</wf>
		<wf pos="NN">دَمچوٗلَس</wf>
		<wf pos="PSP">پٮ۪ٹھ</wf>
		<wf pos="NN">بَتہٕ</wf>
		<wf pos="VM">رنان</wf>
		<wf pos="SYM">۔</wf>
</sentence>
<sentence s_id="47">
		<wf pos="NN">ٹٮ۪نٕس</wf>
		<wf pos="VM">گِنٛدنہٕ</wf>
		<wf pos="PSP">خٲطرٕ</wf>
		<wf pos="VAUX">چھہِ</wf>
		<wf pos="NNC">شُرۍ</wf>
		<wf pos="NN">مٲدانَس</wf>
		<wf pos="PSP">منٛز</wf>
		<wf pos="NN" sense_id="2">جال</wf>
		<wf pos="VM">لاگان</wf>
		<wf pos="SYM">۔</wf>
</sentence>
<sentence s_id="48">
		<wf pos="RB">ٲخر</wf>
		<wf pos="VM">پھنٛسیوو</wf>
		<wf pos="NN">کوتُر</wf>
		<wf pos="NN">شِکٲرۍ</wf>
		<wf pos="PSP">سٕنٛدِس</wf>
		<wf pos="NN" sense_id="2">جالس</wf>
		<wf pos="PSP">منٛز</wf>
		<wf pos="SYM">۔</wf>
</sentence>
<sentence s_id="49">
		<wf pos="NN" sense_id="2">جالس</wf>
		<wf pos="PSP">منٛز</wf>
		<wf pos="VM">پھسیٚو</wf>
		<wf pos="NN">باٹُر</wf>
		<wf pos="SYM">۔</wf>
</sentence>
<sentence s_id="50">
		<wf pos="PRP">مےٚ</wf>
		<wf pos="VAUX">اوس</wf>
		<wf pos="NN" sense_id="1">جالس</wf>
		<wf pos="NN">کٲڑِس</wf>
		<wf pos="PSP">مَنٛز</wf>
		<wf pos="NN">کھُر</wf>
		<wf pos="VAUX">آمُت</wf>
		<wf pos="NNC">واوٕ</wf>
		<wf pos="NN">طوٗفانَس</wf>
		<wf pos="PSP">مَنٛز</wf>
		<wf pos="VM">ٲسٕم</wf>
		<wf pos="NN" sense_id="4">جال</wf>
		<wf pos="QC">اَکھ</wf>
		<wf pos="NN">أکِس</wf>
		<wf pos="JJ">مُخٲلِف</wf>
		<wf pos="PRP">پرٛٮ۪تھ</wf>
		<wf pos="PSP">طرفہٕ</wf>
		<wf pos="NN">طنابَو</wf>
		<wf pos="PSP">سۭتۍ</wf>
		<wf pos="VM">لَمان</wf>
		<wf pos="SYM">۔</wf>
</sentence>
<sentence s_id="51">
		<wf pos="VAUX">‘‘وُچھ</wf>
		<wf pos="NN">بَک</wf>
		<wf pos="NN">بَک</wf>
		<wf pos="WQ">کیاہ</wf>
		<wf pos="VAUX">چُھ</wf>
		<wf pos="VM">کَران</wf>
		<wf pos="VAUX">آمُت</wf>
		<wf pos="RB">چُھے</wf>
		<wf pos="RB">اَز</wf>
		<wf pos="NN" sense_id="4">جال</wf>
		<wf pos="VM">وَہراونہِ</wf>
		<wf pos="NN">کریٖٹہٕ</wf>
		<wf pos="NN">پوٗت</wf>
		<wf pos="PSP">ہٮ۪تھ</wf>
		<wf pos="SYM">۔</wf>
</sentence>
<sentence s_id="51">
		<wf pos="NN">گاڑٕ</wf>
		<wf pos="PSP">ہٲنٛزس</wf>
		<wf pos="VAUX">چُھ</wf>
		<wf pos="NN" sense_id="4">جال</wf>
		<wf pos="VM">ترٛاوُن</wf>
		<wf pos="NN">گاڑٕ</wf>
		<wf pos="VM">رٹنہٕ</wf>
		<wf pos="PSP">خٲطرٕ</wf>
		<wf pos="SYM">۔</wf>
</sentence>

<sentence s_id="12">
		<wf pos="NN">گاڈٕ</wf>
		<wf pos="VM">رَٹنہٕ</wf>
		<wf pos="PSP">خٲطرٕ</wf>
		<wf pos="QC">اَکھ</wf>
		<wf pos="NN">اوزار:گاڈٕ</wf>
		<wf pos="NN" sense_id="4">جال</wf>
		<wf pos="VAUX">چُھ</wf>
		<wf pos="QW">بٲنٛسوٗ</wf>
		<wf pos="VM">آسان</wf>
		<wf pos="VM">بَنیوٗمُت</wf>
		<wf pos="SYM">۔</wf>
</sentence>
<sentence s_id="13">
		<wf pos="NN">گاڑٕ</wf>
		<wf pos="NN">ہٲنٛز</wf>
		<wf pos="VAUX">چُھ</wf>
		<wf pos="NN" sense_id="4">جال</wf>
		<wf pos="VM">ترٛٲوِتھ</wf>
		<wf pos="NN">گاڑٕ</wf>
		<wf pos="VM">رَٹان</wf>
		<wf pos="SYM">۔</wf>
</sentence>
<sentence s_id="14">
		<wf pos="INTF">تِژھ</wf>
		<wf pos="NN">حالَت</wf>
		<wf pos="VM">پٲدٕ</wf>
		<wf pos="VM">کَرٕنۍ</wf>
		<wf pos="NN">ییٚمہٕ</wf>
		<wf pos="PSP">منٛز</wf>
		<wf pos="NEG">نہٕ</wf>
		<wf pos="VM">نیٖرِتھ</wf>
		<wf pos="NN">ہٮ۪کو:پُلسہٕ</wf>
		<wf pos="VAUX">چُھ</wf>
		<wf pos="JJ">خوٗنی</wf>
		<wf pos="VM">رَٹنہٕ</wf>
		<wf pos="PSP">خٲطرٕ</wf>
		<wf pos="NN" sense_id="3">جال</wf>
		<wf pos="VM">تَیار</wf>
		<wf pos="VM">کَران</wf>
		<wf pos="SYM">۔</wf>
</sentence>
<sentence s_id="15">
		<wf pos="DEM">ییٚمہِ</wf>
		<wf pos="NN">کارچہِ</wf>
		<wf pos="NNP">ٹٮ۪نکی</wf>
		<wf pos="PSP">ہِنٛدِس</wf>
		<wf pos="NN">وٮ۪نٹِلیٹرَس</wf>
		<wf pos="PSP">منٛز</wf>
		<wf pos="VAUX">چُھ</wf>
		<wf pos="NN">زۄلریو</wf>
		<wf pos="NN" sense_id="4">جال</wf>
		<wf pos="VM">ووٗنمُت</wf>
		<wf pos="SYM">۔</wf>
</sentence>
<sentence s_id="16">
		<wf pos="PRP">سُہ</wf>
		<wf pos="VAUX">چُھ</wf>
		<wf pos="PRP">کوچہ</wf>
		<wf pos="NN">گلٮ۪ن</wf>
		<wf pos="PSP">پٮ۪ٹھ</wf>
		<wf pos="NN">وہرتھ</wf>
		<wf pos="NN" sense_id="4">جال</wf>
		<wf pos="SYM">۔</wf>
</sentence>
<sentence s_id="17">
		<wf pos="QC">اَکھ</wf>
		<wf pos="NN">کُٹھ</wf>
		<wf pos="VAUX">آو</wf>
		<wf pos="VM">لٔکرِوِ</wf>
		<wf pos="NN" sense_id="5">جالہِ</wf>
		<wf pos="POW">دار</wf>
		<wf pos="NN">پَردٕ</wf>
		<wf pos="PSP">سۭتۍ</wf>
		<wf pos="QC">ژۄن</wf>
		<wf pos="NN">حِصَن</wf>
		<wf pos="PSP">منٛز</wf>
		<wf pos="JJ">تقسیٖم</wf>
		<wf pos="VM">کَرنہٕ</wf>
		<wf pos="SYM">۔</wf>
</sentence>
<sentence s_id="18">
		<wf pos="NN">اَکھس</wf>
		<wf pos="NN">کُٹھس</wf>
		<wf pos="VM">آے</wf>
		<wf pos="VM">لٔکرِوِ</wf>
		<wf pos="NN" sense_id="3">جالہِ</wf>
		<wf pos="POW">دار</wf>
		<wf pos="NN">پَردٕ</wf>
		<wf pos="PSP">سۭتۍ</wf>
		<wf pos="NN">ژۄر</wf>
		<wf pos="NN">حِصہٕ</wf>
		<wf pos="NN">کَرنَہِ</wf>
		<wf pos="SYM">۔</wf>
</sentence>
<sentence s_id="19">
		<wf pos="PRP">تٔمۍ</wf>
		<wf pos="VAUX">اوس</wf>
		<wf pos="JJ">نَوَٮ۪ن</wf>
		<wf pos="NN">پَلوَن</wf>
		<wf pos="PSP">پٮ۪ٹھہٕ</wf>
		<wf pos="NN" sense_id="3">جالہِ</wf>
		<wf pos="POW">دار</wf>
		<wf pos="NN">پَلَو</wf>
		<wf pos="VM">تھوومُت</wf>
		<wf pos="SYM">۔</wf>
</sentence>
<sentence s_id="20">
		<wf pos="NN">زَلٕر</wf>
		<wf pos="PSP">سُنٛد</wf>
		<wf pos="NN">کھٮ۪ن</wf>
		<wf pos="VAUX">چُھ</wf>
		<wf pos="PRP">تٔمۍ</wf>
		<wf pos="PSP">سٕنٛدِ</wf>
		<wf pos="NN" sense_id="5">جالہِ</wf>
		<wf pos="PSP">منٛز</wf>
		<wf pos="VM">پَھسمٕتۍ</wf>
		<wf pos="PRP">کٮ۪مۍ</wf>
		<wf pos="VM">آسانلَبہِ</wf>
		<wf pos="PSP">پٮ۪ٹھ</wf>
		<wf pos="VAUX">چُھ</wf>
		<wf pos="NN">زَلُر</wf>
		<wf pos="SYM">۔</wf>
</sentence>
<sentence s_id="21">
		<wf pos="PRP">سُہ</wf>
		<wf pos="NN">جوٗلہٕ</wf>
		<wf pos="DEM">یُس</wf>
		<wf pos="NN">ڈَنٛڈَن</wf>
		<wf pos="PSP">پٮ۪ٹھ</wf>
		<wf pos="VAUX">چُھ</wf>
		<wf pos="VM">لٲگِتھ</wf>
		<wf pos="VM">آسان</wf>
		<wf pos="CC">تہٕ</wf>
		<wf pos="CC">بیٚیہِ</wf>
		<wf pos="PRP">یُس</wf>
		<wf pos="NN" sense_id="4">جال</wf>
		<wf pos="PSP">ہیوٗ</wf>
		<wf pos="VAUX">چُھ</wf>
		<wf pos="SYM">۔</wf>
</sentence>
<sentence s_id="22">
		<wf pos="QC">اَکہِ</wf>
		<wf pos="NN">قٕسمٕچ</wf>
		<wf pos="JJ">پرٛٲنۍ</wf>
		<wf pos="VM">توپ:دُشمَنوو</wf>
		<wf pos="VM">کوٚر</wf>
		<wf pos="NN" sense_id="5">جالہِ</wf>
		<wf pos="PSP">سۭتۍ</wf>
		<wf pos="NN">قلعہٕ</wf>
		<wf pos="JJ">مِسہٕ</wf>
		<wf pos="NN">مار</wf>
		<wf pos="SYM">۔</wf>
</sentence>
<sentence s_id="23">
		<wf pos="QC">اَکھ</wf>
		<wf pos="NN">کُٹھ</wf>
		<wf pos="VAUX">آو</wf>
		<wf pos="VM">لٔکرِوِ</wf>
		<wf pos="NN" sense_id="3">جالہِ</wf>
		<wf pos="POW">دار</wf>
		<wf pos="NN">پَردٕ</wf>
		<wf pos="PSP">سۭتۍ</wf>
		<wf pos="QC">ژۄن</wf>
		<wf pos="NN">حِصَن</wf>
		<wf pos="PSP">منٛز</wf>
		<wf pos="JJ">تقسیٖم</wf>
		<wf pos="VM">کَرنہٕ</wf>
		<wf pos="SYM">۔</wf>
</sentence>
<sentence s_id="24">
		<wf pos="QC">اَکہِ</wf>
		<wf pos="NN">قٔسمُک</wf>
		<wf pos="NN" sense_id="3">جالہِ</wf>
		<wf pos="POW">دار</wf>
		<wf pos="JJ">کَپُر:بابَر</wf>
		<wf pos="NN">لیٹ</wf>
		<wf pos="VAUX">چُھ</wf>
		<wf pos="NN">مَچھر</wf>
		<wf pos="NN">دٲنۍ</wf>
		<wf pos="VM">بَناونَس</wf>
		<wf pos="VM">لَگان</wf>
		<wf pos="SYM">۔</wf>
</sentence>
<sentence s_id="25">
		<wf pos="NN">شامَس</wf>
		<wf pos="VAUX">اوس</wf>
		<wf pos="NN" sense_id="3">جالہِ</wf>
		<wf pos="POW">دار</wf>
		<wf pos="NN">کُرتہٕ</wf>
		<wf pos="VM">لٲگِتھ</wf>
		<wf pos="SYM">۔</wf>
</sentence>
<sentence s_id="26">
		<wf pos="QC">اَکہِ</wf>
		<wf pos="NNP">قٔسمٕچۍ</wf>
		<wf pos="NN">گاڈ:گاڈٕ</wf>
		<wf pos="NN">ہٲنٛز</wf>
		<wf pos="PSP">سٕنٛز</wf>
		<wf pos="NN" sense_id="5">جالہِ</wf>
		<wf pos="PSP">منٛز</wf>
		<wf pos="VM">پَھسییہِ</wf>
		<wf pos="QC">اَکھ</wf>
		<wf pos="NN">مُرَل</wf>
		<wf pos="SYM">۔</wf>
</sentence>
<sentence s_id="27">
		<wf pos="QC">اَکہِ</wf>
		<wf pos="NN">قٕسمُک</wf>
		<wf pos="NN">زٲوُیٛل</wf>
		<wf pos="CC">تہٕ</wf>
		<wf pos="NN" sense_id="3">جالہِ</wf>
		<wf pos="POW">دار</wf>
		<wf pos="JJ">سوٗتی</wf>
		<wf pos="NN">کَپُر:گاجس</wf>
		<wf pos="PSP">پٮ۪ٹھ</wf>
		<wf pos="VAUX">چھِ</wf>
		<wf pos="VM">آسان</wf>
		<wf pos="JJ">ریٖشمی</wf>
		<wf pos="NN">بُلبُل</wf>
		<wf pos="VM">بَنٲوِتھ</wf>
		<wf pos="SYM">۔</wf>
</sentence>
<sentence s_id="28">
		<wf pos="QC">اَکہِ</wf>
		<wf pos="NN">قٕسمُک</wf>
		<wf pos="NN">کپُر:جالیٖلٮ۪ٹ</wf>
		<wf pos="VAUX">چُھ</wf>
		<wf pos="VM">آسان</wf>
		<wf pos="NN" sense_id="3">جالہِ</wf>
		<wf pos="POW">دار</wf>
		<wf pos="SYM">۔</wf>
</sentence>
<sentence s_id="29">
		<wf pos="NN">سۄرفَس</wf>
		<wf pos="PSP">ہِش</wf>
		<wf pos="QC">اَکھ</wf>
		<wf pos="NN">گاڑ:گاڑٕ</wf>
		<wf pos="VM">ہٲنٛزنہِ</wf>
		<wf pos="NN" sense_id="4">جال</wf>
		<wf pos="PSP">منٛز</wf>
		<wf pos="VAUX">اوس</wf>
		<wf pos="QC">اَکھ</wf>
		<wf pos="NNC:?">بام</wf>
		<wf pos="CC">تہٕ</wf>
		<wf pos="JJ">بَنٛد</wf>
		<wf pos="VM">گومُت</wf>
		<wf pos="SYM">۔</wf>
</sentence>
<sentence s_id="30">
		<wf pos="JJ">لَکٕٹۍ</wf>
		<wf pos="JJ">لَکٕٹۍ</wf>
		<wf pos="PRP">کیٚمۍ</wf>
		<wf pos="VAUX">چھہِ</wf>
		<wf pos="NN" sense_id="4">جال</wf>
		<wf pos="PSP">منٛز</wf>
		<wf pos="VM">وَلنہٕ</wf>
		<wf pos="RB">یِتھ</wf>
		<wf pos="NN">زۄلٕر</wf>
		<wf pos="PSP">سُنٛد</wf>
		<wf pos="NN">شِکار</wf>
		<wf pos="VM">بَنان</wf>
		<wf pos="SYM">۔</wf>
</sentence>
<sentence s_id="31">
		<wf pos="NN">جِسمَس</wf>
		<wf pos="PSP">منٛز</wf>
		<wf pos="VM">لَبنہٕ</wf>
		<wf pos="VM">یِنہٕ</wf>
		<wf pos="PSP">واجنہِ</wf>
		<wf pos="PRP">تِمہٕ</wf>
		<wf pos="NN">رَگہٕ</wf>
		<wf pos="DEM">یِم</wf>
		<wf pos="NN">دٮ۪ماگ</wf>
		<wf pos="PSP">ہٮ۪ٹھ</wf>
		<wf pos="NN">شیٚچھ</wf>
		<wf pos="NN">جِسمَس</wf>
		<wf pos="VM">واتناوان</wf>
		<wf pos="VM">چھِ:نیوٗران</wf>
		<wf pos="VAUX">چھِ</wf>
		<wf pos="NN" sense_id="4">جال</wf>
		<wf pos="PSP">ہِنٛدۍ</wf>
		<wf pos="RB">پٲٹھۍ</wf>
		<wf pos="QC">اَکھ</wf>
		<wf pos="NN">أکِس</wf>
		<wf pos="PSP">سۭتۍ</wf>
		<wf pos="VM">ؤلِتھ</wf>
		<wf pos="VM">آسان</wf>
		<wf pos="SYM">۔</wf>
</sentence>
<sentence s_id="32">
		<wf pos="QC">اَکہِ</wf>
		<wf pos="NN">قٕسمٕچ</wf>
		<wf pos="JJ">بٔڑۍ</wf>
		<wf pos="NN">گاڈ:گاڈٕ</wf>
		<wf pos="PSP">ہٲنٛزَن</wf>
		<wf pos="VM">ترٛٲو</wf>
		<wf pos="NN" sense_id="4">جال</wf>
		<wf pos="PSP">منحز</wf>
		<wf pos="VM">لٔجمٕژ</wf>
		<wf pos="RDP">روہوٗ</wf>
		<wf pos="RB">واپَس</wf>
		<wf pos="NN">آبَس</wf>
		<wf pos="PSP">منٛز</wf>
		<wf pos="SYM">۔</wf>
</sentence>
<sentence s_id="33">
		<wf pos="NN" sense_id="4">جال</wf>
		<wf pos="PSP">ہِنٛدِ</wf>
		<wf pos="JJ">شِفٲفی</wf>
		<wf pos="NN">سۭتۍچھہِ</wf>
		<wf pos="DEM">اَتھ</wf>
		<wf pos="PSP">منٛز</wf>
		<wf pos="VM">تھٲوِتھ</wf>
		<wf pos="PRP">سٲری</wf>
		<wf pos="NN">چیز</wf>
		<wf pos="VM">یِوان</wf>
		<wf pos="VM">بوزنہٕ</wf>
		<wf pos="SYM">۔</wf>
</sentence>
<sentence s_id="34">
		<wf pos="QC">اَکہِ</wf>
		<wf pos="NN">قٕسمٕچ</wf>
		<wf pos="JJ">بٔڈ</wf>
		<wf pos="NN">زال:گاڈٕ</wf>
		<wf pos="NN" sense_id="4">جال</wf>
		<wf pos="PSP">سۭتۍ</wf>
		<wf pos="VAUX">چھٚے</wf>
		<wf pos="NN">گاڈٕ</wf>
		<wf pos="VM">رَٹنَس</wf>
		<wf pos="PSP">منٛز</wf>
		<wf pos="RB">آسٲنی</wf>
		<wf pos="VM">گَژھان</wf>
		<wf pos="SYM">۔</wf>
</sentence>
<sentence s_id="35">
		<wf pos="QC">اَکہِ</wf>
		<wf pos="NNP">قٔسٕچۍ</wf>
		<wf pos="PRP">گاڑ:تٔمۍ</wf>
		<wf pos="VM">رٔٹ</wf>
		<wf pos="NN" sense_id="4">جال</wf>
		<wf pos="PSP">منٛز</wf>
		<wf pos="QC">اَکھ</wf>
		<wf pos="NN">کَروا</wf>
		<wf pos="NN">گاڑ</wf>
		<wf pos="SYM">۔</wf>
</sentence>
<sentence s_id="36">
		<wf pos="PRP">تٔمۍ</wf>
		<wf pos="NN">لَگٲو</wf>
		<wf pos="NN">بال</wf>
		<wf pos="NN" sense_id="4">جال</wf>
		<wf pos="PSP">مَنٛز</wf>
		<wf pos="SYM">۔</wf>
</sentence>
<sentence s_id="37">
		<wf pos="NNP">شیخالعالَم</wf>
		<wf pos="VAUX">ٲسۍ</wf>
		<wf pos="NN">ظُلمَس</wf>
		<wf pos="CC">تہٕ</wf>
		<wf pos="NN">جَبرَس</wf>
		<wf pos="PSP">خِلاف</wf>
		<wf pos="PRP">تِم</wf>
		<wf pos="VAUX">ٲسۍ</wf>
		<wf pos="NN">غریٖبَن</wf>
		<wf pos="PSP">ہٕنٛدۍ</wf>
		<wf pos="JJ">غمخوار</wf>
		<wf pos="PRP">تِمَو</wf>
		<wf pos="VM">لوٚڈ</wf>
		<wf pos="PRP">تِمَن</wf>
		<wf pos="PRP">سارِنٕے</wf>
		<wf pos="PSP">خِلاف</wf>
		<wf pos="DEM">یِم</wf>
		<wf pos="NN">غریٖبَن</wf>
		<wf pos="NN" sense_id="3">جال</wf>
		<wf pos="VM">کٔرِتھ</wf>
		<wf pos="VM">لوٗٹان</wf>
		<wf pos="VAUX">ٲسۍ</wf>
		<wf pos="PRP">تِمَن</wf>
		<wf pos="VAUX">ٲس</wf>
		<wf pos="JJ">مٲکرن</wf>
		<wf pos="PSP">ہٕنٛز</wf>
		<wf pos="INTF">سَخ</wf>
		<wf pos="NN">نَفرَت</wf>
		<wf pos="PRP">پرٛیتھ</wf>
		<wf pos="PRP">کٲنٛسِہ</wf>
		<wf pos="VAUX">ٲسۍ</wf>
		<wf pos="VM">ہیٚچھناوان</wf>
		<wf pos="NN">محنت</wf>
		<wf pos="VM">کرٕنۍ</wf>
		<wf pos="CC">تہٕ</wf>
		<wf pos="PRP">پانہٕ</wf>
		<wf pos="PRP">پَنُن</wf>
		<wf pos="NN">روزگار</wf>
		<wf pos="VM">کماوُن</wf>
		<wf pos="SYM">۔</wf>
</sentence>
<sentence s_id="38">
		<wf pos="NNPC">ناسَمَجھ</wf>
		<wf pos="NNP">کَنٛسَن</wf>
		<wf pos="VM">کٔرۍ</wf>
		<wf pos="NNP">بَگوان</wf>
		<wf pos="NN">کرِٛشنَس</wf>
		<wf pos="VM">مارنٕکۍ</wf>
		<wf pos="NNP">واریا</wf>
		<wf pos="NN" sense_id="3">جال</wf>
		<wf pos="CC">مگر</wf>
		<wf pos="VAUX">گوٚو</wf>
		<wf pos="NEG">نہٕ</wf>
		<wf pos="NN">کامِیاب</wf>
		<wf pos="SYM">۔</wf>
</sentence>
<sentence s_id="39">
		<wf pos="RB">پَتھ</wf>
		<wf pos="VM">کالچہٕ</wf>
		<wf pos="NN">لَڑایہِ</wf>
		<wf pos="PSP">منٛز</wf>
		<wf pos="PRP">کٲنٛسہِ</wf>
		<wf pos="NN">نفرَس</wf>
		<wf pos="CC">یا</wf>
		<wf pos="PRP">کُنہِ</wf>
		<wf pos="NN">چیٖزَس</wf>
		<wf pos="NN">رٲچھ</wf>
		<wf pos="VM">کَرنہٕ</wf>
		<wf pos="PSP">خٲطرٕ</wf>
		<wf pos="QC">اَکھ</wf>
		<wf pos="NN">ڈال:مہابھارتٕچہِ</wf>
		<wf pos="NN">لَڑایہِ</wf>
		<wf pos="PSP">منٛز</wf>
		<wf pos="VAUX">آو</wf>
		<wf pos="NN">أبِمَنٛیوٗ</wf>
		<wf pos="NN">چکرٕویوٗوَس</wf>
		<wf pos="PSP">منٛز</wf>
		<wf pos="NN" sense_id="3">جال</wf>
		<wf pos="VM">کٔرِتھ</wf>
		<wf pos="VM">مارنہٕ</wf>
		<wf pos="SYM">۔</wf>
</sentence>
<sentence s_id="40">
		<wf pos="NN" sense_id="1">جال</wf>
		<wf pos="NNP">ہاونٕچۍ</wf>
		<wf pos="NN">کٲم:شام</wf>
		<wf pos="VAUX">چُھ</wf>
		<wf pos="NNP">ٹِگڈَم</wf>
		<wf pos="POW">بٲزی</wf>
		<wf pos="PSP">مںٛز</wf>
		<wf pos="JJ">مٲہِر</wf>
		<wf pos="SYM">۔</wf>
</sentence>
<sentence s_id="41">
		<wf pos="PRP">کٲنٛسہِ</wf>
		<wf pos="NN" sense_id="4">جال</wf>
		<wf pos="VM">دِتھ</wf>
		<wf pos="NN">دونٛکھِ</wf>
		<wf pos="VM">دِنٕچ</wf>
		<wf pos="RB">عَمَل</wf>
		<wf pos="PRP">چٲنِس</wf>
		<wf pos="NN">زالَس</wf>
		<wf pos="PSP">منٛز</wf>
		<wf pos="VAUX">ہٮ۪کہِ</wf>
		<wf pos="PRP">کانٛہہ</wf>
		<wf pos="CC">تہٕ</wf>
		<wf pos="VM">پٔھسِتھ</wf>
		<wf pos="SYM">۔</wf>
</sentence>
<sentence s_id="42">
		<wf pos="INTF">بَڑٕ</wf>
		<wf pos="NN">پھاشہٕ</wf>
		<wf pos="PSP">نِش</wf>
		<wf pos="VM">بَچنہٕ</wf>
		<wf pos="PSP">خٲطرٕ</wf>
		<wf pos="VAUX">گٔے</wf>
		<wf pos="PRP">سٲری</wf>
		<wf pos="NN" sense_id="4">جال</wf>
		<wf pos="JJ">ناکام</wf>
		<wf pos="SYM">۔</wf>
</sentence>
<sentence s_id="43">
		<wf pos="PRP">سُہ</wf>
		<wf pos="VAUX">اوس</wf>
		<wf pos="NN" sense_id="3">جالہِ</wf>
		<wf pos="POW">دار</wf>
		<wf pos="NN">جوٗلَس</wf>
		<wf pos="PSP">پٮ۪ٹھ</wf>
		<wf pos="NN">سَوٲرۍ</wf>
		<wf pos="VM">کھٮ۪وان</wf>
</contextfile>
<?xml version='1.0' encoding='utf-8'?>
<contextfile filename="جال" fileno="129">
<sentence s_id="1">
		<wf pos="NN">جسمس</wf>
		<wf pos="PSP">منٛز</wf>
		<wf pos="DEM">چِھۍ</wf>
		<wf pos="NN">رگن</wf>
		<wf pos="PSP">ہُند</wf>
		<wf pos="NN" sense_id="3">جال</wf>
		<wf pos="VAUX">آسن</wf>
		<wf pos="VM">بنٮ۪ومُت</wf>
		<wf pos="SYM">۔</wf>
</sentence>
<sentence s_id="2">
		<wf pos="NN">سٕکاشَس</wf>
		<wf pos="VAUX">چھِ</wf>
		<wf pos="QC">زٕ</wf>
		<wf pos="CC">یا</wf>
		<wf pos="QC">ژور</wf>
		<wf pos="NN">کھلٲڑۍ</wf>
		<wf pos="QC">اَکہِ</wf>
		<wf pos="RDP">بَڑِ</wf>
		<wf pos="NN" sense_id="1">جال</wf>
		<wf pos="PSP">پٮ۪ٹھ</wf>
		<wf pos="VM">گِنٛدان</wf>
		<wf pos="SYM">۔</wf>
</sentence>
<sentence s_id="3">
		<wf pos="QC">اَکہِ</wf>
		<wf pos="NN">قٕسمُک</wf>
		<wf pos="VM">شیٚستٕرُو</wf>
		<wf pos="JJ">گول</wf>
		<wf pos="NN">دان</wf>
		<wf pos="PSP">یَتھمَنٛز</wf>
		<wf pos="NN">باگ</wf>
		<wf pos="NN" sense_id="1">جال</wf>
		<wf pos="VAUX">چھےٚ</wf>
		<wf pos="VM">آسان</wf>
		<wf pos="NN">لٲگِتھ:موج</wf>
		<wf pos="VAUX">چھےٚ</wf>
		<wf pos="NN">دَمچوٗلَس</wf>
		<wf pos="PSP">پٮ۪ٹھ</wf>
		<wf pos="NN">بَتہٕ</wf>
		<wf pos="VM">رنان</wf>
		<wf pos="SYM">۔</wf>
</sentence>
<sentence s_id="4">
		<wf pos="NN">ٹٮ۪نٕس</wf>
		<wf pos="VM">گِنٛدنہٕ</wf>
		<wf pos="PSP">خٲطرٕ</wf>
		<wf pos="VAUX">چھہِ</wf>
		<wf pos="NNC">شُرۍ</wf>
		<wf pos="NN">مٲدانَس</wf>
		<wf pos="PSP">منٛز</wf>
		<wf pos="NN" sense_id="2">جال</wf>
		<wf pos="VM">لاگان</wf>
		<wf pos="SYM">۔</wf>
</sentence>
<sentence s_id="5">
		<wf pos="RB">ٲخر</wf>
		<wf pos="VM">پھنٛسیوو</wf>
		<wf pos="NN">کوتُر</wf>
		<wf pos="NN">شِکٲرۍ</wf>
		<wf pos="PSP">سٕنٛدِس</wf>
		<wf pos="NN" sense_id="2">جالس</wf>
		<wf pos="PSP">منٛز</wf>
		<wf pos="SYM">۔</wf>
</sentence>
<sentence s_id="6">
		<wf pos="NN" sense_id="2">جالس</wf>
		<wf pos="PSP">منٛز</wf>
		<wf pos="VM">پھسیٚو</wf>
		<wf pos="NN">باٹُر</wf>
		<wf pos="SYM">۔</wf>
</sentence>
<sentence s_id="7">
		<wf pos="PRP">مےٚ</wf>
		<wf pos="VAUX">اوس</wf>
		<wf pos="NN" sense_id="1">جالس</wf>
		<wf pos="NN">کٲڑِس</wf>
		<wf pos="PSP">مَنٛز</wf>
		<wf pos="NN">کھُر</wf>
		<wf pos="VAUX">آمُت</wf>
		<wf pos="NNC">واوٕ</wf>
		<wf pos="NN">طوٗفانَس</wf>
		<wf pos="PSP">مَنٛز</wf>
		<wf pos="VM">ٲسٕم</wf>
		<wf pos="NN" sense_id="4">جال</wf>
		<wf pos="QC">اَکھ</wf>
		<wf pos="NN">أکِس</wf>
		<wf pos="JJ">مُخٲلِف</wf>
		<wf pos="PRP">پرٛٮ۪تھ</wf>
		<wf pos="PSP">طرفہٕ</wf>
		<wf pos="NN">طنابَو</wf>
		<wf pos="PSP">سۭتۍ</wf>
		<wf pos="VM">لَمان</wf>
		<wf pos="SYM">۔</wf>
</sentence>
<sentence s_id="8">
		<wf pos="VAUX">‘‘وُچھ</wf>
		<wf pos="NN">بَک</wf>
		<wf pos="NN">بَک</wf>
		<wf pos="WQ">کیاہ</wf>
		<wf pos="VAUX">چُھ</wf>
		<wf pos="VM">کَران</wf>
		<wf pos="VAUX">آمُت</wf>
		<wf pos="RB">چُھے</wf>
		<wf pos="RB">اَز</wf>
		<wf pos="NN" sense_id="4">جال</wf>
		<wf pos="VM">وَہراونہِ</wf>
		<wf pos="NN">کریٖٹہٕ</wf>
		<wf pos="NN">پوٗت</wf>
		<wf pos="PSP">ہٮ۪تھ</wf>
		<wf pos="SYM">۔</wf>
</sentence>
<sentence s_id="9">
		<wf pos="NN">گاڑٕ</wf>
		<wf pos="PSP">ہٲنٛزس</wf>
		<wf pos="VAUX">چُھ</wf>
		<wf pos="NN" sense_id="4">جال</wf>
		<wf pos="VM">ترٛاوُن</wf>
		<wf pos="NN">گاڑٕ</wf>
		<wf pos="VM">رٹنہٕ</wf>
		<wf pos="PSP">خٲطرٕ</wf>
		<wf pos="SYM">۔</wf>
</sentence>
<sentence s_id="10">
		<wf pos="PRP">سُہ</wf>
		<wf pos="NN">جوٗلہٕ</wf>
		<wf pos="DEM">یُس</wf>
		<wf pos="NN">ڈَنٛڈَن</wf>
		<wf pos="PSP">پٮ۪ٹھ</wf>
		<wf pos="VAUX">چُھ</wf>
		<wf pos="VM">لٲگِتھ</wf>
		<wf pos="VM">آسان</wf>
		<wf pos="CC">تہٕ</wf>
		<wf pos="CC">بیٚیہِ</wf>
		<wf pos="PRP">یُس</wf>
		<wf pos="NN" sense_id="4">جال</wf>
		<wf pos="PSP">ہیوٗ</wf>
		<wf pos="VAUX">چُھ</wf>
		<wf pos="PRP">آسان:سُہ</wf>
		<wf pos="VAUX">اوس</wf>
		<wf pos="NN" sense_id="3">جالہِ</wf>
		<wf pos="POW">دار</wf>
		<wf pos="NN">جوٗلَس</wf>
		<wf pos="PSP">پٮ۪ٹھ</wf>
		<wf pos="NN">سَوٲرۍ</wf>
		<wf pos="VM">کھٮ۪وان</wf>
		<wf pos="SYM">۔</wf>
</sentence>
<sentence s_id="11">
		<wf pos="NN">تیٚمبَر</wf>
		<wf pos="VM">پٮ۪نہٕ</wf>
		<wf pos="NN">وِزِ</wf>
		<wf pos="NN">لالَس</wf>
		<wf pos="PSP">پٮ۪ٹھ</wf>
		<wf pos="NNC">پیٚنہٕ</wf>
		<wf pos="NN">واجیٚنٛۍ</wf>
		<wf pos="RB">ژھاے:تیٚمبَر</wf>
		<wf pos="NNC">پیٚنہٕ</wf>
		<wf pos="NN">وِزِ</wf>
		<wf pos="VAUX">چھِ</wf>
		<wf pos="NN">أچَھن</wf>
		<wf pos="NN" sense_id="4">جال</wf>
		<wf pos="VM">پٮ۪وان</wf>
		<wf pos="SYM">۔</wf>
</sentence>
<sentence s_id="12">
		<wf pos="NN">گاڈٕ</wf>
		<wf pos="VM">رَٹنہٕ</wf>
		<wf pos="PSP">خٲطرٕ</wf>
		<wf pos="QC">اَکھ</wf>
		<wf pos="NN">اوزار:گاڈٕ</wf>
		<wf pos="NN" sense_id="4">جال</wf>
		<wf pos="VAUX">چُھ</wf>
		<wf pos="QW">بٲنٛسوٗ</wf>
		<wf pos="VM">آسان</wf>
		<wf pos="VM">بَنیوٗمُت</wf>
		<wf pos="SYM">۔</wf>
</sentence>
<sentence s_id="13">
		<wf pos="NN">گاڑٕ</wf>
		<wf pos="NN">ہٲنٛز</wf>
		<wf pos="VAUX">چُھ</wf>
		<wf pos="NN" sense_id="4">جال</wf>
		<wf pos="VM">ترٛٲوِتھ</wf>
		<wf pos="NN">گاڑٕ</wf>
		<wf pos="VM">رَٹان</wf>
		<wf pos="SYM">۔</wf>
</sentence>
<sentence s_id="14">
		<wf pos="INTF">تِژھ</wf>
		<wf pos="NN">حالَت</wf>
		<wf pos="VM">پٲدٕ</wf>
		<wf pos="VM">کَرٕنۍ</wf>
		<wf pos="NN">ییٚمہٕ</wf>
		<wf pos="PSP">منٛز</wf>
		<wf pos="NEG">نہٕ</wf>
		<wf pos="VM">نیٖرِتھ</wf>
		<wf pos="NN">ہٮ۪کو:پُلسہٕ</wf>
		<wf pos="VAUX">چُھ</wf>
		<wf pos="JJ">خوٗنی</wf>
		<wf pos="VM">رَٹنہٕ</wf>
		<wf pos="PSP">خٲطرٕ</wf>
		<wf pos="NN" sense_id="3">جال</wf>
		<wf pos="VM">تَیار</wf>
		<wf pos="VM">کَران</wf>
		<wf pos="SYM">۔</wf>
</sentence>
<sentence s_id="15">
		<wf pos="DEM">ییٚمہِ</wf>
		<wf pos="NN">کارچہِ</wf>
		<wf pos="NNP">ٹٮ۪نکی</wf>
		<wf pos="PSP">ہِنٛدِس</wf>
		<wf pos="NN">وٮ۪نٹِلیٹرَس</wf>
		<wf pos="PSP">منٛز</wf>
		<wf pos="VAUX">چُھ</wf>
		<wf pos="NN">زۄلریو</wf>
		<wf pos="NN" sense_id="4">جال</wf>
		<wf pos="VM">ووٗنمُت</wf>
		<wf pos="SYM">۔</wf>
</sentence>
<sentence s_id="16">
		<wf pos="PRP">سُہ</wf>
		<wf pos="VAUX">چُھ</wf>
		<wf pos="PRP">کوچہ</wf>
		<wf pos="NN">گلٮ۪ن</wf>
		<wf pos="PSP">پٮ۪ٹھ</wf>
		<wf pos="NN">وہرتھ</wf>
		<wf pos="NN" sense_id="4">جال</wf>
		<wf pos="SYM">۔</wf>
</sentence>
<sentence s_id="17">
		<wf pos="QC">اَکھ</wf>
		<wf pos="NN">کُٹھ</wf>
		<wf pos="VAUX">آو</wf>
		<wf pos="VM">لٔکرِوِ</wf>
		<wf pos="NN" sense_id="5">جالہِ</wf>
		<wf pos="POW">دار</wf>
		<wf pos="NN">پَردٕ</wf>
		<wf pos="PSP">سۭتۍ</wf>
		<wf pos="QC">ژۄن</wf>
		<wf pos="NN">حِصَن</wf>
		<wf pos="PSP">منٛز</wf>
		<wf pos="JJ">تقسیٖم</wf>
		<wf pos="VM">کَرنہٕ</wf>
		<wf pos="SYM">۔</wf>
</sentence>
<sentence s_id="18">
		<wf pos="NN">اَکھس</wf>
		<wf pos="NN">کُٹھس</wf>
		<wf pos="VM">آے</wf>
		<wf pos="VM">لٔکرِوِ</wf>
		<wf pos="NN" sense_id="3">جالہِ</wf>
		<wf pos="POW">دار</wf>
		<wf pos="NN">پَردٕ</wf>
		<wf pos="PSP">سۭتۍ</wf>
		<wf pos="NN">ژۄر</wf>
		<wf pos="NN">حِصہٕ</wf>
		<wf pos="NN">کَرنَہِ</wf>
		<wf pos="SYM">۔</wf>
</sentence>
<sentence s_id="19">
		<wf pos="PRP">تٔمۍ</wf>
		<wf pos="VAUX">اوس</wf>
		<wf pos="JJ">نَوَٮ۪ن</wf>
		<wf pos="NN">پَلوَن</wf>
		<wf pos="PSP">پٮ۪ٹھہٕ</wf>
		<wf pos="NN" sense_id="3">جالہِ</wf>
		<wf pos="POW">دار</wf>
		<wf pos="NN">پَلَو</wf>
		<wf pos="VM">تھوومُت</wf>
		<wf pos="SYM">۔</wf>
</sentence>
<sentence s_id="20">
		<wf pos="NN">زَلٕر</wf>
		<wf pos="PSP">سُنٛد</wf>
		<wf pos="NN">کھٮ۪ن</wf>
		<wf pos="VAUX">چُھ</wf>
		<wf pos="PRP">تٔمۍ</wf>
		<wf pos="PSP">سٕنٛدِ</wf>
		<wf pos="NN" sense_id="5">جالہِ</wf>
		<wf pos="PSP">منٛز</wf>
		<wf pos="VM">پَھسمٕتۍ</wf>
		<wf pos="PRP">کٮ۪مۍ</wf>
		<wf pos="VM">آسانلَبہِ</wf>
		<wf pos="PSP">پٮ۪ٹھ</wf>
		<wf pos="VAUX">چُھ</wf>
		<wf pos="NN">زَلُر</wf>
		<wf pos="SYM">۔</wf>
</sentence>
<sentence s_id="21">
		<wf pos="PRP">سُہ</wf>
		<wf pos="NN">جوٗلہٕ</wf>
		<wf pos="DEM">یُس</wf>
		<wf pos="NN">ڈَنٛڈَن</wf>
		<wf pos="PSP">پٮ۪ٹھ</wf>
		<wf pos="VAUX">چُھ</wf>
		<wf pos="VM">لٲگِتھ</wf>
		<wf pos="VM">آسان</wf>
		<wf pos="CC">تہٕ</wf>
		<wf pos="CC">بیٚیہِ</wf>
		<wf pos="PRP">یُس</wf>
		<wf pos="NN" sense_id="4">جال</wf>
		<wf pos="PSP">ہیوٗ</wf>
		<wf pos="VAUX">چُھ</wf>
		<wf pos="SYM">۔</wf>
</sentence>
<sentence s_id="22">
		<wf pos="QC">اَکہِ</wf>
		<wf pos="NN">قٕسمٕچ</wf>
		<wf pos="JJ">پرٛٲنۍ</wf>
		<wf pos="VM">توپ:دُشمَنوو</wf>
		<wf pos="VM">کوٚر</wf>
		<wf pos="NN" sense_id="5">جالہِ</wf>
		<wf pos="PSP">سۭتۍ</wf>
		<wf pos="NN">قلعہٕ</wf>
		<wf pos="JJ">مِسہٕ</wf>
		<wf pos="NN">مار</wf>
		<wf pos="SYM">۔</wf>
</sentence>
<sentence s_id="23">
		<wf pos="QC">اَکھ</wf>
		<wf pos="NN">کُٹھ</wf>
		<wf pos="VAUX">آو</wf>
		<wf pos="VM">لٔکرِوِ</wf>
		<wf pos="NN" sense_id="3">جالہِ</wf>
		<wf pos="POW">دار</wf>
		<wf pos="NN">پَردٕ</wf>
		<wf pos="PSP">سۭتۍ</wf>
		<wf pos="QC">ژۄن</wf>
		<wf pos="NN">حِصَن</wf>
		<wf pos="PSP">منٛز</wf>
		<wf pos="JJ">تقسیٖم</wf>
		<wf pos="VM">کَرنہٕ</wf>
		<wf pos="SYM">۔</wf>
</sentence>
<sentence s_id="24">
		<wf pos="QC">اَکہِ</wf>
		<wf pos="NN">قٔسمُک</wf>
		<wf pos="NN" sense_id="3">جالہِ</wf>
		<wf pos="POW">دار</wf>
		<wf pos="JJ">کَپُر:بابَر</wf>
		<wf pos="NN">لیٹ</wf>
		<wf pos="VAUX">چُھ</wf>
		<wf pos="NN">مَچھر</wf>
		<wf pos="NN">دٲنۍ</wf>
		<wf pos="VM">بَناونَس</wf>
		<wf pos="VM">لَگان</wf>
		<wf pos="SYM">۔</wf>
</sentence>
<sentence s_id="25">
		<wf pos="NN">شامَس</wf>
		<wf pos="VAUX">اوس</wf>
		<wf pos="NN" sense_id="3">جالہِ</wf>
		<wf pos="POW">دار</wf>
		<wf pos="NN">کُرتہٕ</wf>
		<wf pos="VM">لٲگِتھ</wf>
		<wf pos="SYM">۔</wf>
</sentence>
<sentence s_id="26">
		<wf pos="QC">اَکہِ</wf>
		<wf pos="NNP">قٔسمٕچۍ</wf>
		<wf pos="NN">گاڈ:گاڈٕ</wf>
		<wf pos="NN">ہٲنٛز</wf>
		<wf pos="PSP">سٕنٛز</wf>
		<wf pos="NN" sense_id="5">جالہِ</wf>
		<wf pos="PSP">منٛز</wf>
		<wf pos="VM">پَھسییہِ</wf>
		<wf pos="QC">اَکھ</wf>
		<wf pos="NN">مُرَل</wf>
		<wf pos="SYM">۔</wf>
</sentence>
<sentence s_id="27">
		<wf pos="QC">اَکہِ</wf>
		<wf pos="NN">قٕسمُک</wf>
		<wf pos="NN">زٲوُیٛل</wf>
		<wf pos="CC">تہٕ</wf>
		<wf pos="NN" sense_id="3">جالہِ</wf>
		<wf pos="POW">دار</wf>
		<wf pos="JJ">سوٗتی</wf>
		<wf pos="NN">کَپُر:گاجس</wf>
		<wf pos="PSP">پٮ۪ٹھ</wf>
		<wf pos="VAUX">چھِ</wf>
		<wf pos="VM">آسان</wf>
		<wf pos="JJ">ریٖشمی</wf>
		<wf pos="NN">بُلبُل</wf>
		<wf pos="VM">بَنٲوِتھ</wf>
		<wf pos="SYM">۔</wf>
</sentence>
<sentence s_id="28">
		<wf pos="QC">اَکہِ</wf>
		<wf pos="NN">قٕسمُک</wf>
		<wf pos="NN">کپُر:جالیٖلٮ۪ٹ</wf>
		<wf pos="VAUX">چُھ</wf>
		<wf pos="VM">آسان</wf>
		<wf pos="NN" sense_id="3">جالہِ</wf>
		<wf pos="POW">دار</wf>
		<wf pos="SYM">۔</wf>
</sentence>
<sentence s_id="29">
		<wf pos="NN">سۄرفَس</wf>
		<wf pos="PSP">ہِش</wf>
		<wf pos="QC">اَکھ</wf>
		<wf pos="NN">گاڑ:گاڑٕ</wf>
		<wf pos="VM">ہٲنٛزنہِ</wf>
		<wf pos="NN" sense_id="4">جال</wf>
		<wf pos="PSP">منٛز</wf>
		<wf pos="VAUX">اوس</wf>
		<wf pos="QC">اَکھ</wf>
		<wf pos="NNC:?">بام</wf>
		<wf pos="CC">تہٕ</wf>
		<wf pos="JJ">بَنٛد</wf>
		<wf pos="VM">گومُت</wf>
		<wf pos="SYM">۔</wf>
</sentence>
<sentence s_id="30">
		<wf pos="JJ">لَکٕٹۍ</wf>
		<wf pos="JJ">لَکٕٹۍ</wf>
		<wf pos="PRP">کیٚمۍ</wf>
		<wf pos="VAUX">چھہِ</wf>
		<wf pos="NN" sense_id="4">جال</wf>
		<wf pos="PSP">منٛز</wf>
		<wf pos="VM">وَلنہٕ</wf>
		<wf pos="RB">یِتھ</wf>
		<wf pos="NN">زۄلٕر</wf>
		<wf pos="PSP">سُنٛد</wf>
		<wf pos="NN">شِکار</wf>
		<wf pos="VM">بَنان</wf>
		<wf pos="SYM">۔</wf>
</sentence>
<sentence s_id="31">
		<wf pos="NN">جِسمَس</wf>
		<wf pos="PSP">منٛز</wf>
		<wf pos="VM">لَبنہٕ</wf>
		<wf pos="VM">یِنہٕ</wf>
		<wf pos="PSP">واجنہِ</wf>
		<wf pos="PRP">تِمہٕ</wf>
		<wf pos="NN">رَگہٕ</wf>
		<wf pos="DEM">یِم</wf>
		<wf pos="NN">دٮ۪ماگ</wf>
		<wf pos="PSP">ہٮ۪ٹھ</wf>
		<wf pos="NN">شیٚچھ</wf>
		<wf pos="NN">جِسمَس</wf>
		<wf pos="VM">واتناوان</wf>
		<wf pos="VM">چھِ:نیوٗران</wf>
		<wf pos="VAUX">چھِ</wf>
		<wf pos="NN" sense_id="4">جال</wf>
		<wf pos="PSP">ہِنٛدۍ</wf>
		<wf pos="RB">پٲٹھۍ</wf>
		<wf pos="QC">اَکھ</wf>
		<wf pos="NN">أکِس</wf>
		<wf pos="PSP">سۭتۍ</wf>
		<wf pos="VM">ؤلِتھ</wf>
		<wf pos="VM">آسان</wf>
		<wf pos="SYM">۔</wf>
</sentence>
<sentence s_id="32">
		<wf pos="QC">اَکہِ</wf>
		<wf pos="NN">قٕسمٕچ</wf>
		<wf pos="JJ">بٔڑۍ</wf>
		<wf pos="NN">گاڈ:گاڈٕ</wf>
		<wf pos="PSP">ہٲنٛزَن</wf>
		<wf pos="VM">ترٛٲو</wf>
		<wf pos="NN" sense_id="4">جال</wf>
		<wf pos="PSP">منحز</wf>
		<wf pos="VM">لٔجمٕژ</wf>
		<wf pos="RDP">روہوٗ</wf>
		<wf pos="RB">واپَس</wf>
		<wf pos="NN">آبَس</wf>
		<wf pos="PSP">منٛز</wf>
		<wf pos="SYM">۔</wf>
</sentence>
<sentence s_id="33">
		<wf pos="NN" sense_id="4">جال</wf>
		<wf pos="PSP">ہِنٛدِ</wf>
		<wf pos="JJ">شِفٲفی</wf>
		<wf pos="NN">سۭتۍچھہِ</wf>
		<wf pos="DEM">اَتھ</wf>
		<wf pos="PSP">منٛز</wf>
		<wf pos="VM">تھٲوِتھ</wf>
		<wf pos="PRP">سٲری</wf>
		<wf pos="NN">چیز</wf>
		<wf pos="VM">یِوان</wf>
		<wf pos="VM">بوزنہٕ</wf>
		<wf pos="SYM">۔</wf>
</sentence>
<sentence s_id="34">
		<wf pos="QC">اَکہِ</wf>
		<wf pos="NN">قٕسمٕچ</wf>
		<wf pos="JJ">بٔڈ</wf>
		<wf pos="NN">زال:گاڈٕ</wf>
		<wf pos="NN" sense_id="4">جال</wf>
		<wf pos="PSP">سۭتۍ</wf>
		<wf pos="VAUX">چھٚے</wf>
		<wf pos="NN">گاڈٕ</wf>
		<wf pos="VM">رَٹنَس</wf>
		<wf pos="PSP">منٛز</wf>
		<wf pos="RB">آسٲنی</wf>
		<wf pos="VM">گَژھان</wf>
		<wf pos="SYM">۔</wf>
</sentence>
<sentence s_id="90">
		<wf pos="QC">اَکہِ</wf>
		<wf pos="NNP">قٔسٕچۍ</wf>
		<wf pos="PRP">گاڑ:تٔمۍ</wf>
		<wf pos="VM">رٔٹ</wf>
		<wf pos="NN" sense_id="4">جال</wf>
		<wf pos="PSP">منٛز</wf>
		<wf pos="QC">اَکھ</wf>
		<wf pos="NN">کَروا</wf>
		<wf pos="NN">گاڑ</wf>
		<wf pos="SYM">۔</wf>
</sentence>
<sentence s_id="91">
		<wf pos="PRP">تٔمۍ</wf>
		<wf pos="NN">لَگٲو</wf>
		<wf pos="NN">بال</wf>
		<wf pos="NN" sense_id="4">جال</wf>
		<wf pos="PSP">مَنٛز</wf>
		<wf pos="SYM">۔</wf>
</sentence>
<sentence s_id="92">
		<wf pos="NNP">شیخالعالَم</wf>
		<wf pos="VAUX">ٲسۍ</wf>
		<wf pos="NN">ظُلمَس</wf>
		<wf pos="CC">تہٕ</wf>
		<wf pos="NN">جَبرَس</wf>
		<wf pos="PSP">خِلاف</wf>
		<wf pos="PRP">تِم</wf>
		<wf pos="VAUX">ٲسۍ</wf>
		<wf pos="NN">غریٖبَن</wf>
		<wf pos="PSP">ہٕنٛدۍ</wf>
		<wf pos="JJ">غمخوار</wf>
		<wf pos="PRP">تِمَو</wf>
		<wf pos="VM">لوٚڈ</wf>
		<wf pos="PRP">تِمَن</wf>
		<wf pos="PRP">سارِنٕے</wf>
		<wf pos="PSP">خِلاف</wf>
		<wf pos="DEM">یِم</wf>
		<wf pos="NN">غریٖبَن</wf>
		<wf pos="NN" sense_id="3">جال</wf>
		<wf pos="VM">کٔرِتھ</wf>
		<wf pos="VM">لوٗٹان</wf>
		<wf pos="VAUX">ٲسۍ</wf>
		<wf pos="PRP">تِمَن</wf>
		<wf pos="VAUX">ٲس</wf>
		<wf pos="JJ">مٲکرن</wf>
		<wf pos="PSP">ہٕنٛز</wf>
		<wf pos="INTF">سَخ</wf>
		<wf pos="NN">نَفرَت</wf>
		<wf pos="PRP">پرٛیتھ</wf>
		<wf pos="PRP">کٲنٛسِہ</wf>
		<wf pos="VAUX">ٲسۍ</wf>
		<wf pos="VM">ہیٚچھناوان</wf>
		<wf pos="NN">محنت</wf>
		<wf pos="VM">کرٕنۍ</wf>
		<wf pos="CC">تہٕ</wf>
		<wf pos="PRP">پانہٕ</wf>
		<wf pos="PRP">پَنُن</wf>
		<wf pos="NN">روزگار</wf>
		<wf pos="VM">کماوُن</wf>
		<wf pos="SYM">۔</wf>
</sentence>
<sentence s_id="93">
		<wf pos="NNPC">ناسَمَجھ</wf>
		<wf pos="NNP">کَنٛسَن</wf>
		<wf pos="VM">کٔرۍ</wf>
		<wf pos="NNP">بَگوان</wf>
		<wf pos="NN">کرِٛشنَس</wf>
		<wf pos="VM">مارنٕکۍ</wf>
		<wf pos="NNP">واریا</wf>
		<wf pos="NN" sense_id="3">جال</wf>
		<wf pos="CC">مگر</wf>
		<wf pos="VAUX">گوٚو</wf>
		<wf pos="NEG">نہٕ</wf>
		<wf pos="NN">کامِیاب</wf>
		<wf pos="SYM">۔</wf>
</sentence>
<sentence s_id="94">
		<wf pos="RB">پَتھ</wf>
		<wf pos="VM">کالچہٕ</wf>
		<wf pos="NN">لَڑایہِ</wf>
		<wf pos="PSP">منٛز</wf>
		<wf pos="PRP">کٲنٛسہِ</wf>
		<wf pos="NN">نفرَس</wf>
		<wf pos="CC">یا</wf>
		<wf pos="PRP">کُنہِ</wf>
		<wf pos="NN">چیٖزَس</wf>
		<wf pos="NN">رٲچھ</wf>
		<wf pos="VM">کَرنہٕ</wf>
		<wf pos="PSP">خٲطرٕ</wf>
		<wf pos="QC">اَکھ</wf>
		<wf pos="NN">ڈال:مہابھارتٕچہِ</wf>
		<wf pos="NN">لَڑایہِ</wf>
		<wf pos="PSP">منٛز</wf>
		<wf pos="VAUX">آو</wf>
		<wf pos="NN">أبِمَنٛیوٗ</wf>
		<wf pos="NN">چکرٕویوٗوَس</wf>
		<wf pos="PSP">منٛز</wf>
		<wf pos="NN" sense_id="3">جال</wf>
		<wf pos="VM">کٔرِتھ</wf>
		<wf pos="VM">مارنہٕ</wf>
		<wf pos="SYM">۔</wf>
</sentence>
<sentence s_id="95">
		<wf pos="NN" sense_id="1">جال</wf>
		<wf pos="NNP">ہاونٕچۍ</wf>
		<wf pos="NN">کٲم:شام</wf>
		<wf pos="VAUX">چُھ</wf>
		<wf pos="NNP">ٹِگڈَم</wf>
		<wf pos="POW">بٲزی</wf>
		<wf pos="PSP">مںٛز</wf>
		<wf pos="JJ">مٲہِر</wf>
		<wf pos="SYM">۔</wf>
</sentence>
<sentence s_id="96">
		<wf pos="PRP">کٲنٛسہِ</wf>
		<wf pos="NN" sense_id="4">جال</wf>
		<wf pos="VM">دِتھ</wf>
		<wf pos="NN">دونٛکھِ</wf>
		<wf pos="VM">دِنٕچ</wf>
		<wf pos="RB">عَمَل</wf>
		<wf pos="PRP">چٲنِس</wf>
		<wf pos="NN">زالَس</wf>
		<wf pos="PSP">منٛز</wf>
		<wf pos="VAUX">ہٮ۪کہِ</wf>
		<wf pos="PRP">کانٛہہ</wf>
		<wf pos="CC">تہٕ</wf>
		<wf pos="VM">پٔھسِتھ</wf>
		<wf pos="SYM">۔</wf>
</sentence>
<sentence s_id="97">
		<wf pos="INTF">بَڑٕ</wf>
		<wf pos="NN">پھاشہٕ</wf>
		<wf pos="PSP">نِش</wf>
		<wf pos="VM">بَچنہٕ</wf>
		<wf pos="PSP">خٲطرٕ</wf>
		<wf pos="VAUX">گٔے</wf>
		<wf pos="PRP">سٲری</wf>
		<wf pos="NN" sense_id="4">جال</wf>
		<wf pos="JJ">ناکام</wf>
		<wf pos="SYM">۔</wf>
</sentence>
<sentence s_id="98">
		<wf pos="PRP">سُہ</wf>
		<wf pos="VAUX">اوس</wf>
		<wf pos="NN" sense_id="3">جالہِ</wf>
		<wf pos="POW">دار</wf>
		<wf pos="NN">جوٗلَس</wf>
		<wf pos="PSP">پٮ۪ٹھ</wf>
		<wf pos="NN">سَوٲرۍ</wf>
		<wf pos="VM">کھٮ۪وان</wf>
		<wf pos="SYM">۔</wf>
</sentence>
<sentence s_id="99">
		<wf pos="NN">جسمس</wf>
		<wf pos="PSP">منٛز</wf>
		<wf pos="DEM">چِھۍ</wf>
		<wf pos="NN">رگن</wf>
		<wf pos="PSP">ہُند</wf>
		<wf pos="NN" sense_id="3">جال</wf>
		<wf pos="VAUX">آسن</wf>
		<wf pos="VM">بنٮ۪ومُت</wf>
		<wf pos="SYM">۔</wf>
</sentence>
<sentence s_id="100">
		<wf pos="NN">سٕکاشَس</wf>
		<wf pos="VAUX">چھِ</wf>
		<wf pos="QC">زٕ</wf>
		<wf pos="CC">یا</wf>
		<wf pos="QC">ژور</wf>
		<wf pos="NN">کھلٲڑۍ</wf>
		<wf pos="QC">اَکہِ</wf>
		<wf pos="RDP">بَڑِ</wf>
		<wf pos="NN" sense_id="1">جال</wf>
		<wf pos="PSP">پٮ۪ٹھ</wf>
		<wf pos="VM">گِنٛدان</wf>
		<wf pos="SYM">۔</wf>
</sentence>
<sentence s_id="101">
		<wf pos="QC">اَکہِ</wf>
		<wf pos="NN">قٕسمُک</wf>
		<wf pos="VM">شیٚستٕرُو</wf>
		<wf pos="JJ">گول</wf>
		<wf pos="NN">دان</wf>
		<wf pos="PSP">یَتھمَنٛز</wf>
		<wf pos="NN">باگ</wf>
		<wf pos="NN" sense_id="1">جال</wf>
		<wf pos="VAUX">چھےٚ</wf>
		<wf pos="VM">آسان</wf>
		<wf pos="NN">لٲگِتھ:موج</wf>
		<wf pos="VAUX">چھےٚ</wf>
		<wf pos="NN">دَمچوٗلَس</wf>
		<wf pos="PSP">پٮ۪ٹھ</wf>
		<wf pos="NN">بَتہٕ</wf>
		<wf pos="VM">رنان</wf>
		<wf pos="SYM">۔</wf>
</sentence>
<sentence s_id="102">
		<wf pos="NN">ٹٮ۪نٕس</wf>
		<wf pos="VM">گِنٛدنہٕ</wf>
		<wf pos="PSP">خٲطرٕ</wf>
		<wf pos="VAUX">چھہِ</wf>
		<wf pos="NNC">شُرۍ</wf>
		<wf pos="NN">مٲدانَس</wf>
		<wf pos="PSP">منٛز</wf>
		<wf pos="NN" sense_id="2">جال</wf>
		<wf pos="VM">لاگان</wf>
		<wf pos="SYM">۔</wf>
</sentence>
<sentence s_id="103">
		<wf pos="RB">ٲخر</wf>
		<wf pos="VM">پھنٛسیوو</wf>
		<wf pos="NN">کوتُر</wf>
		<wf pos="NN">شِکٲرۍ</wf>
		<wf pos="PSP">سٕنٛدِس</wf>
		<wf pos="NN" sense_id="2">جالس</wf>
		<wf pos="PSP">منٛز</wf>
		<wf pos="SYM">۔</wf>
</sentence>
<sentence s_id="104">
		<wf pos="NN" sense_id="2">جالس</wf>
		<wf pos="PSP">منٛز</wf>
		<wf pos="VM">پھسیٚو</wf>
		<wf pos="NN">باٹُر</wf>
		<wf pos="SYM">۔</wf>
</sentence>
<sentence s_id="105">
		<wf pos="PRP">مےٚ</wf>
		<wf pos="VAUX">اوس</wf>
		<wf pos="NN" sense_id="1">جالس</wf>
		<wf pos="NN">کٲڑِس</wf>
		<wf pos="PSP">مَنٛز</wf>
		<wf pos="NN">کھُر</wf>
		<wf pos="VAUX">آمُت</wf>
		<wf pos="NNC">واوٕ</wf>
		<wf pos="NN">طوٗفانَس</wf>
		<wf pos="PSP">مَنٛز</wf>
		<wf pos="VM">ٲسٕم</wf>
		<wf pos="NN" sense_id="4">جال</wf>
		<wf pos="QC">اَکھ</wf>
		<wf pos="NN">أکِس</wf>
		<wf pos="JJ">مُخٲلِف</wf>
		<wf pos="PRP">پرٛٮ۪تھ</wf>
		<wf pos="PSP">طرفہٕ</wf>
		<wf pos="NN">طنابَو</wf>
		<wf pos="PSP">سۭتۍ</wf>
		<wf pos="VM">لَمان</wf>
		<wf pos="SYM">۔</wf>
</sentence>
<sentence s_id="106">
		<wf pos="VAUX">‘‘وُچھ</wf>
		<wf pos="NN">بَک</wf>
		<wf pos="NN">بَک</wf>
		<wf pos="WQ">کیاہ</wf>
		<wf pos="VAUX">چُھ</wf>
		<wf pos="VM">کَران</wf>
		<wf pos="VAUX">آمُت</wf>
		<wf pos="RB">چُھے</wf>
		<wf pos="RB">اَز</wf>
		<wf pos="NN" sense_id="4">جال</wf>
		<wf pos="VM">وَہراونہِ</wf>
		<wf pos="NN">کریٖٹہٕ</wf>
		<wf pos="NN">پوٗت</wf>
		<wf pos="PSP">ہٮ۪تھ</wf>
		<wf pos="SYM">۔</wf>
</sentence>
<sentence s_id="107">
		<wf pos="NN">گاڑٕ</wf>
		<wf pos="PSP">ہٲنٛزس</wf>
		<wf pos="VAUX">چُھ</wf>
		<wf pos="NN" sense_id="4">جال</wf>
		<wf pos="VM">ترٛاوُن</wf>
		<wf pos="NN">گاڑٕ</wf>
		<wf pos="VM">رٹنہٕ</wf>
		<wf pos="PSP">خٲطرٕ</wf>
		<wf pos="SYM">۔</wf>
</sentence>
<sentence s_id="108">
		<wf pos="PRP">سُہ</wf>
		<wf pos="NN">جوٗلہٕ</wf>
		<wf pos="DEM">یُس</wf>
		<wf pos="NN">ڈَنٛڈَن</wf>
		<wf pos="PSP">پٮ۪ٹھ</wf>
		<wf pos="VAUX">چُھ</wf>
		<wf pos="VM">لٲگِتھ</wf>
		<wf pos="VM">آسان</wf>
		<wf pos="CC">تہٕ</wf>
		<wf pos="CC">بیٚیہِ</wf>
		<wf pos="PRP">یُس</wf>
		<wf pos="NN" sense_id="4">جال</wf>
		<wf pos="PSP">ہیوٗ</wf>
		<wf pos="VAUX">چُھ</wf>
		<wf pos="PRP">آسان:سُہ</wf>
		<wf pos="VAUX">اوس</wf>
		<wf pos="NN" sense_id="3">جالہِ</wf>
		<wf pos="POW">دار</wf>
		<wf pos="NN">جوٗلَس</wf>
		<wf pos="PSP">پٮ۪ٹھ</wf>
		<wf pos="NN">سَوٲرۍ</wf>
		<wf pos="VM">کھٮ۪وان</wf>
		<wf pos="SYM">۔</wf>
</sentence>
<sentence s_id="109">
		<wf pos="NN">تیٚمبَر</wf>
		<wf pos="VM">پٮ۪نہٕ</wf>
		<wf pos="NN">وِزِ</wf>
		<wf pos="NN">لالَس</wf>
		<wf pos="PSP">پٮ۪ٹھ</wf>
		<wf pos="NNC">پیٚنہٕ</wf>
		<wf pos="NN">واجیٚنٛۍ</wf>
		<wf pos="RB">ژھاے:تیٚمبَر</wf>
		<wf pos="NNC">پیٚنہٕ</wf>
		<wf pos="NN">وِزِ</wf>
		<wf pos="VAUX">چھِ</wf>
		<wf pos="NN">أچَھن</wf>
		<wf pos="NN" sense_id="4">جال</wf>
		<wf pos="VM">پٮ۪وان</wf>
		<wf pos="SYM">۔</wf>
</sentence>
<sentence s_id="110">
		<wf pos="NN">گاڈٕ</wf>
		<wf pos="VM">رَٹنہٕ</wf>
		<wf pos="PSP">خٲطرٕ</wf>
		<wf pos="QC">اَکھ</wf>
		<wf pos="NN">اوزار:گاڈٕ</wf>
		<wf pos="NN" sense_id="4">جال</wf>
		<wf pos="VAUX">چُھ</wf>
		<wf pos="QW">بٲنٛسوٗ</wf>
		<wf pos="VM">آسان</wf>
		<wf pos="VM">بَنیوٗمُت</wf>
		<wf pos="SYM">۔</wf>
</sentence>
<sentence s_id="111">
		<wf pos="NN">گاڑٕ</wf>
		<wf pos="NN">ہٲنٛز</wf>
		<wf pos="VAUX">چُھ</wf>
		<wf pos="NN" sense_id="4">جال</wf>
		<wf pos="VM">ترٛٲوِتھ</wf>
		<wf pos="NN">گاڑٕ</wf>
		<wf pos="VM">رَٹان</wf>
		<wf pos="SYM">۔</wf>
</sentence>
<sentence s_id="112">
		<wf pos="INTF">تِژھ</wf>
		<wf pos="NN">حالَت</wf>
		<wf pos="VM">پٲدٕ</wf>
		<wf pos="VM">کَرٕنۍ</wf>
		<wf pos="NN">ییٚمہٕ</wf>
		<wf pos="PSP">منٛز</wf>
		<wf pos="NEG">نہٕ</wf>
		<wf pos="VM">نیٖرِتھ</wf>
		<wf pos="NN">ہٮ۪کو:پُلسہٕ</wf>
		<wf pos="VAUX">چُھ</wf>
		<wf pos="JJ">خوٗنی</wf>
		<wf pos="VM">رَٹنہٕ</wf>
		<wf pos="PSP">خٲطرٕ</wf>
		<wf pos="NN" sense_id="3">جال</wf>
		<wf pos="VM">تَیار</wf>
		<wf pos="VM">کَران</wf>
		<wf pos="SYM">۔</wf>
</sentence>
<sentence s_id="113">
		<wf pos="DEM">ییٚمہِ</wf>
		<wf pos="NN">کارچہِ</wf>
		<wf pos="NNP">ٹٮ۪نکی</wf>
		<wf pos="PSP">ہِنٛدِس</wf>
		<wf pos="NN">وٮ۪نٹِلیٹرَس</wf>
		<wf pos="PSP">منٛز</wf>
		<wf pos="VAUX">چُھ</wf>
		<wf pos="NN">زۄلریو</wf>
		<wf pos="NN" sense_id="4">جال</wf>
		<wf pos="VM">ووٗنمُت</wf>
		<wf pos="SYM">۔</wf>
</sentence>
<sentence s_id="114">
		<wf pos="PRP">سُہ</wf>
		<wf pos="VAUX">چُھ</wf>
		<wf pos="PRP">کوچہ</wf>
		<wf pos="NN">گلٮ۪ن</wf>
		<wf pos="PSP">پٮ۪ٹھ</wf>
		<wf pos="NN">وہرتھ</wf>
		<wf pos="NN" sense_id="4">جال</wf>
		<wf pos="SYM">۔</wf>
</sentence>
<sentence s_id="115">
		<wf pos="QC">اَکھ</wf>
		<wf pos="NN">کُٹھ</wf>
		<wf pos="VAUX">آو</wf>
		<wf pos="VM">لٔکرِوِ</wf>
		<wf pos="NN" sense_id="5">جالہِ</wf>
		<wf pos="POW">دار</wf>
		<wf pos="NN">پَردٕ</wf>
		<wf pos="PSP">سۭتۍ</wf>
		<wf pos="QC">ژۄن</wf>
		<wf pos="NN">حِصَن</wf>
		<wf pos="PSP">منٛز</wf>
		<wf pos="JJ">تقسیٖم</wf>
		<wf pos="VM">کَرنہٕ</wf>
		<wf pos="SYM">۔</wf>
</sentence>
<sentence s_id="116">
		<wf pos="NN">اَکھس</wf>
		<wf pos="NN">کُٹھس</wf>
		<wf pos="VM">آے</wf>
		<wf pos="VM">لٔکرِوِ</wf>
		<wf pos="NN" sense_id="3">جالہِ</wf>
		<wf pos="POW">دار</wf>
		<wf pos="NN">پَردٕ</wf>
		<wf pos="PSP">سۭتۍ</wf>
		<wf pos="NN">ژۄر</wf>
		<wf pos="NN">حِصہٕ</wf>
		<wf pos="NN">کَرنَہِ</wf>
		<wf pos="SYM">۔</wf>
</sentence>
<sentence s_id="117">
		<wf pos="PRP">تٔمۍ</wf>
		<wf pos="VAUX">اوس</wf>
		<wf pos="JJ">نَوَٮ۪ن</wf>
		<wf pos="NN">پَلوَن</wf>
		<wf pos="PSP">پٮ۪ٹھہٕ</wf>
		<wf pos="NN" sense_id="3">جالہِ</wf>
		<wf pos="POW">دار</wf>
		<wf pos="NN">پَلَو</wf>
		<wf pos="VM">تھوومُت</wf>
		<wf pos="SYM">۔</wf>
</sentence>
<sentence s_id="118">
		<wf pos="PRP">سُہ</wf>
		<wf pos="NN">جوٗلہٕ</wf>
		<wf pos="DEM">یُس</wf>
		<wf pos="NN">ڈَنٛڈَن</wf>
		<wf pos="PSP">پٮ۪ٹھ</wf>
		<wf pos="VAUX">چُھ</wf>
		<wf pos="VM">لٲگِتھ</wf>
		<wf pos="VM">آسان</wf>
		<wf pos="CC">تہٕ</wf>
		<wf pos="CC">بیٚیہِ</wf>
		<wf pos="PRP">یُس</wf>
		<wf pos="NN" sense_id="4">جال</wf>
		<wf pos="PSP">ہیوٗ</wf>
		<wf pos="VAUX">چُھ</wf>
		<wf pos="PRP">آسان:سُہ</wf>
		<wf pos="VAUX">اوس</wf>
		<wf pos="NN" sense_id="3">جالہِ</wf>
		<wf pos="POW">دار</wf>
		<wf pos="NN">جوٗلَس</wf>
		<wf pos="PSP">پٮ۪ٹھ</wf>
		<wf pos="NN">سَوٲرۍ</wf>
		<wf pos="VM">کھٮ۪وان</wf>
		<wf pos="SYM">۔</wf>
</sentence>
<sentence s_id="119">
		<wf pos="NN">تیٚمبَر</wf>
		<wf pos="VM">پٮ۪نہٕ</wf>
		<wf pos="NN">وِزِ</wf>
		<wf pos="NN">لالَس</wf>
		<wf pos="PSP">پٮ۪ٹھ</wf>
		<wf pos="NNC">پیٚنہٕ</wf>
		<wf pos="NN">واجیٚنٛۍ</wf>
		<wf pos="RB">ژھاے:تیٚمبَر</wf>
		<wf pos="NNC">پیٚنہٕ</wf>
		<wf pos="NN">وِزِ</wf>
		<wf pos="VAUX">چھِ</wf>
		<wf pos="NN">أچَھن</wf>
		<wf pos="NN" sense_id="4">جال</wf>
		<wf pos="VM">پٮ۪وان</wf>
		<wf pos="SYM">۔</wf>
</sentence>
<sentence s_id="120">
		<wf pos="NN">زَلٕر</wf>
		<wf pos="PSP">سُنٛد</wf>
		<wf pos="NN">کھٮ۪ن</wf>
		<wf pos="VAUX">چُھ</wf>
		<wf pos="PRP">تٔمۍ</wf>
		<wf pos="PSP">سٕنٛدِ</wf>
		<wf pos="NN" sense_id="5">جالہِ</wf>
		<wf pos="PSP">منٛز</wf>
		<wf pos="VM">پَھسمٕتۍ</wf>
		<wf pos="PRP">کٮ۪مۍ</wf>
		<wf pos="VM">آسانلَبہِ</wf>
		<wf pos="PSP">پٮ۪ٹھ</wf>
		<wf pos="VAUX">چُھ</wf>
		<wf pos="NN">زَلُر</wf>
		<wf pos="SYM">۔</wf>
</sentence>
<sentence s_id="121">
		<wf pos="PRP">سُہ</wf>
		<wf pos="NN">جوٗلہٕ</wf>
		<wf pos="DEM">یُس</wf>
		<wf pos="NN">ڈَنٛڈَن</wf>
		<wf pos="PSP">پٮ۪ٹھ</wf>
		<wf pos="VAUX">چُھ</wf>
		<wf pos="VM">لٲگِتھ</wf>
		<wf pos="VM">آسان</wf>
		<wf pos="CC">تہٕ</wf>
		<wf pos="CC">بیٚیہِ</wf>
		<wf pos="PRP">یُس</wf>
		<wf pos="NN" sense_id="4">جال</wf>
		<wf pos="PSP">ہیوٗ</wf>
		<wf pos="VAUX">چُھ</wf>
		<wf pos="SYM">۔</wf>
</sentence>
<sentence s_id="122">
		<wf pos="QC">اَکہِ</wf>
		<wf pos="NN">قٕسمٕچ</wf>
		<wf pos="JJ">پرٛٲنۍ</wf>
		<wf pos="VM">توپ:دُشمَنوو</wf>
		<wf pos="VM">کوٚر</wf>
		<wf pos="NN" sense_id="5">جالہِ</wf>
		<wf pos="PSP">سۭتۍ</wf>
		<wf pos="NN">قلعہٕ</wf>
		<wf pos="JJ">مِسہٕ</wf>
		<wf pos="NN">مار</wf>
		<wf pos="SYM">۔</wf>
</sentence>
<sentence s_id="123">
		<wf pos="QC">اَکھ</wf>
		<wf pos="NN">کُٹھ</wf>
		<wf pos="VAUX">آو</wf>
		<wf pos="VM">لٔکرِوِ</wf>
		<wf pos="NN" sense_id="3">جالہِ</wf>
		<wf pos="POW">دار</wf>
		<wf pos="NN">پَردٕ</wf>
		<wf pos="PSP">سۭتۍ</wf>
		<wf pos="QC">ژۄن</wf>
		<wf pos="NN">حِصَن</wf>
		<wf pos="PSP">منٛز</wf>
		<wf pos="JJ">تقسیٖم</wf>
		<wf pos="VM">کَرنہٕ</wf>
		<wf pos="SYM">۔</wf>
</sentence>
<sentence s_id="124">
		<wf pos="QC">اَکہِ</wf>
		<wf pos="NN">قٔسمُک</wf>
		<wf pos="NN" sense_id="3">جالہِ</wf>
		<wf pos="POW">دار</wf>
		<wf pos="JJ">کَپُر:بابَر</wf>
		<wf pos="NN">لیٹ</wf>
		<wf pos="VAUX">چُھ</wf>
		<wf pos="NN">مَچھر</wf>
		<wf pos="NN">دٲنۍ</wf>
		<wf pos="VM">بَناونَس</wf>
		<wf pos="VM">لَگان</wf>
		<wf pos="SYM">۔</wf>
</sentence>
<sentence s_id="125">
		<wf pos="NN">شامَس</wf>
		<wf pos="VAUX">اوس</wf>
		<wf pos="NN" sense_id="3">جالہِ</wf>
		<wf pos="POW">دار</wf>
		<wf pos="NN">کُرتہٕ</wf>
		<wf pos="VM">لٲگِتھ</wf>
		<wf pos="SYM">۔</wf>
</sentence>
</contextfile>