<?xml version="1.0" encoding="utf-8"?>
<contextfile fileno="71" filename="خَبَر">
	<sentence s_id="1">
		<wf pos="NN">کارِ</wf>
		<wf pos="PSP">منزٕ</wf>
		<wf pos="VM">وَسوُنُے</wf>
		<wf pos="VAUX">چُھ</wf>
		<wf pos="NN">شینکھٕ</wf>
		<wf pos="PSP">وول</wf>
		<wf pos="NN">شینکھٕ</wf>
		<wf pos="NN">شَبداہ</wf>
		<wf pos="VM">کران</wf>
		<wf pos="CC">یُتھ</wf>
		<wf pos="POW">زَن</wf>
		<wf pos="NN">کورِ</wf>
		<wf pos="PSP">والٮ۪ن</wf>
		<wf pos="NN" sense_id="1">خَبَر</wf>
		<wf pos="VAUX">گَژِھ</wf>
		<wf pos="CC">زِ</wf>
		<wf pos="NN">ییٚنہِ</wf>
		<wf pos="POW">وول</wf>
		<wf pos="VM">ووت</wf>
		<wf pos="SYM">۔</wf>
	</sentence>
	<sentence s_id="2">
		<wf pos="NNP">ادھم</wf>
		<wf pos="VAUX">چُھ</wf>
		<wf pos="JJ">یِتھِس</wf>
		<wf pos="NN">ماہروے</wf>
		<wf pos="NN">محبوٗبس</wf>
		<wf pos="JJ">ڈیشہِوُنُے</wf>
		<wf pos="NN">گرٕ</wf>
		<wf pos="NN">بار</wf>
		<wf pos="VM">ترٛاوان</wf>
		<wf pos="CC">تہٕ</wf>
		<wf pos="PRP">پانَس</wf>
		<wf pos="NN">خاک</wf>
		<wf pos="VM">مٔلِتھ</wf>
		<wf pos="NNP">یارس</wf>
		<wf pos="NN" sense_id="1">خَبَر</wf>
		<wf pos="VM">ہینہِ</wf>
		<wf pos="VM">نیران</wf>
		<wf pos="SYM">۔</wf>
	</sentence>
	<sentence s_id="3">
		<wf pos="DEM">یہِ</wf>
		<wf pos="VM">دٔپۍ</wf>
		<wf pos="CC">زِ</wf>
		<wf pos="CC">تہِ</wf>
		<wf pos="RB">یوٕ</wf>
		<wf pos="NN">راتُک</wf>
		<wf pos="CC">یا</wf>
		<wf pos="VM">ؤنۍ</wf>
		<wf pos="CC">زِ</wf>
		<wf pos="RB">از</wf>
		<wf pos="NN">صُبحُک</wf>
		<wf pos="NNC">منظر</wf>
		<wf pos="NN">نامہٕ،</wf>
		<wf pos="DEM">تَتھ</wf>
		<wf pos="CC">ہرگاہ</wf>
		<wf pos="RB">ٹھنڑدِلی</wf>
		<wf pos="POW">سان</wf>
		<wf pos="NN" sense_id="2">خَبَر</wf>
		<wf pos="VM">ہٮ۪مَو</wf>
		<wf pos="JJ">ژُکۍدر</wf>
		<wf pos="NNC">یارن</wf>
		<wf pos="NN">دوستن</wf>
		<wf pos="VAUX">ما</wf>
		<wf pos="VM">پٮ۪ن</wf>
		<wf pos="NN">وۄشۍ</wf>
		<wf pos="VM">ترٛاوٕنۍ</wf>
		<wf pos="SYM">۔</wf>
	</sentence>
	<sentence s_id="4">
		<wf pos="VAUX">چُھ</wf>
		<wf pos="NN" sense_id="3">خَبَر</wf>
		<wf pos="JJ">پوٚز</wf>
		<wf pos="VAUX">چُھ</wf>
		<wf pos="QC">اَکے</wf>
		<wf pos="NN">برٛم</wf>
		<wf pos="RB">باقٕے</wf>
		<wf pos="JJ">سورُے</wf>
		<wf pos="VAUX">چُھ</wf>
		<wf pos="DEM">یہِ</wf>
		<wf pos="VM">باسان</wf>
		<wf pos="NN">بےخبری</wf>
		<wf pos="PSP">ہِنٛدِس</wf>
		<wf pos="NN">عالمَس</wf>
		<wf pos="PSP">منٛز</wf>
		<wf pos="JJ">صٔحی</wf>
		<wf pos="NN">علِم</wf>
		<wf pos="NN">حقیٖقتَس</wf>
		<wf pos="PSP">منٛز</wf>
		<wf pos="VAUX">چُھ</wf>
		<wf pos="VM">چمکان</wf>
		<wf pos="RB">صرف</wf>
		<wf pos="QC">اَکھ</wf>
		<wf pos="NNP">پربرٛہم</wf>
		<wf pos="SYM">۔</wf>
	</sentence>
	<sentence s_id="5">
		<wf pos="DEM">یہِ</wf>
		<wf pos="RB">نوٚن</wf>
		<wf pos="NN">رۄخ</wf>
		<wf pos="VAUX">اوس</wf>
		<wf pos="NNP">گنگادھرس</wf>
		<wf pos="JJ">سٲرِسٕے</wf>
		<wf pos="NN">دفترس</wf>
		<wf pos="PSP">اندر</wf>
		<wf pos="VM">مندچھاوان</wf>
		<wf pos="CC">تہٕ</wf>
		<wf pos="NN">ٹاوس</wf>
		<wf pos="VM">تُلہٕناوان</wf>
		<wf pos="PRP">اَسہِ</wf>
		<wf pos="VAUX">ٲس</wf>
		<wf pos="NN" sense_id="1">خَبَر</wf>
		<wf pos="CC">زِ</wf>
		<wf pos="NNP">گنگادھرنِس</wf>
		<wf pos="NN">سیٖنس</wf>
		<wf pos="PSP">منٛز</wf>
		<wf pos="VAUX">چُھ</wf>
		<wf pos="NN">دِل</wf>
		<wf pos="NN">جایہ،</wf>
		<wf pos="VM">ژوٚرُے</wf>
		<wf pos="QC">اَکھ</wf>
		<wf pos="NN">مازلۄتُھر</wf>
		<wf pos="CC">بےٚ</wf>
		<wf pos="NN">سوز،</wf>
		<wf pos="PRP">مےٚ</wf>
		<wf pos="NN">ہَسرا!</wf>
		<wf pos="NEG">نہ</wf>
		<wf pos="DEM">اَتھ</wf>
		<wf pos="PRP">کانٛہہ</wf>
		<wf pos="NN">احساس</wf>
		<wf pos="NEG">نہ</wf>
		<wf pos="PRP">کانٛہہ</wf>
		<wf pos="NN">جزبہٕ</wf>
		<wf pos="SYM">۔</wf>
	</sentence>
	<sentence s_id="6">
		<wf pos="CC">اگرَے</wf>
		<wf pos="PRP">اسۍ</wf>
		<wf pos="RB">تَنہٕ</wf>
		<wf pos="PSP">پٮ۪ٹھٕ</wf>
		<wf pos="PSP">چِہ</wf>
		<wf pos="NNP">کٔشیرِ</wf>
		<wf pos="NN" sense_id="1">خَبَر</wf>
		<wf pos="VM">ہٮ۪مَو</wf>
		<wf pos="RB">یَنہٕ</wf>
		<wf pos="NNP">کٲشِر</wf>
		<wf pos="NN">زبان</wf>
		<wf pos="NN">لُکن</wf>
		<wf pos="PSP">ہٕنٛز</wf>
		<wf pos="RB">روزانہٕ</wf>
		<wf pos="NNC">کتھِ</wf>
		<wf pos="NN">باتھِ</wf>
		<wf pos="NN">ؤسیلَس</wf>
		<wf pos="VM">آیِہ</wf>
		<wf pos="PRP">اسۍ</wf>
		<wf pos="VM">وُچَھو</wf>
		<wf pos="DEM">زِ</wf>
		<wf pos="RB">ییٚتِکۍ</wf>
		<wf pos="NN">سیاسَتن</wf>
		<wf pos="CC">تہٕ</wf>
		<wf pos="NN">سماجن</wf>
		<wf pos="VM">دِتۍ</wf>
		<wf pos="NN">یٔڈۍ</wf>
		<wf pos="VM">ڈُلگٔنۍ</wf>
		<wf pos="NN">بالَن</wf>
		<wf pos="PSP">پٮ۪ٹھ</wf>
		<wf pos="VM">روزؤنۍ</wf>
		<wf pos="NN">ناگ</wf>
		<wf pos="CC">تہٕ</wf>
		<wf pos="JJ">مٲدٲنۍ</wf>
		<wf pos="NN">علاقن</wf>
		<wf pos="VM">بَسنہٕ</wf>
		<wf pos="VM">آمٕتۍ</wf>
		<wf pos="NNP">آریہ,</wf>
		<wf pos="NNP">درٕد,</wf>
		<wf pos="NNP">پشاچ,</wf>
		<wf pos="NNP">یَہوٗدۍ,</wf>
		<wf pos="NNP">یوٗنٲنۍ</wf>
		<wf pos="NN">وغارٕ</wf>
		<wf pos="VM">روٗدۍ</wf>
		<wf pos="NN" sense_id="1">خَبَر</wf>
		<wf pos="INTF">کۭتِس</wf>
		<wf pos="NN">کالَس</wf>
		<wf pos="PRP">پَننہِ</wf>
		<wf pos="JJ">الگ</wf>
		<wf pos="NN">زَبٲنۍ</wf>
		<wf pos="VM">وَرتاوان</wf>
		<wf pos="SYM">۔</wf>
	</sentence>
	<sentence s_id="7">
		<wf pos="NN">موج</wf>
		<wf pos="VAUX">ٲس</wf>
		<wf pos="NNP">مجس</wf>
		<wf pos="NN" sense_id="1">خَبَر</wf>
		<wf pos="VM">ہینہِ</wf>
		<wf pos="VM">گٲمژ</wf>
		<wf pos="SYM">۔</wf>
	</sentence>
	<sentence s_id="8">
		<wf pos="PRP">﻿أمۍ</wf>
		<wf pos="RB">یی٘لہِ</wf>
		<wf pos="NN">كن</wf>
		<wf pos="VM">دِیُت</wf>
		<wf pos="CC">تہٕ</wf>
		<wf pos="RB">أندۍ</wf>
		<wf pos="POW">پٔكھۍ</wf>
		<wf pos="VM">ترٲوٕن</wf>
		<wf pos="NN">نظراہ</wf>
		<wf pos="PRP">تس</wf>
		<wf pos="NN">ننٛیو</wf>
		<wf pos="CC">زِ</wf>
		<wf pos="PRP">سٲری</wf>
		<wf pos="VM">بیچھہِ</wf>
		<wf pos="VM">وٕنۍ</wf>
		<wf pos="VAUX">ٲسۍ</wf>
		<wf pos="PRP">تٔمِس</wf>
		<wf pos="VM">كُن</wf>
		<wf pos="NN">اِشارٕ</wf>
		<wf pos="RB">كٔرِتھ</wf>
		<wf pos="VM">اكھ</wf>
		<wf pos="QC">أكِس</wf>
		<wf pos="PSP">سۭتۍ</wf>
		<wf pos="VM">كنہٕ</wf>
		<wf pos="NN">پھِسرارَے</wf>
		<wf pos="VM">كران</wf>
		<wf pos="PRP">تٔمۍ</wf>
		<wf pos="NN">وَچہِ</wf>
		<wf pos="NN">أچھ</wf>
		<wf pos="CC">تہٕ</wf>
		<wf pos="PRP">تِمَن</wf>
		<wf pos="VM">دِتُن</wf>
		<wf pos="NEG">نہٕ</wf>
		<wf pos="NN">باسنہٕ</wf>
		<wf pos="CC">زِ</wf>
		<wf pos="PRP">تَس</wf>
		<wf pos="VM">چھے٘</wf>
		<wf pos="PRP">سٲرٕے</wf>
		<wf pos="NN" sense_id="3">خَبَر</wf>
		<wf pos="SYM">۔</wf>
	</sentence>
	<sentence s_id="9">
		<wf pos="PRP">مےٚ</wf>
		<wf pos="PRP">تَس</wf>
		<wf pos="NN" sense_id="2">خَبَر</wf>
		<wf pos="VM">دِژ</wf>
		<wf pos="NNP">گنگادھر</wf>
		<wf pos="VAUX">اوس</wf>
		<wf pos="NN">سڑکہِ</wf>
		<wf pos="PSP">پٮ۪ٹھ</wf>
		<wf pos="VM">ووتمُت</wf>
		<wf pos="RB">پوٚتُس</wf>
		<wf pos="VM">آم</wf>
		<wf pos="DEM">یوٚہَے</wf>
		<wf pos="NN">خیال</wf>
		<wf pos="PRP">أمِس</wf>
		<wf pos="WQ">کیاہ</wf>
		<wf pos="VAUX">اوس</wf>
		<wf pos="DEM">اَتھ</wf>
		<wf pos="NN">رۄپیہِ</wf>
		<wf pos="VM">کرُن</wf>
		<wf pos="SYM">۔</wf>
	</sentence>
	<sentence s_id="10">
		<wf pos="PRP">مےٚ</wf>
		<wf pos="VAUX">چَھ</wf>
		<wf pos="NEG">نہٕ</wf>
		<wf pos="NN" sense_id="1">خَبَر</wf>
		<wf pos="CC">زِ</wf>
		<wf pos="PRP">مےٚ</wf>
		<wf pos="PRP">ژےٚ</wf>
		<wf pos="PRP">پَننہِ</wf>
		<wf pos="NN">دِلٕچ</wf>
		<wf pos="NN">کتھ</wf>
		<wf pos="VM">وَنٕنۍ،</wf>
		<wf pos="RB">خاصکٔرِتھ</wf>
		<wf pos="DEM">تَمہِ</wf>
		<wf pos="NN">ساعتہٕ</wf>
		<wf pos="RB">ییٚلہِ</wf>
		<wf pos="PRP">مےٚ</wf>
		<wf pos="JJ">گُمنام،</wf>
		<wf pos="CC">تہٕ</wf>
		<wf pos="VAUX">پَزِ</wf>
		<wf pos="VM">روزُن</wf>
		<wf pos="VM">بَنان</wf>
		<wf pos="VAUX">چُھ</wf>
		<wf pos="DEM">زِ</wf>
		<wf pos="RB">یِتھٕ</wf>
		<wf pos="POW">کٔنۍ</wf>
		<wf pos="PRP">بہٕ</wf>
		<wf pos="PRP">چانن</wf>
		<wf pos="NN">نظرن</wf>
		<wf pos="PSP">مَنٛز</wf>
		<wf pos="NN">گۄناہگار</wf>
		<wf pos="VM">بٔنِتھ</wf>
		<wf pos="PRP">تٔمِس</wf>
		<wf pos="NN">اِنسان</wf>
		<wf pos="PSP">سٕنٛد</wf>
		<wf pos="RB">پٲٹھۍ</wf>
		<wf pos="PRP">یُس</wf>
		<wf pos="NNP">زیبرا</wf>
		<wf pos="NN">کراسِنٛگ</wf>
		<wf pos="PSP">پٿٹھ</wf>
		<wf pos="NN">شرابس</wf>
		<wf pos="PSP">مَنٛز</wf>
		<wf pos="NN">مَس</wf>
		<wf pos="VAUX">ٲسِتھ</wf>
		<wf pos="PRP">تٔمِس</wf>
		<wf pos="NN">شُرِس</wf>
		<wf pos="NN">گٲڈۍ</wf>
		<wf pos="PSP">پٹھۍ</wf>
		<wf pos="VAUX">چُھ</wf>
		<wf pos="VM">کھالان</wf>
		<wf pos="PRP">یَس</wf>
		<wf pos="NEG">نہٕ</wf>
		<wf pos="PRP">کٕہیں</wf>
		<wf pos="PSP">سۭتۍ</wf>
		<wf pos="VM">آسہِ</wf>
		<wf pos="CC">تہٕ</wf>
		<wf pos="RB">پَتہٕ</wf>
		<wf pos="VAUX">چُھ</wf>
		<wf pos="NN">وٲرۍدات</wf>
		<wf pos="PSP">چہِ</wf>
		<wf pos="NN">جایہِ</wf>
		<wf pos="PSP">پٹھ</wf>
		<wf pos="VM">ژلان</wf>
		<wf pos="SYM">۔</wf>
	</sentence>
	<sentence s_id="11">
		<wf pos="NNP">تھۄنِہ</wf>
		<wf pos="WQ">کیا</wf>
		<wf pos="VAUX">گو</wf>
		<wf pos="RP">تِہ</wf>
		<wf pos="DEM">یہِ</wf>
		<wf pos="NN">کتھ</wf>
		<wf pos="VAUX">چھِ</wf>
		<wf pos="VM">ونان</wf>
		<wf pos="VAUX">چھےٚ</wf>
		<wf pos="NEG">نہٕ</wf>
		<wf pos="PRP">مٚے</wf>
		<wf pos="RB">ازتِہ</wf>
		<wf pos="NN">پتاہ</wf>
		<wf pos="DEM">یہ</wf>
		<wf pos="VAUX">چھا</wf>
		<wf pos="NNP">کٲشر</wf>
		<wf pos="NN">لفظ</wf>
		<wf pos="CC">کنِہ</wf>
		<wf pos="NNP">فارسی</wf>
		<wf pos="DEM">تِتِہ</wf>
		<wf pos="VAUX">چھَ</wf>
		<wf pos="NEG">نہ</wf>
		<wf pos="NN" sense_id="2">خَبَر</wf>
		<wf pos="DEM">یہِ</wf>
		<wf pos="NN">فٲصلہٕ</wf>
		<wf pos="VAUX">ہٮ۪کن</wf>
		<wf pos="NN">زبان</wf>
		<wf pos="PSP">وٲلۍ</wf>
		<wf pos="VM">کٔرِتھ</wf>
		<wf pos="CC">زِ</wf>
		<wf pos="DEM">امیٚک</wf>
		<wf pos="NN">موٗل</wf>
		<wf pos="VAUX">چھا</wf>
		<wf pos="NNP">سنسکرت</wf>
		<wf pos="CC">کنہٕ</wf>
		<wf pos="NNP">برٲنی</wf>
		<wf pos="DEM">یِہ</wf>
		<wf pos="QW">کمِہ</wf>
		<wf pos="PSP">منٛز</wf>
		<wf pos="VAUX">چُھ</wf>
		<wf pos="VM">درامُت</wf>
		<wf pos="PRP">میانِہ</wf>
		<wf pos="PSP">خٲطرِ</wf>
		<wf pos="VAUX">چُھ</wf>
		<wf pos="PRP">یہ</wf>
		<wf pos="RB">وُنِہ</wf>
		<wf pos="RP">تِہ</wf>
		<wf pos="QC">اکھ</wf>
		<wf pos="NN">مُعمہٕ،</wf>
		<wf pos="PRP">مٚے</wf>
		<wf pos="VAUX">گوٚو</wf>
		<wf pos="DEM">یہِ</wf>
		<wf pos="NN">لفظ</wf>
		<wf pos="RB">گۄڈنچِہ</wf>
		<wf pos="NN">لٹِہ</wf>
		<wf pos="DEM">تمِہ</wf>
		<wf pos="NN">دوہہٕ</wf>
		<wf pos="NN">کنَن</wf>
		<wf pos="RB">ییٚلِہ</wf>
		<wf pos="NNPC">کیٖشو</wf>
		<wf pos="NNC">لٔڑکہٕ</wf>
		<wf pos="NN">کالجِہ</wf>
		<wf pos="PSP">چَن</wf>
		<wf pos="PSP">منٛز</wf>
		<wf pos="NN">خِسارٕ</wf>
		<wf pos="PSP">پٮ۪ٹھ</wf>
		<wf pos="NN">گر</wf>
		<wf pos="VM">آمُت</wf>
		<wf pos="VAUX">اوس</wf>
		<wf pos="CC">تہٕ</wf>
		<wf pos="QC">دویمِہ</wf>
		<wf pos="NN">دوہہٕ</wf>
		<wf pos="NN">صُبحنَس</wf>
		<wf pos="VAUX">اوس</wf>
		<wf pos="NN">آنگنہٕ</wf>
		<wf pos="PSP">کس</wf>
		<wf pos="NN">نلکس</wf>
		<wf pos="PSP">پٮ۪ٹھٕ</wf>
		<wf pos="NN">بُتھ</wf>
		<wf pos="VM">چھلان</wf>
		<wf pos="SYM">۔</wf>
	</sentence>
	<sentence s_id="12">
		<wf pos="PRP">تۄہہِ</wf>
		<wf pos="WQ">ما</wf>
		<wf pos="VM">آسہ</wf>
		<wf pos="NNP">مہاکٲلی</wf>
		<wf pos="NN" sense_id="1">خَبَر</wf>
		<wf pos="PRP">کنہِ</wf>
		<wf pos="NN">جایہِ</wf>
		<wf pos="VM">آسہ</wf>
		<wf pos="NN">وانَس</wf>
		<wf pos="PSP">پٮ۪ٹھ</wf>
		<wf pos="NN">فوتُو</wf>
		<wf pos="VM">وُچھمُت</wf>
		<wf pos="VM">کرٛہُن</wf>
		<wf pos="NN">کٹہٕ</wf>
		<wf pos="NN">کال</wf>
		<wf pos="QC">ہُیٚوہ</wf>
		<wf pos="NN">بُتھ</wf>
		<wf pos="SYM">۔</wf>
	</sentence>
	<sentence s_id="13">
		<wf pos="PRP">مےٚ</wf>
		<wf pos="VAUX">چھےٚ</wf>
		<wf pos="NN" sense_id="1">خَبَر</wf>
		<wf pos="PRP">اَسہِ</wf>
		<wf pos="WQ">کیٛاہ</wf>
		<wf pos="NN">غلطی</wf>
		<wf pos="VAUX">چھےٚ</wf>
		<wf pos="VM">گٲمٕژ،</wf>
		<wf pos="DEM">ییٚمکِنۍ</wf>
		<wf pos="QC">اَکھ</wf>
		<wf pos="QC">اَکھ</wf>
		<wf pos="NN">دَربٲرۍ</wf>
		<wf pos="CC">تہٕ</wf>
		<wf pos="JJ">امیٖر</wf>
		<wf pos="NN">ؤزیٖر</wf>
		<wf pos="JJ">بُتھۍ</wf>
		<wf pos="NN">پھیُر</wf>
		<wf pos="VM">گَژھان</wf>
		<wf pos="SYM">۔</wf>
	</sentence>
	<sentence s_id="14">
		<wf pos="PRP">میٚہ</wf>
		<wf pos="VAUX">چھیٚہ</wf>
		<wf pos="PRP">بہٕ</wf>
		<wf pos="VAUX">چُھس</wf>
		<wf pos="DEM">یہِ</wf>
		<wf pos="QC">اکھ</wf>
		<wf pos="JJ">بوٚڈ</wf>
		<wf pos="NN">دعوا</wf>
		<wf pos="VM">کران</wf>
		<wf pos="SYM">۔</wf>
	</sentence>
	<sentence s_id="15">
		<wf pos="CC">مگر</wf>
		<wf pos="VAUX">چھَم</wf>
		<wf pos="NN" sense_id="1">خَبَر</wf>
		<wf pos="CC">زِ</wf>
		<wf pos="PRP">بہٕ</wf>
		<wf pos="VAUX">چُھس</wf>
		<wf pos="NEG">نہٕ</wf>
		<wf pos="NNP">ڈایل</wf>
		<wf pos="PSP">سُند</wf>
		<wf pos="NN">بریگیڑیر</wf>
		<wf pos="SYM">۔</wf>
	</sentence>
	<sentence s_id="16">
		<wf pos="NN" sense_id="3">خَبَر</wf>
		<wf pos="VAUX">چھا</wf>
		<wf pos="RB">نٮ۪بٕرۍ</wf>
		<wf pos="NN">تاپھ</wf>
		<wf pos="VM">اوسا</wf>
		<wf pos="CC">کنہٕ</wf>
		<wf pos="JJ">روٗد</wf>
		<wf pos="CC">ہَرگاہ</wf>
		<wf pos="NN">تاپھ</wf>
		<wf pos="VAUX">آسِہا</wf>
		<wf pos="RB">تیٚلہِ</wf>
		<wf pos="WQ">کتہِ</wf>
		<wf pos="NN">گَژھ</wf>
		<wf pos="VAUX">ہا</wf>
		<wf pos="RB">ٹِپ</wf>
		<wf pos="POW">ٹِپ</wf>
		<wf pos="CC">تہٕ</wf>
		<wf pos="CC">یوٚدوَے</wf>
		<wf pos="NN">شیٖن</wf>
		<wf pos="VM">آسہِ</wf>
		<wf pos="VAUX">ہا</wf>
		<wf pos="RB">توتہِ</wf>
		<wf pos="VAUX">گَژھِ</wf>
		<wf pos="VAUX">ہا</wf>
		<wf pos="RB">ٹِپ</wf>
		<wf pos="POW">ٹِپ</wf>
		<wf pos="SYM">۔</wf>
	</sentence>
	<sentence s_id="17">
		<wf pos="RB">اَکھتُے</wf>
		<wf pos="VAUX">چھٚے</wf>
		<wf pos="DEM">یہِ</wf>
		<wf pos="NN" sense_id="1">خَبَر</wf>
		<wf pos="RP">تہِ</wf>
		<wf pos="JJ">پٔز</wf>
		<wf pos="VM">باسان</wf>
		<wf pos="DEM">زِ</wf>
		<wf pos="JJ">کٲشرٮ۪ن</wf>
		<wf pos="PSP">مَنٛز</wf>
		<wf pos="VAUX">چِھ</wf>
		<wf pos="NNPC">بنی</wf>
		<wf pos="NNP">اِسرٲیٖل</wf>
		<wf pos="RP">تہِ</wf>
		<wf pos="NN">رَلہٕ</wf>
		<wf pos="VAUX">گٔمٕتۍ</wf>
		<wf pos="CC">وۄںگو</wf>
		<wf pos="NN">زبٲنۍ</wf>
		<wf pos="NN">زبٲنی</wf>
		<wf pos="VAUX">چِھ</wf>
		<wf pos="NN">اُتھ</wf>
		<wf pos="NN">نظرِیس</wf>
		<wf pos="PRP">تِم</wf>
		<wf pos="NN">لُکھ</wf>
		<wf pos="NN">مخالِفَت</wf>
		<wf pos="VM">کران</wf>
		<wf pos="DEM">یِم</wf>
		<wf pos="NN">دُنیاہس</wf>
		<wf pos="NN">باور</wf>
		<wf pos="VAUX">چِھ</wf>
		<wf pos="VAUX">یژھان</wf>
		<wf pos="VM">کرناوُن</wf>
		<wf pos="DEM">زِ</wf>
		<wf pos="PRP">ﺃسۍ</wf>
		<wf pos="VAUX">چِھ</wf>
		<wf pos="JJ">خٲلِص</wf>
		<wf pos="NNP">آریہنہ</wf>
		<wf pos="SYM">۔</wf>
	</sentence>
	<sentence s_id="18">
		<wf pos="DEM">یہِ</wf>
		<wf pos="NN" sense_id="1">خَبَر</wf>
		<wf pos="VM">بوٗزِتھ</wf>
		<wf pos="VM">گو</wf>
		<wf pos="NNP">سریندر</wf>
		<wf pos="NN">باورٕ</wf>
		<wf pos="PRP">سُہ</wf>
		<wf pos="VAUX">گوٚو</wf>
		<wf pos="JJ">تھوٚد</wf>
		<wf pos="VM">ؤتھِتھ</wf>
		<wf pos="SYM">۔</wf>
	</sentence>
	<sentence s_id="19">
		<wf pos="NNP">صمٕدۍ</wf>
		<wf pos="VM">دِژ</wf>
		<wf pos="NN">صٕندُوقہٕ</wf>
		<wf pos="PSP">منزٕ</wf>
		<wf pos="NN" sense_id="1">خَبَر</wf>
		<wf pos="DEM">یُتھ</wf>
		<wf pos="NEG">نہٕ</wf>
		<wf pos="NST">یور</wf>
		<wf pos="PSP">کن</wf>
		<wf pos="VM">پککھ</wf>
		<wf pos="NN">ڈاکو</wf>
		<wf pos="VM">گوو</wf>
		<wf pos="RB">رُوزِتھ</wf>
		<wf pos="SYM">۔</wf>
	</sentence>
	<sentence s_id="20">
		<wf pos="RP">تہِ</wf>
		<wf pos="WQ">کیازِ</wf>
		<wf pos="PRP">مٚے</wf>
		<wf pos="VAUX">ٲس</wf>
		<wf pos="NN" sense_id="1">خَبَر</wf>
		<wf pos="CC">زِ</wf>
		<wf pos="NNPC">وَنہٕ</wf>
		<wf pos="NNP">مالہِ</wf>
		<wf pos="RP">تِہ</wf>
		<wf pos="VAUX">چُھ</wf>
		<wf pos="NEG">نٕہ</wf>
		<wf pos="PRP">یہ</wf>
		<wf pos="NN">طاقتھ</wf>
		<wf pos="CC">زِ</wf>
		<wf pos="NNP">مۄنٛڑ</wf>
		<wf pos="NN">زنانہٕ</wf>
		<wf pos="VAUX">ٲسِتھ</wf>
		<wf pos="VM">دِیہِ</wf>
		<wf pos="PRP">سۄ</wf>
		<wf pos="PRP">أمِس</wf>
		<wf pos="NNP">تیٛتھ</wf>
		<wf pos="NN">داج</wf>
		<wf pos="CC">تہٕ</wf>
		<wf pos="NNP">تیٛتھ</wf>
		<wf pos="NN">کھاندر</wf>
		<wf pos="VM">ژھانڑٮ۪س</wf>
		<wf pos="CC">یُتھ</wf>
		<wf pos="PRP">أمِس</wf>
		<wf pos="NN">شُوُبن</wf>
		<wf pos="VAUX">گژھ</wf>
		<wf pos="SYM">۔</wf>
	</sentence>
	<sentence s_id="21">
		<wf pos="CC">ہتہٕ</wf>
		<wf pos="NN">تھوٚد</wf>
		<wf pos="VM">وۄتھ</wf>
		<wf pos="NN">کھش</wf>
		<wf pos="VM">ژُھنُس</wf>
		<wf pos="VM">کٔرِتھ</wf>
		<wf pos="PRP">ژےٚ</wf>
		<wf pos="VAUX">چھَے</wf>
		<wf pos="NEG">نا</wf>
		<wf pos="NN" sense_id="2">خَبَر</wf>
		<wf pos="PRP">یُس</wf>
		<wf pos="NN">کۄکر</wf>
		<wf pos="NN">کالہٕ</wf>
		<wf pos="PSP">کی</wf>
		<wf pos="NN">پہرٕ</wf>
		<wf pos="NN">بانگ</wf>
		<wf pos="VM">دِیہِ</wf>
		<wf pos="PRP">تس</wf>
		<wf pos="NN">گژہِ</wf>
		<wf pos="PRP">تٔمۍ</wf>
		<wf pos="NN">وِزِ</wf>
		<wf pos="NN">کھَش</wf>
		<wf pos="VM">کرُن</wf>
		<wf pos="SYM">۔</wf>
	</sentence>
	<sentence s_id="22">
		<wf pos="JJ">پوٚز</wf>
		<wf pos="RB">تَنہٕ</wf>
		<wf pos="VAUX">ٲسم</wf>
		<wf pos="NEG">نہٕ</wf>
		<wf pos="DEM">یہِ</wf>
		<wf pos="NN" sense_id="1">خَبَر</wf>
		<wf pos="DEM">یہِ</wf>
		<wf pos="VAUX">گو</wf>
		<wf pos="RB">مٔنٛزۍ</wf>
		<wf pos="NN">کنَن</wf>
		<wf pos="RDP">وارٕ</wf>
		<wf pos="NN">کارٕ</wf>
		<wf pos="VAUX">اوسُس</wf>
		<wf pos="VM">بِہِتھ</wf>
		<wf pos="WQ">کیٛاہ</wf>
		<wf pos="VM">کریومَکھ</wf>
		<wf pos="QC">زٕ</wf>
		<wf pos="DEM">اَتھ</wf>
		<wf pos="NN">شکیٖنجَس</wf>
		<wf pos="NN">بریوہَس</wf>
		<wf pos="SYM">۔</wf>
	</sentence>
	<sentence s_id="23">
		<wf pos="NN">موسیٖقی</wf>
		<wf pos="PSP">ہِنٛدٮ۪ن</wf>
		<wf pos="RB">قدیٖم</wf>
		<wf pos="JJ">قلمی</wf>
		<wf pos="NN">نسخن</wf>
		<wf pos="PSP">منٛز</wf>
		<wf pos="NEG">نہٕ</wf>
		<wf pos="DEM">اَمہِ</wf>
		<wf pos="NN">بٲتُک</wf>
		<wf pos="NN">لٮ۪کھت</wf>
		<wf pos="VM">موجوٗدُے</wf>
		<wf pos="RP">تہِ</wf>
		<wf pos="NEG">نہٕ</wf>
		<wf pos="NN" sense_id="2">خَبَر</wf>
		<wf pos="VM">میجایہِ</wf>
		<wf pos="NN">مژے۔</wf>
		<wf pos="PRP">تِمہٕ</wf>
		<wf pos="RP">تہِ</wf>
		<wf pos="VM">آے</wf>
		<wf pos="NN">نارٕ</wf>
		<wf pos="RP">کھۄتہٕ</wf>
		<wf pos="JJ">“تژے</wf>
		<wf pos="PSP">پٮ۪ٹھ</wf>
		<wf pos="VAUX">چُھ</wf>
		<wf pos="DEM">اَتھ</wf>
		<wf pos="NN">بٲتس</wf>
		<wf pos="PSP">سۭتۍ</wf>
		<wf pos="VM">واٹنہٕ</wf>
		<wf pos="VAUX">آمُت</wf>
		<wf pos="SYM">۔</wf>
	</sentence>
	<sentence s_id="24">
		<wf pos="NN">مول موج</wf>
		<wf pos="VAUX">چُھ</wf>
		<wf pos="RB">ہمیشہٕ</wf>
		<wf pos="NN">بَچن</wf>
		<wf pos="PSP">ہنٛز</wf>
		<wf pos="NN" sense_id="3">خَبَر</wf>
		<wf pos="VM">تھاوان</wf>
		<wf pos="SYM">۔</wf>
	</sentence>
	<sentence s_id="25">
		<wf pos="QF">گَریلوٗ</wf>
		<wf pos="NN">معاملَن</wf>
		<wf pos="PSP">ہٕنٛدۍ</wf>
		<wf pos="NN">وَزارَتَن</wf>
		<wf pos="VAUX">چھےٚ</wf>
		<wf pos="QC">اَکھ</wf>
		<wf pos="NN" sense_id="1">خَبَر</wf>
		<wf pos="NN">جٲری</wf>
		<wf pos="VM">کٔرمٕژ</wf>
		<wf pos="SYM">۔</wf>
	</sentence>
	<sentence s_id="26">
		<wf pos="NN">سۄ</wf>
		<wf pos="VAUX">چھےٚ</wf>
		<wf pos="JJ">پوٗرٕ</wf>
		<wf pos="NN">دۄہَس</wf>
		<wf pos="VM">بِہِتھ</wf>
		<wf pos="NN" sense_id="1">خَبَر</wf>
		<wf pos="VM">بوٗزان</wf>
		<wf pos="PSP">آسان</wf>
		<wf pos="SYM">۔</wf>
	</sentence>
	<sentence s_id="27">
		<wf pos="PRP">اسہٕ</wf>
		<wf pos="VAUX">چِھ</wf>
		<wf pos="DEM">امہِ</wf>
		<wf pos="NN">زانکٲرۍ</wf>
		<wf pos="PSP">ہنٛز</wf>
		<wf pos="RB">پوٗرٕ</wf>
		<wf pos="POW">پٲٹھۍ</wf>
		<wf pos="NN" sense_id="1">خَبَر</wf>
		<wf pos="SYM">۔</wf>
	</sentence>
	<sentence s_id="28">
		<wf pos="WQ">کیاہ</wf>
		<wf pos="JJ">خاص</wf>
		<wf pos="NN" sense_id="1">خَبَر</wf>
		<wf pos="VAUX">چھےٚ</wf>
		<wf pos="SYM">۔</wf>
	</sentence>
	<sentence s_id="29">
		<wf pos="JJ">خاص</wf>
		<wf pos="NN" sense_id="1">خَبَر</wf>
		<wf pos="VAUX">چھےٚ</wf>
		<wf pos="DEM">یہٕ</wf>
		<wf pos="PSP">زِ</wf>
		<wf pos="NN">مِڑل</wf>
		<wf pos="NN">ایٖسٹس</wf>
		<wf pos="PSP">منٛز</wf>
		<wf pos="VAUX">چُھ</wf>
		<wf pos="NNP">اسرٲیِلن</wf>
		<wf pos="NNP">فلسطینی</wf>
		<wf pos="NN">گوریلاہن</wf>
		<wf pos="PSP">خلاف</wf>
		<wf pos="INTF">زبردست</wf>
		<wf pos="NN">جنگ</wf>
		<wf pos="VM">چھوٗڈمُت</wf>
		<wf pos="SYM">۔</wf>
	</sentence>
	<sentence s_id="30">
		<wf pos="CC">وۄں</wf>
		<wf pos="VAUX">گۄو</wf>
		<wf pos="PRP">بہ</wf>
		<wf pos="VAUX">چھَس</wf>
		<wf pos="PRP">تُہنٛز</wf>
		<wf pos="NN" sense_id="1">خَبَر</wf>
		<wf pos="VM">زانٕنۍ</wf>
		<wf pos="VAUX">یَژھان</wf>
		<wf pos="SYM">۔</wf>
	</sentence>
	<sentence s_id="31">
		<wf pos="NN" sense_id="1">خَبَر</wf>
		<wf pos="NEG">نہ</wf>
		<wf pos="PRP">آسنہٕ</wf>
		<wf pos="PSP">کہِ</wf>
		<wf pos="NN">وَجہ</wf>
		<wf pos="PSP">سۭتۍ</wf>
		<wf pos="VAUX">ہٮ۪کہِ</wf>
		<wf pos="NN">اِنسان</wf>
		<wf pos="NN">مُشکِلَس</wf>
		<wf pos="PSP">منٛز</wf>
		<wf pos="VM">پٔھسِتھ</wf>
		<wf pos="SYM">۔</wf>
	</sentence>
	<sentence s_id="32">
		<wf pos="NN">حٲرتھ</wf>
		<wf pos="POW">انگیز</wf>
		<wf pos="NN" sense_id="1">خَبَر</wf>
		<wf pos="VAUX">چِھ</wf>
		<wf pos="NNP">میڑیا</wf>
		<wf pos="PSP">وٲلۍ</wf>
		<wf pos="JJ">زیادٕ</wf>
		<wf pos="NN">تہُر</wf>
		<wf pos="VM">کھالان</wf>
		<wf pos="SYM">۔</wf>
	</sentence>
	<sentence s_id="33">
		<wf pos="NNP">کٔشیٖرِ</wf>
		<wf pos="PSP">منٛز</wf>
		<wf pos="NN">دَہشت</wf>
		<wf pos="NN">گَردَن</wf>
		<wf pos="DEM">تہٕ</wf>
		<wf pos="NN">فوجس</wf>
		<wf pos="PSP">درمیان</wf>
		<wf pos="NN">لَڑایہِ</wf>
		<wf pos="PSP">مُتعلِق</wf>
		<wf pos="VM">خبَر</wf>
		<wf pos="VAUX">چِھ</wf>
		<wf pos="NN">پژ</wf>
		<wf pos="SYM">۔</wf>
	</sentence>
	<sentence s_id="34">
		<wf pos="PRP">پَننِس</wf>
		<wf pos="JJ">ٹٲٹھۍ</wf>
		<wf pos="NN">دوستہٕ</wf>
		<wf pos="PSP">سٕنٛز</wf>
		<wf pos="VM">مَرنٕچ</wf>
		<wf pos="NN" sense_id="2">خَبَر</wf>
		<wf pos="VM">بوٗزِتھ</wf>
		<wf pos="VAUX">گوٚو</wf>
		<wf pos="PRP">سُہ</wf>
		<wf pos="NN">بےٚہوش</wf>
		<wf pos="SYM">۔</wf>
	</sentence>
	<sentence s_id="35">
		<wf pos="DEM">یہِ</wf>
		<wf pos="VAUX">چُھ</wf>
		<wf pos="PRP">میانہِ</wf>
		<wf pos="PSP">خٲطرٕ</wf>
		<wf pos="CC">بےٚ</wf>
		<wf pos="JJ">زٲنۍ</wf>
		<wf pos="NN" sense_id="1">خَبَر</wf>
		<wf pos="SYM">۔</wf>
	</sentence>
	<sentence s_id="36">
		<wf pos="JJ">پرٛتھ</wf>
		<wf pos="NN">دۄہ</wf>
		<wf pos="VAUX">چُھ</wf>
		<wf pos="NN" sense_id="1">خَبَر</wf>
		<wf pos="WQ">کُس</wf>
		<wf pos="CC">بےٚ</wf>
		<wf pos="JJ">زٲنۍ</wf>
		<wf pos="NN">نَفَر</wf>
		<wf pos="PRP">تٔمِس</wf>
		<wf pos="VM">فونَس</wf>
		<wf pos="PSP">پٮ۪ٹھ</wf>
		<wf pos="NN">دَمکی</wf>
		<wf pos="VM">دِوان</wf>
		<wf pos="SYM">۔</wf>
	</sentence>
	<sentence s_id="37">
		<wf pos="PRP">مےٚ</wf>
		<wf pos="VM">بوٗز</wf>
		<wf pos="NN">آزٕ</wf>
		<wf pos="JJ">خۄش</wf>
		<wf pos="NN" sense_id="1">خَبَر</wf>
		<wf pos="SYM">۔</wf>
	</sentence>
	<sentence s_id="38">
		<wf pos="PRP">سُہ</wf>
		<wf pos="VAUX">چُھ</wf>
		<wf pos="RB">ہَمیشہٕ</wf>
		<wf pos="RB">پٔز</wf>
		<wf pos="NN" sense_id="2">خَبَر</wf>
		<wf pos="VM">وَنان</wf>
		<wf pos="SYM">۔</wf>
	</sentence>
	<sentence s_id="39">
		<wf pos="NN">بُرٕ</wf>
		<wf pos="NN" sense_id="1">خَبَر</wf>
		<wf pos="VM">بوٗزِتھ</wf>
		<wf pos="JJ">بِگریوو</wf>
		<wf pos="PRP">تٔمِس</wf>
		<wf pos="VM">بُتھٕے</wf>
		<wf pos="SYM">۔</wf>
	</sentence>
	<sentence s_id="40">
		<wf pos="QO">أزِکہِ</wf>
		<wf pos="NN">دۄہٕچ</wf>
		<wf pos="NN" sense_id="3">خَبَر</wf>
		<wf pos="WQ:?">کیٛاہ</wf>
		<wf pos="VAUX">چھےٚ</wf>
		<wf pos="SYM">۔</wf>
	</sentence>
	<sentence s_id="41">
		<wf pos="RB">ؤنۍ</wf>
		<wf pos="VM">ٲسِو</wf>
		<wf pos="PRP">تُہۍ</wf>
		<wf pos="NN">ہِندیٖیَس</wf>
		<wf pos="PSP">منٛز</wf>
		<wf pos="JJ">مِلکی</wf>
		<wf pos="CC">تہٕ</wf>
		<wf pos="JJ">غٲر</wf>
		<wf pos="JJ">مٕلکی</wf>
		<wf pos="NN" sense_id="1">خَبَر</wf>
		<wf pos="VM">بوزان</wf>
		<wf pos="SYM">۔</wf>
	</sentence>
	<sentence s_id="42">
		<wf pos="NN">بَمٛبٕچ</wf>
		<wf pos="NN" sense_id="1">خَبَر</wf>
		<wf pos="VM">پھٲلنہٕ</wf>
		<wf pos="PSP">سٕتۍ</wf>
		<wf pos="VM">پھیٖر</wf>
		<wf pos="NN">بازرَس</wf>
		<wf pos="PSP">منٛز</wf>
		<wf pos="NN">ژَلہٕ</wf>
		<wf pos="NN">لار</wf>
		<wf pos="SYM">۔</wf>
	</sentence>
	<sentence s_id="43">
		<wf pos="RB">دوٗر</wf>
		<wf pos="JJ">رَسٲنی</wf>
		<wf pos="RDP">سۭتۍ</wf>
		<wf pos="VM">چھہٕ</wf>
		<wf pos="QC">اَکہِ</wf>
		<wf pos="NN">جایہِ</wf>
		<wf pos="PSP">ہٕنٛز</wf>
		<wf pos="NN" sense_id="1">خَبَر</wf>
		<wf pos="PRP">بیٚیِس</wf>
		<wf pos="NN">جایہِ</wf>
		<wf pos="VM">واتناوان</wf>
		<wf pos="SYM">۔</wf>
	</sentence>
	<sentence s_id="44">
		<wf pos="DEM">یَتھ</wf>
		<wf pos="CC">عِمارَتہٕ</wf>
		<wf pos="VM">چھہٕ</wf>
		<wf pos="NN" sense_id="1">خَبَر</wf>
		<wf pos="INTF">کۭتۍ</wf>
		<wf pos="NN">ٹَن</wf>
		<wf pos="NN">سیٖمَٹ</wf>
		<wf pos="VM">لوٚگمُت</wf>
		<wf pos="SYM">۔</wf>
	</sentence>
	<sentence s_id="45">
		<wf pos="PRP">سُہ</wf>
		<wf pos="VAUX">چُھ</wf>
		<wf pos="PRP">کانٛہہ</wf>
		<wf pos="CC">تہٕ</wf>
		<wf pos="NN" sense_id="1">خَبَر</wf>
		<wf pos="CC">یا</wf>
		<wf pos="PRP">کُنہِ</wf>
		<wf pos="CC">تہٕ</wf>
		<wf pos="NN">جایہِ</wf>
		<wf pos="VM">واتناوان</wf>
		<wf pos="SYM">۔</wf>
	</sentence>
	<sentence s_id="46">
		<wf pos="PRP">تٔمۍ</wf>
		<wf pos="VAUX">چُھ</wf>
		<wf pos="NN" sense_id="1">خَبَر</wf>
		<wf pos="VM">واتناونہٕ</wf>
		<wf pos="PSP">خٲطرٕ</wf>
		<wf pos="NN">کوتُر</wf>
		<wf pos="VM">تھوومُت</wf>
		<wf pos="SYM">۔</wf>
	</sentence>
	<sentence s_id="47">
		<wf pos="PRP">کیٚنٛہہ</wf>
		<wf pos="NN">لُکھ</wf>
		<wf pos="VAUX">چھِ</wf>
		<wf pos="PRP">تِم</wf>
		<wf pos="CC">تہٕ</wf>
		<wf pos="VM">آسان</wf>
		<wf pos="DEM">یِم</wf>
		<wf pos="NN">بیمارٮ۪ن</wf>
		<wf pos="PSP">مُتعلِق</wf>
		<wf pos="NN">بِلکُل</wf>
		<wf pos="JJ">غلط</wf>
		<wf pos="NN" sense_id="1">خَبَر</wf>
		<wf pos="VAUX">چھِ</wf>
		<wf pos="VM">پھلاوان</wf>
		<wf pos="SYM">۔</wf>
	</sentence>
	<sentence s_id="48">
		<wf pos="NN" sense_id="1">خَبَر</wf>
		<wf pos="RB">کِتھٕ</wf>
		<wf pos="POW">پٲٹھۍ</wf>
		<wf pos="VAUX">چھِ</wf>
		<wf pos="DEM">یِم</wf>
		<wf pos="NN">لُکھ</wf>
		<wf pos="PRP">پَننِس</wf>
		<wf pos="PRP">پانَس</wf>
		<wf pos="PRP">پانَے</wf>
		<wf pos="VM">زالان</wf>
		<wf pos="SYM">۔</wf>
	</sentence>
	<sentence s_id="49">
		<wf pos="NN">پُلیٖس</wf>
		<wf pos="VM">یِنٕچ</wf>
		<wf pos="NN" sense_id="1">خَبَر</wf>
		<wf pos="POW">بوٗزتھٕے</wf>
		<wf pos="VM">درٛاو</wf>
		<wf pos="NN">مَنوہَر</wf>
		<wf pos="RB">پوٚت</wf>
		<wf pos="NN">بَرٕ</wf>
		<wf pos="VM">کِنۍ</wf>
		<wf pos="SYM">۔</wf>
	</sentence>
	<sentence s_id="50">
		<wf pos="NN">نار</wf>
		<wf pos="VM">لَگنٕچ</wf>
		<wf pos="NN" sense_id="1">خَبَر</wf>
		<wf pos="POW">بوٗزتھٕے</wf>
		<wf pos="VM">وٲتۍ</wf>
		<wf pos="NNP">بَم</wf>
		<wf pos="PSP">وٲلۍ</wf>
		<wf pos="NN">جایہِ</wf>
		<wf pos="NN">وٲرۍ</wf>
		<wf pos="NN">داتَس</wf>
		<wf pos="PSP">پٮ۪ٹھ</wf>
		<wf pos="SYM">۔</wf>
	</sentence>
	<sentence s_id="51">
		<wf pos="PRP">سہُ</wf>
		<wf pos="NN">گُرۍ</wf>
		<wf pos="NN">سوار</wf>
		<wf pos="DEM">یُس</wf>
		<wf pos="NN">قاصد</wf>
		<wf pos="VAUX">آسہِ</wf>
		<wf pos="CC">یا</wf>
		<wf pos="DEM">یُس</wf>
		<wf pos="NN" sense_id="1">خَبَر</wf>
		<wf pos="VAUX">آسہِ</wf>
		<wf pos="VM">اَنان</wf>
		<wf pos="SYM">۔</wf>
	</sentence>
	<sentence s_id="52">
		<wf pos="JJ">چَپرٲسۍ</wf>
		<wf pos="VM">ژاو</wf>
		<wf pos="NN">قاصد</wf>
		<wf pos="VM">گُرۍسوارہٮ۪تھ</wf>
		<wf pos="DEM">یُس</wf>
		<wf pos="NN" sense_id="1">خَبَر</wf>
		<wf pos="VM">آمُت</wf>
		<wf pos="VAUX">اوس</wf>
		<wf pos="NN">رازَس</wf>
		<wf pos="PSP">نِش</wf>
		<wf pos="SYM">۔</wf>
	</sentence>
	<sentence s_id="53">
		<wf pos="DEM">یُس</wf>
		<wf pos="NN" sense_id="1">خَبَر</wf>
		<wf pos="VM">بوٗزنہٕ</wf>
		<wf pos="PSP">خٲطرٕ</wf>
		<wf pos="PRP">بیٚیِس</wf>
		<wf pos="NN">محتاج</wf>
		<wf pos="VM">آسہِ</wf>
		<wf pos="SYM">۔</wf>
	</sentence>
	<sentence s_id="54">
		<wf pos="NN">پناہ</wf>
		<wf pos="VM">دِنہِ</wf>
		<wf pos="PSP">وٲلۍ</wf>
		<wf pos="PSP">سٕنٛز</wf>
		<wf pos="VM">مرنٕچ</wf>
		<wf pos="NN" sense_id="2">خَبَر</wf>
		<wf pos="VM">بوٗزِتھ</wf>
		<wf pos="VAUX">گوٚو</wf>
		<wf pos="NNP">تیٚمِس</wf>
		<wf pos="NNPC">بارِ</wf>
		<wf pos="NNP">کھَسَن</wf>
		<wf pos="PSP">وٲلِس</wf>
		<wf pos="NN">صدمہٕ</wf>
		<wf pos="SYM">۔</wf>
	</sentence>
	<sentence s_id="55">
		<wf pos="DEM">یُس</wf>
		<wf pos="NN">جہازُک</wf>
		<wf pos="VAUX">آسہِ</wf>
		<wf pos="CC">یا</wf>
		<wf pos="DEM">یُس</wf>
		<wf pos="NN">جہازَس</wf>
		<wf pos="PSP">سۭتۍ</wf>
		<wf pos="JJ">وابستہٕ</wf>
		<wf pos="NN">آسہِ:جہازٕچ</wf>
		<wf pos="NN" sense_id="3">خَبَر</wf>
		<wf pos="VM">دِنہٕ</wf>
		<wf pos="PSP">وٲلۍ</wf>
		<wf pos="PSP">سٕنٛدِ</wf>
		<wf pos="VM">کِنۍ</wf>
		<wf pos="VAUX">چُھ</wf>
		<wf pos="NN">جہازَس</wf>
		<wf pos="JJ">ژیر</wf>
		<wf pos="VM">گَژھنُک</wf>
		<wf pos="VM">اِمکان</wf>
		<wf pos="SYM">۔</wf>
	</sentence>
	<sentence s_id="56">
		<wf pos="NN">راتھ</wf>
		<wf pos="NN">رۄتلہِ</wf>
		<wf pos="VM">بوٗز</wf>
		<wf pos="PRP">مےٚ</wf>
		<wf pos="RB">اَچانک</wf>
		<wf pos="NN">نار</wf>
		<wf pos="VM">لَگنٕچ</wf>
		<wf pos="NN" sense_id="3">خَبَر</wf>
		<wf pos="SYM">۔</wf>
	</sentence>
	<sentence s_id="57">
		<wf pos="CC">یہٕ</wf>
		<wf pos="VAUX">چُھ</wf>
		<wf pos="QC">اَکھ</wf>
		<wf pos="JJ">حٲران</wf>
		<wf pos="VM">کرَن</wf>
		<wf pos="NN">واجِنۍ</wf>
		<wf pos="NN" sense_id="2">خَبَر</wf>
		<wf pos="SYM">۔</wf>
	</sentence>
	<sentence s_id="58">
		<wf pos="PRP">مےٚ</wf>
		<wf pos="VAUX">ٲسۍ</wf>
		<wf pos="DEM">گۄڈنٮ۪تھٕے</wf>
		<wf pos="NN" sense_id="1">خَبَر</wf>
		<wf pos="RB">تَتہِ</wf>
		<wf pos="WQ">کیاہ</wf>
		<wf pos="VAUX">گژھِ</wf>
		<wf pos="SYM">۔</wf>
	</sentence>
	<sentence s_id="59">
		<wf pos="NN">انٹرنیٹَس</wf>
		<wf pos="PSP">پٮ۪ٹھ</wf>
		<wf pos="VM">چھہٕ</wf>
		<wf pos="NN" sense_id="1">خَبَر</wf>
		<wf pos="NN">لوٗکن</wf>
		<wf pos="PSP">تام</wf>
		<wf pos="RB">جلدی</wf>
		<wf pos="VM">واتان</wf>
		<wf pos="SYM">۔</wf>
	</sentence>
	<sentence s_id="60">
		<wf pos="NN" sense_id="1">خَبَر</wf>
		<wf pos="RB">کَپٲرۍ</wf>
		<wf pos="VM">کِنۍ</wf>
		<wf pos="VAUX">چھےٚ</wf>
		<wf pos="CC">یہٕ</wf>
		<wf pos="NN" sense_id="1">خَبَر</wf>
		<wf pos="NN">پُلیٖسس</wf>
		<wf pos="PSP">تام</wf>
		<wf pos="VM">گَژھان</wf>
		<wf pos="SYM">۔</wf>
	</sentence>
	<sentence s_id="61">
		<wf pos="NNP">تیٚمِس</wf>
		<wf pos="VAUX">کیٛا</wf>
		<wf pos="VM">خَبَر؟</wf>
		<wf pos="SYM">۔</wf>
	</sentence>
	<sentence s_id="62">
		<wf pos="RB">موٗجوٗدٕ</wf>
		<wf pos="NN">حالاتَن</wf>
		<wf pos="PSP">مُتعلِق</wf>
		<wf pos="VAUX">چھےٚ</wf>
		<wf pos="NEG">نہٕ</wf>
		<wf pos="PRP">مےٚ</wf>
		<wf pos="NN" sense_id="1">خَبَر</wf>
		<wf pos="SYM">۔</wf>
	</sentence>
	<sentence s_id="63">
		<wf pos="PRP">مےٚ</wf>
		<wf pos="VAUX">ٲسۍ</wf>
		<wf pos="NN">دوستَن</wf>
		<wf pos="VM">گۄڑنٮ۪تھٕے</wf>
		<wf pos="NN" sense_id="1">خَبَر</wf>
		<wf pos="NN">دیژمژ</wf>
		<wf pos="PSP">کہِ</wf>
		<wf pos="RB">تَپٲرۍ</wf>
		<wf pos="RDP">گٔژھۍ</wf>
		<wf pos="VM">زِنہٕ</wf>
		<wf pos="VM">کُنُے</wf>
		<wf pos="POW">زوٚن</wf>
		<wf pos="RB">کیازِکہِ</wf>
		<wf pos="RB">تَپٲرۍ</wf>
		<wf pos="VAUX">چھِ</wf>
		<wf pos="NN">ژوٗر</wf>
		<wf pos="VM">متان</wf>
		<wf pos="SYM">۔</wf>
	</sentence>
	<sentence s_id="64">
		<wf pos="PRP">مےٚ</wf>
		<wf pos="VAUX">چُھ</wf>
		<wf pos="PRP">تِمَن</wf>
		<wf pos="RB">برٛۄنٛٹھ</wf>
		<wf pos="NN" sense_id="1">خَبَر</wf>
		<wf pos="SYM">۔</wf>
	</sentence>
	<sentence s_id="65">
		<wf pos="PRP">تٔمۍ</wf>
		<wf pos="PSP">سٕنٛز</wf>
		<wf pos="NN" sense_id="1">خَبَر</wf>
		<wf pos="NN">سازَس</wf>
		<wf pos="PSP">سۭتۍ</wf>
		<wf pos="NEG">چَھنہٕ</wf>
		<wf pos="CC">نٔوبٔلکہِ</wf>
		<wf pos="JJ">واریاہ</wf>
		<wf pos="NN">کالٕچ</wf>
		<wf pos="DEM">اَتھ</wf>
		<wf pos="PSP">سۭتۍ</wf>
		<wf pos="SYM">۔</wf>
	</sentence>
	<sentence s_id="66">
		<wf pos="DEM">یہِ</wf>
		<wf pos="NN" sense_id="1">خَبَر</wf>
		<wf pos="VM">وٲژۍ</wf>
		<wf pos="RB">دوٗرۍمٮ۪ن</wf>
		<wf pos="NN">علاقَن</wf>
		<wf pos="VM">تانۍ</wf>
		<wf pos="SYM">۔</wf>
	</sentence>
	<sentence s_id="67">
		<wf pos="NNP">تیٚمِس</wf>
		<wf pos="VM">چھہٕ</wf>
		<wf pos="NN" sense_id="1">خَبَر</wf>
		<wf pos="VM">دِنۍ</wf>
		<wf pos="SYM">۔</wf>
	</sentence>
	<sentence s_id="68">
		<wf pos="CC">یہٕ</wf>
		<wf pos="NN" sense_id="3">خَبَر</wf>
		<wf pos="NN">بوٗزتٕھے</wf>
		<wf pos="VAUX">گو</wf>
		<wf pos="PRP">سُہ</wf>
		<wf pos="CC">زَنہٕ</wf>
		<wf pos="VM">روٗزِتھ</wf>
		<wf pos="SYM">۔</wf>
	</sentence>
	<sentence s_id="69">
		<wf pos="PRP">مےٚ</wf>
		<wf pos="PSP">بوٗزٕے</wf>
		<wf pos="NEG">نہٕ</wf>
		<wf pos="NN">أزِچ</wf>
		<wf pos="NN" sense_id="2">خَبَر</wf>
		<wf pos="SYM">۔</wf>
	</sentence>
	<sentence s_id="70">
		<wf pos="CC">یہٕ</wf>
		<wf pos="NN" sense_id="1">خَبَر</wf>
		<wf pos="VM">چھہٕ</wf>
		<wf pos="NN">شایع</wf>
		<wf pos="VM">کَرنہٕ</wf>
		<wf pos="PSP">خٲطرٕ</wf>
		<wf pos="VM">سوزٕنۍ</wf>
		<wf pos="SYM">۔</wf>
	</sentence>
	<sentence s_id="71">
		<wf pos="PRP">پَننہِ</wf>
		<wf pos="NN">بٲے</wf>
		<wf pos="NN">سٕنٛدِخانٛدرٕچ</wf>
		<wf pos="NN" sense_id="1">خَبَر</wf>
		<wf pos="VM">بوٗزِتھ</wf>
		<wf pos="VM">آیہِ</wf>
		<wf pos="NEG">نہٕ</wf>
		<wf pos="PRP">تٔمِس</wf>
		<wf pos="INTF">پَژھٕے</wf>
		<wf pos="SYM">۔</wf>
	</sentence>
	<sentence s_id="72">
		<wf pos="PRP">سۄ</wf>
		<wf pos="VAUX">ٲس</wf>
		<wf pos="CC">یہٕ</wf>
		<wf pos="NN" sense_id="1">خَبَر</wf>
		<wf pos="NN">بوٗزتٕھ</wf>
		<wf pos="VM">وَدان</wf>
		<wf pos="SYM">۔</wf>
	</sentence>
	<sentence s_id="73">
		<wf pos="PRP">پَننِس</wf>
		<wf pos="NN">خانٛدار</wf>
		<wf pos="PSP">سٕنٛز</wf>
		<wf pos="NN">مَرنٕچ</wf>
		<wf pos="NN" sense_id="1">خَبَر</wf>
		<wf pos="VM">بوٗزِتھ</wf>
		<wf pos="VM">دِتھ</wf>
		<wf pos="NN">تٔمۍوٮ۪داکھ</wf>
		<wf pos="SYM">۔</wf>
	</sentence>
	<sentence s_id="74">
		<wf pos="QF">مُیادٕ</wf>
		<wf pos="NN">کَرن</wf>
		<wf pos="NNPC">وٲل</wf>
		<wf pos="RB">نَفر</wf>
		<wf pos="PSP">سٕنٛز</wf>
		<wf pos="NN" sense_id="1">خَبَر</wf>
		<wf pos="WQ">کیا</wf>
		<wf pos="VAUX">چھےٚ</wf>
		<wf pos="SYM">۔</wf>
	</sentence>
	<sentence s_id="75">
		<wf pos="NN">شامہٕ</wf>
		<wf pos="PSP">سٕنٛدٮ۪ن</wf>
		<wf pos="NN">کَتھن</wf>
		<wf pos="PSP">منٛز</wf>
		<wf pos="VM">یِنہٕ</wf>
		<wf pos="NNP">یٖو</wf>
		<wf pos="PRP">،تٔمۍ</wf>
		<wf pos="PSP">سٕنٛدِ</wf>
		<wf pos="NN">ذٔریعہ</wf>
		<wf pos="VM">دِژمٕژ</wf>
		<wf pos="NN" sense_id="1">خَبَر</wf>
		<wf pos="VAUX">ہیٚکہِ</wf>
		<wf pos="NN">تَصَوُری</wf>
		<wf pos="RP">تہِ</wf>
		<wf pos="VM">ٲسِتھ</wf>
		<wf pos="SYM">۔</wf>
	</sentence>
	<sentence s_id="76">
		<wf pos="PRP">مےٚ</wf>
		<wf pos="VM">سوٗز</wf>
		<wf pos="PRP">تِمَن</wf>
		<wf pos="NN" sense_id="1">خَبَر</wf>
		<wf pos="VAUX">شیٚچھہِ</wf>
		<wf pos="PSP">وٲلۍ</wf>
		<wf pos="PSP">سٕنٛدۍ</wf>
		<wf pos="NN">اَتھہِ</wf>
		<wf pos="SYM">۔</wf>
	</sentence>
	<sentence s_id="77">
		<wf pos="NNP">بگوان</wf>
		<wf pos="NN">رامَن</wf>
		<wf pos="VM">سوٗز</wf>
		<wf pos="NN">اِنٛدَر</wf>
		<wf pos="NN" sense_id="1">خَبَر</wf>
		<wf pos="VM">راونَس</wf>
		<wf pos="PSP">نِش</wf>
		<wf pos="SYM">۔</wf>
	</sentence>
	<sentence s_id="78">
		<wf pos="NN">درٛوناچاریہ</wf>
		<wf pos="PSP">سٕنٛز</wf>
		<wf pos="NN" sense_id="1">خَبَر</wf>
		<wf pos="VAUX">چھےٚ</wf>
		<wf pos="JJ">غلط</wf>
		<wf pos="NN">مانٛنہٕ</wf>
		<wf pos="VM">یِوان</wf>
		<wf pos="SYM">۔</wf>
	</sentence>
	<sentence s_id="79">
		<wf pos="NNP">أشوتتھاما</wf>
		<wf pos="PSP">سٕنٛدِ</wf>
		<wf pos="NN">مَرنٕچ</wf>
		<wf pos="NN" sense_id="1">خَبَر</wf>
		<wf pos="VM">بوٗزِتھ</wf>
		<wf pos="VM">ترٛٲو</wf>
		<wf pos="POW">درٛونَن</wf>
		<wf pos="PRP">پَنٕنۍ</wf>
		<wf pos="NN">پَلَو</wf>
		<wf pos="CC">تہٕ</wf>
		<wf pos="NN">ۂتھیار</wf>
		<wf pos="SYM">۔</wf>
	</sentence>
	<sentence s_id="80">
		<wf pos="VM">رامُن</wf>
		<wf pos="NN">جنٛگلس</wf>
		<wf pos="PSP">منٛز</wf>
		<wf pos="NN">رَوانہٕ</wf>
		<wf pos="VM">گژھنٕچ</wf>
		<wf pos="NN" sense_id="2">خَبَر</wf>
		<wf pos="VM">بوٗزِتھ</wf>
		<wf pos="VAUX">گٔیہِ</wf>
		<wf pos="NNP">اَیودھِیا</wf>
		<wf pos="PSP">کٮ۪ن</wf>
		<wf pos="JJ">سارِنٕے</wf>
		<wf pos="NN">لُکن</wf>
		<wf pos="POW">حٲرانگی</wf>
		<wf pos="SYM">۔</wf>
	</sentence>
	<sentence s_id="81">
		<wf pos="NNC">أڑِس</wf>
		<wf pos="NN">گَنٛٹس</wf>
		<wf pos="PSP">منٛز</wf>
		<wf pos="VAUX">گژَھو</wf>
		<wf pos="PRP">أسۍ</wf>
		<wf pos="NN">رَوانہٕ</wf>
		<wf pos="CC">یہٕ</wf>
		<wf pos="NN" sense_id="3">خَبَر</wf>
		<wf pos="VM">ہٕتھ</wf>
		<wf pos="SYM">۔</wf>
	</sentence>
	<sentence s_id="82">
		<wf pos="NN">نیٚچِوۍ</wf>
		<wf pos="PSP">سٕنٛدِ</wf>
		<wf pos="NN">مَرنٕچ</wf>
		<wf pos="PSP">ہِش</wf>
		<wf pos="NN">بُرٕ</wf>
		<wf pos="NN" sense_id="1">خَبَر</wf>
		<wf pos="VM">بوٗزِتھ</wf>
		<wf pos="VAUX">گٔیہِ</wf>
		<wf pos="PRP">سۄ</wf>
		<wf pos="NN">بےٚہوش</wf>
		<wf pos="SYM">۔</wf>
	</sentence>
	<sentence s_id="83">
		<wf pos="PRP">بہٕ</wf>
		<wf pos="VAUX">گوس</wf>
		<wf pos="PRP">تٔمۍ</wf>
		<wf pos="PSP">سٕنٛز</wf>
		<wf pos="NN" sense_id="1">خَبَر</wf>
		<wf pos="VM">بوٗزتٕھ</wf>
		<wf pos="JJ">خۄش</wf>
		<wf pos="SYM">۔</wf>
	</sentence>
	<sentence s_id="84">
		<wf pos="NNP">بٔرتی</wf>
		<wf pos="PSP">ہٕنٛز</wf>
		<wf pos="NN" sense_id="1">خَبَر</wf>
		<wf pos="PRP">بوزنانہِ</wf>
		<wf pos="VAUX">گو</wf>
		<wf pos="NN">مَنوج</wf>
		<wf pos="JJ">خۄش</wf>
		<wf pos="RB">دِلی</wf>
		<wf pos="POW">سان</wf>
		<wf pos="NN">گَرٕ</wf>
		<wf pos="SYM">۔</wf>
	</sentence>
	<sentence s_id="85">
		<wf pos="NN">دُنِیاہٕچ</wf>
		<wf pos="RB">موجودٕ</wf>
		<wf pos="JJ">سیاستی</wf>
		<wf pos="NN" sense_id="2">خَبَر</wf>
		<wf pos="VAUX">پَزِ</wf>
		<wf pos="PRP">سارِنٕے</wf>
		<wf pos="VM">تھاوٕنۍ</wf>
		<wf pos="SYM">۔</wf>
	</sentence>
	<sentence s_id="86">
		<wf pos="NN">گامَس</wf>
		<wf pos="PSP">منٛز</wf>
		<wf pos="PRP">سٕہہ</wf>
		<wf pos="PSP">سٕنٛدِ</wf>
		<wf pos="VM">یٕنٕنٕچ</wf>
		<wf pos="NN" sense_id="3">خَبَر</wf>
		<wf pos="RB">بوٗزتٕھے</wf>
		<wf pos="VAUX">گٔے</wf>
		<wf pos="NN">لُکھ</wf>
		<wf pos="NN">خوف</wf>
		<wf pos="JJ">زَد</wf>
		<wf pos="SYM">۔</wf>
	</sentence>
	<sentence s_id="87">
		<wf pos="NN">موسَم</wf>
		<wf pos="NN">مَحکَمَن</wf>
		<wf pos="VAUX">چُھ</wf>
		<wf pos="INTF">واریاہ</wf>
		<wf pos="JJ">زیٛادٕ</wf>
		<wf pos="VAUX">روٗد</wf>
		<wf pos="VM">پٮ۪نٕچ</wf>
		<wf pos="NN" sense_id="1">خَبَر</wf>
		<wf pos="VM">دٕژمٕژ</wf>
		<wf pos="SYM">۔</wf>
	</sentence>
	<sentence s_id="88">
		<wf pos="PRP">مےٚ</wf>
		<wf pos="VM">دٕژ</wf>
		<wf pos="NN">رامَس</wf>
		<wf pos="NN" sense_id="1">خَبَر</wf>
		<wf pos="PRP">سُہ</wf>
		<wf pos="VAUX">آسہِ</wf>
		<wf pos="VM">پَکان</wf>
		<wf pos="SYM">۔</wf>
	</sentence>
	<sentence s_id="89">
		<wf pos="NN">جوشَس</wf>
		<wf pos="PSP">منٛز</wf>
		<wf pos="RB">یِتھ</wf>
		<wf pos="VM">ووٚن</wf>
		<wf pos="PRP">تٔمۍ</wf>
		<wf pos="CC">یہٕ</wf>
		<wf pos="NN" sense_id="1">خَبَر</wf>
		<wf pos="SYM">۔</wf>
	</sentence>
	<sentence s_id="90">
		<wf pos="NN">ڈول</wf>
		<wf pos="VM">وٲیِتھ</wf>
		<wf pos="PRP">کانٛہہ</wf>
		<wf pos="NN" sense_id="1">خَبَر</wf>
		<wf pos="VM">دِنٕچ</wf>
		<wf pos="JJ">عمَل</wf>
		<wf pos="SYM">۔</wf>
	</sentence>
	<sentence s_id="91">
		<wf pos="JJ">رازَن</wf>
		<wf pos="VM">دٕژ</wf>
		<wf pos="NN">شاہزٲدۍ</wf>
		<wf pos="PSP">ہِنٛدِ</wf>
		<wf pos="JJ">سۄیَم</wf>
		<wf pos="NN">وَرچ</wf>
		<wf pos="NN" sense_id="2">خَبَر</wf>
		<wf pos="SYM">۔</wf>
	</sentence>
	<sentence s_id="92">
		<wf pos="NN">مخبِر</wf>
		<wf pos="PSP">سٕنٛدِ</wf>
		<wf pos="NN" sense_id="3">خَبَر</wf>
		<wf pos="VM">دِنہٕ</wf>
		<wf pos="PSP">سۭتۍ</wf>
		<wf pos="VM">کوٚر</wf>
		<wf pos="NNPC">پُلیسَن</wf>
		<wf pos="NNPC">نقلی</wf>
		<wf pos="NNP">نوٹ</wf>
		<wf pos="NN">چھاپَن</wf>
		<wf pos="PSP">وول</wf>
		<wf pos="QC">اکھ</wf>
		<wf pos="NN">سَرکَردٕ</wf>
		<wf pos="NN">گُرٛپ</wf>
		<wf pos="VM">گِرفتار</wf>
		<wf pos="SYM">۔</wf>
	</sentence>
	<sentence s_id="93">
		<wf pos="RB">از</wf>
		<wf pos="VAUX">اوس</wf>
		<wf pos="NN">تمٲکۍ</wf>
		<wf pos="PSP">وول</wf>
		<wf pos="NN" sense_id="1">خَبَر</wf>
		<wf pos="VM">بوٗزتٕھ</wf>
		<wf pos="INTF">سخت</wf>
		<wf pos="VM">وولیومُت</wf>
		<wf pos="SYM">۔</wf>
	</sentence>
	<sentence s_id="94">
		<wf pos="PRP">پَننہِ</wf>
		<wf pos="NN">دوستہٕ</wf>
		<wf pos="PSP">سٕنٛدِ</wf>
		<wf pos="NN">مَرنٕچ</wf>
		<wf pos="JJ">اَلمناک</wf>
		<wf pos="NN" sense_id="1">خَبَر</wf>
		<wf pos="VM">بوٗزِتھٕے</wf>
		<wf pos="VM">لوگ</wf>
		<wf pos="PRP">تٔمۍ</wf>
		<wf pos="VAUX">وَدُن</wf>
		<wf pos="VM">ہیوٚن</wf>
		<wf pos="SYM">۔</wf>
	</sentence>
	<sentence s_id="95">
		<wf pos="NN" sense_id="1">خَبَر</wf>
		<wf pos="NN">بوٗزتٕھ</wf>
		<wf pos="VAUX">اوس</wf>
		<wf pos="NN">راتَس</wf>
		<wf pos="PRP">میٛون</wf>
		<wf pos="NN">بب</wf>
		<wf pos="VM">وولان</wf>
		<wf pos="SYM">۔</wf>
	</sentence>
	<sentence s_id="96">
		<wf pos="PRP">پرٛٮ۪تھ</wf>
		<wf pos="NN">دۄہ</wf>
		<wf pos="VAUX">چھِ</wf>
		<wf pos="NN" sense_id="1">خَبَر</wf>
		<wf pos="POW">نامہٕ</wf>
		<wf pos="CC">یا</wf>
		<wf pos="NN">اخبارچہِ</wf>
		<wf pos="QC">ساسہٕ</wf>
		<wf pos="QF">واد</wf>
		<wf pos="NN">کاپیہِ</wf>
		<wf pos="VM">کٕننہٕ</wf>
		<wf pos="VAUX">یوان</wf>
		<wf pos="SYM">۔</wf>
	</sentence>
	<sentence s_id="97">
		<wf pos="NN" sense_id="1">خَبَر</wf>
		<wf pos="RB">رسٲنی</wf>
		<wf pos="POW">یَن</wf>
		<wf pos="VM">لٲج</wf>
		<wf pos="NN">فِلمَن</wf>
		<wf pos="PSP">پٮ۪ٹھ</wf>
		<wf pos="NN">پابنٛدی</wf>
		<wf pos="SYM">۔</wf>
	</sentence>
	<sentence s_id="98">
		<wf pos="NNP">سلمان</wf>
		<wf pos="NN">راشدی</wf>
		<wf pos="PSP">سٕنٛزِ</wf>
		<wf pos="NN">کتابہِ</wf>
		<wf pos="VM">سیٹینِک</wf>
		<wf pos="VM">ؤرٕس</wf>
		<wf pos="PSP">پٮ۪ٹھ</wf>
		<wf pos="VM">آیہِ</wf>
		<wf pos="NN" sense_id="1">خَبَر</wf>
		<wf pos="JJ">رسٲنی</wf>
		<wf pos="VM">لاگنہٕ</wf>
		<wf pos="SYM">۔</wf>
	</sentence>
	<sentence s_id="99">
		<wf pos="NN" sense_id="1">خَبَر</wf>
		<wf pos="NN">رمیشَن</wf>
		<wf pos="RDP">کَتہِ</wf>
		<wf pos="VM">ژھٕنۍ</wf>
		<wf pos="QC">ژور</wf>
		<wf pos="QC">ہَتھ</wf>
		<wf pos="NN">رۄپیہِ</wf>
		<wf pos="SYM">۔</wf>
	</sentence>
	<sentence s_id="100">
		<wf pos="DEM">یہِ</wf>
		<wf pos="NN">سَوال</wf>
		<wf pos="NN">حَل</wf>
		<wf pos="VM">کَرنہٕ</wf>
		<wf pos="PSP">خٲطرٕ</wf>
		<wf pos="NN">سوٗنٛچ</wf>
		<wf pos="PRP">مےٚ</wf>
		<wf pos="JJ">واریاہ</wf>
		<wf pos="CC">مَگر</wf>
		<wf pos="RB">توتہِ</wf>
		<wf pos="VAUX">گوس</wf>
		<wf pos="NN">ناکامسۄ</wf>
		<wf pos="VAUX">چھےٚ</wf>
		<wf pos="JJ">پوٗرٕ</wf>
		<wf pos="NN">دۄہَس</wf>
		<wf pos="VM">بِہِتھ</wf>
		<wf pos="NN" sense_id="1">خَبَر</wf>
		<wf pos="VAUX">کیٛا</wf>
		<wf pos="VM">سونٛچان</wf>
		<wf pos="VM">آسان</wf>
		<wf pos="SYM">۔</wf>
	</sentence>
	<sentence s_id="101">
		<wf pos="NN" sense_id="1">خَبَر</wf>
		<wf pos="RB">کَپٲرۍ</wf>
		<wf pos="VAUX">چُھ</wf>
		<wf pos="VM">یوان</wf>
		<wf pos="DEM">یہِ</wf>
		<wf pos="NN">ہۄژَن</wf>
		<wf pos="VM">مُشِک</wf>
		<wf pos="SYM">۔</wf>
	</sentence>
	<sentence s_id="102">
		<wf pos="RB">مُقٲمی</wf>
		<wf pos="NN">رِپوٹرو</wf>
		<wf pos="PSP">مُطٲبِق</wf>
		<wf pos="VAUX">چھےٚ</wf>
		<wf pos="CC">یہٕ</wf>
		<wf pos="NN" sense_id="1">خَبَر</wf>
		<wf pos="JJ">صٔحی</wf>
		<wf pos="SYM">۔</wf>
	</sentence>
	<sentence s_id="103">
		<wf pos="PRP">سٲنۍ</wf>
		<wf pos="NN">نُماینٛدَن</wf>
		<wf pos="VAUX">چھِ</wf>
		<wf pos="VM">وٕنۍ</wf>
		<wf pos="VM">وٕنۍ</wf>
		<wf pos="NN" sense_id="1">خَبَر</wf>
		<wf pos="VM">دِژمٕژ</wf>
		<wf pos="NN">زِژَنٛدَن</wf>
		<wf pos="NN">سٕمَگلَر</wf>
		<wf pos="NN">وِرَپَن</wf>
		<wf pos="VM">آو</wf>
		<wf pos="VM">مارنہٕ</wf>
		<wf pos="SYM">۔</wf>
	</sentence>
	<sentence s_id="104">
		<wf pos="NN">کرناٹکُک</wf>
		<wf pos="QC">اَکھ</wf>
		<wf pos="NN">شہر</wf>
		<wf pos="NN">دھارواڑچہِ</wf>
		<wf pos="NN">أکِس</wf>
		<wf pos="NN">بٔستی</wf>
		<wf pos="PSP">منٛز</wf>
		<wf pos="VAUX">چھےٚ</wf>
		<wf pos="NN">نار</wf>
		<wf pos="VM">لگنٕچ</wf>
		<wf pos="NN" sense_id="1">خَبَر</wf>
		<wf pos="VM">میلیمٕژ</wf>
		<wf pos="SYM">۔</wf>
	</sentence>
	<sentence s_id="105">
		<wf pos="NN">آسامُک</wf>
		<wf pos="QC">اَکھ</wf>
		<wf pos="NN">شہر</wf>
		<wf pos="NN">حِنٛدی</wf>
		<wf pos="VM">بولَن</wf>
		<wf pos="PSP">والٮ۪ن</wf>
		<wf pos="PSP">ہٕنٛدِ</wf>
		<wf pos="PSP">خِلاف</wf>
		<wf pos="NN">تَشَدُدِٕچ</wf>
		<wf pos="JJ">تازٕ</wf>
		<wf pos="NN" sense_id="1">خَبَر</wf>
		<wf pos="VM">آیہِ</wf>
		<wf pos="JJ">نَلباڑی</wf>
		<wf pos="NN">شہرٕ</wf>
		<wf pos="PSP">پٮ۪ٹھٕ</wf>
		<wf pos="SYM">۔</wf>
	</sentence>
	<sentence s_id="106">
		<wf pos="PRP">سۄ</wf>
		<wf pos="NN" sense_id="1">خَبَر</wf>
		<wf pos="DEM">یۄس</wf>
		<wf pos="NN">بَڑٮ۪ن</wf>
		<wf pos="NN">بَڑٮ۪ن</wf>
		<wf pos="NN">اَلفاظن</wf>
		<wf pos="PSP">منٛز</wf>
		<wf pos="VAUX">چھِ</wf>
		<wf pos="VM">لٮ۪کِھتھ</wf>
		<wf pos="NN">آسان:یہِ</wf>
		<wf pos="NN" sense_id="1">خَبَر</wf>
		<wf pos="VAUX">ٲس</wf>
		<wf pos="NN">أزکِس</wf>
		<wf pos="NN">اخبارَس</wf>
		<wf pos="PSP">مںٛز</wf>
		<wf pos="JJ">تازٕ</wf>
		<wf pos="NN">خبرَن</wf>
		<wf pos="PSP">منٛز</wf>
		<wf pos="SYM">۔</wf>
	</sentence>
	<sentence s_id="107">
		<wf pos="PRP">سۄ</wf>
		<wf pos="NN">اٮ۪جنسی</wf>
		<wf pos="DEM">یۄس</wf>
		<wf pos="NN" sense_id="1">خَبَر</wf>
		<wf pos="NN">لُکَن</wf>
		<wf pos="PSP">تام</wf>
		<wf pos="VAUX">چھےٚ</wf>
		<wf pos="VM">واتناوان</wf>
		<wf pos="NN">یہِ</wf>
		<wf pos="VAUX">چھےٚ</wf>
		<wf pos="JJ">قومی</wf>
		<wf pos="NN" sense_id="2">خَبَر</wf>
		<wf pos="NN">اٮ۪جنسی</wf>
		<wf pos="PSP">نِش</wf>
		<wf pos="NN">حاصِل</wf>
		<wf pos="VM">کَرنہٕ</wf>
		<wf pos="VAUX">آمٕژ</wf>
		<wf pos="NN" sense_id="2">خَبَر</wf>
		<wf pos="SYM">۔</wf>
	</sentence>
	<sentence s_id="108">
		<wf pos="PRP">کانٛہہ</wf>
		<wf pos="VM">کومُت</wf>
		<wf pos="NN">چیٖز</wf>
		<wf pos="VM">میلنٕچ</wf>
		<wf pos="NN">عَمَل</wf>
		<wf pos="NNP">پُلسَن</wf>
		<wf pos="PSP">نِش</wf>
		<wf pos="VAUX">چُھ</wf>
		<wf pos="NN">لَچھَن</wf>
		<wf pos="PSP">ہٕنٛدِ</wf>
		<wf pos="NN">زیٛورَن</wf>
		<wf pos="PSP">ہُنٛد</wf>
		<wf pos="NN">بَرامَد</wf>
		<wf pos="VM">گَژھنٕچ</wf>
		<wf pos="NN" sense_id="3">خَبَر</wf>
		<wf pos="VM">میلیمٕژ</wf>
		<wf pos="SYM">۔</wf>
	</sentence>
	<sentence s_id="109">
		<wf pos="NN">خُوشی</wf>
		<wf pos="CC">یا</wf>
		<wf pos="NN">دۄکھٕچ</wf>
		<wf pos="PRP">کانٛہہ</wf>
		<wf pos="NN">اَنٛد:یہِ</wf>
		<wf pos="NN" sense_id="1">خَبَر</wf>
		<wf pos="VM">بوٗزِتھ</wf>
		<wf pos="VAUX">اوس</wf>
		<wf pos="NEG">نہٕ</wf>
		<wf pos="QC">تیٚمہِ</wf>
		<wf pos="PSP">سٕنٛزِ</wf>
		<wf pos="NN">خُوشی</wf>
		<wf pos="PSP">ہُنٛد</wf>
		<wf pos="PRP">کانٛہہ</wf>
		<wf pos="NN">حَدٕ</wf>
		<wf pos="SYM">۔</wf>
	</sentence>
	<sentence s_id="110">
		<wf pos="PRP">سۄ</wf>
		<wf pos="NN" sense_id="3">خَبَر</wf>
		<wf pos="VM">بوٗزِتھ</wf>
		<wf pos="DEM">ییٚمہِ</wf>
		<wf pos="PSP">سۭتۍ</wf>
		<wf pos="NN">جِسمَس</wf>
		<wf pos="NN">وال</wf>
		<wf pos="VM">گَژھن</wf>
		<wf pos="JJ">تھوٚد</wf>
		<wf pos="NN">ؤتِھتھ</wf>
		<wf pos="JJ">سارے</wf>
		<wf pos="NN" sense_id="3">خَبَر</wf>
		<wf pos="NN">چَنٛلہٕ</wf>
		<wf pos="VAUX">چھِ</wf>
		<wf pos="RB">وُنیُک</wf>
		<wf pos="PSP">تام</wf>
		<wf pos="PSP">سَنٛسٔنی</wf>
		<wf pos="NN" sense_id="1">خَبَر</wf>
		<wf pos="VM">ہاونُک</wf>
		<wf pos="NN">داوٕ</wf>
		<wf pos="VM">کَران</wf>
		<wf pos="SYM">۔</wf>
	</sentence>
	<sentence s_id="111">
		<wf pos="PRP">کانٛہہ</wf>
		<wf pos="POW">سَرکٲری</wf>
		<wf pos="NST">خبر</wf>
		<wf pos="VM">حٲصِل</wf>
		<wf pos="VM">کَرنُک</wf>
		<wf pos="NN">حقوٗق</wf>
		<wf pos="NNPC">آر</wf>
		<wf pos="NNPC">ٹی</wf>
		<wf pos="VM">آے</wf>
		<wf pos="VM">آو</wf>
		<wf pos="QC">زِساس</wf>
		<wf pos="QC">پانٛژَن</wf>
		<wf pos="PSP">منٛز</wf>
		<wf pos="NN">لاگوٗ</wf>
		<wf pos="VM">کَرنہٕ</wf>
		<wf pos="SYM">۔</wf>
	</sentence>
	<sentence s_id="112">
		<wf pos="NNP">دوٗردَرشَنٕچ</wf>
		<wf pos="NN">خِدمَت</wf>
		<wf pos="DEM">یُس</wf>
		<wf pos="NN">خبرَن</wf>
		<wf pos="PSP">ہٕنٛز</wf>
		<wf pos="JJ">ٹھیٖک</wf>
		<wf pos="NN">شَکٕل</wf>
		<wf pos="VAUX">چُھ</wf>
		<wf pos="VM">ہاوان</wf>
		<wf pos="NN">ٹٮ۪لوٕجَن</wf>
		<wf pos="PSP">مُطٲبِق</wf>
		<wf pos="VAUX">چھےٚ</wf>
		<wf pos="DEM">یہِ</wf>
		<wf pos="NN" sense_id="1">خَبَر</wf>
		<wf pos="JJ">اَپُز</wf>
		<wf pos="SYM">۔</wf>
	</sentence>
	<sentence s_id="113">
		<wf pos="RB">ییٚتہِ</wf>
		<wf pos="PSP">پٮ۪ٹھٕ</wf>
		<wf pos="NN" sense_id="1">خَبَر</wf>
		<wf pos="NN">شایع</wf>
		<wf pos="VAUX">چھِ</wf>
		<wf pos="VM">گَژھان</wf>
		<wf pos="PSP">نِوٕز</wf>
		<wf pos="JJ">سُٹوٗڈِیو</wf>
		<wf pos="JJ">پٮ۪ٹھِ</wf>
		<wf pos="NN">شایع</wf>
		<wf pos="VAUX">گَژھن</wf>
		<wf pos="JJ">واجنو</wf>
		<wf pos="NN">خبرو</wf>
		<wf pos="PSP">مُطٲبِق</wf>
		<wf pos="VAUX">چھِ</wf>
		<wf pos="DEM">یہِ</wf>
		<wf pos="NN">فِلِم</wf>
		<wf pos="QC">اَکھ</wf>
		<wf pos="JJ">پوٚز</wf>
		<wf pos="VM">واقعہ</wf>
		<wf pos="SYM">۔</wf>
	</sentence>
	<sentence s_id="114">
		<wf pos="PRP">کانٛہہ</wf>
		<wf pos="VM">چُھپِتھ</wf>
		<wf pos="NN">کَتھ</wf>
		<wf pos="CC">یا</wf>
		<wf pos="NN" sense_id="3">خَبَر</wf>
		<wf pos="VM">برٛونٛکُن</wf>
		<wf pos="NN">اَنٛنٕۍ:ژٕ</wf>
		<wf pos="NN">کَڑ</wf>
		<wf pos="VM">پَنہِ</wf>
		<wf pos="PSP">کَتھِ</wf>
		<wf pos="NN">واش</wf>
		<wf pos="SYM">۔</wf>
	</sentence>
	<sentence s_id="115">
		<wf pos="QF">گَریلوٗ</wf>
		<wf pos="NN">معاملَن</wf>
		<wf pos="PSP">ہٕنٛدۍ</wf>
		<wf pos="NN">وَزارَتَن</wf>
		<wf pos="VAUX">چھےٚ</wf>
		<wf pos="QC">اَکھ</wf>
		<wf pos="NN" sense_id="3">خَبَر</wf>
		<wf pos="JJ">جٲری</wf>
		<wf pos="VM">کٔرمٕژ</wf>
		<wf pos="SYM">۔</wf>
	</sentence>
	<sentence s_id="116">
		<wf pos="NN">شرٛارتٕہ</wf>
		<wf pos="JJ">ہوٚت</wf>
		<wf pos="VAUX">آسنہٕ</wf>
		<wf pos="VM">کٕنۍ</wf>
		<wf pos="INTF">واریاہ</wf>
		<wf pos="RB">زورٕ</wf>
		<wf pos="NN">آوازِ</wf>
		<wf pos="PSP">منٛز</wf>
		<wf pos="NN">کَتھ</wf>
		<wf pos="VM">کَرٕنۍ</wf>
		<wf pos="NN">یہٕ</wf>
		<wf pos="NN" sense_id="1">خَبَر</wf>
		<wf pos="VM">بوٗزِتھ</wf>
		<wf pos="VAUX">گوٚو</wf>
		<wf pos="PRP">سُہ</wf>
		<wf pos="NN">شرٛارتہٕ</wf>
		<wf pos="PSP">سۭتۍ</wf>
		<wf pos="JJ">پاگل</wf>
		<wf pos="SYM">۔</wf>
	</sentence>
	<sentence s_id="117">
		<wf pos="RB">یوٗت</wf>
		<wf pos="VAUX">آسہِ</wf>
		<wf pos="PRP">تٔم</wf>
		<wf pos="NN">کھۄت</wf>
		<wf pos="JJ">زیادٕ</wf>
		<wf pos="VM">آسُن</wf>
		<wf pos="NN">ترقی</wf>
		<wf pos="PSP">ہِنٛز</wf>
		<wf pos="NN" sense_id="1">خَبَر</wf>
		<wf pos="VM">بوٗزِتھ</wf>
		<wf pos="VAUX">گٔے</wf>
		<wf pos="NN">تٔم</wf>
		<wf pos="PSP">سٕنٛز</wf>
		<wf pos="NN">شٲدۍ</wf>
		<wf pos="QC">دۄگنہٕ</wf>
		<wf pos="SYM">۔</wf>
	</sentence>
	<sentence s_id="118">
		<wf pos="NNP">اَتھَس</wf>
		<wf pos="PSP">منٛز</wf>
		<wf pos="VM">روٚٹمُت</wf>
		<wf pos="PRP">کانٛہہ</wf>
		<wf pos="NN">چیٖز</wf>
		<wf pos="RB">یِتھ</wf>
		<wf pos="QC">پٲٹھ</wf>
		<wf pos="NN">اَتھہٕ</wf>
		<wf pos="PSP">منٛز</wf>
		<wf pos="VM">ترٛاوٕن</wf>
		<wf pos="PSP">کہِ</wf>
		<wf pos="PRP">سُہ</wf>
		<wf pos="NN">پیہٕ</wf>
		<wf pos="VM">ؤسۍ</wf>
		<wf pos="NN">بچن</wf>
		<wf pos="VAUX">ژٕن</wf>
		<wf pos="NN">گرٕچ</wf>
		<wf pos="PSP">کوٗنٛز</wf>
		<wf pos="NN" sense_id="1">خَبَر</wf>
		<wf pos="RDP">کَتہِ</wf>
		<wf pos="VM">دٲرِتھ</wf>
		<wf pos="VM">کِہِن</wf>
		<wf pos="NEG">چُھنہٕ</wf>
		<wf pos="RB">پے</wf>
		<wf pos="VM">لگان</wf>
		<wf pos="SYM">۔</wf>
	</sentence>
	<sentence s_id="119">
		<wf pos="RB">پَتھ</wf>
		<wf pos="NN">کالَس</wf>
		<wf pos="PSP">منٛز</wf>
		<wf pos="VAUX">ٲس</wf>
		<wf pos="NN">کوتَر</wf>
		<wf pos="NN" sense_id="1">خَبَر</wf>
		<wf pos="RB">پَکناونِچ</wf>
		<wf pos="NN">کٲم</wf>
		<wf pos="VM">کَران</wf>
		<wf pos="SYM">۔</wf>
	</sentence>
	<sentence s_id="120">
		<wf pos="NN">میٛجرَن</wf>
		<wf pos="VM">دِژ</wf>
		<wf pos="NN">کوڈَٕس</wf>
		<wf pos="PSP">مَںٛز</wf>
		<wf pos="VM">لٮ۪کھِتھ</wf>
		<wf pos="NN">باقین</wf>
		<wf pos="NN">سِپہَن</wf>
		<wf pos="NN" sense_id="3">خَبَر</wf>
		<wf pos="SYM">۔</wf>
	</sentence>
	<sentence s_id="121">
		<wf pos="NNPC">رام</wf>
		<wf pos="PSP">سُنٛد</wf>
		<wf pos="NN">جنٛگلَس</wf>
		<wf pos="PSP">منٛز</wf>
		<wf pos="VM">راونٕچ</wf>
		<wf pos="NN" sense_id="2">خَبَر</wf>
		<wf pos="VM">بوٗزِتھ</wf>
		<wf pos="RDP">لٔگۍ</wf>
		<wf pos="NN">ایودِیاہٕکۍ</wf>
		<wf pos="NN">لُکھ</wf>
		<wf pos="VM">ماتم</wf>
		<wf pos="PSP">کَرنہِ</wf>
		<wf pos="SYM">۔</wf>
	</sentence>
	<sentence s_id="122">
		<wf pos="PRP">سۄ</wf>
		<wf pos="NN">کوٗر</wf>
		<wf pos="PRP">یۄس</wf>
		<wf pos="QC">دۄن</wf>
		<wf pos="NN">مَحبَت</wf>
		<wf pos="NN">کَرَن</wf>
		<wf pos="PSP">والٮ۪ن</wf>
		<wf pos="NN">مَنٛزَس</wf>
		<wf pos="NST">خبر</wf>
		<wf pos="RB">اورٕ</wf>
		<wf pos="RB">یورٕ</wf>
		<wf pos="VM">پَکناوان</wf>
		<wf pos="VAUX">چھِ</wf>
		<wf pos="SYM">۔</wf>
	</sentence>
	<sentence s_id="123">
		<wf pos="NNP">شاما</wf>
		<wf pos="VAUX">ٲس</wf>
		<wf pos="NNPC">موہَن</wf>
		<wf pos="NNPC">تہٕ</wf>
		<wf pos="NNP">رادایہِ</wf>
		<wf pos="PSP">دَرمِیان</wf>
		<wf pos="NN" sense_id="2">خَبَر</wf>
		<wf pos="VM">پَکناوانچ</wf>
		<wf pos="NN">کٲم</wf>
		<wf pos="VM">کَران</wf>
		<wf pos="SYM">۔</wf>
	</sentence>

</contextfile>