<?xml version='1.0' encoding='utf-8'?>
<contextfile filename="داغ" fileno="43">
<sentence s_id="1">
		<wf pos="NN">وۄٹھ</wf>
		<wf pos="VM">کھٮ۪تھ</wf>
		<wf pos="VAUX">گٔیہِ</wf>
		<wf pos="PRP">سۄ</wf>
		<wf pos="RB">یکدم</wf>
		<wf pos="NN">تھوٚد</wf>
		<wf pos="VM">ؤتِھتھ</wf>
		<wf pos="CC">تہٕ</wf>
		<wf pos="DEM">یہِ</wf>
		<wf pos="VM">توٚرُس</wf>
		<wf pos="NEG">نہٕ</wf>
		<wf pos="NN">فکری</wf>
		<wf pos="CC">زِ</wf>
		<wf pos="RB">کپٲرۍ</wf>
		<wf pos="VAUX">آو</wf>
		<wf pos="PRP">تس</wf>
		<wf pos="NN">گاڑِ</wf>
		<wf pos="PSP">ہُندِ</wf>
		<wf pos="NN">پشہِ</wf>
		<wf pos="PSP">سۭتۍ</wf>
		<wf pos="NN">کلس</wf>
		<wf pos="RB">ٹاس</wf>
		<wf pos="JJ">بےہوش</wf>
		<wf pos="VAUX">گژھنہٕ</wf>
		<wf pos="RB">برۄنہہ</wf>
		<wf pos="VM">دِژ</wf>
		<wf pos="DEM">تَمہِ</wf>
		<wf pos="NN">سرتاج</wf>
		<wf pos="PSP">نہِ</wf>
		<wf pos="NN">سیٖٹہِ</wf>
		<wf pos="PSP">کن</wf>
		<wf pos="NN">نظر</wf>
		<wf pos="PRP">تس</wf>
		<wf pos="VAUX">اوس</wf>
		<wf pos="NN">کلہٕ</wf>
		<wf pos="RB">بۄن</wf>
		<wf pos="PSP">کن</wf>
		<wf pos="CC">تہٕ</wf>
		<wf pos="NN">سیٖٹس</wf>
		<wf pos="PSP">تلہٕ</wf>
		<wf pos="PRP">کنہِ</wf>
		<wf pos="VAUX">اوس</wf>
		<wf pos="JJ">لوکٹس</wf>
		<wf pos="NN">پٔتۍلہٕ</wf>
		<wf pos="NN">ژٔکس</wf>
		<wf pos="PSP">سُمٛب</wf>
		<wf pos="JJ">وۄزُل</wf>
		<wf pos="NN">نار</wf>
		<wf pos="PSP">ہیوٗ</wf>
		<wf pos="NN" sense_id="2">داغ</wf>
		<wf pos="SYM">۔</wf>
</sentence>
<sentence s_id="2">
		<wf pos="NN">موج</wf>
		<wf pos="VAUX">چھِ</wf>
		<wf pos="NN">پَلوَن</wf>
		<wf pos="NN" sense_id="2">داغ</wf>
		<wf pos="VM">کَڑان</wf>
		<wf pos="SYM">۔</wf>
</sentence>
<sentence s_id="3">
		<wf pos="JJ">واریاہ</wf>
		<wf pos="NN">لَٹہِ</wf>
		<wf pos="VM">رَگَڑنہٕ</wf>
		<wf pos="RB">پَتہٕ</wf>
		<wf pos="RP">تہِ</wf>
		<wf pos="VAUX">روٗد</wf>
		<wf pos="DEM">یہِ</wf>
		<wf pos="NN" sense_id="2">داغ</wf>
		<wf pos="SYM">۔</wf>
</sentence>
<sentence s_id="4">
		<wf pos="PRP">ژےٚ</wf>
		<wf pos="CC">دِیُتُتھ</wf>
		<wf pos="PRP">مےٚ</wf>
		<wf pos="JJ">نٔوِس</wf>
		<wf pos="NN">سوٗٹَس</wf>
		<wf pos="NN" sense_id="2">داغ</wf>
		<wf pos="SYM">۔</wf>
</sentence>
<sentence s_id="5">
		<wf pos="JJ">واریاہ</wf>
		<wf pos="NN">لَٹہِ</wf>
		<wf pos="VM">چھلنہٕ</wf>
		<wf pos="RB">پَتہٕ</wf>
		<wf pos="RP">تہِ</wf>
		<wf pos="VM">درٛاو</wf>
		<wf pos="NEG">نہٕ</wf>
		<wf pos="DEM">یَتھ</wf>
		<wf pos="NN">پَلوَس</wf>
		<wf pos="NN" sense_id="2">داغ</wf>
		<wf pos="SYM">۔</wf>
</sentence>
<sentence s_id="6">
		<wf pos="JJ">واریاہ</wf>
		<wf pos="NN">لَٹہِ</wf>
		<wf pos="VM">رَگَڑنہٕ</wf>
		<wf pos="RB">پَتہٕ</wf>
		<wf pos="RP">تہِ</wf>
		<wf pos="VAUX">روٗد</wf>
		<wf pos="DEM">یہِ</wf>
		<wf pos="NN" sense_id="2">داغ</wf>
		<wf pos="SYM">۔</wf>
</sentence>
<sentence s_id="7">
		<wf pos="VM">سَرنہٕ</wf>
		<wf pos="VM">سونٛچنہٕ</wf>
		<wf pos="RB">بغٲرٕے</wf>
		<wf pos="PRP">کٲنٛسہِ</wf>
		<wf pos="PSP">ہِنٛدِس</wf>
		<wf pos="NN">کِردارس</wf>
		<wf pos="PSP">پٮ۪ٹھ</wf>
		<wf pos="NN" sense_id="3">داغ</wf>
		<wf pos="VM">لگاوُن</wf>
		<wf pos="VAUX">چَھ</wf>
		<wf pos="NEG">نہٕ</wf>
		<wf pos="JJ">ٹھیکھ</wf>
		<wf pos="NN">کَتھ</wf>
		<wf pos="SYM">۔</wf>
</sentence>
<sentence s_id="8">
		<wf pos="JJ">سفید</wf>
		<wf pos="NN" sense_id="1">داغ</wf>
		<wf pos="VAUX">چھےٚ</wf>
		<wf pos="NEG">نہٕ</wf>
		<wf pos="JJ">معموٗلی</wf>
		<wf pos="NN">بٮ۪مٲرۍ</wf>
		<wf pos="VAUX">یِوان</wf>
		<wf pos="VM">ماننہٕ</wf>
		<wf pos="SYM">۔</wf>
</sentence>
<sentence s_id="9">
		<wf pos="JJ">واریاہ</wf>
		<wf pos="NN">لَٹہِ</wf>
		<wf pos="VM">چھلنہٕ</wf>
		<wf pos="RB">پَتہٕ</wf>
		<wf pos="RP">تہِ</wf>
		<wf pos="VM">درٛاو</wf>
		<wf pos="NEG">نہٕ</wf>
		<wf pos="DEM">یَتھ</wf>
		<wf pos="NN">پَلوَس</wf>
		<wf pos="NN" sense_id="2">داغ</wf>
		<wf pos="SYM">۔</wf>
</sentence>
<sentence s_id="10">
		<wf pos="NNP">سَرف</wf>
		<wf pos="PSP">سۭتۍ</wf>
		<wf pos="VAUX">چھِ</wf>
		<wf pos="NN">پَلوَن</wf>
		<wf pos="PSP">ہٕنٛدۍ</wf>
		<wf pos="NN" sense_id="2">داغ</wf>
		<wf pos="VM">،</wf>
		<wf pos="NN" sense_id="1">داغ</wf>
		<wf pos="NN">وغٲرٕ</wf>
		<wf pos="VM">ژَلان</wf>
		<wf pos="SYM">۔</wf>
</sentence>
<sentence s_id="11">
		<wf pos="NN">موج</wf>
		<wf pos="VAUX">چھِ</wf>
		<wf pos="NN">پَلوَن</wf>
		<wf pos="NN" sense_id="2">داغ</wf>
		<wf pos="VM">کَڑان</wf>
		<wf pos="SYM">۔</wf>
</sentence>
<sentence s_id="12">
		<wf pos="JJ">واریاہ</wf>
		<wf pos="NN">لَٹہِ</wf>
		<wf pos="VM">رَگَڑنہٕ</wf>
		<wf pos="RB">پَتہٕ</wf>
		<wf pos="RP">تہِ</wf>
		<wf pos="VAUX">روٗد</wf>
		<wf pos="DEM">یہِ</wf>
		<wf pos="NN" sense_id="2">داغ</wf>
		<wf pos="SYM">۔</wf>
</sentence>
<sentence s_id="13">
		<wf pos="PRP">مےٚ</wf>
		<wf pos="VAUX">گَژھِ</wf>
		<wf pos="NEG">نہٕ</wf>
		<wf pos="DEM">یہِ</wf>
		<wf pos="NN" sense_id="1">داغ</wf>
		<wf pos="POW">دار</wf>
		<wf pos="NN">میوٕ</wf>
		<wf pos="SYM">۔</wf>
</sentence>
<sentence s_id="14">
		<wf pos="QC">اَکھ</wf>
		<wf pos="JJ">پٔہٲڑی</wf>
		<wf pos="NN">توتہٕ</wf>
		<wf pos="PRP">یُس</wf>
		<wf pos="VM">آم</wf>
		<wf pos="NN">توتہٕ</wf>
		<wf pos="PSP">سٕنٛدِ</wf>
		<wf pos="NN">کھۄت</wf>
		<wf pos="JJ">بوٚڈ</wf>
		<wf pos="VAUX">چُھ</wf>
		<wf pos="NN">آسان:کَرمیل</wf>
		<wf pos="PSP">سٕنٛدٮ۪ن</wf>
		<wf pos="NN">کھۄرَن</wf>
		<wf pos="VAUX">چِھ</wf>
		<wf pos="NN">وۄزِلۍ</wf>
		<wf pos="NN" sense_id="1">داغ</wf>
		<wf pos="VM">آسان</wf>
		<wf pos="SYM">۔</wf>
</sentence>
<sentence s_id="15">
		<wf pos="DEM">یتھ</wf>
		<wf pos="PSP">منٛز</wf>
		<wf pos="PRP">چُھنہ</wf>
		<wf pos="QC">اکھ</wf>
		<wf pos="NN">پلو</wf>
		<wf pos="RP">تہِ</wf>
		<wf pos="NN" sense_id="2">داغ</wf>
		<wf pos="NN">روس</wf>
		<wf pos="SYM">۔</wf>
</sentence>
<sentence s_id="16">
		<wf pos="NNPC">ایڑیٖز</wf>
		<wf pos="NNPC">اِجِپٹی</wf>
		<wf pos="NNP">مٔہۍ</wf>
		<wf pos="PSP">سٕنٛدِ</wf>
		<wf pos="NNC">ژۄپہِ</wf>
		<wf pos="PSP">سۭتۍ</wf>
		<wf pos="NNP">کَھسَن</wf>
		<wf pos="PSP">وول</wf>
		<wf pos="NN">تََپھ:ڈینٛگوٗوَس</wf>
		<wf pos="PSP">مَنٛز</wf>
		<wf pos="VM">چھٕ</wf>
		<wf pos="NN">جِسمَس</wf>
		<wf pos="PSP">پٮ۪ٹھ</wf>
		<wf pos="NN" sense_id="1">داغ</wf>
		<wf pos="VM">پٮ۪وان</wf>
		<wf pos="SYM">۔</wf>
</sentence>
<sentence s_id="17">
		<wf pos="QC">اَکہِ</wf>
		<wf pos="NNP">قٔسمٕچۍ</wf>
		<wf pos="DEM">ژَمہِ</wf>
		<wf pos="PSP">ہٕنٛز</wf>
		<wf pos="NNPC">بٮ۪مٲرۍ:نیچَچھ</wf>
		<wf pos="NN">بٮ۪مارِ</wf>
		<wf pos="PSP">منٛز</wf>
		<wf pos="VAUX">چِھ</wf>
		<wf pos="DEM">ژََمہِ</wf>
		<wf pos="PSP">پٮ۪ٹھ</wf>
		<wf pos="PRP">کِرٛہنۍ</wf>
		<wf pos="NN" sense_id="1">داغ</wf>
		<wf pos="VM">پٮ۪وان</wf>
		<wf pos="SYM">۔</wf>
</sentence>
<sentence s_id="18">
		<wf pos="PRP">سُہ</wf>
		<wf pos="NN">اِنسان</wf>
		<wf pos="PRP">ییٚمِس</wf>
		<wf pos="JJ">شُتِل</wf>
		<wf pos="NN" sense_id="1">داغ</wf>
		<wf pos="NN">آسَن:فِزِشَن</wf>
		<wf pos="VAUX">چُھ</wf>
		<wf pos="NN">مۄسرِس</wf>
		<wf pos="NN">بٕتھِس</wf>
		<wf pos="JJ">واریاہ</wf>
		<wf pos="NN">لیٚپۍ</wf>
		<wf pos="VM">مَتھان</wf>
		<wf pos="SYM">۔</wf>
</sentence>
<sentence s_id="19">
		<wf pos="QC">اَکہِ</wf>
		<wf pos="NN">قٔسمُک</wf>
		<wf pos="JJ">تیٖتَر:رام</wf>
		<wf pos="NN">تیٖترَس</wf>
		<wf pos="VAUX">چِھ</wf>
		<wf pos="PRP">پانَس</wf>
		<wf pos="PSP">پٮ۪ٹھ</wf>
		<wf pos="NNPC">لیٚدٕرۍ</wf>
		<wf pos="NNP">،</wf>
		<wf pos="NN">کِرٛہِنۍ</wf>
		<wf pos="RP">تہِ</wf>
		<wf pos="NNPC">وۄزٕلۍ</wf>
		<wf pos="NN" sense_id="1">داغ</wf>
		<wf pos="VM">آسان</wf>
		<wf pos="SYM">۔</wf>
</sentence>
<sentence s_id="20">
		<wf pos="PRP">سُہ</wf>
		<wf pos="RDP">کرٛانٛک</wf>
		<wf pos="PRP">یُس</wf>
		<wf pos="JJ">مُختٔلِف</wf>
		<wf pos="NNC">رَنٛگَن</wf>
		<wf pos="PSP">مَنٛز</wf>
		<wf pos="VAUX">چُھ</wf>
		<wf pos="VM">میٛلان</wf>
		<wf pos="CC">تہٕ</wf>
		<wf pos="VM">بیٚیہٕ</wf>
		<wf pos="DEM">یَتھ</wf>
		<wf pos="PSP">پٮ۪ٹھ</wf>
		<wf pos="JJ">سفید</wf>
		<wf pos="NN">نیوٗل</wf>
		<wf pos="JJ">زَرٕد</wf>
		<wf pos="NN">بیترِ</wf>
		<wf pos="NN">رَنٛگٕکۍ</wf>
		<wf pos="NN" sense_id="1">داغ</wf>
		<wf pos="VM">چھٕ</wf>
		<wf pos="NN">آسان:آبَس</wf>
		<wf pos="CC">یا</wf>
		<wf pos="NN">دۄدَس</wf>
		<wf pos="PSP">مَنٛز</wf>
		<wf pos="VM">ترٛاونہٕ</wf>
		<wf pos="PSP">سۭتۍ</wf>
		<wf pos="VAUX">چھےٚ</wf>
		<wf pos="NN">اُپلَک</wf>
		<wf pos="NN">کرٛانٛکٕچ</wf>
		<wf pos="NN">چَمَک</wf>
		<wf pos="VM">ہُران</wf>
		<wf pos="SYM">۔</wf>
</sentence>
<sentence s_id="21">
		<wf pos="NN">دٔچھنہِ</wf>
		<wf pos="NN">أچھ</wf>
		<wf pos="PSP">ہُنٛد</wf>
		<wf pos="RB">لال:میٛٲنِس</wf>
		<wf pos="NN">دٔچھنِس</wf>
		<wf pos="NN">لالَس</wf>
		<wf pos="VAUX">چُھ</wf>
		<wf pos="JJ">سَفید</wf>
		<wf pos="NN" sense_id="1">داغ</wf>
		<wf pos="SYM">۔</wf>
</sentence>
<sentence s_id="22">
		<wf pos="DEM">یِہ</wf>
		<wf pos="NN">اعتراض</wf>
		<wf pos="VAUX">وٮ۪ژھہٕ</wf>
		<wf pos="VM">ناون</wf>
		<wf pos="PRP">بۂ</wf>
		<wf pos="QC">۲</wf>
		<wf pos="QC">دۄن</wf>
		<wf pos="QC">۴ژۄن</wf>
		<wf pos="NN">کتھن</wf>
		<wf pos="PSP">اندر</wf>
		<wf pos="VM">اَولن</wf>
		<wf pos="VAUX">چھُم</wf>
		<wf pos="DEM">یِہ</wf>
		<wf pos="NN">عرض</wf>
		<wf pos="VAUX">کِہ</wf>
		<wf pos="DEM">یِہ</wf>
		<wf pos="VAUX">چھہ</wf>
		<wf pos="NN">اِستغاثہٕ</wf>
		<wf pos="PSP">چی</wf>
		<wf pos="JJ">اہم</wf>
		<wf pos="JJ">ڈیِوٹی</wf>
		<wf pos="CC">تہٕ</wf>
		<wf pos="JJ">ذمہّ</wf>
		<wf pos="NN">وٲری</wf>
		<wf pos="CC">زِہ</wf>
		<wf pos="PRP">تِم</wf>
		<wf pos="VM">کرن</wf>
		<wf pos="PRP">پنُن</wf>
		<wf pos="NN">اِستٹاثہ</wf>
		<wf pos="NN">ثٲبت</wf>
		<wf pos="VAUX">کرہ</wf>
		<wf pos="NEG">نہٕ</wf>
		<wf pos="NNP">خٲطرہ</wf>
		<wf pos="NN">عدالتس</wf>
		<wf pos="JJ">سٲری</wf>
		<wf pos="NN">مواد</wf>
		<wf pos="CC">تہٕ</wf>
		<wf pos="NNP">ثبوٗ</wf>
		<wf pos="NN">تٕکۍ</wf>
		<wf pos="RDP">سٲرۍ</wf>
		<wf pos="JJ">اہم</wf>
		<wf pos="NN">چیٖز</wf>
		<wf pos="NN">اکِہ</wf>
		<wf pos="NN">اکِہ</wf>
		<wf pos="VM">پیش</wf>
		<wf pos="PRP">پننِہ</wf>
		<wf pos="NN">شِکایٔژ</wf>
		<wf pos="PSP">منٛز</wf>
		<wf pos="VM">تھاوَن</wf>
		<wf pos="NEG">نہٕ</wf>
		<wf pos="RB">آسٕرۍ</wf>
		<wf pos="NN">دانَس</wf>
		<wf pos="JJ">برابر</wf>
		<wf pos="RP">تِہ</wf>
		<wf pos="JJ">شکنجٕ</wf>
		<wf pos="NN">گُنجایِش</wf>
		<wf pos="NN">قونوٖن</wf>
		<wf pos="PRP">چُھنہ</wf>
		<wf pos="NN">مُلزِمس</wf>
		<wf pos="PSP">پٮ۪ٹھ</wf>
		<wf pos="DEM">یِہ</wf>
		<wf pos="NN">بار</wf>
		<wf pos="VM">تراٛوان</wf>
		<wf pos="CC">زِہ</wf>
		<wf pos="PRP">سُہ</wf>
		<wf pos="NN">کرِہ</wf>
		<wf pos="PRP">پنٕنۍ</wf>
		<wf pos="JJ">بے</wf>
		<wf pos="NN">گۄنٲھی</wf>
		<wf pos="VM">ثابِت</wf>
		<wf pos="CC">بٔلۍ</wf>
		<wf pos="PSP">کہ</wf>
		<wf pos="DEM">یِہ</wf>
		<wf pos="NN">بار</wf>
		<wf pos="VAUX">چُھہ</wf>
		<wf pos="NN">استغاشس</wf>
		<wf pos="PSP">پٮ۪ٹھ</wf>
		<wf pos="CC">زِہ</wf>
		<wf pos="PRP">تِم</wf>
		<wf pos="VM">کرن</wf>
		<wf pos="NN">شک</wf>
		<wf pos="NN">پٲدٕہ</wf>
		<wf pos="VAUX">گژھنہٕ</wf>
		<wf pos="RB">بغٲر</wf>
		<wf pos="NN">مُلزٕمس</wf>
		<wf pos="JJ">مُجرم</wf>
		<wf pos="NN">ثٲبِت</wf>
		<wf pos="RB">ییٚلِہ</wf>
		<wf pos="NN">اِستغاثہ</wf>
		<wf pos="VM">کرِہ</wf>
		<wf pos="DEM">تمِہ</wf>
		<wf pos="QC">زورٕہ</wf>
		<wf pos="CC">تہٕ</wf>
		<wf pos="NN">مضبوٗطی</wf>
		<wf pos="PSP">سان</wf>
		<wf pos="PRP">پنُن</wf>
		<wf pos="NN">کیس</wf>
		<wf pos="VM">ثٲبت،</wf>
		<wf pos="NN">اَدہٕ</wf>
		<wf pos="VAUX">چُھ</wf>
		<wf pos="DEM">یِہ</wf>
		<wf pos="NN">بار</wf>
		<wf pos="RP">مُلزِمہ</wf>
		<wf pos="PRP">سٕند</wf>
		<wf pos="POW">ٮ۪ن</wf>
		<wf pos="NN">پھیٚکٮ۪ن</wf>
		<wf pos="PSP">پٮ۪ٹھ</wf>
		<wf pos="VM">کھسان</wf>
		<wf pos="CC">زِہ</wf>
		<wf pos="PRP">سُہ</wf>
		<wf pos="NN">ہاوِہ</wf>
		<wf pos="PRP">پننٕۍ</wf>
		<wf pos="JJ">بے</wf>
		<wf pos="JJ">گۄنٲہی</wf>
		<wf pos="NN">پُلسس</wf>
		<wf pos="PRP">چُھنہ</wf>
		<wf pos="DEM">یِہ</wf>
		<wf pos="NN">فرض</wf>
		<wf pos="CC">زِہ</wf>
		<wf pos="PRP">یَس</wf>
		<wf pos="PSP">پٮ۪ٹھ</wf>
		<wf pos="NNPC">تمِن</wf>
		<wf pos="NN">جُرمُک</wf>
		<wf pos="NN">شک</wf>
		<wf pos="JJ">باسِہ،</wf>
		<wf pos="PRP">تس</wf>
		<wf pos="PSP">مُتلِق</wf>
		<wf pos="VM">کرن</wf>
		<wf pos="PRP">تِم</wf>
		<wf pos="NN">تتٔھۍ</wf>
		<wf pos="RB">اوت</wf>
		<wf pos="POW">رنگس</wf>
		<wf pos="NN">اندرتحقیقات،</wf>
		<wf pos="DEM">یَتھ</wf>
		<wf pos="PSP">منٛز</wf>
		<wf pos="PRP">سُہ</wf>
		<wf pos="JJ">مُجرم</wf>
		<wf pos="VM">ٮ۪ٔنیِتھ</wf>
		<wf pos="VM">ہیٚکہِ،</wf>
		<wf pos="CC">بٔلۍ</wf>
		<wf pos="DEM">کہ</wf>
		<wf pos="NN">یِہن</wf>
		<wf pos="RP">تِہ</wf>
		<wf pos="VAUX">چھُہ</wf>
		<wf pos="PRP">تہُند</wf>
		<wf pos="NN">فرض</wf>
		<wf pos="CC">زِہ</wf>
		<wf pos="PRP">تِم</wf>
		<wf pos="VM">کرن</wf>
		<wf pos="NNPC">تمِن</wf>
		<wf pos="NNP">موَادن</wf>
		<wf pos="RP">تِہ</wf>
		<wf pos="VM">چھان</wf>
		<wf pos="NNP">ٮ۪یٖن،</wf>
		<wf pos="DEM">یِم</wf>
		<wf pos="PRP">مُلزِمس</wf>
		<wf pos="NN">موصوٗم،</wf>
		<wf pos="JJ">بے</wf>
		<wf pos="NN">گۄتاہ</wf>
		<wf pos="CC">تہٕ</wf>
		<wf pos="NN">مُبّرا</wf>
		<wf pos="VM">بَناون</wf>
		<wf pos="RB">ییٚلِہ</wf>
		<wf pos="DEM">یِمَو</wf>
		<wf pos="NN">وۄشِہ</wf>
		<wf pos="PRP">وٕے</wf>
		<wf pos="NN">طریقَو</wf>
		<wf pos="PRP">تِم</wf>
		<wf pos="NN">واقعاتن</wf>
		<wf pos="VM">ژھٲنڈ،</wf>
		<wf pos="PRP">کُنِہ</wf>
		<wf pos="NN">توصُبہ</wf>
		<wf pos="RB">روستُے</wf>
		<wf pos="PRP">پننٕۍ</wf>
		<wf pos="NN">راے</wf>
		<wf pos="RB">برونٹھٕے</wf>
		<wf pos="VM">قٲیِم</wf>
		<wf pos="VAUX">کرہ</wf>
		<wf pos="NEG">نٕہ</wf>
		<wf pos="PRP">بغٲرِے</wf>
		<wf pos="VM">دِن</wf>
		<wf pos="CC">تہٕ</wf>
		<wf pos="NN">اَدہٕ</wf>
		<wf pos="DEM">یَتھ</wf>
		<wf pos="NN">نیٖتجس</wf>
		<wf pos="PSP">تام</wf>
		<wf pos="VM">واتُن</wf>
		<wf pos="PRP">سُہ</wf>
		<wf pos="VAUX">آسِہ</wf>
		<wf pos="NN">پَزرس</wf>
		<wf pos="JJ">واریاہ</wf>
		<wf pos="VM">نزدیٖکھ!</wf>
		<wf pos="DEM">یَتھ</wf>
		<wf pos="NN">مُقدِس</wf>
		<wf pos="PSP">اندر</wf>
		<wf pos="VAUX">چُھ</wf>
		<wf pos="DEM">یِہ</wf>
		<wf pos="QC">اکھ</wf>
		<wf pos="JJ">بدٕقسمت</wf>
		<wf pos="NN">قدم</wf>
		<wf pos="QC">اَکھ</wf>
		<wf pos="JJ">اِستغاثکُ</wf>
		<wf pos="CC">زِہ</wf>
		<wf pos="NN">یِتھُےتِمن</wf>
		<wf pos="NN">مُلزِس</wf>
		<wf pos="JJ">شککُ</wf>
		<wf pos="NN">مُشِک</wf>
		<wf pos="VM">آمُت</wf>
		<wf pos="VAUX">چھُہ</wf>
		<wf pos="NN">اہ</wf>
		<wf pos="DEM">یِہ</wf>
		<wf pos="NN">کیازِہ</wf>
		<wf pos="VAUX">اوس</wf>
		<wf pos="NEG">نہ</wf>
		<wf pos="NN">ٕ</wf>
		<wf pos="NN">تۂنزی</wf>
		<wf pos="RB">نستِہ</wf>
		<wf pos="PSP">ہُند</wf>
		<wf pos="NN">قصوٗرتِتھُےٖ</wf>
		<wf pos="VAUX">چھُہ</wf>
		<wf pos="CC">تِموَ</wf>
		<wf pos="DEM">یِہ</wf>
		<wf pos="NN">مُلزِم</wf>
		<wf pos="NN">بےچارہٕ</wf>
		<wf pos="NN">جُرمُک</wf>
		<wf pos="NN" sense_id="3">داغ</wf>
		<wf pos="POW">دار</wf>
		<wf pos="VM">بناونہٕ</wf>
		<wf pos="NNP">خٲطرہ</wf>
		<wf pos="PRP">پنُن</wf>
		<wf pos="NN">تحقیٖقات</wf>
		<wf pos="QC">أکۍ</wf>
		<wf pos="VAUX">ہے</wf>
		<wf pos="VM">پَہلوٗ</wf>
		<wf pos="NN">وَس</wf>
		<wf pos="PSP">منٛز</wf>
		<wf pos="VM">محدوٗدکوٚرمُت</wf>
		<wf pos="SYM">۔</wf>
</sentence>
<sentence s_id="23">
		<wf pos="NN">گلالس</wf>
		<wf pos="VM">گوو</wf>
		<wf pos="NN">أچھن</wf>
		<wf pos="PSP">تل</wf>
		<wf pos="NN" sense_id="1">داغ</wf>
		<wf pos="VM">رسوا</wf>
		<wf pos="SYM">۔</wf>
</sentence>
<sentence s_id="24">
		<wf pos="VM">ۂندریمٕژ</wf>
		<wf pos="VM">دُبراے،</wf>
		<wf pos="PRP">وۅندِ</wf>
		<wf pos="VAUX">ٲسۍ</wf>
		<wf pos="NNC">ژاپاں</wf>
		<wf pos="NN" sense_id="1">داغ</wf>
		<wf pos="SYM">۔</wf>
</sentence>
<sentence s_id="25">
		<wf pos="INJ">اختابو!</wf>
		<wf pos="VM">وُچھ</wf>
		<wf pos="NNP">زوٗنہِ</wf>
		<wf pos="VAUX">چھُہ</wf>
		<wf pos="NN" sense_id="1">داغ</wf>
		<wf pos="SYM">۔</wf>
</sentence>
<sentence s_id="26">
		<wf pos="NNP">لالہ</wf>
		<wf pos="VAUX">چھا</wf>
		<wf pos="NN" sense_id="2">داغ</wf>
		<wf pos="NN">دار،</wf>
		<wf pos="NN">پیالہ</wf>
		<wf pos="VM">تُلِو</wf>
		<wf pos="SYM">۔</wf>
</sentence>
<sentence s_id="27">
		<wf pos="VAUX">ٲس</wf>
		<wf pos="NN">پزٕ</wf>
		<wf pos="NEG">نہٕ</wf>
		<wf pos="PRP">کٲنٛسہِ</wf>
		<wf pos="PRP">کانٛہہ</wf>
		<wf pos="NN" sense_id="3">داغ</wf>
		<wf pos="VM">لاگُن</wf>
		<wf pos="SYM">۔</wf>
</sentence>
<sentence s_id="28">
		<wf pos="NN" sense_id="3">داغ</wf>
		<wf pos="NN">لاگَن</wf>
		<wf pos="PSP">وٲلۍ</wf>
		<wf pos="NN">کٔرواریاہ</wf>
		<wf pos="NN">ثَبوٗت</wf>
		<wf pos="NN">جَمع</wf>
		<wf pos="PRP">پَنُن</wf>
		<wf pos="NN" sense_id="3">داغ</wf>
		<wf pos="NN">دوٚر</wf>
		<wf pos="VM">کَرنہٕ</wf>
		<wf pos="PSP">خٲطرٕ</wf>
		<wf pos="SYM">۔</wf>
</sentence>
<sentence s_id="29">
		<wf pos="NNP">پٲکِستانَس</wf>
		<wf pos="PSP">پٮ۪ٹھ</wf>
		<wf pos="VAUX">چُھ</wf>
		<wf pos="JJ">واریاہ</wf>
		<wf pos="NN">پھِرِ</wf>
		<wf pos="NNP">ہِنٛدُستٲنۍ</wf>
		<wf pos="NN">سٔفیٖرَس</wf>
		<wf pos="JJ">بےعِزتی</wf>
		<wf pos="VM">کَرنُک</wf>
		<wf pos="NN" sense_id="3">داغ</wf>
		<wf pos="VM">لوٚگمُت</wf>
		<wf pos="SYM">۔</wf>
</sentence>
<sentence s_id="30">
		<wf pos="NN" sense_id="3">داغ</wf>
		<wf pos="NN">لاگَن</wf>
		<wf pos="PSP">وٲلۍ</wf>
		<wf pos="NN">کٔرواریاہ</wf>
		<wf pos="NN">ثَبوٗت</wf>
		<wf pos="NN">جَمع</wf>
		<wf pos="PRP">پَنُن</wf>
		<wf pos="NN" sense_id="3">داغ</wf>
		<wf pos="NN">دوٚر</wf>
		<wf pos="VM">کَرنہٕ</wf>
		<wf pos="PSP">خٲطرٕ</wf>
		<wf pos="SYM">۔</wf>
</sentence>
<sentence s_id="31">
		<wf pos="NN">وقتہٕ</wf>
		<wf pos="NN">وَقتہٕ</wf>
		<wf pos="VAUX">چھےٚ</wf>
		<wf pos="NNP">پٮ۪ٹرولِیَم</wf>
		<wf pos="NN">وَزارتَس</wf>
		<wf pos="PSP">پٮ۪ٹھ</wf>
		<wf pos="JJ">واریاہ</wf>
		<wf pos="NN" sense_id="3">داغ</wf>
		<wf pos="VM">لَگان</wf>
		<wf pos="SYM">۔</wf>
</sentence>
<sentence s_id="32">
		<wf pos="PRP">تٔمۍ</wf>
		<wf pos="PSP">سٕنٛدِس</wf>
		<wf pos="NN">کَلَس</wf>
		<wf pos="PSP">پٮ۪ٹھ</wf>
		<wf pos="VAUX">چھِ</wf>
		<wf pos="JJ">واریاہ</wf>
		<wf pos="NN" sense_id="3">داغ</wf>
		<wf pos="VM">وُنکٮ۪س</wf>
		<wf pos="SYM">۔</wf>
</sentence>
<sentence s_id="33">
		<wf pos="NN">عَدالتَس</wf>
		<wf pos="PSP">منٛ</wf>
		<wf pos="VM">زگونہٕ</wf>
		<wf pos="PRP">تَس</wf>
		<wf pos="VM">لَگومُت</wf>
		<wf pos="NN" sense_id="3">داغ</wf>
		<wf pos="NN">ثٲبِت</wf>
		<wf pos="SYM">۔</wf>
</sentence>
<sentence s_id="34">
		<wf pos="JJ">اپُز</wf>
		<wf pos="NN" sense_id="3">داغ</wf>
		<wf pos="VM">بوٗزِتھ</wf>
		<wf pos="VAUX">گٔیِہ</wf>
		<wf pos="JJ">مانسی</wf>
		<wf pos="NN">پریشٲنی</wf>
		<wf pos="PSP">مَںٛز</wf>
		<wf pos="NN">مُبطُلا،</wf>
		<wf pos="JJ">أپُز</wf>
		<wf pos="NN" sense_id="3">داغ</wf>
		<wf pos="VM">بوٗزِتھ</wf>
		<wf pos="RB">ؤسۍ</wf>
		<wf pos="JJ">مانسی</wf>
		<wf pos="NN">اِشتعالہٕ</wf>
		<wf pos="PSP">سٕتۍ</wf>
		<wf pos="NN">تھرٕ</wf>
		<wf pos="NN">تھَرٕ</wf>
		<wf pos="SYM">۔</wf>
</sentence>
<sentence s_id="35">
		<wf pos="NNP">پٲکِستانَس</wf>
		<wf pos="PSP">پٮ۪ٹھ</wf>
		<wf pos="VAUX">چُھ</wf>
		<wf pos="JJ">واریاہ</wf>
		<wf pos="NN">پھِرِ</wf>
		<wf pos="NNP">ہِنٛدُستٲنۍ</wf>
		<wf pos="NN">سٔفیٖرَس</wf>
		<wf pos="JJ">بےعِزتی</wf>
		<wf pos="VM">کَرنُک</wf>
		<wf pos="NN" sense_id="3">داغ</wf>
		<wf pos="VM">لوٚگمُت</wf>
		<wf pos="SYM">۔</wf>
</sentence>
<sentence s_id="36">
		<wf pos="PRP">تَس</wf>
		<wf pos="VAUX">چُھ</wf>
		<wf pos="QC">زٕ</wf>
		<wf pos="NN">کَرور</wf>
		<wf pos="NN">رۄپیہٕ</wf>
		<wf pos="VM">گَبٕنۍ</wf>
		<wf pos="VM">کَرنُک</wf>
		<wf pos="NN" sense_id="3">داغ</wf>
		<wf pos="SYM">۔</wf>
</sentence>
<sentence s_id="37">
		<wf pos="NN">زَنانَن</wf>
		<wf pos="PSP">خٲطرٕ</wf>
		<wf pos="NN">خانٛدارَس</wf>
		<wf pos="RB">بَغٲر</wf>
		<wf pos="RB">باقٕے</wf>
		<wf pos="NNC">مَرٕد:موہَنَن</wf>
		<wf pos="NN">لَگوو</wf>
		<wf pos="NN">پَنہٕ</wf>
		<wf pos="NN">زَنانہٕ</wf>
		<wf pos="PSP">پٮ۪ٹھ</wf>
		<wf pos="JJ">اَپُز</wf>
		<wf pos="NN" sense_id="3">داغ</wf>
		<wf pos="CC">زِ</wf>
		<wf pos="PRP">سۄ</wf>
		<wf pos="VAUX">چھےٚ</wf>
		<wf pos="NN">وۄپَر</wf>
		<wf pos="NN">مَردَس</wf>
		<wf pos="PSP">سۭتۍ</wf>
		<wf pos="VM">نَژان</wf>
		<wf pos="SYM">۔</wf>
</sentence>
<sentence s_id="38">
		<wf pos="NN" sense_id="3">داغ</wf>
		<wf pos="NN">لاگَن</wf>
		<wf pos="PSP">وٲلۍ</wf>
		<wf pos="NN">کٔرواریاہ</wf>
		<wf pos="NN">ثَبوٗت</wf>
		<wf pos="NN">جَمع</wf>
		<wf pos="PRP">پَنُن</wf>
		<wf pos="NN" sense_id="3">داغ</wf>
		<wf pos="NN">دوٚر</wf>
		<wf pos="VM">کَرنہٕ</wf>
		<wf pos="PSP">خٲطرٕ</wf>
		<wf pos="SYM">۔</wf>
</sentence>
<sentence s_id="39">
		<wf pos="PRP">کٲنٛسہِ</wf>
		<wf pos="NN">شَخصَس</wf>
		<wf pos="CC">یا</wf>
		<wf pos="PRP">کُنہِ</wf>
		<wf pos="NN">جَمٲژِ</wf>
		<wf pos="PSP">مُطلِق</wf>
		<wf pos="NN">وَنَن</wf>
		<wf pos="NN">واجین</wf>
		<wf pos="NN">کَتھ</wf>
		<wf pos="CC">یا</wf>
		<wf pos="NN">تُحمَت</wf>
		<wf pos="PRP">یوس</wf>
		<wf pos="PSP">نہِ</wf>
		<wf pos="VM">وِنہِ</wf>
		<wf pos="NN">ثٲبَت</wf>
		<wf pos="VM">آسہِ</wf>
		<wf pos="PSP">کَرنہِ</wf>
		<wf pos="NN">آمٕژ:عدالتَس</wf>
		<wf pos="PSP">منٛز</wf>
		<wf pos="PRP">ہِیٚوکنہِ</wf>
		<wf pos="NN">رامَن</wf>
		<wf pos="PRP">پَنُن</wf>
		<wf pos="NN" sense_id="3">داغ</wf>
		<wf pos="NN">ثٲبِت</wf>
		<wf pos="VM">کٔرِتھ</wf>
		<wf pos="SYM">۔</wf>
</sentence>
<sentence s_id="40">
		<wf pos="PRP">تٔمۍ</wf>
		<wf pos="VM">دِتۍ</wf>
		<wf pos="PRP">پَنٕنۍ</wf>
		<wf pos="NN" sense_id="3">داغ</wf>
		<wf pos="PRP">مےٚ</wf>
		<wf pos="SYM">۔</wf>
</sentence>
<sentence s_id="41">
		<wf pos="NN">پُلیٖس</wf>
		<wf pos="VAUX">چھِ</wf>
		<wf pos="DEM">یَتھ</wf>
		<wf pos="NN">معاملَس</wf>
		<wf pos="PSP">منٛز</wf>
		<wf pos="NN">أکِس</wf>
		<wf pos="NN" sense_id="3">داغ</wf>
		<wf pos="POW">یافتہٕ</wf>
		<wf pos="NN">شخص</wf>
		<wf pos="NN">راکیش</wf>
		<wf pos="NNP">عُرف</wf>
		<wf pos="RB">راکی</wf>
		<wf pos="POW">یَس</wf>
		<wf pos="VM">ژھانٛڈان</wf>
		<wf pos="SYM">۔</wf>
</sentence>
<sentence s_id="42">
		<wf pos="NN">ثَبوٗتہٕ</wf>
		<wf pos="RB">وَرٲے</wf>
		<wf pos="VAUX">ہٮ۪کو</wf>
		<wf pos="NEG">نہٕ</wf>
		<wf pos="PRP">کٲنٛسہِ</wf>
		<wf pos="PSP">پٮ۪ٹھ</wf>
		<wf pos="NN" sense_id="3">داغ</wf>
		<wf pos="VM">لٲگِتھ</wf>
		<wf pos="SYM">۔</wf>
</sentence>
<sentence s_id="43">
		<wf pos="PRP">یُس</wf>
		<wf pos="NEG">نہٕ</wf>
		<wf pos="NN">اغواہ</wf>
		<wf pos="VM">گوٚمُت</wf>
		<wf pos="NNP">آسہِ:تیٚم</wf>
		<wf pos="CC">لَگوٚو</wf>
		<wf pos="NNP">اغواہ</wf>
		<wf pos="NEG">نَہ</wf>
		<wf pos="JJ">گیٚمتٮ۪ن</wf>
		<wf pos="NN">چیٖزَن</wf>
		<wf pos="PSP">ہیٚنٛدِ</wf>
		<wf pos="RP">تِہ</wf>
		<wf pos="NN">اغواہ</wf>
		<wf pos="VM">گَژٛنُک</wf>
		<wf pos="NN" sense_id="3">داغ</wf>
		<wf pos="SYM">۔</wf>
</sentence>
<sentence s_id="44">
		<wf pos="NN" sense_id="3">داغ</wf>
		<wf pos="NN">رَٹَن</wf>
		<wf pos="PSP">وٲلِس</wf>
		<wf pos="VAUX">ٲس</wf>
		<wf pos="JJ">خَطاکار</wf>
		<wf pos="NN">بار</wf>
		<wf pos="NN">بار</wf>
		<wf pos="NN">دَھمکی</wf>
		<wf pos="VM">دِوان</wf>
		<wf pos="SYM">۔</wf>
</sentence>
<sentence s_id="45">
		<wf pos="PRP">سُہ</wf>
		<wf pos="NN">دعوٕ</wf>
		<wf pos="CC">یا</wf>
		<wf pos="NN" sense_id="3">داغ</wf>
		<wf pos="DEM">یُس</wf>
		<wf pos="JJ">اَپُز</wf>
		<wf pos="QC">آسہِ:ہانٛژھ</wf>
		<wf pos="VM">پوٚزراون</wf>
		<wf pos="VAUX">چُھ</wf>
		<wf pos="NN">ؤکیٖلَن</wf>
		<wf pos="RB">اَصٕل</wf>
		<wf pos="JJ">پٲٹھ</wf>
		<wf pos="RDP">تَگان</wf>
		<wf pos="SYM">۔</wf>
</sentence>
<sentence s_id="46">
		<wf pos="DEM">یَتھ</wf>
		<wf pos="NN" sense_id="3">داغ</wf>
		<wf pos="NN">نامَس</wf>
		<wf pos="VAUX">چھےٚ</wf>
		<wf pos="NN">تَرمیٖمٕچ</wf>
		<wf pos="NN">ضروٗرَتھ</wf>
		<wf pos="SYM">۔</wf>
</sentence>
<sentence s_id="47">
		<wf pos="NN">وقتہٕ</wf>
		<wf pos="NN">وَقتہٕ</wf>
		<wf pos="VAUX">چھےٚ</wf>
		<wf pos="NNP">پٮ۪ٹرولِیَم</wf>
		<wf pos="NN">وَزارتَس</wf>
		<wf pos="PSP">پٮ۪ٹھ</wf>
		<wf pos="JJ">واریاہ</wf>
		<wf pos="NN" sense_id="3">داغ</wf>
		<wf pos="VM">لَگان</wf>
		<wf pos="SYM">۔</wf>
</sentence>
<sentence s_id="48">
		<wf pos="JJ">نَوِ</wf>
		<wf pos="NN">مکانہٕ</wf>
		<wf pos="PSP">کِس</wf>
		<wf pos="NN">آنٛگنَس</wf>
		<wf pos="NN">اَنٛد</wf>
		<wf pos="VM">کُن</wf>
		<wf pos="DEM">یہِ</wf>
		<wf pos="QC">اَکھ</wf>
		<wf pos="NN">دٲن</wf>
		<wf pos="NN">تھٔر</wf>
		<wf pos="VM">تھٲو</wf>
		<wf pos="NN">لالہٕ</wf>
		<wf pos="RP">صٲبنہِ</wf>
		<wf pos="NN">آشنہِ</wf>
		<wf pos="RB">أتۍ</wf>
		<wf pos="POW">تھٕے</wf>
		<wf pos="NN" sense_id="1">داغ</wf>
		<wf pos="PSP">باپَتھ</wf>
		<wf pos="RB">باقٕے</wf>
		<wf pos="VM">بچیمٕژ</wf>
		<wf pos="QC">پانٛژھ</wf>
		<wf pos="QC">سَتھ</wf>
		<wf pos="NN">دٲن</wf>
		<wf pos="NN">تھَرِ</wf>
		<wf pos="VM">آیہِ</wf>
		<wf pos="DEM">امی</wf>
		<wf pos="NN">دۄہہٕ</wf>
		<wf pos="VM">ژَٹنہٕ</wf>
		<wf pos="SYM">۔</wf>
</sentence>
<sentence s_id="49">
		<wf pos="QC">اوٗٹھمِہ</wf>
		<wf pos="CC">تہٕ</wf>
		<wf pos="QC">نٔوۍمِہ</wf>
		<wf pos="NN">صٔدی</wf>
		<wf pos="PSP">ہُنٛد</wf>
		<wf pos="NN">وقت</wf>
		<wf pos="VAUX">چُھ</wf>
		<wf pos="NNC">فَنِہ</wf>
		<wf pos="NN">تعمیٖر</wf>
		<wf pos="PSP">کہ</wf>
		<wf pos="NN">لحاظٕ</wf>
		<wf pos="VM">ماننہٕ</wf>
		<wf pos="VAUX">یوان</wf>
		<wf pos="DEM">اَتھ</wf>
		<wf pos="NN">وقتس</wf>
		<wf pos="PSP">منٛز</wf>
		<wf pos="VM">کٔر</wf>
		<wf pos="NNP">للتادت</wf>
		<wf pos="CC">تہٕ</wf>
		<wf pos="NNPC">اونتی</wf>
		<wf pos="NNP">ورمن</wf>
		<wf pos="PSP">ہِوۍو</wf>
		<wf pos="NN">بادشاہَو</wf>
		<wf pos="NN">حکومت</wf>
		<wf pos="CC">تہٕ</wf>
		<wf pos="PRP">دۄشوٕیَو</wf>
		<wf pos="VM">بنٲوۍ</wf>
		<wf pos="NNP">کٔشیٖرِ</wf>
		<wf pos="PSP">منٛز</wf>
		<wf pos="JJ">مُختٔلِف</wf>
		<wf pos="NN">جایَن</wf>
		<wf pos="NN">مندر</wf>
		<wf pos="CC">تہٕ</wf>
		<wf pos="NN">محل</wf>
		<wf pos="CC">اما</wf>
		<wf pos="JJ">پوٚز</wf>
		<wf pos="NNP">سرینگر</wf>
		<wf pos="VM">روٗد</wf>
		<wf pos="DEM">یِمَو</wf>
		<wf pos="NN">تعمیٖر</wf>
		<wf pos="NN">کامۍو</wf>
		<wf pos="PSP">نِش</wf>
		<wf pos="CC">اَوٕ</wf>
		<wf pos="PSP">کنۍ</wf>
		<wf pos="JJ">الگ</wf>
		<wf pos="CC">زِ</wf>
		<wf pos="NN">رازٕدٲنہ</wf>
		<wf pos="VAUX">آسہٕ</wf>
		<wf pos="NNP">سرینگر</wf>
		<wf pos="NST">نۍبر</wf>
		<wf pos="DEM">اتھ</wf>
		<wf pos="NN">دورس</wf>
		<wf pos="PSP">منٛز</wf>
		<wf pos="VAUX">آو</wf>
		<wf pos="PRP">کانٛہہ</wf>
		<wf pos="JJ">خاص</wf>
		<wf pos="NN">تعمیٖر</wf>
		<wf pos="NNP">سرینگرس</wf>
		<wf pos="PSP">منٛز</wf>
		<wf pos="VM">بناونہٕ</wf>
		<wf pos="DEM">تَمیُک</wf>
		<wf pos="NEG">چُھنہٕ</wf>
		<wf pos="PRP">کانٛہہ</wf>
		<wf pos="NN" sense_id="1">داغ</wf>
		<wf pos="RB">صرف</wf>
		<wf pos="VAUX">چُھ</wf>
		<wf pos="NNPC">کھیم</wf>
		<wf pos="NNPC">گپُت</wf>
		<wf pos="NNP">دیدرانِہ</wf>
		<wf pos="NNP">,کلش</wf>
		<wf pos="CC">تہٕ</wf>
		<wf pos="NNPC">جے</wf>
		<wf pos="NNP">ہمِہس</wf>
		<wf pos="PSP">مطلق</wf>
		<wf pos="VM">وَننہٕ</wf>
		<wf pos="VM">یِوان</wf>
		<wf pos="CC">زِ</wf>
		<wf pos="PRP">تِمَو</wf>
		<wf pos="VM">بَنٲوۍ</wf>
		<wf pos="NN">رازٕ</wf>
		<wf pos="NN">محل</wf>
		<wf pos="CC">تہٕ</wf>
		<wf pos="NN">مندر</wf>
		<wf pos="SYM">۔</wf>
</sentence>
<sentence s_id="50">
		<wf pos="NNP">محموٗدس</wf>
		<wf pos="RB">برٛۄنٛہہ</wf>
		<wf pos="NN">مثنٔوی</wf>
		<wf pos="PSP">کیو</wf>
		<wf pos="NN">غزل</wf>
		<wf pos="VM">لیکھنٕکۍ</wf>
		<wf pos="VAUX">چھِ</wf>
		<wf pos="PRP">اَسہِ</wf>
		<wf pos="CC">بییٚہِ</wf>
		<wf pos="RP">تہِ</wf>
		<wf pos="PRP">کینٛہہ</wf>
		<wf pos="JJ">واضح</wf>
		<wf pos="NN">اِشارٕ</wf>
		<wf pos="VM">میلان</wf>
		<wf pos="PRP">یِمو</wf>
		<wf pos="PSP">منٛزٕ</wf>
		<wf pos="QC">اکھ</wf>
		<wf pos="NN" sense_id="1">داغ</wf>
		<wf pos="DEM">یہِ</wf>
		<wf pos="VAUX">چُھ</wf>
		<wf pos="CC">زِ</wf>
		<wf pos="NNPC">سعداللہ</wf>
		<wf pos="NNPC">شاہ</wf>
		<wf pos="NNP">آبادی</wf>
		<wf pos="PSP">سُنٛد</wf>
		<wf pos="NNP">کٲشُر</wf>
		<wf pos="NN">غزل</wf>
		<wf pos="RP">تہِ</wf>
		<wf pos="VAUX">آو</wf>
		<wf pos="PRP">اَسہِ</wf>
		<wf pos="NN">بَدس</wf>
		<wf pos="CC">تہٕ</wf>
		<wf pos="JJ">مشہوٗر</wf>
		<wf pos="JJ">نعتگو</wf>
		<wf pos="NN">شٲعر</wf>
		<wf pos="NNP">فاخر</wf>
		<wf pos="PSP">سُنٛد</wf>
		<wf pos="NN">غزل</wf>
		<wf pos="RP">تہِ</wf>
		<wf pos="SYM">۔</wf>
</sentence>
<sentence s_id="51">
		<wf pos="NN">مُلکٕچ</wf>
		<wf pos="JJ">تیز</wf>
		<wf pos="POW">تر</wf>
		<wf pos="NN">ترقی</wf>
		<wf pos="QC">چھےٛ</wf>
		<wf pos="NN" sense_id="1">داغ</wf>
		<wf pos="DEM">اَمِچ</wf>
		<wf pos="NN">ترقی</wf>
		<wf pos="VM">ساینَس</wf>
		<wf pos="CC">تہٕ</wf>
		<wf pos="NN">ٹیکنالجی</wf>
		<wf pos="PSP">منٛز</wf>
		<wf pos="SYM">۔</wf>
</sentence>
<sentence s_id="52">
		<wf pos="JJ">پرٛٮ۪تھ</wf>
		<wf pos="PRP">کُنہِ</wf>
		<wf pos="NN">مٕلکَس</wf>
		<wf pos="VAUX">چُھ</wf>
		<wf pos="PRP">پَنُن</wf>
		<wf pos="QC">اَکھ</wf>
		<wf pos="NN">نَشانہٕ</wf>
		<wf pos="PRP">آسانپرٛٮ۪تھ</wf>
		<wf pos="PRP">کُنہِ</wf>
		<wf pos="NN">قومَس</wf>
		<wf pos="CC">یا</wf>
		<wf pos="NN">تَنٛظیٖمہِ</wf>
		<wf pos="VAUX">چُھ</wf>
		<wf pos="PRP">پَنُن</wf>
		<wf pos="JJ">خاص</wf>
		<wf pos="NN" sense_id="1">داغ</wf>
		<wf pos="VM">آسان</wf>
		<wf pos="SYM">۔</wf>
</sentence>
<sentence s_id="53">
		<wf pos="JJ">پرٛٮ۪تھ</wf>
		<wf pos="PRP">کُنہِ</wf>
		<wf pos="NN">مٕلکَس</wf>
		<wf pos="VAUX">چُھ</wf>
		<wf pos="PRP">پَنُن</wf>
		<wf pos="QC">اَکھ</wf>
		<wf pos="NN">نَشانہٕ</wf>
		<wf pos="PRP">آسانپرٛٮ۪تھ</wf>
		<wf pos="PRP">کُنہِ</wf>
		<wf pos="NN">قومَس</wf>
		<wf pos="CC">یا</wf>
		<wf pos="NN">تَنٛظیٖمہِ</wf>
		<wf pos="VAUX">چُھ</wf>
		<wf pos="PRP">پَنُن</wf>
		<wf pos="JJ">خاص</wf>
		<wf pos="NN" sense_id="1">داغ</wf>
		<wf pos="VM">آسان</wf>
		<wf pos="SYM">۔</wf>
</sentence>
<sentence s_id="54">
		<wf pos="JJ">پرٛٮ۪تھ</wf>
		<wf pos="PRP">کُنہِ</wf>
		<wf pos="NN">مٕلکَس</wf>
		<wf pos="VAUX">چُھ</wf>
		<wf pos="PRP">پَنُن</wf>
		<wf pos="QC">اَکھ</wf>
		<wf pos="NN">نَشانہٕ</wf>
		<wf pos="PRP">آسانپرٛٮ۪تھ</wf>
		<wf pos="PRP">کُنہِ</wf>
		<wf pos="NN">قومَس</wf>
		<wf pos="CC">یا</wf>
		<wf pos="NN">تَنٛظیٖمہِ</wf>
		<wf pos="VAUX">چُھ</wf>
		<wf pos="PRP">پَنُن</wf>
		<wf pos="JJ">خاص</wf>
		<wf pos="NN" sense_id="1">داغ</wf>
		<wf pos="VM">آسان</wf>
		<wf pos="SYM">۔</wf>
</sentence>
<sentence s_id="55">
		<wf pos="NNPC">زا</wf>
		<wf pos="NNP">بَچہ</wf>
		<wf pos="PSP">سٕنٛدِ</wf>
		<wf pos="NN">جِسمٕکۍ</wf>
		<wf pos="JJ">واریاہ</wf>
		<wf pos="NN" sense_id="1">داغ</wf>
		<wf pos="NN">ٲسۍواریاہ</wf>
		<wf pos="JJ">جان</wf>
		<wf pos="SYM">۔</wf>
</sentence>
<sentence s_id="56">
		<wf pos="NN">عَقرَبُک</wf>
		<wf pos="NN" sense_id="1">داغ</wf>
		<wf pos="VAUX">چُھ</wf>
		<wf pos="NN">بٕچ</wf>
		<wf pos="SYM">۔</wf>
</sentence>
<sentence s_id="57">
		<wf pos="NN">میٖزانُک</wf>
		<wf pos="NN" sense_id="1">داغ</wf>
		<wf pos="VAUX">چھےٚ</wf>
		<wf pos="NN">تَکٕر</wf>
		<wf pos="SYM">۔</wf>
</sentence>
<sentence s_id="58">
		<wf pos="PRP">میون</wf>
		<wf pos="VM">بُرُج</wf>
		<wf pos="VAUX">چُھ</wf>
		<wf pos="NN">سَرطانسرطانُک</wf>
		<wf pos="NN">بُرجُک</wf>
		<wf pos="NN" sense_id="1">داغ</wf>
		<wf pos="VAUX">چُھ</wf>
		<wf pos="RB">کرٛیب</wf>
		<wf pos="SYM">۔</wf>
</sentence>
<sentence s_id="59">
		<wf pos="NNP">ثور</wf>
		<wf pos="NN">بُرجُک</wf>
		<wf pos="NN" sense_id="1">داغ</wf>
		<wf pos="VAUX">چُھ</wf>
		<wf pos="NN">دانٛد</wf>
		<wf pos="SYM">۔</wf>
</sentence>
<sentence s_id="60">
		<wf pos="NN">تیٖر</wf>
		<wf pos="NN">اَنٛدازن</wf>
		<wf pos="VM">تُج</wf>
		<wf pos="NN">کمان</wf>
		<wf pos="VM">اَتھَس</wf>
		<wf pos="NN">منٛزشِکٲرۍ</wf>
		<wf pos="VM">روٚٹ</wf>
		<wf pos="JJ">کَمانہِ</wf>
		<wf pos="RDP">سۭتۍ</wf>
		<wf pos="NN" sense_id="1">داغ</wf>
		<wf pos="CC">تہٕ</wf>
		<wf pos="VM">ژُھنُن</wf>
		<wf pos="PRP">سٕہہ</wf>
		<wf pos="VM">مٲرِتھ</wf>
		<wf pos="SYM">۔</wf>
</sentence>
<sentence s_id="61">
		<wf pos="NN">مِنِسٹَر</wf>
		<wf pos="PSP">سُنٛد</wf>
		<wf pos="NN">رٲچھۍ</wf>
		<wf pos="PSP">در</wf>
		<wf pos="NN">فوٗجی</wf>
		<wf pos="VM">بَنیوو</wf>
		<wf pos="NN">دَہشت</wf>
		<wf pos="NN">گَردَن</wf>
		<wf pos="PSP">ہُنٛد</wf>
		<wf pos="NN" sense_id="3">داغ</wf>
		<wf pos="SYM">۔</wf>
</sentence>
<sentence s_id="62">
		<wf pos="NN">تیٖر</wf>
		<wf pos="NN">اَنٛداز</wf>
		<wf pos="VAUX">چُھ</wf>
		<wf pos="VM">ہِرنَس</wf>
		<wf pos="NN" sense_id="1">داغ</wf>
		<wf pos="VM">بَنٲوِتھ</wf>
		<wf pos="SYM">۔</wf>
</sentence>
<sentence s_id="63">
		<wf pos="PRP">تٔمۍ</wf>
		<wf pos="VM">روٚٹ</wf>
		<wf pos="NN" sense_id="1">داغ</wf>
		<wf pos="CC">تہٕ</wf>
		<wf pos="VM">دَبووُن</wf>
		<wf pos="NN">ٹرِگر</wf>
		<wf pos="SYM">۔</wf>
</sentence>
<sentence s_id="64">
		<wf pos="NNP">ریگِستانَس</wf>
		<wf pos="PSP">منٛز</wf>
		<wf pos="VAUX">چھِ</wf>
		<wf pos="NN">جایہِ</wf>
		<wf pos="NN">جایہِ</wf>
		<wf pos="NN">ووٗنٛٹن</wf>
		<wf pos="PSP">ہِنٛدٮ۪ن</wf>
		<wf pos="NN">کھۄرن</wf>
		<wf pos="PSP">ہِنٛدۍ</wf>
		<wf pos="NN" sense_id="1">داغ</wf>
		<wf pos="SYM">۔</wf>
</sentence>
<sentence s_id="65">
		<wf pos="PRP">تٔمۍ</wf>
		<wf pos="VM">بَنوو</wf>
		<wf pos="NN">مارکَر</wf>
		<wf pos="PSP">سۭتۍ</wf>
		<wf pos="JJ">پرٛٮ۪تھ</wf>
		<wf pos="PRP">کُنہِ</wf>
		<wf pos="NN">چیٖزَس</wf>
		<wf pos="PSP">پٮ۪ٹھ</wf>
		<wf pos="JJ">اَلَگ</wf>
		<wf pos="JJ">اَلَگ</wf>
		<wf pos="NN" sense_id="1">داغ</wf>
		<wf pos="SYM">۔</wf>
</sentence>
<sentence s_id="66">
		<wf pos="PRP">تٔمۍ</wf>
		<wf pos="VAUX">چُھ</wf>
		<wf pos="NN">کِتابہِ</wf>
		<wf pos="PSP">ہِنٛدٮ۪ن</wf>
		<wf pos="JJ">ضرٗری</wf>
		<wf pos="NN">سَبقن</wf>
		<wf pos="PSP">پٮ۪ٹھ</wf>
		<wf pos="NN" sense_id="1">داغ</wf>
		<wf pos="VM">ترٛوومُت</wf>
		<wf pos="SYM">۔</wf>
</sentence>
<sentence s_id="67">
		<wf pos="PRP">تَس</wf>
		<wf pos="VAUX">چُھ</wf>
		<wf pos="NNP">اَتھَس</wf>
		<wf pos="PSP">پٮ۪ٹھ</wf>
		<wf pos="NEG">نہَ</wf>
		<wf pos="NN">مِٹَن</wf>
		<wf pos="PSP">وول</wf>
		<wf pos="NN" sense_id="1">داغ</wf>
		<wf pos="VM">بَنٲوِتھ</wf>
		<wf pos="SYM">۔</wf>
</sentence>
<sentence s_id="68">
		<wf pos="JJ">پرٛٮ۪تھ</wf>
		<wf pos="PRP">کُنہِ</wf>
		<wf pos="NN">مٕلکَس</wf>
		<wf pos="VAUX">چُھ</wf>
		<wf pos="PRP">پَنُن</wf>
		<wf pos="QC">اَکھ</wf>
		<wf pos="NN">نَشانہٕ</wf>
		<wf pos="PRP">آسانپرٛٮ۪تھ</wf>
		<wf pos="PRP">کُنہِ</wf>
		<wf pos="NN">قومَس</wf>
		<wf pos="CC">یا</wf>
		<wf pos="NN">تَنٛظیٖمہِ</wf>
		<wf pos="VAUX">چُھ</wf>
		<wf pos="PRP">پَنُن</wf>
		<wf pos="JJ">خاص</wf>
		<wf pos="NN" sense_id="1">داغ</wf>
		<wf pos="VM">آسان</wf>
		<wf pos="SYM">۔</wf>
</sentence>
<sentence s_id="69">
		<wf pos="NN">رۄپیہِ</wf>
		<wf pos="PSP">ہُنٛد</wf>
		<wf pos="QC">اَکھ</wf>
		<wf pos="NN">نِشانہٕ:رۄپیہٕ</wf>
		<wf pos="PSP">ہِنٛدِ</wf>
		<wf pos="NN" sense_id="2">داغ</wf>
		<wf pos="PSP">سۭتۍ</wf>
		<wf pos="VAUX">چُھ</wf>
		<wf pos="NN">رۄپیہِ</wf>
		<wf pos="PSP">ہِنٛدِ</wf>
		<wf pos="NN">قۭمتُک</wf>
		<wf pos="RB">پے</wf>
		<wf pos="VM">لَگان</wf>
		<wf pos="SYM">۔</wf>
</sentence>
<sentence s_id="70">
		<wf pos="PRP">سۄ</wf>
		<wf pos="NN">جاے</wf>
		<wf pos="RB">ییٚتٮ۪ن</wf>
		<wf pos="NN" sense_id="1">داغ</wf>
		<wf pos="VM">سادنہٕ</wf>
		<wf pos="VAUX">چُھ</wf>
		<wf pos="PRP">یِوان:تٔمۍ</wf>
		<wf pos="CC">لوے</wf>
		<wf pos="JJ">گۄڈنِکسٕے</wf>
		<wf pos="NN">نِشانَس</wf>
		<wf pos="PSP">منٛز</wf>
		<wf pos="NN">سِپرِ</wf>
		<wf pos="PSP">پٮ۪ٹھ</wf>
		<wf pos="NN" sense_id="2">داغ</wf>
		<wf pos="SYM">۔</wf>
</sentence>
<sentence s_id="71">
		<wf pos="DEM">ییٚمہِ</wf>
		<wf pos="PSP">سۭتۍ</wf>
		<wf pos="NN">مٮ۪وٕ</wf>
		<wf pos="CC">یا</wf>
		<wf pos="NN">پَن</wf>
		<wf pos="NN">کُلِس</wf>
		<wf pos="PSP">سۭتۍ</wf>
		<wf pos="JJ">بَنٛد</wf>
		<wf pos="VAUX">چُھ</wf>
		<wf pos="QC">آسان:تیٚمہِ</wf>
		<wf pos="PSP">سٕنٛدِ</wf>
		<wf pos="QC">اَکے</wf>
		<wf pos="NN" sense_id="1">داغ</wf>
		<wf pos="PSP">سۭتۍ</wf>
		<wf pos="VAUX">گٔے</wf>
		<wf pos="NN">اَمب</wf>
		<wf pos="NN">دَنٛد</wf>
		<wf pos="PSP">ہٮ۪تھ</wf>
		<wf pos="NN">لَنٛجہِ</wf>
		<wf pos="PSP">نِش</wf>
		<wf pos="JJ">اَلَگ</wf>
		<wf pos="SYM">۔</wf>
</sentence>
<sentence s_id="72">
		<wf pos="NN">شِکٲرۍ</wf>
		<wf pos="RB">ییٚلہِ</wf>
		<wf pos="NN">أدرِس</wf>
		<wf pos="NN">زٔمیٖنَس</wf>
		<wf pos="PSP">پٮ۪ٹھ</wf>
		<wf pos="PRP">سٕہہ</wf>
		<wf pos="PSP">سٕنٛدۍ</wf>
		<wf pos="NN">کھۄرٕکۍ</wf>
		<wf pos="NN" sense_id="1">داغ</wf>
		<wf pos="JJ">وٕچھ</wf>
		<wf pos="CC">تہٕ</wf>
		<wf pos="VM">پوٚک</wf>
		<wf pos="RB">برٚۄنٛہہ</wf>
		<wf pos="VM">کُن</wf>
		<wf pos="SYM">۔</wf>
</sentence>
<sentence s_id="73">
		<wf pos="NN">مٮ۪ژِ</wf>
		<wf pos="PSP">ہِنٛز</wf>
		<wf pos="NN">چٲٹۍ</wf>
		<wf pos="DEM">یۄس</wf>
		<wf pos="NN">گُلیلَس</wf>
		<wf pos="PSP">پٮ۪ٹھ</wf>
		<wf pos="VM">تھاوِتھ</wf>
		<wf pos="NN" sense_id="1">داغ</wf>
		<wf pos="VAUX">چُھ</wf>
		<wf pos="VM">یِوان</wf>
		<wf pos="RDP">لَگاونہٕ:گُلیل</wf>
		<wf pos="NN">دَب</wf>
		<wf pos="NN">یِوٲنۍ</wf>
		<wf pos="VM">پیٚو</wf>
		<wf pos="NN">جاناوار</wf>
		<wf pos="NN">زٔمیٖنَس</wf>
		<wf pos="PSP">پٮ۪ٹھ</wf>
		<wf pos="SYM">۔</wf>
</sentence>
<sentence s_id="74">
		<wf pos="QC">اَکہِ</wf>
		<wf pos="NN">قٕسمٕچ</wf>
		<wf pos="NN">جَنٛگلی</wf>
		<wf pos="NN">کۄکٕر:شِکٲرۍ</wf>
		<wf pos="PSP">سٕنٛدِ</wf>
		<wf pos="QC">اَکہِ</wf>
		<wf pos="NN" sense_id="1">داغ</wf>
		<wf pos="PSP">سۭتۍ</wf>
		<wf pos="NNP">مۄیہِ</wf>
		<wf pos="NN">جَنٛگلی</wf>
		<wf pos="NN">کۄکٕر</wf>
		<wf pos="SYM">۔</wf>
</sentence>
<sentence s_id="75">
		<wf pos="NNPC">نیشنل</wf>
		<wf pos="NNP">کانٛفرٛنسن</wf>
		<wf pos="VAUX">چُھ</wf>
		<wf pos="PRP">پنُن</wf>
		<wf pos="NN">ووٹ</wf>
		<wf pos="NN" sense_id="1">داغ</wf>
		<wf pos="NN">البٲنۍ</wf>
		<wf pos="VM">تھوٚومُت</wf>
		<wf pos="SYM">۔</wf>
</sentence>
<sentence s_id="76">
		<wf pos="JJ">پانٛژ</wf>
		<wf pos="NN" sense_id="1">داغ</wf>
		<wf pos="PSP">وول</wf>
		<wf pos="NN">تاسُک</wf>
		<wf pos="PRP">پوٚٹ:مےٚ</wf>
		<wf pos="PSP">نِش</wf>
		<wf pos="VAUX">چُھ</wf>
		<wf pos="JJ">صِرِف</wf>
		<wf pos="PSP">تُرفُک</wf>
		<wf pos="NN">پَنٛجہٕ</wf>
		<wf pos="SYM">۔</wf>
</sentence>
<sentence s_id="77">
		<wf pos="NN">بَنٛدوٗقہٕ</wf>
		<wf pos="NN">باز</wf>
		<wf pos="VAUX">اوس</wf>
		<wf pos="NN" sense_id="1">داغ</wf>
		<wf pos="VM">لَگاوان</wf>
		<wf pos="SYM">۔</wf>
</sentence>
<sentence s_id="78">
		<wf pos="NNP">سَرف</wf>
		<wf pos="PSP">سۭتۍ</wf>
		<wf pos="VAUX">چھِ</wf>
		<wf pos="NN">پَلوَن</wf>
		<wf pos="PSP">ہٕنٛدۍ</wf>
		<wf pos="NN" sense_id="1">داغ</wf>
		<wf pos="VM">،</wf>
		<wf pos="NN" sense_id="1">داغ</wf>
		<wf pos="NN">وغٲرٕ</wf>
		<wf pos="VM">ژَلان</wf>
		<wf pos="SYM">۔</wf>
</sentence>
<sentence s_id="79">
		<wf pos="JJ">صحیح</wf>
		<wf pos="NN">جُملَن</wf>
		<wf pos="VM">تَھٔوِو</wf>
		<wf pos="JJ">صحیح</wf>
		<wf pos="VAUX">آسنُک</wf>
		<wf pos="NN" sense_id="1">داغ</wf>
		<wf pos="SYM">۔</wf>
</sentence>
<sentence s_id="80">
		<wf pos="NN">میجَر</wf>
		<wf pos="RP">صٲب</wf>
		<wf pos="VAUX">چُھ</wf>
		<wf pos="NN">اَٹَل</wf>
		<wf pos="NN" sense_id="1">داغ</wf>
		<wf pos="VM">لگاوان</wf>
		<wf pos="SYM">۔</wf>
</sentence>
<sentence s_id="81">
		<wf pos="NN">شِکٲرِس</wf>
		<wf pos="PSP">چوٗکیو</wf>
		<wf pos="NN" sense_id="1">داغ</wf>
		<wf pos="SYM">۔</wf>
</sentence>
<sentence s_id="82">
		<wf pos="PRP">تٔمۍ</wf>
		<wf pos="NN">کَتھ</wf>
		<wf pos="VM">بنووُس</wf>
		<wf pos="PRP">بہٕ</wf>
		<wf pos="NN" sense_id="1">داغ</wf>
		<wf pos="INJ">!</wf>
		<wf pos="SYM">۔</wf>
</sentence>
<sentence s_id="83">
		<wf pos="DEM">یُس</wf>
		<wf pos="NN">رَزٕ</wf>
		<wf pos="PSP">سۭتۍ</wf>
		<wf pos="VM">چارنہٕ</wf>
		<wf pos="VAUX">آسہِ</wf>
		<wf pos="VM">آمُت</wf>
		<wf pos="CC">یا</wf>
		<wf pos="DEM">یَتھ</wf>
		<wf pos="NN">کَمانہِ</wf>
		<wf pos="PSP">ہُنٛد</wf>
		<wf pos="NN">پَن</wf>
		<wf pos="VAUX">آسہِ</wf>
		<wf pos="NN">لٲگٕتھ:ۂتھیارو</wf>
		<wf pos="NN">روستٕے</wf>
		<wf pos="VM">کرنَس</wf>
		<wf pos="VM">مارنہٕ</wf>
		<wf pos="VM">خٲطرٕلَگوو</wf>
		<wf pos="NN">اوٚرجُنَن</wf>
		<wf pos="NN">کَرنِنِس</wf>
		<wf pos="VM">کٔسِتھ</wf>
		<wf pos="NN">کمانَس</wf>
		<wf pos="NN" sense_id="1">داغ</wf>
		<wf pos="SYM">۔</wf>
</sentence>
<sentence s_id="84">
		<wf pos="QC">اَکھ</wf>
		<wf pos="JJ">پٔرِنٛدٕ</wf>
		<wf pos="DEM">یُس</wf>
		<wf pos="NN">تیٖتَر</wf>
		<wf pos="PSP">ہٕنٛدِ</wf>
		<wf pos="NN">ذٲژ</wf>
		<wf pos="PSP">ہُنٛد</wf>
		<wf pos="VM">آسان</wf>
		<wf pos="NN">چُھ:شِکٲرۍ</wf>
		<wf pos="PSP">سٕنٛدِ</wf>
		<wf pos="QC">اَکہِ</wf>
		<wf pos="NN" sense_id="1">داغ</wf>
		<wf pos="PSP">سۭتۍ</wf>
		<wf pos="VM">پیوٚو</wf>
		<wf pos="NN">لوا</wf>
		<wf pos="NN">پَتھَر</wf>
		<wf pos="SYM">۔</wf>
</sentence>
<sentence s_id="85">
		<wf pos="QC">اَکہِ</wf>
		<wf pos="NN">قٔسمُک</wf>
		<wf pos="NN">پٔرِنٛدٕ:شِکٲرۍ</wf>
		<wf pos="PSP">سٕنٛدِ</wf>
		<wf pos="NN" sense_id="1">داغ</wf>
		<wf pos="PSP">سۭتۍ</wf>
		<wf pos="VAUX">گوٚو</wf>
		<wf pos="RB">جیٚبر</wf>
		<wf pos="VM">زَخمی</wf>
		<wf pos="SYM">۔</wf>
</sentence>
<sentence s_id="86">
		<wf pos="PRP">تٔمۍ</wf>
		<wf pos="PRP">سُںٛد</wf>
		<wf pos="NN" sense_id="1">داغ</wf>
		<wf pos="VM">لوٚگ</wf>
		<wf pos="JJ">تھیٖک</wf>
		<wf pos="POW">پٲٹھۍ</wf>
		<wf pos="SYM">۔</wf>
</sentence>
<sentence s_id="87">
		<wf pos="PRP">سۄ</wf>
		<wf pos="QC">اَکھ</wf>
		<wf pos="NN">بیٚمٲرۍ</wf>
		<wf pos="DEM">یَتھ</wf>
		<wf pos="PSP">منٛز</wf>
		<wf pos="JJ">پوٗرٕ</wf>
		<wf pos="NN">جِسمَِس</wf>
		<wf pos="NN">دانہٕ</wf>
		<wf pos="VAUX">چھِ</wf>
		<wf pos="VM">نیران</wf>
		<wf pos="CC">تہِ</wf>
		<wf pos="DEM">تَمہِ</wf>
		<wf pos="NN">پَتہِ</wf>
		<wf pos="DEM">تَمیُک</wf>
		<wf pos="NN" sense_id="1">داغ</wf>
		<wf pos="RB">ہمیشہ</wf>
		<wf pos="VAUX">روزان:ووٚژھ</wf>
		<wf pos="VM">موٗد</wf>
		<wf pos="VM">شُتلیٚو</wf>
		<wf pos="PSP">سۭتۍ</wf>
		<wf pos="SYM">۔</wf>
</sentence>
<sentence s_id="88">
		<wf pos="NN" sense_id="1">داغ</wf>
		<wf pos="NN">بازَس</wf>
		<wf pos="VM">ڈوٚل</wf>
		<wf pos="NN" sense_id="1">داغ</wf>
		<wf pos="SYM">۔</wf>
</sentence>
<sentence s_id="89">
		<wf pos="NN">بَچہِ</wf>
		<wf pos="VAUX">چھِ</wf>
		<wf pos="NN">کَبَڑی</wf>
		<wf pos="PSP">ہٕنٛدِس</wf>
		<wf pos="NN">مٲدانَس</wf>
		<wf pos="NN" sense_id="1">داغ</wf>
		<wf pos="VM">تراوان</wf>
		<wf pos="SYM">۔</wf>
</sentence>
<sentence s_id="90">
		<wf pos="DEM">یُس</wf>
		<wf pos="NN">سوالہٕ</wf>
		<wf pos="PSP">کِس</wf>
		<wf pos="NN">صوٗرتس</wf>
		<wf pos="PSP">منٛز</wf>
		<wf pos="NN">آسہِ:یہِ</wf>
		<wf pos="VAUX">چھُ</wf>
		<wf pos="VM">سوالِیہ</wf>
		<wf pos="NN" sense_id="1">داغ</wf>
		<wf pos="SYM">۔</wf>
</sentence>
<sentence s_id="91">
		<wf pos="NNPC">زا</wf>
		<wf pos="NNP">بَچہ</wf>
		<wf pos="PSP">سٕنٛدِ</wf>
		<wf pos="NN">جِسمٕکۍ</wf>
		<wf pos="JJ">واریاہ</wf>
		<wf pos="NN" sense_id="1">داغ</wf>
		<wf pos="NN">ٲسۍواریاہ</wf>
		<wf pos="JJ">جان</wf>
		<wf pos="SYM">۔</wf>
</sentence>
<sentence s_id="92">
		<wf pos="DEM">ییٚمِکۍ</wf>
		<wf pos="QC">ژور</wf>
		<wf pos="DEM">بٕتھۍ</wf>
		<wf pos="QC">ژورَن</wf>
		<wf pos="NN">طرفََن</wf>
		<wf pos="VM">کُن</wf>
		<wf pos="VM">آسَن:سارناتھَس</wf>
		<wf pos="NNPC">منٛزچھُ</wf>
		<wf pos="NNP">اَشوکنِس</wf>
		<wf pos="JJ">درَم</wf>
		<wf pos="NN">چکرَس</wf>
		<wf pos="PSP">پٮ۪ٹھ</wf>
		<wf pos="QC">ژور</wf>
		<wf pos="PRP">سٕہہ</wf>
		<wf pos="PRP">یِمَن</wf>
		<wf pos="QC">ژورَن</wf>
		<wf pos="NN">طرفَن</wf>
		<wf pos="VM">کُن</wf>
		<wf pos="QC">ژور</wf>
		<wf pos="DEM">بٕتھۍ</wf>
		<wf pos="VAUX">چھِ</wf>
		<wf pos="PRP">یُس</wf>
		<wf pos="NN">بارتَن</wf>
		<wf pos="PRP">پَنُن</wf>
		<wf pos="JJ">قومی</wf>
		<wf pos="NN" sense_id="1">داغ</wf>
		<wf pos="VM">بَنوومُت</wf>
		<wf pos="VAUX">چھُ</wf>
		<wf pos="SYM">۔</wf>
</sentence>
<sentence s_id="93">
		<wf pos="NN">لَفظُک</wf>
		<wf pos="PRP">سُہ</wf>
		<wf pos="NN">طاقَت</wf>
		<wf pos="DEM">ییٚمہِ</wf>
		<wf pos="PSP">سۭتۍ</wf>
		<wf pos="PRP">تِمَن</wf>
		<wf pos="PSP">ہِنٛدِس</wf>
		<wf pos="NN">مطلَبَس</wf>
		<wf pos="PSP">پٮ۪ٹھ</wf>
		<wf pos="NN" sense_id="1">داغ</wf>
		<wf pos="VAUX">چُھ</wf>
		<wf pos="NN">گژھان:لَکشَن</wf>
		<wf pos="VAUX">چُھ</wf>
		<wf pos="VM">آسان</wf>
		<wf pos="QC">دۄن</wf>
		<wf pos="NN">قٕسمَن</wf>
		<wf pos="PSP">ہُنٛد،</wf>
		<wf pos="NN">نِروٗد</wf>
		<wf pos="CC">تہٕ</wf>
		<wf pos="NNPC">پرٛیوجنوتی</wf>
		<wf pos="SYM">۔</wf>
</sentence>
<sentence s_id="94">
		<wf pos="NN">پَڑَر</wf>
		<wf pos="NN" sense_id="1">داغ</wf>
		<wf pos="NN">وٕچھتٕے</wf>
		<wf pos="VM">لوٚگ</wf>
		<wf pos="PRP">مےٚ</wf>
		<wf pos="NN">پٔے</wf>
		<wf pos="NN">کَھہَس</wf>
		<wf pos="PSP">منٛز</wf>
		<wf pos="VAUX">چھہِ</wf>
		<wf pos="NN">جانٛوَر</wf>
		<wf pos="VM">ژامٕتۍ</wf>
		<wf pos="VM">ٲسمٕتۍ</wf>
		<wf pos="SYM">۔</wf>
</sentence>
<sentence s_id="95">
		<wf pos="QC">اَکھ</wf>
		<wf pos="PRP">سُہ</wf>
		<wf pos="NN">آلہٕ</wf>
		<wf pos="DEM">یُس</wf>
		<wf pos="NN">آبَس</wf>
		<wf pos="PSP">مَنٛز</wf>
		<wf pos="VM">ترٛٲوِتھ</wf>
		<wf pos="PRP">کُنہِ</wf>
		<wf pos="NN">چیٖز</wf>
		<wf pos="NN">بیترٕچ</wf>
		<wf pos="JJ">دوٗری</wf>
		<wf pos="VAUX">چُھ</wf>
		<wf pos="NN">مینان:سونارٕ</wf>
		<wf pos="PSP">سۭتۍ</wf>
		<wf pos="VAUX">ٲسۍ</wf>
		<wf pos="NNC">لڑایہِ</wf>
		<wf pos="NN">وِزِ</wf>
		<wf pos="JJ">ٲبی</wf>
		<wf pos="NN">توپَن</wf>
		<wf pos="PSP">ہٕنٛز</wf>
		<wf pos="NN" sense_id="1">داغ</wf>
		<wf pos="NN">دٕہٲنی</wf>
		<wf pos="VM">کَرنہٕ</wf>
		<wf pos="VAUX">یِوان</wf>
		<wf pos="SYM">۔</wf>
</sentence>
<sentence s_id="96">
		<wf pos="QC">ژور</wf>
		<wf pos="JJ">ہٮ۪نٛگہٕ</wf>
		<wf pos="POW">دار</wf>
		<wf pos="QC">اَکہِ</wf>
		<wf pos="NN">قٕسمٕچ</wf>
		<wf pos="NN">روٗسۍکٔٹ:شِکٲرۍ</wf>
		<wf pos="PSP">سٕنٛدِ</wf>
		<wf pos="JJ">مُکمل</wf>
		<wf pos="NN">تیٖرکہِ</wf>
		<wf pos="NN" sense_id="1">داغ</wf>
		<wf pos="VM">سٟتۍ</wf>
		<wf pos="VAUX">گٔیہِ</wf>
		<wf pos="JJ">ژُ</wf>
		<wf pos="NN">ہٮ۪نٛگل</wf>
		<wf pos="VM">روٗسۍکٔٹ</wf>
		<wf pos="JJ">زخمی</wf>
		<wf pos="SYM">۔</wf>
</sentence>
<sentence s_id="97">
		<wf pos="PRP">سُہ</wf>
		<wf pos="NN" sense_id="1">داغ</wf>
		<wf pos="PRP">یُس</wf>
		<wf pos="NN">تاس</wf>
		<wf pos="NN">پٔترِ</wf>
		<wf pos="PSP">پٮ۪ٹھ</wf>
		<wf pos="VM">آسان</wf>
		<wf pos="NN">چُھ:شِچَس</wf>
		<wf pos="PSP">پٮ۪ٹھ</wf>
		<wf pos="VAUX">چھےٚ</wf>
		<wf pos="QC">شےٚ</wf>
		<wf pos="NN">لَنٛجہِ</wf>
		<wf pos="VM">آسان</wf>
		<wf pos="SYM">۔</wf>
</sentence>
<sentence s_id="98">
		<wf pos="NN">شِکٲری</wf>
		<wf pos="PSP">سٕنٛدِ</wf>
		<wf pos="RB">سیٚدِ</wf>
		<wf pos="NN" sense_id="1">داغ</wf>
		<wf pos="PSP">سۭتۍ</wf>
		<wf pos="VM">پیوٚو</wf>
		<wf pos="JJ">لوش</wf>
		<wf pos="NN">پَتھَر</wf>
		<wf pos="SYM">۔</wf>
</sentence>
<sentence s_id="99">
		<wf pos="DEM">یَتھ</wf>
		<wf pos="NEG">نہٕ</wf>
		<wf pos="NN">اِشارٕ</wf>
		<wf pos="CC">یا</wf>
		<wf pos="NN" sense_id="1">داغ</wf>
		<wf pos="VAUX">آسہِ</wf>
		<wf pos="PRP">دِتھ:أس</wf>
		<wf pos="POW">پٔکۍ</wf>
		<wf pos="NN" sense_id="1">داغ</wf>
		<wf pos="RB">بَغٲر</wf>
		<wf pos="NN">وتہِ</wf>
		<wf pos="PSP">پٮ۪ٹھ</wf>
		<wf pos="INTF">واریاہ</wf>
		<wf pos="RB">دوٗر</wf>
		<wf pos="SYM">۔</wf>
</sentence>
<sentence s_id="100">
		<wf pos="DEM">یُس</wf>
		<wf pos="NEG">نہٕ</wf>
		<wf pos="RB">جلدی</wf>
		<wf pos="NN">وۄتھِ</wf>
		<wf pos="CC">یا</wf>
		<wf pos="NN">وٕڑِ:ووٹ</wf>
		<wf pos="VM">ترٛاونہٕ</wf>
		<wf pos="RB">برٛۄنٛہہ</wf>
		<wf pos="VAUX">چھِ</wf>
		<wf pos="NN">اوٚنٛگٕجہِ</wf>
		<wf pos="PSP">پٮ۪ٹھ</wf>
		<wf pos="NN">پۄختہٕ</wf>
		<wf pos="RDP">رنٛگہٕ</wf>
		<wf pos="PSP">سۭتۍ</wf>
		<wf pos="NN" sense_id="1">داغ</wf>
		<wf pos="VM">ترٛاوان</wf>
		<wf pos="SYM">۔</wf>
</sentence>
<sentence s_id="101">
		<wf pos="PRP">سُہ</wf>
		<wf pos="NN" sense_id="1">داغ</wf>
		<wf pos="DEM">یُس</wf>
		<wf pos="PRP">کانٛہہ</wf>
		<wf pos="NN">تِجارَت</wf>
		<wf pos="NN">کَرَن</wf>
		<wf pos="POW">وول،</wf>
		<wf pos="PSP">تَنٛظیٖم،کَمپٔنی</wf>
		<wf pos="NN">بیترِ</wf>
		<wf pos="PRP">پَنُن</wf>
		<wf pos="NN">چیٖز</wf>
		<wf pos="CC">یا</wf>
		<wf pos="NN">کٲم</wf>
		<wf pos="NN">باکیَن</wf>
		<wf pos="PSP">نِش</wf>
		<wf pos="JJ">اَلَگ</wf>
		<wf pos="NN">کَڑنہٕ</wf>
		<wf pos="PSP">خٲطرٕ</wf>
		<wf pos="NN">اَستعمال</wf>
		<wf pos="VAUX">چھِ</wf>
		<wf pos="PRP">کَران:پرٛٮ۪تھ</wf>
		<wf pos="PRP">کُنہِ</wf>
		<wf pos="PSP">کَمپٔنی</wf>
		<wf pos="VAUX">چُھ</wf>
		<wf pos="PRP">پَنُن</wf>
		<wf pos="JJ">اَلَگ</wf>
		<wf pos="NN">ٹریڑ</wf>
		<wf pos="JJ">مارٕک</wf>
		<wf pos="VM">آسان</wf>
		<wf pos="SYM">۔</wf>
</sentence>
<sentence s_id="102">
		<wf pos="NN">کِرٛکَٹس</wf>
		<wf pos="PSP">منٛز</wf>
		<wf pos="VM">دِنہٕ</wf>
		<wf pos="VM">آمتہِ</wf>
		<wf pos="NN" sense_id="1">داغ</wf>
		<wf pos="RB">نٮ۪بر</wf>
		<wf pos="VM">نیٖرِتھ</wf>
		<wf pos="NN">بال:اَمپیرَن</wf>
		<wf pos="VM">کوٚر</wf>
		<wf pos="NN">مُرلی</wf>
		<wf pos="PSP">سٕنٛزِ</wf>
		<wf pos="JJ">گۄڈنِچے</wf>
		<wf pos="NN">بالہِ</wf>
		<wf pos="PSP">پٮ۪ٹھ</wf>
		<wf pos="NN">نوٚوبالہِ</wf>
		<wf pos="PSP">ہُنٛد</wf>
		<wf pos="NN">اِشارٕ</wf>
		<wf pos="SYM">۔</wf>
</sentence>
<sentence s_id="103">
		<wf pos="JJ">ٹھیک</wf>
		<wf pos="NN">جایہٕ</wf>
		<wf pos="PSP">پٮ۪ٹھ</wf>
		<wf pos="VAUX">گَژھِتھ</wf>
		<wf pos="NN">لاگُن:اَرجُن</wf>
		<wf pos="PSP">سٕنٛدِ</wf>
		<wf pos="NNP">تیٖرُک</wf>
		<wf pos="NN" sense_id="2">داغ</wf>
		<wf pos="VAUX">آو</wf>
		<wf pos="RB">سیوٚد</wf>
		<wf pos="NN">گاڈِ</wf>
		<wf pos="PSP">ہٕنٛزِ</wf>
		<wf pos="NN">أچھ</wf>
		<wf pos="PSP">منٛز</wf>
		<wf pos="VM">لگاونہٕ</wf>
		<wf pos="SYM">۔</wf>
</sentence>
<sentence s_id="104">
		<wf pos="NN">بادشاہ</wf>
		<wf pos="NNP">اشوک</wf>
		<wf pos="PSP">سٕنٛدِ</wf>
		<wf pos="NN">وَقتٕچ</wf>
		<wf pos="INTF">واریاہ</wf>
		<wf pos="JJ">گٔرمٕتٮ۪ن</wf>
		<wf pos="NN">چیٖزَن</wf>
		<wf pos="PSP">پٮ۪ٹھ</wf>
		<wf pos="VM">میٖمِت</wf>
		<wf pos="JJ">ساٮٔکَل</wf>
		<wf pos="NN" sense_id="2">داغ</wf>
		<wf pos="NNP">ییٚم</wf>
		<wf pos="JJ">دھرمچکرٕک</wf>
		<wf pos="NN">علامات</wf>
		<wf pos="NN">چھِ:سانہٕ</wf>
		<wf pos="NN">سکوٗلچہِ</wf>
		<wf pos="VM">لَبہِ</wf>
		<wf pos="NN">پعٹھ</wf>
		<wf pos="VAUX">چُھ</wf>
		<wf pos="NNP">اشوک</wf>
		<wf pos="NN">ژکھٕر</wf>
		<wf pos="SYM">۔</wf>
</sentence>
<sentence s_id="105">
		<wf pos="VM">سۅمبرنہ</wf>
		<wf pos="PSP">منز</wf>
		<wf pos="VAUX">چھِ</wf>
		<wf pos="JJ">نٮ۪صف</wf>
		<wf pos="NNP">پنجٲبۍ</wf>
		<wf pos="NN">بٲتھ</wf>
		<wf pos="CC">تہٕ</wf>
		<wf pos="JJ">نٮ۪صف</wf>
		<wf pos="NNP">کٲشِرۍ</wf>
		<wf pos="NN">لُکہٕ</wf>
		<wf pos="CC">و</wf>
		<wf pos="NN">وترِس</wf>
		<wf pos="VM">سٍتۍ</wf>
		<wf pos="NN">تعلق</wf>
		<wf pos="???">تھاون</wf>
		<wf pos="PSP">وٲلۍ</wf>
		<wf pos="DEM">بییہ</wf>
		<wf pos="CC">تہ</wf>
		<wf pos="PRP">کینہہ</wf>
		<wf pos="JJ">خاص</wf>
		<wf pos="NN">مقالہٕ</wf>
		<wf pos="VAUX">چھِ</wf>
		<wf pos="NNP">کٲشرِ</wf>
		<wf pos="NN">کتابہ</wf>
		<wf pos="PSP">منز</wf>
		<wf pos="NN">مثالے</wf>
		<wf pos="VM">بیون</wf>
		<wf pos="VM">بیون</wf>
		<wf pos="VM">کٔرۍنکھ</wf>
		<wf pos="NN">نقاش</wf>
		<wf pos="VAUX">چھُ</wf>
		<wf pos="NNP">کٔشیرِ</wf>
		<wf pos="PSP">منز</wf>
		<wf pos="JJ">کتِر</wf>
		<wf pos="NN">صنعٔژ</wf>
		<wf pos="CC">تہٕ</wf>
		<wf pos="NN">کترِبانن</wf>
		<wf pos="PSP">ہٕندِس</wf>
		<wf pos="NN">استعمالس</wf>
		<wf pos="PSP">متعلق</wf>
		<wf pos="CC">یا</wf>
		<wf pos="NNP">کٲشرۍ</wf>
		<wf pos="NN">رنگ</wf>
		<wf pos="VM">،</wf>
		<wf pos="NN">پٲتھٕر</wf>
		<wf pos="VM">،</wf>
		<wf pos="NNP">کٔشیرِ</wf>
		<wf pos="PSP">ہُند</wf>
		<wf pos="NNC">لُکہٕ</wf>
		<wf pos="NN">تھیٹر</wf>
		<wf pos="CC">تہٕ</wf>
		<wf pos="NN">سری</wf>
		<wf pos="NN">نگر</wf>
		<wf pos="CC">چہ</wf>
		<wf pos="PRP">کینہہ</wf>
		<wf pos="NN">آورینہپکھٕ</wf>
		<wf pos="VM">،</wf>
		<wf pos="NN">پنجہ</wf>
		<wf pos="CC">تہٕ</wf>
		<wf pos="NN">پڈر</wf>
		<wf pos="NN">عنوانس</wf>
		<wf pos="PSP">تحت</wf>
		<wf pos="QC">اکھ</wf>
		<wf pos="PSP">سٮ۪ٹھٕ</wf>
		<wf pos="VAUX">ہے</wf>
		<wf pos="NNPC">دِلچسپ</wf>
		<wf pos="NNP">،</wf>
		<wf pos="POW">نوو</wf>
		<wf pos="VM">،</wf>
		<wf pos="JJ">معلومٲتی</wf>
		<wf pos="CC">تہٕ</wf>
		<wf pos="PRP">پننہ</wf>
		<wf pos="NN">قسمُک</wf>
		<wf pos="QO">گۅڈنیُک</wf>
		<wf pos="NN">مقالہٕ</wf>
		<wf pos="VAUX">چھُ</wf>
		<wf pos="QC">42ہن</wf>
		<wf pos="NN">صفن</wf>
		<wf pos="PSP">پٮ۪ٹھ</wf>
		<wf pos="DEM">اتھ</wf>
		<wf pos="PSP">منز</wf>
		<wf pos="VAUX">چھے</wf>
		<wf pos="NN">سِوۍ</wf>
		<wf pos="JJ">،فطری</wf>
		<wf pos="VM">،</wf>
		<wf pos="JJ">بالا</wf>
		<wf pos="JJ">فطری</wf>
		<wf pos="CC">تہٕ</wf>
		<wf pos="JJ">خیٲلی</wf>
		<wf pos="NN">جانورن</wf>
		<wf pos="VM">،</wf>
		<wf pos="NN">جاناوارن</wf>
		<wf pos="VM">،</wf>
		<wf pos="NNPC">پشن</wf>
		<wf pos="NNP">،</wf>
		<wf pos="NNP">دیومالٲیی</wf>
		<wf pos="NN">کردارن</wf>
		<wf pos="VM">،</wf>
		<wf pos="JJ">اسطوٗری</wf>
		<wf pos="NN">زُو</wf>
		<wf pos="NN">زٲژن</wf>
		<wf pos="CC">تہٕ</wf>
		<wf pos="JJ">انسٲنی</wf>
		<wf pos="NNP">توہماتن</wf>
		<wf pos="PSP">متعلق</wf>
		<wf pos="JJ">خاص</wf>
		<wf pos="NN">زانکٲری</wf>
		<wf pos="CC">تہ</wf>
		<wf pos="NN">درٕج</wf>
		<wf pos="CC">تہٕ</wf>
		<wf pos="DEM">یِمن</wf>
		<wf pos="NN">زُو</wf>
		<wf pos="NN">زٲژن</wf>
		<wf pos="PSP">ہُند</wf>
		<wf pos="JJ">انسٲنی</wf>
		<wf pos="NN">سماجس</wf>
		<wf pos="VM">سٍتۍ</wf>
		<wf pos="NN">تعلق</wf>
		<wf pos="CC">بلکہ</wf>
		<wf pos="JJ">مختلف</wf>
		<wf pos="NN">قومن</wf>
		<wf pos="PSP">ہٕندِس</wf>
		<wf pos="NN">کلچرس</wf>
		<wf pos="PSP">پٮ۪ٹھ</wf>
		<wf pos="JJ">فی</wf>
		<wf pos="NN">زمانہٕ</wf>
		<wf pos="PSP">اُہند</wf>
		<wf pos="NN">اثر</wf>
		<wf pos="CC">تہ</wf>
		<wf pos="VM">ہاونہٕ</wf>
		<wf pos="JJ">آمتمختٕلف</wf>
		<wf pos="NN">قومن</wf>
		<wf pos="CC">تہٕ</wf>
		<wf pos="NN">مُلکن</wf>
		<wf pos="PSP">منز</wf>
		<wf pos="NN">انسانن</wf>
		<wf pos="PSP">ہٕندٮ۪ن</wf>
		<wf pos="DEM">یِمن</wf>
		<wf pos="NN">زُو</wf>
		<wf pos="NN">زٲژن</wf>
		<wf pos="PSP">ہٕندِ</wf>
		<wf pos="NNC">تعلقہٕ</wf>
		<wf pos="NN">تَوہُمن</wf>
		<wf pos="VM">،</wf>
		<wf pos="NN">اعتقادن</wf>
		<wf pos="CC">تہٕ</wf>
		<wf pos="NN">مفادن</wf>
		<wf pos="PSP">ہٕنز</wf>
		<wf pos="VAUX">کتَھ</wf>
		<wf pos="NEG">چھنہٕ</wf>
		<wf pos="JJ">ساینسی</wf>
		<wf pos="RB">نۅکتے</wf>
		<wf pos="NN">نظٕر</wf>
		<wf pos="VM">کِنۍ</wf>
		<wf pos="VM">کرنہٕ</wf>
		<wf pos="VAUX">آمٕژ</wf>
		<wf pos="CC">بلکہ</wf>
		<wf pos="DEM">یہ</wf>
		<wf pos="PRP">کینژھا</wf>
		<wf pos="VM">وَننہٕ</wf>
		<wf pos="VM">آمُت</wf>
		<wf pos="VAUX">چھُ</wf>
		<wf pos="PRP">سُہ</wf>
		<wf pos="VAUX">چھُ</wf>
		<wf pos="NN">زبان</wf>
		<wf pos="CC">تہٕ</wf>
		<wf pos="NN">لُکہٕ</wf>
		<wf pos="CC">و</wf>
		<wf pos="JJ">وترکہ</wf>
		<wf pos="NN">انبار</wf>
		<wf pos="PSP">منز</wf>
		<wf pos="VM">ژھارنہٕ</wf>
		<wf pos="VM">گارنہٕ</wf>
		<wf pos="VAUX">آمُت</wf>
		<wf pos="RB">الہٕ</wf>
		<wf pos="POW">پلہٕ</wf>
		<wf pos="VAUX">چھُ</wf>
		<wf pos="QC">شیٹھن</wf>
		<wf pos="NN">زُو</wf>
		<wf pos="NN">زٲژن</wf>
		<wf pos="PSP">ہُند</wf>
		<wf pos="NN">ذِکر</wf>
		<wf pos="VAUX">آمُت</wf>
		<wf pos="DEM">یِم</wf>
		<wf pos="JJ">بہر</wf>
		<wf pos="NN">حال</wf>
		<wf pos="NNC">لُکہٕ</wf>
		<wf pos="NN">ووتُرکی</wf>
		<wf pos="JJ">کِردار</wf>
		<wf pos="VAUX">چھِ</wf>
		<wf pos="NN">اَسہ</wf>
		<wf pos="RB">برونہہ</wf>
		<wf pos="VM">کنہ</wf>
		<wf pos="DEM">یِم</wf>
		<wf pos="NN">جانور</wf>
		<wf pos="VM">،</wf>
		<wf pos="NN">جاناوار</wf>
		<wf pos="CC">تہٕ</wf>
		<wf pos="NN">پٔشۍ</wf>
		<wf pos="RB">از</wf>
		<wf pos="CC">تہ</wf>
		<wf pos="NNP">کٔشیرِ</wf>
		<wf pos="PSP">منز</wf>
		<wf pos="RB">وارٕ</wf>
		<wf pos="NN">کارٕ</wf>
		<wf pos="PSP">موجود</wf>
		<wf pos="VAUX">چھِ</wf>
		<wf pos="VM">،</wf>
		<wf pos="PRP">تِمو</wf>
		<wf pos="RP">تہ</wf>
		<wf pos="VAUX">چھے</wf>
		<wf pos="NN">وٲنسہٕ</wf>
		<wf pos="NNP">وادو</wf>
		<wf pos="PSP">پٮ۪ٹھٕ</wf>
		<wf pos="NNP">کٲشرِس</wf>
		<wf pos="JJ">تخلیقی</wf>
		<wf pos="NN">ادبس</wf>
		<wf pos="CC">تہٕ</wf>
		<wf pos="NN">لُکہٕ</wf>
		<wf pos="CC">و</wf>
		<wf pos="NN">وترِس</wf>
		<wf pos="PSP">منز</wf>
		<wf pos="NN">جاے</wf>
		<wf pos="VM">پرٲومٕژ</wf>
		<wf pos="NN">فٲضِل</wf>
		<wf pos="VM">مضمون</wf>
		<wf pos="NN">نگارن</wf>
		<wf pos="VAUX">چھِ</wf>
		<wf pos="PRP">پننہ</wf>
		<wf pos="NN">آیہ</wf>
		<wf pos="VM">سونچِتھ</wf>
		<wf pos="DEM">یِمن</wf>
		<wf pos="PRP">سارِنٕے</wf>
		<wf pos="NN">زُو</wf>
		<wf pos="NN">زٲژن</wf>
		<wf pos="PSP">متعلق</wf>
		<wf pos="JJ">زٲنۍ</wf>
		<wf pos="PSP">ہٕندۍ</wf>
		<wf pos="JJ">توٗدٕ</wf>
		<wf pos="NN">آیٔتۍ</wf>
		<wf pos="VM">تھٲومٕتۍ</wf>
		<wf pos="NN">آگر</wf>
		<wf pos="NN">پچٔھنہ</wf>
		<wf pos="PSP">متعلق</wf>
		<wf pos="VAUX">چھُ</wf>
		<wf pos="PRP">تہُند</wf>
		<wf pos="NN">خیال</wf>
		<wf pos="CC">زِ</wf>
		<wf pos="NN">آگر</wf>
		<wf pos="RB">پچھِٔنۍ</wf>
		<wf pos="NNP">،</wf>
		<wf pos="CC">عنقاتہٕ</wf>
		<wf pos="NNP">سیمُرغ</wf>
		<wf pos="VAUX">چھِ</wf>
		<wf pos="QC">اکھ</wf>
		<wf pos="NN">أکِس</wf>
		<wf pos="PSP">نِش</wf>
		<wf pos="VM">بیون</wf>
		<wf pos="NN">بِدوٗن</wf>
		<wf pos="VM">وننہٕ</wf>
		<wf pos="VAUX">چھُ</wf>
		<wf pos="VAUX">آمُت</wf>
		<wf pos="RB">یِتھٕ</wf>
		<wf pos="POW">پٲٹھۍ</wf>
		<wf pos="PRP">چینِٮ۪ن</wf>
		<wf pos="PSP">ہُند</wf>
		<wf pos="NN">Logoڈریگن</wf>
		<wf pos="VAUX">چھُ</wf>
		<wf pos="CC">یا</wf>
		<wf pos="RB">یِتھٕ</wf>
		<wf pos="POW">پٲٹھۍ</wf>
		<wf pos="NNP">ہندوستانُک</wf>
		<wf pos="RB">أزیُک</wf>
		<wf pos="NN">لوگوٗLogoتہ</wf>
		<wf pos="VAUX">چھُ</wf>
		<wf pos="QC">ژورن</wf>
		<wf pos="QC">سٕہن</wf>
		<wf pos="PSP">ہُند</wf>
		<wf pos="DEM">Capitolیُس</wf>
		<wf pos="NN">شہنشاہ</wf>
		<wf pos="NNP">اشوک</wf>
		<wf pos="NN">اعظم﴿273قم﴾</wf>
		<wf pos="PSP">سُند</wf>
		<wf pos="NN" sense_id="1">داغ</wf>
		<wf pos="VAUX">چھُ</wf>
		<wf pos="RB">،یِتھے</wf>
		<wf pos="POW">پٲٹھۍ</wf>
		<wf pos="VAUX">چھُ</wf>
		<wf pos="NN">آگر</wf>
		<wf pos="VM">پچھِٔنۍ</wf>
		<wf pos="NNP">کٔشیرِ</wf>
		<wf pos="PSP">ہُند</wf>
		<wf pos="NNC">سِمبٕل</wf>
		<wf pos="RB">اصل</wf>
		<wf pos="NN">عبارت</wf>
		<wf pos="VAUX">چھے</wf>
		<wf pos="DEM">یہ</wf>
		<wf pos="SYM">:</wf>
		<wf pos="SYM">۔</wf>
</sentence>
<sentence s_id="106">
		<wf pos="PRP">تٔمۍ</wf>
		<wf pos="PSP">سٕنٛدِس</wf>
		<wf pos="NN">بِتِھس</wf>
		<wf pos="PSP">پٮ۪ٹھ</wf>
		<wf pos="VAUX">چُھ</wf>
		<wf pos="VM">کُرٛہُن</wf>
		<wf pos="NN" sense_id="1">داغ</wf>
		<wf pos="SYM">۔</wf>
</sentence>
<sentence s_id="107">
		<wf pos="NN">وۄٹھ</wf>
		<wf pos="VM">کھٮ۪تھ</wf>
		<wf pos="VAUX">گٔیہِ</wf>
		<wf pos="PRP">سۄ</wf>
		<wf pos="RB">یکدم</wf>
		<wf pos="NN">تھوٚد</wf>
		<wf pos="VM">ؤتِھتھ</wf>
		<wf pos="CC">تہٕ</wf>
		<wf pos="DEM">یہِ</wf>
		<wf pos="VM">توٚرُس</wf>
		<wf pos="NEG">نہٕ</wf>
		<wf pos="NN">فکری</wf>
		<wf pos="CC">زِ</wf>
		<wf pos="RB">کپٲرۍ</wf>
		<wf pos="VAUX">آو</wf>
		<wf pos="PRP">تس</wf>
		<wf pos="NN">گاڑِ</wf>
		<wf pos="PSP">ہُندِ</wf>
		<wf pos="NN">پشہِ</wf>
		<wf pos="PSP">سۭتۍ</wf>
		<wf pos="NN">کلس</wf>
		<wf pos="RB">ٹاس</wf>
		<wf pos="JJ">بےہوش</wf>
		<wf pos="VAUX">گژھنہٕ</wf>
		<wf pos="RB">برۄنہہ</wf>
		<wf pos="VM">دِژ</wf>
		<wf pos="DEM">تَمہِ</wf>
		<wf pos="NN">سرتاج</wf>
		<wf pos="PSP">نہِ</wf>
		<wf pos="NN">سیٖٹہِ</wf>
		<wf pos="PSP">کن</wf>
		<wf pos="NN">نظر</wf>
		<wf pos="PRP">تس</wf>
		<wf pos="VAUX">اوس</wf>
		<wf pos="NN">کلہٕ</wf>
		<wf pos="RB">بۄن</wf>
		<wf pos="PSP">کن</wf>
		<wf pos="CC">تہٕ</wf>
		<wf pos="NN">سیٖٹس</wf>
		<wf pos="PSP">تلہٕ</wf>
		<wf pos="PRP">کنہِ</wf>
		<wf pos="VAUX">اوس</wf>
		<wf pos="JJ">لوکٹس</wf>
		<wf pos="NN">پٔتۍلہٕ</wf>
		<wf pos="NN">ژٔکس</wf>
		<wf pos="PSP">سُمٛب</wf>
		<wf pos="JJ">وۄزُل</wf>
		<wf pos="NN">نار</wf>
		<wf pos="PSP">ہیوٗ</wf>
		<wf pos="NN" sense_id="2">داغ</wf>
		<wf pos="SYM">۔</wf>
</sentence>
<sentence s_id="108">
		<wf pos="NN">موج</wf>
		<wf pos="VAUX">چھِ</wf>
		<wf pos="NN">پَلوَن</wf>
		<wf pos="NN" sense_id="2">داغ</wf>
		<wf pos="VM">کَڑان</wf>
		<wf pos="SYM">۔</wf>
</sentence>
<sentence s_id="109">
		<wf pos="JJ">واریاہ</wf>
		<wf pos="NN">لَٹہِ</wf>
		<wf pos="VM">رَگَڑنہٕ</wf>
		<wf pos="RB">پَتہٕ</wf>
		<wf pos="RP">تہِ</wf>
		<wf pos="VAUX">روٗد</wf>
		<wf pos="DEM">یہِ</wf>
		<wf pos="NN" sense_id="2">داغ</wf>
		<wf pos="SYM">۔</wf>
</sentence>
<sentence s_id="110">
		<wf pos="PRP">ژےٚ</wf>
		<wf pos="CC">دِیُتُتھ</wf>
		<wf pos="PRP">مےٚ</wf>
		<wf pos="JJ">نٔوِس</wf>
		<wf pos="NN">سوٗٹَس</wf>
		<wf pos="NN" sense_id="2">داغ</wf>
		<wf pos="SYM">۔</wf>
</sentence>
<sentence s_id="111">
		<wf pos="JJ">واریاہ</wf>
		<wf pos="NN">لَٹہِ</wf>
		<wf pos="VM">چھلنہٕ</wf>
		<wf pos="RB">پَتہٕ</wf>
		<wf pos="RP">تہِ</wf>
		<wf pos="VM">درٛاو</wf>
		<wf pos="NEG">نہٕ</wf>
		<wf pos="DEM">یَتھ</wf>
		<wf pos="NN">پَلوَس</wf>
		<wf pos="NN" sense_id="2">داغ</wf>
		<wf pos="SYM">۔</wf>
</sentence>
<sentence s_id="112">
		<wf pos="JJ">واریاہ</wf>
		<wf pos="NN">لَٹہِ</wf>
		<wf pos="VM">رَگَڑنہٕ</wf>
		<wf pos="RB">پَتہٕ</wf>
		<wf pos="RP">تہِ</wf>
		<wf pos="VAUX">روٗد</wf>
		<wf pos="DEM">یہِ</wf>
		<wf pos="NN" sense_id="2">داغ</wf>
		<wf pos="SYM">۔</wf>
</sentence>
<sentence s_id="113">
		<wf pos="VM">سَرنہٕ</wf>
		<wf pos="VM">سونٛچنہٕ</wf>
		<wf pos="RB">بغٲرٕے</wf>
		<wf pos="PRP">کٲنٛسہِ</wf>
		<wf pos="PSP">ہِنٛدِس</wf>
		<wf pos="NN">کِردارس</wf>
		<wf pos="PSP">پٮ۪ٹھ</wf>
		<wf pos="NN" sense_id="3">داغ</wf>
		<wf pos="VM">لگاوُن</wf>
		<wf pos="VAUX">چَھ</wf>
		<wf pos="NEG">نہٕ</wf>
		<wf pos="JJ">ٹھیکھ</wf>
		<wf pos="NN">کَتھ</wf>
		<wf pos="SYM">۔</wf>
</sentence>
<sentence s_id="114">
		<wf pos="JJ">سفید</wf>
		<wf pos="NN" sense_id="1">داغ</wf>
		<wf pos="VAUX">چھےٚ</wf>
		<wf pos="NEG">نہٕ</wf>
		<wf pos="JJ">معموٗلی</wf>
		<wf pos="NN">بٮ۪مٲرۍ</wf>
		<wf pos="VAUX">یِوان</wf>
		<wf pos="VM">ماننہٕ</wf>
		<wf pos="SYM">۔</wf>
</sentence>
<sentence s_id="115">
		<wf pos="JJ">واریاہ</wf>
		<wf pos="NN">لَٹہِ</wf>
		<wf pos="VM">چھلنہٕ</wf>
		<wf pos="RB">پَتہٕ</wf>
		<wf pos="RP">تہِ</wf>
		<wf pos="VM">درٛاو</wf>
		<wf pos="NEG">نہٕ</wf>
		<wf pos="DEM">یَتھ</wf>
		<wf pos="NN">پَلوَس</wf>
		<wf pos="NN" sense_id="2">داغ</wf>
		<wf pos="SYM">۔</wf>
</sentence>
<sentence s_id="116">
		<wf pos="NNP">سَرف</wf>
		<wf pos="PSP">سۭتۍ</wf>
		<wf pos="VAUX">چھِ</wf>
		<wf pos="NN">پَلوَن</wf>
		<wf pos="PSP">ہٕنٛدۍ</wf>
		<wf pos="NN" sense_id="2">داغ</wf>
		<wf pos="VM">،</wf>
		<wf pos="NN" sense_id="1">داغ</wf>
		<wf pos="NN">وغٲرٕ</wf>
		<wf pos="VM">ژَلان</wf>
		<wf pos="SYM">۔</wf>
</sentence>
</contextfile>