<?xml version='1.0' encoding='utf-8'?>
<contextfile filename="دورٕ" fileno="28">
<sentence s_id="1">
		<wf pos="JJ">ظٲہِر</wf>
		<wf pos="VAUX">چُھ</wf>
		<wf pos="CC">زِ</wf>
		<wf pos="NNP">بوٚد</wf>
		<wf pos="NN">درمٕکہ</wf>
		<wf pos="NN"  sense_id="1">دورٕ</wf>
		<wf pos="NN">وقتہٕ</wf>
		<wf pos="VM">آسہِے</wf>
		<wf pos="NNP">پالیاپبرمش</wf>
		<wf pos="NN">زبٲنٮ۪ن</wf>
		<wf pos="PSP">ہُنٛد</wf>
		<wf pos="RB">اَتہِ</wf>
		<wf pos="JJ">خاص</wf>
		<wf pos="NN">گرٕ</wf>
		<wf pos="DEM">اَمِچ</wf>
		<wf pos="NN">شہادتھ</wf>
		<wf pos="VAUX">چھٚے</wf>
		<wf pos="NNP">دردی</wf>
		<wf pos="NN">زبٲنۍ</wf>
		<wf pos="PSP">منٛز</wf>
		<wf pos="RB">وُنہِ</wf>
		<wf pos="RP">تہِ</wf>
		<wf pos="VM">موٗجوٗد</wf>
		<wf pos="VAUX">گو</wf>
		<wf pos="DEM">اَتھ</wf>
		<wf pos="PSP">پٮ۪ٹھ</wf>
		<wf pos="NEG">چَھنہٕ</wf>
		<wf pos="RB">وُنہِ</wf>
		<wf pos="QC">اَکھ</wf>
		<wf pos="QF">رَژھ</wf>
		<wf pos="RP">تہِ</wf>
		<wf pos="NN">کٲم</wf>
		<wf pos="VM">سپٕزمٕژ</wf>
		<wf pos="SYM">۔</wf>
</sentence>
<sentence s_id="2">
		<wf pos="QC">۱۹۵٠ء</wf>
		<wf pos="PSP">پٮ۪ٹھٕ</wf>
		<wf pos="QC">۱۹۶۵ء</wf>
		<wf pos="PSP">تام</wf>
		<wf pos="VM">لٮ۪کھنہٕ</wf>
		<wf pos="VAUX">آمتٮ۪ن</wf>
		<wf pos="RB">اکثر</wf>
		<wf pos="NN">افسانن</wf>
		<wf pos="PSP">منٛز</wf>
		<wf pos="VAUX">اوس</wf>
		<wf pos="NN">کردارن</wf>
		<wf pos="PSP">ہُند</wf>
		<wf pos="NN">حال</wf>
		<wf pos="JJ">سمٲجی</wf>
		<wf pos="NN">حالُک</wf>
		<wf pos="NN">نٔتیٖجہِ</wf>
		<wf pos="VM">یوان</wf>
		<wf pos="VM">زاننہٕ</wf>
		<wf pos="CC">تہٕ</wf>
		<wf pos="NN">سماجُک</wf>
		<wf pos="NN">حال</wf>
		<wf pos="VAUX">اوس</wf>
		<wf pos="JJ">مخصوٗص</wf>
		<wf pos="NN">نظرِ</wf>
		<wf pos="VM">وُچھنہٕ</wf>
		<wf pos="CC">تہٕ</wf>
		<wf pos="VM">زاننہٕ</wf>
		<wf pos="VAUX">یِوان</wf>
		<wf pos="JJ">فرد</wf>
		<wf pos="VAUX">اوس</wf>
		<wf pos="NEG">نہٕ</wf>
		<wf pos="JJ">کنی</wf>
		<wf pos="DEM">اَمہِ</wf>
		<wf pos="NN"  sense_id="1">دورٕ</wf>
		<wf pos="PSP">کۍ</wf>
		<wf pos="RB">بیشتر</wf>
		<wf pos="NN">افسانہٕ</wf>
		<wf pos="VAUX">ٲسۍ</wf>
		<wf pos="QC">اکہِ</wf>
		<wf pos="JJ">سیٲسی</wf>
		<wf pos="NN">منشورٕکۍ</wf>
		<wf pos="CC">تہٕ</wf>
		<wf pos="NN">نظرہیکۍ</wf>
		<wf pos="NN">پٲداوار</wf>
		<wf pos="SYM">۔</wf>
</sentence>
<sentence s_id="3">
		<wf pos="NN">ظٲہِر</wf>
		<wf pos="VAUX">چُھ</wf>
		<wf pos="CC">زِ</wf>
		<wf pos="NNP">بوٚد</wf>
		<wf pos="NN">درمٕکہ</wf>
		<wf pos="NN"  sense_id="1">دورٕ</wf>
		<wf pos="NN">وقتہٕ</wf>
		<wf pos="VM">آسہِے</wf>
		<wf pos="NNP">پالیاپبرمش</wf>
		<wf pos="NN">زبٲنٮ۪ن</wf>
		<wf pos="PSP">ہُنٛد</wf>
		<wf pos="NN">قبیٖلہ</wf>
		<wf pos="NNP">دَردِستان</wf>
		<wf pos="JJ">خاص</wf>
		<wf pos="NN">گرٕ</wf>
		<wf pos="DEM">اَمِچ</wf>
		<wf pos="NN">شہادتھ</wf>
		<wf pos="VAUX">چھٚے</wf>
		<wf pos="NNP">دردی</wf>
		<wf pos="NN">زبٲنۍ</wf>
		<wf pos="PSP">منٛز</wf>
		<wf pos="RB">وُنہِ</wf>
		<wf pos="RP">تہِ</wf>
		<wf pos="VM">موٗجوٗد</wf>
		<wf pos="SYM">۔</wf>
</sentence>
<sentence s_id="4">
		<wf pos="NNP">شاہمیری</wf>
		<wf pos="VM">کوٚر</wf>
		<wf pos="NN"  sense_id="1">دورٕ</wf>
		<wf pos="PSP">تام</wf>
		<wf pos="VM">کوٚر</wf>
		<wf pos="NNP">کٲشرٮ۪و</wf>
		<wf pos="JJ">واریاہہِ</wf>
		<wf pos="NN">لٹہِ</wf>
		<wf pos="NNP">کٔشیرِ</wf>
		<wf pos="JJ">نیٚبرِمٮ۪ن</wf>
		<wf pos="JJ">وۄپر</wf>
		<wf pos="NN">حکمرانن</wf>
		<wf pos="NN">سالٕ</wf>
		<wf pos="CC">تہٕ</wf>
		<wf pos="PRP">پنٕنۍ</wf>
		<wf pos="NN">حکمران</wf>
		<wf pos="VM">بنٲوِتھ</wf>
		<wf pos="VM">دَگہٕنٲوِکھ</wf>
		<wf pos="PRP">تِمن</wf>
		<wf pos="PSP">اَتھہِ</wf>
		<wf pos="PRP">پانَس</wf>
		<wf pos="NN">کلہٕ</wf>
		<wf pos="RB">یِتھہٕ</wf>
		<wf pos="POW">کٔنۍ</wf>
		<wf pos="VM">بنیوو</wf>
		<wf pos="NNP">کٲشُر</wf>
		<wf pos="PRP">پننٮ۪و</wf>
		<wf pos="NN">اَتَھو</wf>
		<wf pos="PRP">پنٕنۍ</wf>
		<wf pos="NN">شناخ</wf>
		<wf pos="VM">راوٕرٲوِتھ</wf>
		<wf pos="JJ">مظلوم</wf>
		<wf pos="SYM">۔</wf>
</sentence>
<sentence s_id="5">
		<wf pos="RB">ابتٕدٲیی</wf>
		<wf pos="NN"  sense_id="1">دورٕ</wf>
		<wf pos="PSP">کٮ۪ن</wf>
		<wf pos="NN">لِکھارٮ۪ن</wf>
		<wf pos="PSP">مَنٛز</wf>
		<wf pos="VAUX">چِھ</wf>
		<wf pos="NNPC">پروفیسر</wf>
		<wf pos="NNPC">محیالدین</wf>
		<wf pos="NNP">حاجنی</wf>
		<wf pos="PSP">سُنٛد</wf>
		<wf pos="NN">ناو</wf>
		<wf pos="CC">اَوٕ</wf>
		<wf pos="PSP">کنۍ</wf>
		<wf pos="PSP">قٲبلِہ</wf>
		<wf pos="NN">توجہ</wf>
		<wf pos="CC">زِ</wf>
		<wf pos="PRP">تٔمۍ</wf>
		<wf pos="VM">لیٚکھۍ</wf>
		<wf pos="NN">درجن</wf>
		<wf pos="QF">وادٕ</wf>
		<wf pos="JJ">تحقیٖقی</wf>
		<wf pos="NN">مقالہٕ</wf>
		<wf pos="DEM">یِم</wf>
		<wf pos="NN">وارِ</wf>
		<wf pos="NN">وارِ</wf>
		<wf pos="NNC">(نثرٕچ</wf>
		<wf pos="NN">کتاب)</wf>
		<wf pos="NNP">(مقالات)</wf>
		<wf pos="NN">گامو</wf>
		<wf pos="PSP">مٔنٛزۍ</wf>
		<wf pos="VM">پھیٖرۍ</wf>
		<wf pos="VM">پھیٖرۍ</wf>
		<wf pos="CC">تہٕ</wf>
		<wf pos="NNP">(لُکۍرس)</wf>
		<wf pos="NN">ناوچن</wf>
		<wf pos="PRP">تِہنٛزن</wf>
		<wf pos="NN">کتابن</wf>
		<wf pos="PSP">مَنٛز</wf>
		<wf pos="NN">چھاپ</wf>
		<wf pos="VM">سَپٕدۍ</wf>
		<wf pos="SYM">۔</wf>
</sentence>
<sentence s_id="6">
		<wf pos="NNP">شاہمیری</wf>
		<wf pos="NN"  sense_id="1">دورٕ</wf>
		<wf pos="PSP">پٮ۪ٹھ</wf>
		<wf pos="NNP">چک</wf>
		<wf pos="NN"  sense_id="1">دورٕ</wf>
		<wf pos="PSP">کس</wf>
		<wf pos="RB">ٲخرس</wf>
		<wf pos="PSP">تام</wf>
		<wf pos="VM">کوٚر</wf>
		<wf pos="NNP">کٲشرٮ۪و</wf>
		<wf pos="JJ">واریاہ</wf>
		<wf pos="NN">لٹہِ</wf>
		<wf pos="NNP">کٔشیرِ</wf>
		<wf pos="JJ">نیٚبرِمٮ۪ن</wf>
		<wf pos="JJ">وۄپر</wf>
		<wf pos="NN">حکمرانن</wf>
		<wf pos="NN">سالٕ</wf>
		<wf pos="CC">تہٕ</wf>
		<wf pos="PRP">پنٕنۍ</wf>
		<wf pos="NN">حکمران</wf>
		<wf pos="VM">بنٲوِتھ</wf>
		<wf pos="VM">دَگہٕنٲوِکھ</wf>
		<wf pos="PRP">تِمن</wf>
		<wf pos="PSP">اَتھہِ</wf>
		<wf pos="PRP">پانَس</wf>
		<wf pos="NN">کلہٕ</wf>
		<wf pos="SYM">۔</wf>
</sentence>
<sentence s_id="7">
		<wf pos="NN">کالٕچ</wf>
		<wf pos="RB">لڑٲے</wf>
		<wf pos="NN">ٲسس</wf>
		<wf pos="NN">صبحس</wf>
		<wf pos="VM">مشان</wf>
		<wf pos="CC">تہٕ</wf>
		<wf pos="RB">دُبارٕ</wf>
		<wf pos="VAUX">آسہٕ</wf>
		<wf pos="NN">تمہٕ</wf>
		<wf pos="NN">کوچن</wf>
		<wf pos="NN"  sense_id="2">دورٕ</wf>
		<wf pos="NN">دور</wf>
		<wf pos="VM">کران</wf>
		<wf pos="QC">اکہِ</wf>
		<wf pos="NN">گرٕ</wf>
		<wf pos="VM">کھسان</wf>
		<wf pos="CC">تہٕ</wf>
		<wf pos="RB">بیٚیہِ</wf>
		<wf pos="VM">وسان</wf>
		<wf pos="SYM">۔</wf>
</sentence>
<sentence s_id="8">
		<wf pos="NNP">بگوان</wf>
		<wf pos="NNPC">رام</wf>
		<wf pos="PSP">سٕنٛز</wf>
		<wf pos="NN">عملہٕ</wf>
		<wf pos="VAUX">چھےٚ</wf>
		<wf pos="RB">جٔدیٖد</wf>
		<wf pos="NN"  sense_id="1">دورٕ</wf>
		<wf pos="PSP">خٲطرٕ</wf>
		<wf pos="QC">اَکھ</wf>
		<wf pos="JJ">مَثال</wf>
		<wf pos="SYM">۔</wf>
</sentence>
<sentence s_id="9">
		<wf pos="NNP">بگوان</wf>
		<wf pos="NNPC">رام</wf>
		<wf pos="PSP">سٕنٛز</wf>
		<wf pos="NN">عملہٕ</wf>
		<wf pos="VAUX">چھےٚ</wf>
		<wf pos="RB">جٔدیٖد</wf>
		<wf pos="NN"  sense_id="1">دورٕ</wf>
		<wf pos="PSP">خٲطرٕ</wf>
		<wf pos="QC">اَکھ</wf>
		<wf pos="JJ">مَثال</wf>
		<wf pos="SYM">۔</wf>
</sentence>
<sentence s_id="10">
		<wf pos="NN">پُلیٖس</wf>
		<wf pos="PSP">نہِ</wf>
		<wf pos="RB">لٲٹھۍ</wf>
		<wf pos="NN">چارج</wf>
		<wf pos="VM">کَرنہٕ</wf>
		<wf pos="PSP">سۭتۍ</wf>
		<wf pos="VAUX">گٔیہِ</wf>
		<wf pos="NN"  sense_id="2">دورٕ</wf>
		<wf pos="NN">دور</wf>
		<wf pos="VM">شُروٗع</wf>
		<wf pos="SYM">۔</wf>
</sentence>
<sentence s_id="11">
		<wf pos="NN">پُلیٖس</wf>
		<wf pos="PSP">نہِ</wf>
		<wf pos="RB">لٲٹھۍ</wf>
		<wf pos="NN">چارج</wf>
		<wf pos="VM">کَرنہٕ</wf>
		<wf pos="PSP">سۭتۍ</wf>
		<wf pos="VAUX">گٔیہِ</wf>
		<wf pos="NN"  sense_id="2">دورٕ</wf>
		<wf pos="NN">دور</wf>
		<wf pos="VM">شُروٗع</wf>
		<wf pos="SYM">۔</wf>
</sentence>
<sentence s_id="12">
		<wf pos="PSP">وزیرِ</wf>
		<wf pos="POW">اعظم</wf>
		<wf pos="VAUX">چُھ</wf>
		<wf pos="NN">کارِ</wf>
		<wf pos="PSP">منٛز</wf>
		<wf pos="VM">بِہِتھ</wf>
		<wf pos="NN">علاقُک</wf>
		<wf pos="NN"  sense_id="3">دورٕ</wf>
		<wf pos="VM">کران</wf>
		<wf pos="SYM">۔</wf>
</sentence>
<sentence s_id="13">
		<wf pos="PRP">سُہ</wf>
		<wf pos="NN">نِظام</wf>
		<wf pos="DEM">ییٚمہِ</wf>
		<wf pos="PSP">سۭتۍ</wf>
		<wf pos="NN">جِسمَس</wf>
		<wf pos="PSP">منٛز</wf>
		<wf pos="NN">لِمپھ</wf>
		<wf pos="NN"  sense_id="2">دورٕ</wf>
		<wf pos="VM">کَران</wf>
		<wf pos="NN">چُھ:لِمپھ</wf>
		<wf pos="NN">نِظام</wf>
		<wf pos="PSP">سۭتۍ</wf>
		<wf pos="VAUX">چُھ</wf>
		<wf pos="NN">جِسمَس</wf>
		<wf pos="PSP">منٛز</wf>
		<wf pos="NN">لِمچھ</wf>
		<wf pos="VM">پَکان</wf>
		<wf pos="SYM">۔</wf>
</sentence>
<sentence s_id="14">
		<wf pos="PRP">سُہ</wf>
		<wf pos="NN">نِظام</wf>
		<wf pos="DEM">ییٚمہِ</wf>
		<wf pos="PSP">سۭتۍ</wf>
		<wf pos="NN">جِسمَس</wf>
		<wf pos="PSP">منٛز</wf>
		<wf pos="NN">خوٗن</wf>
		<wf pos="NN"  sense_id="4">دورٕ</wf>
		<wf pos="VAUX">چُھ</wf>
		<wf pos="NN">کَران:سٔرکیوٗلیٹری</wf>
		<wf pos="NN">سِسٹَم</wf>
		<wf pos="PSP">سۭتۍ</wf>
		<wf pos="VAUX">چُھ</wf>
		<wf pos="NN">خوٗن</wf>
		<wf pos="PSP">جِسمٕکٮ۪ن</wf>
		<wf pos="JJ">سٲرنٕے</wf>
		<wf pos="NN">تانَن</wf>
		<wf pos="PSP">منٛز</wf>
		<wf pos="PSP">دوران</wf>
		<wf pos="SYM">۔</wf>
</sentence>
<sentence s_id="15">
		<wf pos="JJ">دٲخلی</wf>
		<wf pos="NN">وَزارتُک</wf>
		<wf pos="NN">ؤزیٖر</wf>
		<wf pos="RB">کَرٕ</wf>
		<wf pos="NN">آزٕ</wf>
		<wf pos="NN">سِریٖنَگرُک</wf>
		<wf pos="NN"  sense_id="3">دورٕ</wf>
		<wf pos="SYM">۔</wf>
</sentence>
<sentence s_id="16">
		<wf pos="NNP">بگوان</wf>
		<wf pos="NNPC">رام</wf>
		<wf pos="PSP">سٕنٛز</wf>
		<wf pos="NN">عملہٕ</wf>
		<wf pos="VAUX">چھےٚ</wf>
		<wf pos="RB">جٔدیٖد</wf>
		<wf pos="NN"  sense_id="1">دورٕ</wf>
		<wf pos="PSP">خٲطرٕ</wf>
		<wf pos="QC">اَکھ</wf>
		<wf pos="JJ">مَثال</wf>
		<wf pos="SYM">۔</wf>
</sentence>
<sentence s_id="17">
		<wf pos="PSP">وزیرِ</wf>
		<wf pos="POW">اعظم</wf>
		<wf pos="VAUX">چُھ</wf>
		<wf pos="NN">کارِ</wf>
		<wf pos="PSP">منٛز</wf>
		<wf pos="VM">بِہِتھ</wf>
		<wf pos="NN">علاقُک</wf>
		<wf pos="NN"  sense_id="3">دورٕ</wf>
		<wf pos="VM">کران</wf>
		<wf pos="SYM">۔</wf>
</sentence>
<sentence s_id="18">
		<wf pos="NN">کَنٛسَر</wf>
		<wf pos="PSP">نِش</wf>
		<wf pos="NN">گَژٕھہِ</wf>
		<wf pos="NNP">خۄدا</wf>
		<wf pos="JJ">بَچاوُنلَمغی</wf>
		<wf pos="NN">نِظامہٕ</wf>
		<wf pos="CC">تہٕ</wf>
		<wf pos="NN">خوٗن</wf>
		<wf pos="PSP">کہِ</wf>
		<wf pos="NN"  sense_id="4">دورٕ</wf>
		<wf pos="PSP">سۭتۍ</wf>
		<wf pos="VAUX">ہٮ۪کہِ</wf>
		<wf pos="NNC">کَنٛسر</wf>
		<wf pos="NN">جِسمَس</wf>
		<wf pos="PSP">منٛز</wf>
		<wf pos="VM">پھوٗلِتھ</wf>
		<wf pos="SYM">۔</wf>
</sentence>
<sentence s_id="19">
		<wf pos="NN">سٔہلاب</wf>
		<wf pos="PSP">سۭتۍ</wf>
		<wf pos="JJ">مُتٲثِر</wf>
		<wf pos="NN">عَلاقَن</wf>
		<wf pos="PSP">ہُنٛد</wf>
		<wf pos="NN"  sense_id="3">دورٕ</wf>
		<wf pos="VM">کوٚر</wf>
		<wf pos="NN">آزٕ</wf>
		<wf pos="VM">ؤزیٖزِ</wf>
		<wf pos="NN">غَظمَن</wf>
		<wf pos="SYM">۔</wf>
</sentence>
<sentence s_id="20">
		<wf pos="JJ">مُغَل</wf>
		<wf pos="NN"  sense_id="1">دورٕ</wf>
		<wf pos="RB">برٛونٛٹھ</wf>
		<wf pos="VAUX">اوس</wf>
		<wf pos="NNP">ہُنٛدُستان</wf>
		<wf pos="NN">لۄکچَن</wf>
		<wf pos="PSP">لۄکچَن</wf>
		<wf pos="QC">رِیاسَتَن</wf>
		<wf pos="PSP">منٛز</wf>
		<wf pos="VM">بٲگرٲوِتھ</wf>
		<wf pos="SYM">۔</wf>
</sentence>
<sentence s_id="21">
		<wf pos="JJ">علٲقٲیی</wf>
		<wf pos="NN">اِنَسپٮ۪کٹَرَن</wf>
		<wf pos="VM">کوٚر</wf>
		<wf pos="NN">گامُک</wf>
		<wf pos="NN"  sense_id="3">دورٕ</wf>
		<wf pos="SYM">۔</wf>
</sentence>
<sentence s_id="22">
		<wf pos="NN">وزیر</wf>
		<wf pos="POW">اعظم</wf>
		<wf pos="VAUX">چُھ</wf>
		<wf pos="NN">خۄشِک</wf>
		<wf pos="POW">سٲلی</wf>
		<wf pos="PSP">والٮ۪ن</wf>
		<wf pos="NN">علاقن</wf>
		<wf pos="NN"  sense_id="3">دورٕ</wf>
		<wf pos="VM">کَران</wf>
		<wf pos="SYM">۔</wf>
</sentence>
<sentence s_id="23">
		<wf pos="NN">اِنتخابہٕ</wf>
		<wf pos="RB">برٛونٛٹھ</wf>
		<wf pos="VAUX">چُھ</wf>
		<wf pos="NN">پرٛوپگنٛڈِسٹ</wf>
		<wf pos="NN">گامُک</wf>
		<wf pos="NN"  sense_id="3">دورٕ</wf>
		<wf pos="VM">کَران</wf>
		<wf pos="SYM">۔</wf>
</sentence>
<sentence s_id="24">
		<wf pos="NN">مغرِبُک</wf>
		<wf pos="QC">اکھ</wf>
		<wf pos="PRP">مُلُک:“ہیٛون</wf>
		<wf pos="NN">مول</wf>
		<wf pos="VM">ووت</wf>
		<wf pos="NNP">اپرانٛتُک</wf>
		<wf pos="NN"  sense_id="3">دورٕ</wf>
		<wf pos="NN">کٔرتھ</wf>
		<wf pos="NN">رات</wf>
		<wf pos="JJ">گرٕ“</wf>
		<wf pos="SYM">۔</wf>
</sentence>
<sentence s_id="25">
		<wf pos="NN">پُلیٖس</wf>
		<wf pos="PSP">نہِ</wf>
		<wf pos="RB">لٲٹھۍ</wf>
		<wf pos="NN">چارج</wf>
		<wf pos="VM">کَرنہٕ</wf>
		<wf pos="PSP">سۭتۍ</wf>
		<wf pos="VAUX">گٔیہِ</wf>
		<wf pos="NN"  sense_id="2">دورٕ</wf>
		<wf pos="NN">دور</wf>
		<wf pos="VM">شُروٗع</wf>
		<wf pos="SYM">۔</wf>
</sentence>
<sentence s_id="26">
		<wf pos="NN">گرٛام</wf>
		<wf pos="NN">سیوَک</wf>
		<wf pos="VAUX">چُھ</wf>
		<wf pos="NN">وَقتہٕ</wf>
		<wf pos="NN">وٍَقتہٕ</wf>
		<wf pos="VM">دِنہٕ</wf>
		<wf pos="VAUX">آمتٮ۪ن</wf>
		<wf pos="NN">گامَن</wf>
		<wf pos="PSP">ہُنٛد</wf>
		<wf pos="NN"  sense_id="3">دورٕ</wf>
		<wf pos="VM">کَران</wf>
		<wf pos="VM">روزان</wf>
		<wf pos="SYM">۔</wf>
</sentence>
<sentence s_id="27">
		<wf pos="DEM">یُس</wf>
		<wf pos="NN">قَبٲلین</wf>
		<wf pos="PSP">سۭتۍ</wf>
		<wf pos="JJ">وابستہٕ</wf>
		<wf pos="NN">آسہٕ:وزیرن</wf>
		<wf pos="VM">کوٚر</wf>
		<wf pos="NN">کَبٲل</wf>
		<wf pos="NN">علاقن</wf>
		<wf pos="PSP">ہُند</wf>
		<wf pos="NN"  sense_id="3">دورٕ</wf>
		<wf pos="SYM">۔</wf>
</sentence>
<sentence s_id="28">
		<wf pos="VM">میٚژ،</wf>
		<wf pos="NN">پَل،</wf>
		<wf pos="NN">شیٖن</wf>
		<wf pos="PSP">بیتریٚن</wf>
		<wf pos="PSP">ہُنٛد</wf>
		<wf pos="RB">ؤسۍ</wf>
		<wf pos="VM">پیوٚوُن</wf>
		<wf pos="NN">ڈیر:سۄ</wf>
		<wf pos="VAUX">ٲس</wf>
		<wf pos="NN"  sense_id="3">دورٕ</wf>
		<wf pos="PSP">پیٹھٕ</wf>
		<wf pos="NN">شینہٕ</wf>
		<wf pos="JJ">مانہِ</wf>
		<wf pos="VM">وٕچھان</wf>
		<wf pos="SYM">۔</wf>
</sentence>
<sentence s_id="29">
		<wf pos="NN">خوٗن</wf>
		<wf pos="VM">پَکنٕچ</wf>
		<wf pos="NN">عَملہِ</wf>
		<wf pos="PSP">منٛز</wf>
		<wf pos="NN">رُکاوَٹھ</wf>
		<wf pos="VM">یِنہٕ</wf>
		<wf pos="PSP">سۭتۍ</wf>
		<wf pos="JJ">ہیٚکی</wf>
		<wf pos="NN">دِلُک</wf>
		<wf pos="NN"  sense_id="5">دورٕ</wf>
		<wf pos="VM">پٮ۪تھ</wf>
		<wf pos="SYM">۔</wf>
</sentence>
<sentence s_id="30">
		<wf pos="RB">اکثر</wf>
		<wf pos="VAUX">چُھ</wf>
		<wf pos="NN">لُکَن</wf>
		<wf pos="NNP">پاگَلپَن،مِرگی،دِلکہِ</wf>
		<wf pos="CC">تہٕ</wf>
		<wf pos="NNPC">کَلکہِ</wf>
		<wf pos="NNP">دادیُک</wf>
		<wf pos="NN"  sense_id="5">دورٕ</wf>
		<wf pos="VM">یِوان</wf>
		<wf pos="SYM">۔</wf>
</sentence>
<sentence s_id="31">
		<wf pos="NN">رُکنُک</wf>
		<wf pos="CC">یا</wf>
		<wf pos="NN">رُکنَس</wf>
		<wf pos="PSP">سۭتۍ</wf>
		<wf pos="NN">وابستہٕ:اَز</wf>
		<wf pos="VAUX">ٲس</wf>
		<wf pos="CC">پانٛژ</wf>
		<wf pos="QC">رُکنی</wf>
		<wf pos="JJ">نیٚبرِم</wf>
		<wf pos="NN">جَماعت</wf>
		<wf pos="PRP">سٲنِس</wf>
		<wf pos="NN">گامَس</wf>
		<wf pos="PSP">منٛز</wf>
		<wf pos="NN"  sense_id="3">دورٕ</wf>
		<wf pos="PSP">کَرنہِ</wf>
		<wf pos="VAUX">آمٕژ</wf>
		<wf pos="SYM">۔</wf>
</sentence>
<sentence s_id="32">
		<wf pos="NN">حکوٗمَت</wf>
		<wf pos="VM">حٲصِل</wf>
		<wf pos="VM">کرنہٕ</wf>
		<wf pos="PSP">خٲطرٕ</wf>
		<wf pos="NN">ہتھیارَن</wf>
		<wf pos="PSP">ہُنٛد</wf>
		<wf pos="VM">اِستعمال</wf>
		<wf pos="NN">کرُن:ؤزیٖرِ</wf>
		<wf pos="NNP">اعظَم</wf>
		<wf pos="VAUX">چھِ</wf>
		<wf pos="NN">حکوٗمَت</wf>
		<wf pos="VM">حٲصِل</wf>
		<wf pos="VM">کرنہٕ</wf>
		<wf pos="PSP">خٲطرٕ</wf>
		<wf pos="NN">ہتھیار</wf>
		<wf pos="VM">اِستعمال</wf>
		<wf pos="VM">کرنہٕ</wf>
		<wf pos="PSP">سۭتۍ</wf>
		<wf pos="NN">مُتٲثٕر</wf>
		<wf pos="NN">علاقَن</wf>
		<wf pos="PSP">ہُنٛد</wf>
		<wf pos="NN"  sense_id="3">دورٕ</wf>
		<wf pos="VM">کَرنہٕ</wf>
		<wf pos="VAUX">گٔمٕتۍ</wf>
		<wf pos="SYM">۔</wf>
</sentence>
<sentence s_id="33">
		<wf pos="RB">ییٚتہِ</wf>
		<wf pos="NN">دَہشتٕکۍ</wf>
		<wf pos="VM">اِمکان</wf>
		<wf pos="NN">آسَن:ؤزیرَن</wf>
		<wf pos="VM">کوٚر</wf>
		<wf pos="NN">دَہشَت</wf>
		<wf pos="PSP">وٲلۍ</wf>
		<wf pos="NN">علاقَن</wf>
		<wf pos="PSP">ہُنٛد</wf>
		<wf pos="NN"  sense_id="3">دورٕ</wf>
		<wf pos="SYM">۔</wf>
</sentence>
<sentence s_id="34">
		<wf pos="PRP">سُہ</wf>
		<wf pos="DEM">یُس</wf>
		<wf pos="NN">سیاحَتُک</wf>
		<wf pos="NN">ؤزیٖر</wf>
		<wf pos="RB">آسہِ:ؤزیٖرٕ</wf>
		<wf pos="NN">سَیاحت</wf>
		<wf pos="VAUX">چُھ</wf>
		<wf pos="NN">آزٕ</wf>
		<wf pos="JJ">کَل</wf>
		<wf pos="NN">جایَن</wf>
		<wf pos="PSP">ہُنٛد</wf>
		<wf pos="NN"  sense_id="3">دورٕ</wf>
		<wf pos="VM">کَران</wf>
		<wf pos="SYM">۔</wf>
</sentence>
<sentence s_id="35">
		<wf pos="PRP">سُہ</wf>
		<wf pos="NN">ؤزیٖر</wf>
		<wf pos="NNP">ییٚم</wf>
		<wf pos="PSP">سٕنٛدِ</wf>
		<wf pos="NN">رٲچھ</wf>
		<wf pos="NN">راوٹہِ</wf>
		<wf pos="PSP">منٛز</wf>
		<wf pos="JJ">لیبَر</wf>
		<wf pos="NN">وزارَت</wf>
		<wf pos="VAUX">چھےٚ</wf>
		<wf pos="RB">آسان:لیبَر</wf>
		<wf pos="NN">ؤزیٖر</wf>
		<wf pos="VAUX">چُھ</wf>
		<wf pos="RB">اَز</wf>
		<wf pos="NNP">گٲمی</wf>
		<wf pos="NN">علاقَن</wf>
		<wf pos="PSP">ہُنٛد</wf>
		<wf pos="NN"  sense_id="3">دورٕ</wf>
		<wf pos="PSP">کَرنہِ</wf>
		<wf pos="VM">درامُت</wf>
		<wf pos="SYM">۔</wf>
</sentence>
<sentence s_id="36">
		<wf pos="NN">دِلَس</wf>
		<wf pos="RB">اَچانک</wf>
		<wf pos="NN">خرٲبی</wf>
		<wf pos="PRP">گژٕھںۍ:تِمَن</wf>
		<wf pos="VAUX">چُھ</wf>
		<wf pos="DEM">ییٚمے</wf>
		<wf pos="NN">ؤریہِ</wf>
		<wf pos="QC">دۄیہِ</wf>
		<wf pos="NN">لَٹہِ</wf>
		<wf pos="NN">دِلُک</wf>
		<wf pos="NN"  sense_id="5">دورٕ</wf>
		<wf pos="VAUX">آمُت</wf>
		<wf pos="SYM">۔</wf>
</sentence>
<sentence s_id="37">
		<wf pos="NNP">اٮ۪نٛجِیوپِلاسٹی</wf>
		<wf pos="PSP">سۭتۍ</wf>
		<wf pos="VAUX">چُھ</wf>
		<wf pos="JJ">خوٗنُک</wf>
		<wf pos="NN"  sense_id="4">دورٕ</wf>
		<wf pos="VM">بَڑاونہٕ</wf>
		<wf pos="VAUX">یِوان</wf>
		<wf pos="SYM">۔</wf>
</sentence>
<sentence s_id="38">
		<wf pos="JJ">چارلی</wf>
		<wf pos="NN">چپلن</wf>
		<wf pos="VAUX">چُھ</wf>
		<wf pos="PRP">پننٮ۪و</wf>
		<wf pos="NN">پلوَوتھ</wf>
		<wf pos="CC">تہٕ</wf>
		<wf pos="NN">حرکژو</wf>
		<wf pos="PSP">سۭتۍ</wf>
		<wf pos="JJ">پزٮ۪تھ</wf>
		<wf pos="NN">کٲنِسہ</wf>
		<wf pos="VM">دوکھ</wf>
		<wf pos="VM">دِوان</wf>
		<wf pos="PRP">سانہِ</wf>
		<wf pos="NN">پیٖر</wf>
		<wf pos="PSP">سٕنٛز</wf>
		<wf pos="NN">حالَتھ</wf>
		<wf pos="RP">تہِ</wf>
		<wf pos="VAUX">أس</wf>
		<wf pos="NEG">نہٕ</wf>
		<wf pos="VM">بیٚون</wf>
		<wf pos="JJ">بیوٚن</wf>
		<wf pos="NN">کینٛہہاَسہِ</wf>
		<wf pos="RP">تہِ</wf>
		<wf pos="VAUX">چُھ</wf>
		<wf pos="NN">مَسلو</wf>
		<wf pos="PSP">نِشِہ</wf>
		<wf pos="NN">لوٚب</wf>
		<wf pos="VM">ہٮ۪نس</wf>
		<wf pos="PSP">منٛزے</wf>
		<wf pos="PRP">پنن</wf>
		<wf pos="NN">جانٮ۪ر</wf>
		<wf pos="VM">زونمُت</wf>
		<wf pos="NNP">چپلِن</wf>
		<wf pos="PSP">سُنٛد</wf>
		<wf pos="NN">واٹھ</wf>
		<wf pos="VM">او</wf>
		<wf pos="SYM">س</wf>
		<wf pos="WQ">کتہِ</wf>
		<wf pos="NN">کورٲکس</wf>
		<wf pos="VM">سوکھ</wf>
		<wf pos="JJ">سٲوِس</wf>
		<wf pos="NN">دنیاہس</wf>
		<wf pos="PSP">سۭتۍ</wf>
		<wf pos="DEM">یَتھ</wf>
		<wf pos="NN">منزتس</wf>
		<wf pos="PRP">پننِس</wf>
		<wf pos="NNP">پربتھ</wf>
		<wf pos="PRP">کُنِہ</wf>
		<wf pos="NN">سوالَس</wf>
		<wf pos="NN">جواب</wf>
		<wf pos="VAUX">اوس</wf>
		<wf pos="VM">میلان</wf>
		<wf pos="RB">ییٚلِہ</wf>
		<wf pos="POW">زن</wf>
		<wf pos="PRP">سانہِ</wf>
		<wf pos="NN"  sense_id="1">دورٕ</wf>
		<wf pos="PSP">کۍ</wf>
		<wf pos="NN">حالاتھ</wf>
		<wf pos="INTF">زیادَے</wf>
		<wf pos="JJ">کریٖٹھۍ</wf>
		<wf pos="VAUX">چھِ</wf>
		<wf pos="VM">وۄن</wf>
		<wf pos="NN">گۄواَسِہ</wf>
		<wf pos="RP">تہِ</wf>
		<wf pos="VAUX">چھٚے</wf>
		<wf pos="VM">چپلنس</wf>
		<wf pos="RB">پَتہٕ</wf>
		<wf pos="RB">پتہٕ</wf>
		<wf pos="QC">اَکھ</wf>
		<wf pos="NN">دورتٲومٕژتتھ</wf>
		<wf pos="WQ">کیاہ</wf>
		<wf pos="VAUX">آسہِ</wf>
		<wf pos="NN">نجام</wf>
		<wf pos="DEM">تمیٛک</wf>
		<wf pos="NEG">چُھنہٕ</wf>
		<wf pos="PRP">کانٛہہ</wf>
		<wf pos="JJ">پَےاَز</wf>
		<wf pos="RP">تہِ</wf>
		<wf pos="VAUX">چھِ</wf>
		<wf pos="PRP">أسۍ</wf>
		<wf pos="NN">مُژتہٕ</wf>
		<wf pos="NN">منزل</wf>
		<wf pos="VM">زاننہٕ</wf>
		<wf pos="RB">روٚستُے</wf>
		<wf pos="NN">ڈوٚکُر</wf>
		<wf pos="NN">ڈوٚکُر</wf>
		<wf pos="VM">دِوان،</wf>
		<wf pos="CC">مگر</wf>
		<wf pos="RB">ونیٚکتام</wf>
		<wf pos="VM">چھِنہٕ</wf>
		<wf pos="PRP">أسۍ</wf>
		<wf pos="DEM">یہِ</wf>
		<wf pos="PSP">تام</wf>
		<wf pos="NN">انزرٲوِتھِ</wf>
		<wf pos="VM">ہیٚکۍ</wf>
		<wf pos="POW">مٕتۍ</wf>
		<wf pos="CC">زِ</wf>
		<wf pos="PRP">أسۍ</wf>
		<wf pos="VM">کورکُن</wf>
		<wf pos="VAUX">چھِ</wf>
		<wf pos="VM">پکان</wf>
		<wf pos="SYM">۔</wf>
</sentence>
<sentence s_id="39">
		<wf pos="WQ">خبر</wf>
		<wf pos="RB">دُبارٕ</wf>
		<wf pos="NNP">کریا</wf>
		<wf pos="NN">ہردٕ</wf>
		<wf pos="NN">روچھ</wf>
		<wf pos="NN"  sense_id="1">دورٕ</wf>
		<wf pos="RB">یپٲرۍ</wf>
		<wf pos="SYM">۔</wf>
</sentence>
<sentence s_id="40">
		<wf pos="JJ">صاحب</wf>
		<wf pos="NN">ِ</wf>
		<wf pos="NNPC">باغِ</wf>
		<wf pos="NNPC">سلیمان</wf>
		<wf pos="NNPC">میر</wf>
		<wf pos="NNPC">سعد</wf>
		<wf pos="NNPC">اللہ</wf>
		<wf pos="NNP">سعادت</wf>
		<wf pos="NNPC">شاہ</wf>
		<wf pos="NNP">آبادی</wf>
		<wf pos="PSP">سُند</wf>
		<wf pos="NNP">نٲدِر</wf>
		<wf pos="NN">نعتِ</wf>
		<wf pos="JJ">شریف</wf>
		<wf pos="NEG">چھُنہٕ</wf>
		<wf pos="RB">صِرف</wf>
		<wf pos="PSP">زیر</wf>
		<wf pos="NN">نظر</wf>
		<wf pos="NN">کتابہ</wf>
		<wf pos="PSP">ہٕنزے</wf>
		<wf pos="NN">یٲژ</wf>
		<wf pos="NN">شوٗب</wf>
		<wf pos="CC">بلکہ</wf>
		<wf pos="NNP">کٲشرٮ۪ن</wf>
		<wf pos="PSP">ہٕندِ</wf>
		<wf pos="PSP">باپتھ</wf>
		<wf pos="NN">حُبِ</wf>
		<wf pos="NNPC">رسول</wf>
		<wf pos="CC">تہٕ</wf>
		<wf pos="NN">عقیدتُک</wf>
		<wf pos="PSP">پوشہ</wf>
		<wf pos="JJ">گوند،</wf>
		<wf pos="NN">اَمکۍ</wf>
		<wf pos="QC">ژور</wf>
		<wf pos="JJ">مٲرۍ</wf>
		<wf pos="RB">مٔندۍ</wf>
		<wf pos="NNP">کٲشِرۍ</wf>
		<wf pos="NN">شعر</wf>
		<wf pos="VAUX">چھِ</wf>
		<wf pos="NNP">کٲشرِ</wf>
		<wf pos="NN">زبٲنۍ</wf>
		<wf pos="NN">توش</wf>
		<wf pos="CC">تہٕ</wf>
		<wf pos="NN">بوش</wf>
		<wf pos="VM">عطا</wf>
		<wf pos="VM">کران</wf>
		<wf pos="VM">،</wf>
		<wf pos="CC">یُتھ</wf>
		<wf pos="JJ">مۅلُل</wf>
		<wf pos="NNP">نعت</wf>
		<wf pos="NN">دریافت</wf>
		<wf pos="VM">کٔرِتھ</wf>
		<wf pos="JJ">محفوٗظ</wf>
		<wf pos="VM">کرُن</wf>
		<wf pos="VAUX">چُھ</wf>
		<wf pos="JJ">خاص</wf>
		<wf pos="JJ">تحقیقی</wf>
		<wf pos="NN">اہمیت</wf>
		<wf pos="NN">تھاوان[7]</wf>
		<wf pos="NN">آتش</wf>
		<wf pos="RP">صٲبن</wf>
		<wf pos="VAUX">چھُ</wf>
		<wf pos="NNP">جدید</wf>
		<wf pos="RB">اکھتُے</wf>
		<wf pos="JJ">ہم</wf>
		<wf pos="NN">کال</wf>
		<wf pos="NN"  sense_id="1">دورٕ</wf>
		<wf pos="PSP">کٮ۪ن</wf>
		<wf pos="NN">کینژَن</wf>
		<wf pos="NN">ادیبن</wf>
		<wf pos="CC">تہٕ</wf>
		<wf pos="NN">شٲعرن</wf>
		<wf pos="NN">مثلن</wf>
		<wf pos="NN">مہجور،</wf>
		<wf pos="NNPC">عبدالاحد</wf>
		<wf pos="NNP">آزاد،</wf>
		<wf pos="NN">لسہٕ</wf>
		<wf pos="NNPC">خانِ</wf>
		<wf pos="NNP">فدا،</wf>
		<wf pos="NNPC">مرزا</wf>
		<wf pos="NNP">عٲرف</wf>
		<wf pos="NNP">،</wf>
		<wf pos="NNPC">امین</wf>
		<wf pos="NNPC">کامل</wf>
		<wf pos="NNP">،</wf>
		<wf pos="NNPC">مرغوب</wf>
		<wf pos="NNP">بانہالی</wf>
		<wf pos="PSP">سٕنزِ</wf>
		<wf pos="NN">شٲعری</wf>
		<wf pos="CC">تہٕ</wf>
		<wf pos="JJ">کُلہُم</wf>
		<wf pos="NN">کنٹِر</wf>
		<wf pos="NN">بیوٗشنَس</wf>
		<wf pos="PSP">متعلق</wf>
		<wf pos="NN">مضمونن</wf>
		<wf pos="NNPC">منزکُنہ</wf>
		<wf pos="NNP">تعارُفی</wf>
		<wf pos="CC">تہٕ</wf>
		<wf pos="NNPC">کُنہ</wf>
		<wf pos="NNPC">تنقیدی</wf>
		<wf pos="NNP">راین</wf>
		<wf pos="PSP">ہُند</wf>
		<wf pos="NN">اظہار</wf>
		<wf pos="VM">کورمُت</wf>
		<wf pos="NNPC">عبدالاحد</wf>
		<wf pos="NN">آزادس</wf>
		<wf pos="PSP">متعلق</wf>
		<wf pos="VM">مضمون</wf>
		<wf pos="VAUX">چھُ</wf>
		<wf pos="JJ">پزی</wf>
		<wf pos="NN">آتش</wf>
		<wf pos="RP">صٲبُن</wf>
		<wf pos="JJ">تحقیقی</wf>
		<wf pos="NN">ذوق</wf>
		<wf pos="NN">وشوق</wf>
		<wf pos="CC">تہٕ</wf>
		<wf pos="NN">بل</wf>
		<wf pos="NN">بِتُر</wf>
		<wf pos="VM">پیش</wf>
		<wf pos="VM">کران</wf>
		<wf pos="NN">فٲضِل</wf>
		<wf pos="VM">مضمون</wf>
		<wf pos="NN">نگارن</wf>
		<wf pos="VAUX">چھُ</wf>
		<wf pos="PRP">ہر</wf>
		<wf pos="PSP">لحاظہٕ</wf>
		<wf pos="NNP">کٲشرِس</wf>
		<wf pos="NN">ادبس</wf>
		<wf pos="NN">دامنس</wf>
		<wf pos="NN">لاد</wf>
		<wf pos="RB">مُژرٲوِتھ</wf>
		<wf pos="NN">واش</wf>
		<wf pos="VM">کوڈمُت</wf>
		<wf pos="NNP">کٲشرِ</wf>
		<wf pos="NN">بدیہہ</wf>
		<wf pos="NN">گوئی</wf>
		<wf pos="PSP">پٮ۪ٹھ</wf>
		<wf pos="NN">تمٔۍ</wf>
		<wf pos="PSP">سُند</wf>
		<wf pos="VM">مضمون</wf>
		<wf pos="VAUX">چھُ</wf>
		<wf pos="RB">از</wf>
		<wf pos="PSP">تام</wf>
		<wf pos="VM">کُن</wf>
		<wf pos="CC">تہٕ</wf>
		<wf pos="NN">کیول</wf>
		<wf pos="CC">تہٕ</wf>
		<wf pos="JJ">واریاہ</wf>
		<wf pos="NN">دِل</wf>
		<wf pos="PSP">رنز</wf>
		<wf pos="VM">ناون</wf>
		<wf pos="PSP">وول</wf>
		<wf pos="NNP">کٲشرٮ۪ن</wf>
		<wf pos="NNPC">معراج</wf>
		<wf pos="NN">نامن</wf>
		<wf pos="PSP">پٮ۪ٹھ</wf>
		<wf pos="PRP">تسُند</wf>
		<wf pos="NN">مقالہٕ</wf>
		<wf pos="VAUX">چھُ</wf>
		<wf pos="NEG">نہٕ</wf>
		<wf pos="PRP">تِہندُے</wf>
		<wf pos="RB">یوت</wf>
		<wf pos="JJ">علمی</wf>
		<wf pos="NN">عبور</wf>
		<wf pos="VM">ہاوان</wf>
		<wf pos="CC">بلکہ</wf>
		<wf pos="DEM">اَتھ</wf>
		<wf pos="JJ">خاص</wf>
		<wf pos="NN">شعرٕ</wf>
		<wf pos="NN">ذٲژ</wf>
		<wf pos="NN">منزکٲشرِ</wf>
		<wf pos="NN">زبٲنۍ</wf>
		<wf pos="PSP">ہٕنز</wf>
		<wf pos="NN">خۅش</wf>
		<wf pos="NN">نظری</wf>
		<wf pos="CC">تہٕ</wf>
		<wf pos="NN">خۅش</wf>
		<wf pos="NN">فکری</wf>
		<wf pos="RB">ظٲہرکرانییتۍ</wf>
		<wf pos="VM">باون</wf>
		<wf pos="POW">ہار</wf>
		<wf pos="CC">تہٕ</wf>
		<wf pos="RB">رنگہٕ</wf>
		<wf pos="NNPC">ؤلۍمعراج</wf>
		<wf pos="NNP">نامہٕ</wf>
		<wf pos="NNPC">اَسہ</wf>
		<wf pos="NNP">کٲشرِس</wf>
		<wf pos="NN">منزچھِ</wf>
		<wf pos="CC">تہ</wf>
		<wf pos="VM">وُچھِتھ</wf>
		<wf pos="NNPC">ییہ</wf>
		<wf pos="NNP">اُردو</wf>
		<wf pos="NNC">ہشن</wf>
		<wf pos="NN">بجن</wf>
		<wf pos="NN">زبانن</wf>
		<wf pos="CC">تہ</wf>
		<wf pos="NN">رشک</wf>
		<wf pos="PRP">سانٮ۪ن</wf>
		<wf pos="NN">ہمسایہ</wf>
		<wf pos="NN">بولٮ۪ن</wf>
		<wf pos="VM">ہٕنزچھنہٕ</wf>
		<wf pos="NN">کتھٕے</wf>
		<wf pos="NN">آتش</wf>
		<wf pos="RP">صٲبُن</wf>
		<wf pos="DEM">یہ</wf>
		<wf pos="NNP">مضمون</wf>
		<wf pos="RP">تہ</wf>
		<wf pos="VAUX">چھُ</wf>
		<wf pos="NNP">سٲدر</wf>
		<wf pos="POW">وار</wf>
		<wf pos="CC">تہٕ</wf>
		<wf pos="NNPC">سکل</wf>
		<wf pos="NNP">انہارآتش</wf>
		<wf pos="NNP">صٲبُن</wf>
		<wf pos="NNP">کٲشرِ</wf>
		<wf pos="NN">زبٲنۍ</wf>
		<wf pos="PSP">منز</wf>
		<wf pos="NN">مثنوی</wf>
		<wf pos="NN">صِنفہ</wf>
		<wf pos="PSP">ہٕندِس</wf>
		<wf pos="VAUX">ابتداہس،</wf>
		<wf pos="NN">ارتقاہس</wf>
		<wf pos="VM">،</wf>
		<wf pos="NN">سماجی</wf>
		<wf pos="CC">تہٕ</wf>
		<wf pos="JJ">ادبی</wf>
		<wf pos="NN">ضرورتس</wf>
		<wf pos="CC">تہٕ</wf>
		<wf pos="JJ">توٲریخی</wf>
		<wf pos="NN">اہمیتس</wf>
		<wf pos="PSP">متعلق</wf>
		<wf pos="VM">مضمون</wf>
		<wf pos="VAUX">چھُ</wf>
		<wf pos="INTF">سٮ۪ٹھاہ</wf>
		<wf pos="JJ">پُرمتن</wf>
		<wf pos="CC">تہٕ</wf>
		<wf pos="JJ">مُدلل</wf>
		<wf pos="VM">،</wf>
		<wf pos="RB">اکھتُے</wf>
		<wf pos="VAUX">چھکھ</wf>
		<wf pos="NN">کینژَن</wf>
		<wf pos="NN">مثنوین</wf>
		<wf pos="NN">تنقیدی</wf>
		<wf pos="NN">سام</wf>
		<wf pos="CC">تہ</wf>
		<wf pos="VM">ہیژمٕژ</wf>
		<wf pos="NN">أکِس</wf>
		<wf pos="RP">صاحبِ</wf>
		<wf pos="NN">نظر</wf>
		<wf pos="NNPC">تنقید</wf>
		<wf pos="NN">نگار</wf>
		<wf pos="PSP">سٕندۍ</wf>
		<wf pos="RB">پٲٹھۍ</wf>
		<wf pos="VAUX">چھکھ</wf>
		<wf pos="NN">لکھمن</wf>
		<wf pos="NNP:?">کول</wf>
		<wf pos="PSP">سٕنزِ</wf>
		<wf pos="NN">مثنوۍیہ</wf>
		<wf pos="VM">بجا</wf>
		<wf pos="POW">طور</wf>
		<wf pos="JJ">تھُر</wf>
		<wf pos="VM">کھٲجمٕژ</wf>
		<wf pos="CC">تہٕ</wf>
		<wf pos="NNPC">امیر</wf>
		<wf pos="NNP">شاہ</wf>
		<wf pos="PSP">نِس</wf>
		<wf pos="NNP">سامنامس</wf>
		<wf pos="PSP">مقابلہٕ</wf>
		<wf pos="NNPC">وہاب</wf>
		<wf pos="NNP">حاجنی</wf>
		<wf pos="PSP">سُند</wf>
		<wf pos="NNPC">شاہ</wf>
		<wf pos="NNP">نامہٕ</wf>
		<wf pos="JJ">کم</wf>
		<wf pos="NN">پایہ</wf>
		<wf pos="VM">مونمُت</wf>
		<wf pos="SYM">۔</wf>
</sentence>
<sentence s_id="41">
		<wf pos="NNP">کٲشرِ</wf>
		<wf pos="NN">زبٲنۍ</wf>
		<wf pos="PSP">منز</wf>
		<wf pos="VAUX">چھِ</wf>
		<wf pos="NNPC">بییہ</wf>
		<wf pos="NNP">واریہو</wf>
		<wf pos="NN">شٲعرو</wf>
		<wf pos="NNPC">معراج</wf>
		<wf pos="NNP">نامہٕ</wf>
		<wf pos="VM">ؤنۍ</wf>
		<wf pos="CC">مٕتۍ،مثالے</wf>
		<wf pos="NNPC">امیر</wf>
		<wf pos="NNPC">شاہ</wf>
		<wf pos="NNP">کریری</wf>
		<wf pos="NNP">،</wf>
		<wf pos="NNPC">غلام</wf>
		<wf pos="NNPC">محمد</wf>
		<wf pos="NNPC">حنفی</wf>
		<wf pos="NN">سوپورۍ،</wf>
		<wf pos="NNPC">مولانا</wf>
		<wf pos="NNPC">انور</wf>
		<wf pos="NNP">شوپیانی،</wf>
		<wf pos="NNPC">غلام</wf>
		<wf pos="NNPC">قادر</wf>
		<wf pos="NNP">درویش،</wf>
		<wf pos="NNPC">رجب</wf>
		<wf pos="NNP">حامد</wf>
		<wf pos="CC">تہٕ</wf>
		<wf pos="NNPC">رسول</wf>
		<wf pos="NNP">بٹ</wf>
		<wf pos="NN">بیترِ</wf>
		<wf pos="PRP">یِمو</wf>
		<wf pos="PSP">منزٕ</wf>
		<wf pos="NNPC">امیر</wf>
		<wf pos="NNPC">شاہ</wf>
		<wf pos="NNP">کریری</wf>
		<wf pos="CC">تہٕ</wf>
		<wf pos="NNPC">مولانا</wf>
		<wf pos="NNPC">انور</wf>
		<wf pos="NNP">شوپیانی</wf>
		<wf pos="PSP">سٕندۍ</wf>
		<wf pos="NNPC">معراج</wf>
		<wf pos="NNP">نامہٕ</wf>
		<wf pos="RB">پورٕ</wf>
		<wf pos="NN">تفصیلہٕ</wf>
		<wf pos="PSP">سان</wf>
		<wf pos="NN">بیان</wf>
		<wf pos="VM">سپٕدۍمٕتۍ</wf>
		<wf pos="VAUX">چھِ</wf>
		<wf pos="NNPC">امیر</wf>
		<wf pos="NNP">شاہن</wf>
		<wf pos="VAUX">چھِ</wf>
		<wf pos="NNP">قرآن</wf>
		<wf pos="CC">تہٕ</wf>
		<wf pos="NNP">احادیثن</wf>
		<wf pos="PSP">ہٕندۍ</wf>
		<wf pos="RB">پوٗرِ</wf>
		<wf pos="NNP">پوٗر</wf>
		<wf pos="NN">حوالہٕ</wf>
		<wf pos="VM">دِتۍ</wf>
		<wf pos="POW">مٕتۍ</wf>
		<wf pos="CC">تہٕ</wf>
		<wf pos="DEM">یہ</wf>
		<wf pos="NNPC">معراج</wf>
		<wf pos="NNP">نامہٕ</wf>
		<wf pos="NN">أکِس</wf>
		<wf pos="NN">بجہ</wf>
		<wf pos="NN">مثنوی</wf>
		<wf pos="PSP">ہٕندِس</wf>
		<wf pos="NN">صورتس</wf>
		<wf pos="PSP">منز</wf>
		<wf pos="VM">پیش</wf>
		<wf pos="VM">کورمُت</wf>
		<wf pos="CC">تہٕ</wf>
		<wf pos="NNPC">مولانا</wf>
		<wf pos="NNPC">انور</wf>
		<wf pos="NNP">شوپیانی</wf>
		<wf pos="RP">صٲبن</wf>
		<wf pos="RP">تہ</wf>
		<wf pos="VAUX">چھُ</wf>
		<wf pos="JJ">پوٗرٕ</wf>
		<wf pos="NN">احتیاطس</wf>
		<wf pos="NN">کٲم</wf>
		<wf pos="PSP">ہٮ۪تھ</wf>
		<wf pos="NNPC">معراج</wf>
		<wf pos="NNP">نامہٕ</wf>
		<wf pos="VM">لیوکھمُت</wf>
		<wf pos="DEM">یُس</wf>
		<wf pos="NN">شایع</wf>
		<wf pos="RP">تہ</wf>
		<wf pos="VAUX">سپُدمُت</wf>
		<wf pos="VAUX">چھِ،</wf>
		<wf pos="RB">موجودٕ</wf>
		<wf pos="NN"  sense_id="1">دورٕ</wf>
		<wf pos="PSP">کٮ۪ن</wf>
		<wf pos="NN">شٲعرن</wf>
		<wf pos="PSP">منز</wf>
		<wf pos="VAUX">چھُ</wf>
		<wf pos="NNPC">ڈاکٹر</wf>
		<wf pos="NNPC">رشید</wf>
		<wf pos="NNP">نازکی</wf>
		<wf pos="PSP">سُند</wf>
		<wf pos="VM">لیوکھمُت</wf>
		<wf pos="NNPC">معراج</wf>
		<wf pos="NNP">نامہٕ</wf>
		<wf pos="NNP">اسریٰ</wf>
		<wf pos="JJ">فنی</wf>
		<wf pos="NN">لحاظٕ</wf>
		<wf pos="CC">تہٕ</wf>
		<wf pos="NN">عقیدتہٕ</wf>
		<wf pos="NN">پُژھۍ</wf>
		<wf pos="INTF">سٮ۪ٹھاہ</wf>
		<wf pos="JJ">اہم</wf>
		<wf pos="SYM">۔</wf>
</sentence>
<sentence s_id="42">
		<wf pos="DEM">امہِ</wf>
		<wf pos="NN"  sense_id="1">دورٕ</wf>
		<wf pos="PSP">پٮ۪ٹھہٕ</wf>
		<wf pos="DEM">یَتھ</wf>
		<wf pos="NN"  sense_id="1">دورٕ</wf>
		<wf pos="PSP">تام</wf>
		<wf pos="VM">واتان</wf>
		<wf pos="VM">واتان</wf>
		<wf pos="JJ">کم</wf>
		<wf pos="JJ">کم</wf>
		<wf pos="NN">وَلگَتٕنۍ</wf>
		<wf pos="VM">دیٲوۍ</wf>
		<wf pos="NN">زمانن</wf>
		<wf pos="NNP">کٲشرِ</wf>
		<wf pos="NN">زنانہ</wf>
		<wf pos="PSP">ہنز</wf>
		<wf pos="NN">زندگیِہ</wf>
		<wf pos="CC">تہٕ</wf>
		<wf pos="PRP">تسٕندۍ</wf>
		<wf pos="NN">حالات</wf>
		<wf pos="WQ">کتھۍ</wf>
		<wf pos="CC">تہٕ</wf>
		<wf pos="WQ">کیاہ</wf>
		<wf pos="VM">روٗدۍ</wf>
		<wf pos="JJ">مختلف</wf>
		<wf pos="NN">دورن</wf>
		<wf pos="PSP">اندر،تَمہِ</wf>
		<wf pos="DEM">تَمہِ</wf>
		<wf pos="PRP">سارِکے</wf>
		<wf pos="NN">تصویٖر</wf>
		<wf pos="VM">وُچھنہٕ</wf>
		<wf pos="PSP">باپتھ</wf>
		<wf pos="VAUX">چُھ</wf>
		<wf pos="JJ">ضروٗری</wf>
		<wf pos="CC">زِ</wf>
		<wf pos="PRP">أسۍ</wf>
		<wf pos="VM">دِمَو</wf>
		<wf pos="NN">توٲریٖخہٕ</wf>
		<wf pos="PSP">کس</wf>
		<wf pos="NN">ٲنس</wf>
		<wf pos="PSP">کن</wf>
		<wf pos="NN">نظر</wf>
		<wf pos="SYM">۔</wf>
</sentence>
<sentence s_id="43">
		<wf pos="RB">وۄنۍ</wf>
		<wf pos="VAUX">گوٚو</wf>
		<wf pos="NNP">کٲشرِ</wf>
		<wf pos="NN">زنانہِ</wf>
		<wf pos="PSP">ہُند</wf>
		<wf pos="DEM">یُس</wf>
		<wf pos="NN">تصور</wf>
		<wf pos="???">راج</wf>
		<wf pos="NNP">ترنگنی</wf>
		<wf pos="CC">تہٕ</wf>
		<wf pos="NN">توٲریٖخس</wf>
		<wf pos="PSP">سۭتۍ</wf>
		<wf pos="NN">تعلق</wf>
		<wf pos="VM">تھاوَن</wf>
		<wf pos="PSP">واجنہِ</wf>
		<wf pos="RB">باقی</wf>
		<wf pos="NN">کتابہٕ</wf>
		<wf pos="VM">پٔرِتھ</wf>
		<wf pos="VM">وۄتلان</wf>
		<wf pos="VAUX">چُھ،</wf>
		<wf pos="DEM">تَتھ</wf>
		<wf pos="PSP">متعلق</wf>
		<wf pos="VAUX">چُھ</wf>
		<wf pos="NNPC">پرٛیمناتھ</wf>
		<wf pos="NNP">بزاز</wf>
		<wf pos="VM">ونان</wf>
		<wf pos="CC">زِ</wf>
		<wf pos="NNP">کٲشرِ</wf>
		<wf pos="NN">زنانہِ</wf>
		<wf pos="PSP">ہنز</wf>
		<wf pos="NN">زِندگی</wf>
		<wf pos="VAUX">چھٚے</wf>
		<wf pos="JJ">مختلف</wf>
		<wf pos="NN">دورن</wf>
		<wf pos="PSP">منٛز</wf>
		<wf pos="JJ">مختلف</wf>
		<wf pos="VAUX">روٗزمٕژ</wf>
		<wf pos="PRP">کنہِ</wf>
		<wf pos="NN">وِزِ</wf>
		<wf pos="VAUX">چھٚے</wf>
		<wf pos="PRP">سۄ</wf>
		<wf pos="NN">کامیٲبی</wf>
		<wf pos="NN">تھزرس</wf>
		<wf pos="PSP">پٮ۪ٹھ</wf>
		<wf pos="VAUX">روٗزمٕژ</wf>
		<wf pos="NN">زِندگی</wf>
		<wf pos="PSP">ہندِس</wf>
		<wf pos="JJ">پرٛٮ۪تھ</wf>
		<wf pos="PRP">کنہِ</wf>
		<wf pos="NN"  sense_id="1">دورٕ</wf>
		<wf pos="PSP">منٛز</wf>
		<wf pos="VAUX">چھٚے</wf>
		<wf pos="DEM">تمہِ</wf>
		<wf pos="PRP">پننہِ</wf>
		<wf pos="NN">کامیٲبی</wf>
		<wf pos="CC">تہٕ</wf>
		<wf pos="NN">کامرٲنی</wf>
		<wf pos="PSP">ہنزٕ</wf>
		<wf pos="NN">اَلمہٕ</wf>
		<wf pos="VM">کھاجمژٕ</wf>
		<wf pos="CC">اَدٕ</wf>
		<wf pos="PRP">سُہ</wf>
		<wf pos="NN">مٲدان</wf>
		<wf pos="NN">سیاستُک</wf>
		<wf pos="VAUX">اوس</wf>
		<wf pos="CC">یا</wf>
		<wf pos="NN">جنگلُک،</wf>
		<wf pos="JJ">،سمٲجی</wf>
		<wf pos="NN">اِصلاحٕچ</wf>
		<wf pos="NN">کٲم</wf>
		<wf pos="VAUX">ٲس</wf>
		<wf pos="CC">یا</wf>
		<wf pos="NN">نژُن</wf>
		<wf pos="CC">تہٕ</wf>
		<wf pos="NN">گٮ۪وُن</wf>
		<wf pos="CC">تہٕ</wf>
		<wf pos="DEM">اَتھ</wf>
		<wf pos="RB">برعکس</wf>
		<wf pos="VM">پیٚوو</wf>
		<wf pos="JJ">واریاہیہِ</wf>
		<wf pos="NN">لَٹہِ</wf>
		<wf pos="NNP">کٲشرِ</wf>
		<wf pos="NN">زنانہِ</wf>
		<wf pos="JJ">بَد</wf>
		<wf pos="NN">قٕسمتی</wf>
		<wf pos="PSP">ہندِ</wf>
		<wf pos="NN">زمانہٕ</wf>
		<wf pos="PSP">مٔنزۍ</wf>
		<wf pos="RP">تہِ</wf>
		<wf pos="VM">گُزرُن</wf>
		<wf pos="PRP">سۄ</wf>
		<wf pos="VAUX">ٲس</wf>
		<wf pos="NEG">نہٕ</wf>
		<wf pos="RB:?">قدیٖم</wf>
		<wf pos="PSP">ہیٚندۍ</wf>
		<wf pos="NN">دیوی</wf>
		<wf pos="PSP">ہنزِ</wf>
		<wf pos="NN">نظرِ</wf>
		<wf pos="VM">وُچھنہٕ</wf>
		<wf pos="VAUX">یوان،</wf>
		<wf pos="CC">مگر</wf>
		<wf pos="PRP">سُہ</wf>
		<wf pos="RP">تہِ</wf>
		<wf pos="VAUX">اوس</wf>
		<wf pos="NN">وَق</wf>
		<wf pos="CC">زِ</wf>
		<wf pos="RB">ییٚلہِ</wf>
		<wf pos="PPS">زَن</wf>
		<wf pos="NN">سماجس</wf>
		<wf pos="PSP">منٛز</wf>
		<wf pos="PRP">تسُند</wf>
		<wf pos="NN">حال</wf>
		<wf pos="QC">أکس</wf>
		<wf pos="NN">غلامہٕ</wf>
		<wf pos="PSP">سٕندِ</wf>
		<wf pos="RP">کھۄتہٕ</wf>
		<wf pos="PRP">کیٚنہہ</wf>
		<wf pos="JJ">زبَر</wf>
		<wf pos="VAUX">اوس</wf>
		<wf pos="SYM">۔</wf>
</sentence>
<sentence s_id="44">
		<wf pos="NN">افسوس</wf>
		<wf pos="VAUX">چُھ</wf>
		<wf pos="DEM">ییٚمہِ</wf>
		<wf pos="NN">کتھہِ</wf>
		<wf pos="PSP">ہُنٛد</wf>
		<wf pos="CC">زِ</wf>
		<wf pos="NN">یُہوے</wf>
		<wf pos="JJ">اپُز</wf>
		<wf pos="NN">واقعہٕ</wf>
		<wf pos="VAUX">آو</wf>
		<wf pos="NNPC">ریاستی</wf>
		<wf pos="NNPC">کلچرل</wf>
		<wf pos="NNP">اکاڈمی</wf>
		<wf pos="NNPC">ہٕندِس</wf>
		<wf pos="NNP">کٲشرِس</wf>
		<wf pos="NN">انسایکلوپیڑیاہس</wf>
		<wf pos="PSP">منٛز</wf>
		<wf pos="NN">حال</wf>
		<wf pos="RB">حالٕے</wf>
		<wf pos="VM">چھاپنہٕ</wf>
		<wf pos="DEM">ییٚمہِ</wf>
		<wf pos="PSP">سۭتۍ</wf>
		<wf pos="DEM">یہِ</wf>
		<wf pos="NN">اندازٕ</wf>
		<wf pos="VM">کرُن</wf>
		<wf pos="RDP">سہل</wf>
		<wf pos="VM">باسہِ</wf>
		<wf pos="CC">زِ</wf>
		<wf pos="PRP">سون</wf>
		<wf pos="NN">توٲریخ</wf>
		<wf pos="RB">کتھہٕ</wf>
		<wf pos="POW">پٲٹھۍ</wf>
		<wf pos="VAUX">چُھ</wf>
		<wf pos="JJ">پرٛتھ</wf>
		<wf pos="NN">دورس</wf>
		<wf pos="PSP">منٛز</wf>
		<wf pos="JJ">سیٲسی</wf>
		<wf pos="NN">ژۄیہِ</wf>
		<wf pos="POW">گرٮ۪ن</wf>
		<wf pos="CC">تہٕ</wf>
		<wf pos="JJ">سرکٲرۍ</wf>
		<wf pos="NNC">مسکہٕ</wf>
		<wf pos="NN">بازن</wf>
		<wf pos="CC">تہٕ</wf>
		<wf pos="NNC">اقتدار</wf>
		<wf pos="NN">پرستَن</wf>
		<wf pos="PSP">ہٕنزِ</wf>
		<wf pos="NN">وشٲری</wf>
		<wf pos="PSP">ہٕنٛدِس</wf>
		<wf pos="RB">أزۍ</wf>
		<wf pos="PSP">کس</wf>
		<wf pos="JJ">ترقییافتہٕ</wf>
		<wf pos="NN"  sense_id="1">دورٕ</wf>
		<wf pos="PSP">منٛز</wf>
		<wf pos="RP">تہِ</wf>
		<wf pos="NNP">کٲشرِ</wf>
		<wf pos="NN">توٲریخ</wf>
		<wf pos="PSP">کٮ۪ن</wf>
		<wf pos="DEM">یِمن</wf>
		<wf pos="JJ">اَپزٮ۪ن</wf>
		<wf pos="NN">مفروضن</wf>
		<wf pos="NN">فیشن</wf>
		<wf pos="VAUX">آو</wf>
		<wf pos="NEG">نہٕ</wf>
		<wf pos="VM">دنہٕ</wf>
		<wf pos="PRP">یم</wf>
		<wf pos="JJ">بےبنیاد</wf>
		<wf pos="NN">واقعات</wf>
		<wf pos="CC">تہٕ</wf>
		<wf pos="NN">روایات</wf>
		<wf pos="VM">کرن</wf>
		<wf pos="VM">یِنہٕ</wf>
		<wf pos="PSP">والٮ۪ن</wf>
		<wf pos="NN">زمانن</wf>
		<wf pos="PSP">منٛز</wf>
		<wf pos="PRP">سانٮ۪ن</wf>
		<wf pos="NN">زُرٮ۪ن</wf>
		<wf pos="NEG">نہ</wf>
		<wf pos="RB">صرف</wf>
		<wf pos="JJ">گمراہ</wf>
		<wf pos="CC">بلکہِ</wf>
		<wf pos="PRP">سانہِ</wf>
		<wf pos="NN">مظلومیتُک</wf>
		<wf pos="NN">سلسلہٕ</wf>
		<wf pos="VAUX">گژھہِ</wf>
		<wf pos="JJ">زیوٗٹھ</wf>
		<wf pos="CC">تہٕ</wf>
		<wf pos="PRP">أسۍ</wf>
		<wf pos="VAUX">گژھو</wf>
		<wf pos="NN">دۄہہٕ</wf>
		<wf pos="RP">کھۄتہٕ</wf>
		<wf pos="NN">دۄہہٕ</wf>
		<wf pos="RB">پتھ</wf>
		<wf pos="SYM">۔</wf>
</sentence>
<sentence s_id="45">
		<wf pos="RB">وۄنۍ</wf>
		<wf pos="VAUX">گوٚو</wf>
		<wf pos="NNP">کٲشرِ</wf>
		<wf pos="NN">زنانہِ</wf>
		<wf pos="PSP">ہُند</wf>
		<wf pos="DEM">یُس</wf>
		<wf pos="NN">تصور</wf>
		<wf pos="NN">راج</wf>
		<wf pos="CC">تہٕ</wf>
		<wf pos="NN">توٲریٖخس</wf>
		<wf pos="PSP">سۭتۍ</wf>
		<wf pos="NN">تعلق</wf>
		<wf pos="VM">تھاوَن</wf>
		<wf pos="PSP">واجنہِ</wf>
		<wf pos="RB">باقی</wf>
		<wf pos="NN">کتابہٕ</wf>
		<wf pos="VM">پٔرِتھ</wf>
		<wf pos="VM">وۄتلان</wf>
		<wf pos="VAUX">چُھ،</wf>
		<wf pos="DEM">تَتھ</wf>
		<wf pos="PSP">متعلق</wf>
		<wf pos="VAUX">چُھ</wf>
		<wf pos="NNPC">پرٛیمناتھ</wf>
		<wf pos="NNP">بزاز</wf>
		<wf pos="VM">ونان</wf>
		<wf pos="CC">زِ</wf>
		<wf pos="NNP">کٲشرِ</wf>
		<wf pos="NN">زنانہِ</wf>
		<wf pos="PSP">ہنز</wf>
		<wf pos="NN">زِندگی</wf>
		<wf pos="VAUX">چھٚے</wf>
		<wf pos="JJ">مختلف</wf>
		<wf pos="NN">دورن</wf>
		<wf pos="PSP">منٛز</wf>
		<wf pos="JJ">مختلف</wf>
		<wf pos="VAUX">روٗزمٕژ</wf>
		<wf pos="PRP">کنہِ</wf>
		<wf pos="NN">وِزِ</wf>
		<wf pos="VAUX">چھٚے</wf>
		<wf pos="PRP">سۄ</wf>
		<wf pos="NN">کامیٲبی</wf>
		<wf pos="NN">تھزرس</wf>
		<wf pos="PSP">پٮ۪ٹھ</wf>
		<wf pos="VAUX">روٗزمٕژ</wf>
		<wf pos="NN">زِندگی</wf>
		<wf pos="PSP">ہندِس</wf>
		<wf pos="JJ">پرٛٮ۪تھ</wf>
		<wf pos="PRP">کنہِ</wf>
		<wf pos="NN"  sense_id="1">دورٕ</wf>
		<wf pos="PSP">منٛز</wf>
		<wf pos="VAUX">چھٚے</wf>
		<wf pos="DEM">تمہِ</wf>
		<wf pos="PRP">پننہِ</wf>
		<wf pos="NN">کامیٲبی</wf>
		<wf pos="CC">تہٕ</wf>
		<wf pos="NN">کامرٲنی</wf>
		<wf pos="PSP">ہنزٕ</wf>
		<wf pos="NN">اَلمہٕ</wf>
		<wf pos="VM">کھاجمژٕ</wf>
		<wf pos="CC">اَدٕ</wf>
		<wf pos="PRP">سُہ</wf>
		<wf pos="NN">مٲدان</wf>
		<wf pos="NN">سیاستُک</wf>
		<wf pos="VAUX">اوس</wf>
		<wf pos="CC">یا</wf>
		<wf pos="NN">جنگلُک،</wf>
		<wf pos="JJ">،سمٲجی</wf>
		<wf pos="NN">اِصلاحٕچ</wf>
		<wf pos="NN">کٲم</wf>
		<wf pos="VAUX">ٲس</wf>
		<wf pos="CC">یا</wf>
		<wf pos="NN">نژُن</wf>
		<wf pos="CC">تہٕ</wf>
		<wf pos="NN">گٮ۪وُن</wf>
		<wf pos="CC">تہٕ</wf>
		<wf pos="DEM">اَتھ</wf>
		<wf pos="RB">برعکس</wf>
		<wf pos="VM">پیٚوو</wf>
		<wf pos="JJ">واریاہیہِ</wf>
		<wf pos="NN">لَٹہِ</wf>
		<wf pos="NNP">کٲشرِ</wf>
		<wf pos="NN">زنانہِ</wf>
		<wf pos="JJ">بَد</wf>
		<wf pos="NN">قٕسمتی</wf>
		<wf pos="PSP">ہندِ</wf>
		<wf pos="NN">زمانہٕ</wf>
		<wf pos="PSP">مٔنزۍ</wf>
		<wf pos="RP">تہِ</wf>
		<wf pos="VM">گُزرُن</wf>
		<wf pos="SYM">۔</wf>
</sentence>
<sentence s_id="46">
		<wf pos="NNP">شاہجہان</wf>
		<wf pos="PSP">سٕنٛدِس</wf>
		<wf pos="NN"  sense_id="1">دورٕ</wf>
		<wf pos="PSP">مَنز</wf>
		<wf pos="QC">(۱۶۵۸</wf>
		<wf pos="PSP">-</wf>
		<wf pos="QC">۱۶۲۷ء</wf>
		<wf pos="VM">ٲو</wf>
		<wf pos="NNPC">جامع</wf>
		<wf pos="NNP">مسجِد</wf>
		<wf pos="CC">تہٕ</wf>
		<wf pos="NN">درسگاہ</wf>
		<wf pos="PSP">کٮ۪ن</wf>
		<wf pos="NN">مُلٲزمَن</wf>
		<wf pos="PSP">ہٕنٛدِ</wf>
		<wf pos="NN">ٲخراجاتہٕ</wf>
		<wf pos="PSP">باپتھ</wf>
		<wf pos="JJ">واریاہ</wf>
		<wf pos="NN">جٲگیٖر</wf>
		<wf pos="NN">وَقٕف</wf>
		<wf pos="VM">تھاونہٕ</wf>
		<wf pos="SYM">۔</wf>
</sentence>
<sentence s_id="47">
		<wf pos="NNPC">مَہراجہ</wf>
		<wf pos="NNPC">رنبیٖر</wf>
		<wf pos="NNP">سِنگھ</wf>
		<wf pos="PSP">سٕنٛدِس</wf>
		<wf pos="NN"  sense_id="1">دورٕ</wf>
		<wf pos="PSP">مَنٛز</wf>
		<wf pos="VM">آے</wf>
		<wf pos="NN">وزیر</wf>
		<wf pos="NNP">پنوٗن</wf>
		<wf pos="PSP">سٕنٛدِ</wf>
		<wf pos="NN">وَقتہٕ</wf>
		<wf pos="QC">۱۸۷۱ء</wf>
		<wf pos="PSP">مَنٛز</wf>
		<wf pos="NN">مَسجِدِ</wf>
		<wf pos="NN">أنٛدۍپٔکۍ</wf>
		<wf pos="JJ">واریاہ</wf>
		<wf pos="NN">وان</wf>
		<wf pos="VM">تُلنہٕ</wf>
		<wf pos="CC">تہٕ</wf>
		<wf pos="DEM">اَمِہ</wf>
		<wf pos="PSP">کس</wf>
		<wf pos="RB">نیٚبرِسِ</wf>
		<wf pos="NN">صحنَس</wf>
		<wf pos="VM">آو</wf>
		<wf pos="RB">مزیٖد</wf>
		<wf pos="NN">وُسعت</wf>
		<wf pos="VM">دِنہٕ</wf>
		<wf pos="SYM">۔</wf>
</sentence>
<sentence s_id="48">
		<wf pos="DEM">امہِ</wf>
		<wf pos="RB">پَتھ</wf>
		<wf pos="NN">کال</wf>
		<wf pos="PSP">پٮ۪ٹھہٕ</wf>
		<wf pos="DEM">یَتھ</wf>
		<wf pos="NN"  sense_id="1">دورٕ</wf>
		<wf pos="PSP">تام</wf>
		<wf pos="VM">واتان</wf>
		<wf pos="VM">واتان</wf>
		<wf pos="JJ">کم</wf>
		<wf pos="JJ">کم</wf>
		<wf pos="NN">وَلگَتٕنۍ</wf>
		<wf pos="VM">دیٲوۍ</wf>
		<wf pos="NN">زمانن</wf>
		<wf pos="NNP">کٲشرِ</wf>
		<wf pos="NN">زنانہ</wf>
		<wf pos="PSP">ہنز</wf>
		<wf pos="NN">زندگیِہ</wf>
		<wf pos="CC">تہٕ</wf>
		<wf pos="PRP">تسٕندۍ</wf>
		<wf pos="NN">حالات</wf>
		<wf pos="WQ">کتھۍ</wf>
		<wf pos="CC">تہٕ</wf>
		<wf pos="WQ">کیاہ</wf>
		<wf pos="VM">روٗدۍ</wf>
		<wf pos="JJ">مختلف</wf>
		<wf pos="NN">دورن</wf>
		<wf pos="PSP">اندر،تَمہِ</wf>
		<wf pos="DEM">تَمہِ</wf>
		<wf pos="PRP">سارِکے</wf>
		<wf pos="NN">تصویٖر</wf>
		<wf pos="VM">وُچھنہٕ</wf>
		<wf pos="PSP">باپتھ</wf>
		<wf pos="VAUX">چُھ</wf>
		<wf pos="JJ">ضروٗری</wf>
		<wf pos="CC">زِ</wf>
		<wf pos="PRP">أسۍ</wf>
		<wf pos="VM">دِمَو</wf>
		<wf pos="NN">توٲریٖخہٕ</wf>
		<wf pos="PSP">کس</wf>
		<wf pos="NN">ٲنس</wf>
		<wf pos="PSP">کن</wf>
		<wf pos="NN">نظر</wf>
		<wf pos="SYM">۔</wf>
</sentence>
<sentence s_id="49">
		<wf pos="NNPC">مَہراجہ</wf>
		<wf pos="NNPC">رنبیٖر</wf>
		<wf pos="NNP">سِنگھ</wf>
		<wf pos="PSP">سٕنٛدِس</wf>
		<wf pos="NN"  sense_id="1">دورٕ</wf>
		<wf pos="PSP">مَنٛز</wf>
		<wf pos="VM">آے</wf>
		<wf pos="NN">وزیر</wf>
		<wf pos="NNP">پنوٗن</wf>
		<wf pos="PSP">سٕنٛدِ</wf>
		<wf pos="NN">وَقتہٕ</wf>
		<wf pos="QC">۱۸۷۱ء</wf>
		<wf pos="PSP">مَنٛز</wf>
		<wf pos="NN">مَسجِدِ</wf>
		<wf pos="NN">أنٛدۍپٔکۍ</wf>
		<wf pos="JJ">واریاہ</wf>
		<wf pos="NN">وان</wf>
		<wf pos="VM">تُلنہٕ</wf>
		<wf pos="CC">تہٕ</wf>
		<wf pos="DEM">اَمِہ</wf>
		<wf pos="PSP">کس</wf>
		<wf pos="RB">نیٚبرِسِ</wf>
		<wf pos="NN">صحنَس</wf>
		<wf pos="VM">آو</wf>
		<wf pos="RB">مزیٖد</wf>
		<wf pos="NN">وُسعت</wf>
		<wf pos="VM">دِنہٕ</wf>
		<wf pos="NN">مسجِد</wf>
		<wf pos="VAUX">سپٕز</wf>
		<wf pos="JJ">کم</wf>
		<wf pos="JJ">کاسہٕ</wf>
		<wf pos="NN">مَرمَتھ</wf>
		<wf pos="DEM">ییٚمہِ</wf>
		<wf pos="PSP">خٲطرٕ</wf>
		<wf pos="NNPC">مہراجہ</wf>
		<wf pos="NNPC">رنبیٖر</wf>
		<wf pos="NNP">سِنگھَن</wf>
		<wf pos="QC">شےٚ</wf>
		<wf pos="QC">ساس</wf>
		<wf pos="NN">رۄپیِہ</wf>
		<wf pos="VM">دِتۍ</wf>
		<wf pos="SYM">۔</wf>
</sentence>
<sentence s_id="50">
		<wf pos="DEM">امہِ</wf>
		<wf pos="RB">پَتھ</wf>
		<wf pos="NN"  sense_id="1">دورٕ</wf>
		<wf pos="PSP">پٮ۪ٹھہٕ</wf>
		<wf pos="DEM">یَتھ</wf>
		<wf pos="NN"  sense_id="1">دورٕ</wf>
		<wf pos="PSP">تام</wf>
		<wf pos="VM">واتان</wf>
		<wf pos="VM">واتان</wf>
		<wf pos="JJ">کم</wf>
		<wf pos="JJ">کم</wf>
		<wf pos="NN">وَلگَتٕنۍ</wf>
		<wf pos="VM">دیٲوۍ</wf>
		<wf pos="NN">زمانن</wf>
		<wf pos="NNP">کٲشرِ</wf>
		<wf pos="NN">زنانہ</wf>
		<wf pos="PSP">ہنز</wf>
		<wf pos="NN">زندگیِہ</wf>
		<wf pos="CC">تہٕ</wf>
		<wf pos="PRP">تسٕندۍ</wf>
		<wf pos="NN">حالات</wf>
		<wf pos="WQ">کتھۍ</wf>
		<wf pos="CC">تہٕ</wf>
		<wf pos="WQ">کیاہ</wf>
		<wf pos="VM">روٗدۍ</wf>
		<wf pos="JJ">مختلف</wf>
		<wf pos="NN">دورن</wf>
		<wf pos="PSP">اندر</wf>
		<wf pos="PSP">،تَمہِ</wf>
		<wf pos="DEM">تَمہِ</wf>
		<wf pos="PRP">سارِکے</wf>
		<wf pos="NN">تصویٖر</wf>
		<wf pos="VM">وُچھنہٕ</wf>
		<wf pos="PSP">باپتھ</wf>
		<wf pos="VAUX">چُھ</wf>
		<wf pos="JJ">ضروٗری</wf>
		<wf pos="CC">زِ</wf>
		<wf pos="PRP">أسۍ</wf>
		<wf pos="VM">دِمَو</wf>
		<wf pos="NN">توٲریٖخہٕ</wf>
		<wf pos="PSP">کس</wf>
		<wf pos="NN">ٲنس</wf>
		<wf pos="PSP">کن</wf>
		<wf pos="NN">نظر</wf>
		<wf pos="SYM">۔</wf>
</sentence>
<sentence s_id="51">
		<wf pos="VM">سٔچِن</wf>
		<wf pos="NN">ٹٮ۪نڑولکَرَن</wf>
		<wf pos="VM">ہوو</wf>
		<wf pos="NN">کِرکَٹکِس</wf>
		<wf pos="NN">مٲدانَس</wf>
		<wf pos="PSP">منٛز</wf>
		<wf pos="PRP">پَنُن</wf>
		<wf pos="NN">تَھزَر</wf>
		<wf pos="VM">وَن</wf>
		<wf pos="NN">ڈییَس</wf>
		<wf pos="PSP">منٛز</wf>
		<wf pos="PRP">ساروٕے</wf>
		<wf pos="RP">کھۄتہٕ</wf>
		<wf pos="JJ">زیٛادٕ</wf>
		<wf pos="NN">سٮ۪نٛچری</wf>
		<wf pos="VM">بَنٲوِتھوِنۍ</wf>
		<wf pos="NN">کِکِس</wf>
		<wf pos="NN"  sense_id="1">دورٕ</wf>
		<wf pos="PSP">منٛز</wf>
		<wf pos="VM">ہٮ۪کونہٕ</wf>
		<wf pos="NN">ساینَس</wf>
		<wf pos="POW">دانَن</wf>
		<wf pos="PSP">ہُنٛد</wf>
		<wf pos="NN">بَجر</wf>
		<wf pos="VM">اَپزٲوِتھ</wf>
		<wf pos="SYM">۔</wf>
</sentence>
<sentence s_id="52">
		<wf pos="CC">یہٕ</wf>
		<wf pos="VAUX">چھےٚ</wf>
		<wf pos="VM">مانٛنہٕ</wf>
		<wf pos="VAUX">آمٕژ</wf>
		<wf pos="NN">کتھ</wf>
		<wf pos="QC">زٕ</wf>
		<wf pos="DEM">یَتھ</wf>
		<wf pos="NN"  sense_id="1">دورٕ</wf>
		<wf pos="PSP">منٛز</wf>
		<wf pos="NN">رُشوَت</wf>
		<wf pos="VM">دٕننہٕ</wf>
		<wf pos="RB">بَغٲر</wf>
		<wf pos="VAUX">چھےٚ</wf>
		<wf pos="NEG">نہٕ</wf>
		<wf pos="PRP">کانٛہہ</wf>
		<wf pos="NN">کٲم</wf>
		<wf pos="VM">اَنٛدان</wf>
		<wf pos="SYM">۔</wf>
</sentence>
<sentence s_id="53">
		<wf pos="JJ">سَمَنٛدری</wf>
		<wf pos="NN"  sense_id="1">دورٕ</wf>
		<wf pos="PSP">دوران</wf>
		<wf pos="DEM">آییہ</wf>
		<wf pos="NN">ناو</wf>
		<wf pos="VM">چَلاوَن</wf>
		<wf pos="PSP">والین</wf>
		<wf pos="NN">نَیَن</wf>
		<wf pos="PSP">نَیَن</wf>
		<wf pos="NN">کتھہَن</wf>
		<wf pos="PSP">ہِنٛز</wf>
		<wf pos="NN">زانکٲری</wf>
		<wf pos="VM">دِنہِ</wf>
		<wf pos="SYM">۔</wf>
</sentence>
<sentence s_id="54">
		<wf pos="JJ">مُغَل</wf>
		<wf pos="NN"  sense_id="1">دورٕ</wf>
		<wf pos="VM">بَنییہِ</wf>
		<wf pos="JJ">واریاہ</wf>
		<wf pos="NN">آثار</wf>
		<wf pos="SYM">۔</wf>
</sentence>
<sentence s_id="55">
		<wf pos="PRP">سُہ</wf>
		<wf pos="VAUX">چُھ</wf>
		<wf pos="NN">ژھۄکٮ۪ر</wf>
		<wf pos="PSP">کِس</wf>
		<wf pos="NN"  sense_id="1">دورٕ</wf>
		<wf pos="VM">وَلنہٕ</wf>
		<wf pos="VAUX">آمُت</wf>
		<wf pos="SYM">۔</wf>
</sentence>
<sentence s_id="56">
		<wf pos="NNP">کیٖنیاہُک</wf>
		<wf pos="NN">صدٕر</wf>
		<wf pos="VAUX">چُھ</wf>
		<wf pos="RB">وٕنۍکٮ۪ن</wf>
		<wf pos="NN">ہنٛدوستانکِس</wf>
		<wf pos="NN"  sense_id="1">دورٕ</wf>
		<wf pos="PSP">پٮ۪ٹھ</wf>
		<wf pos="VAUX">آمُت</wf>
		<wf pos="SYM">۔</wf>
</sentence>
<sentence s_id="57">
		<wf pos="CC">یہٕ</wf>
		<wf pos="VAUX">چھےٚ</wf>
		<wf pos="VM">مانٛنہٕ</wf>
		<wf pos="VAUX">آمٕژ</wf>
		<wf pos="NN">کتھ</wf>
		<wf pos="QC">زٕ</wf>
		<wf pos="DEM">یَتھ</wf>
		<wf pos="NN"  sense_id="1">دورٕ</wf>
		<wf pos="PSP">منٛز</wf>
		<wf pos="NN">رُشوَت</wf>
		<wf pos="VM">دٕننہٕ</wf>
		<wf pos="RB">بَغٲر</wf>
		<wf pos="VAUX">چھےٚ</wf>
		<wf pos="NEG">نہٕ</wf>
		<wf pos="PRP">کانٛہہ</wf>
		<wf pos="NN">کٲم</wf>
		<wf pos="VM">اَنٛدان</wf>
		<wf pos="SYM">۔</wf>
</sentence>
<sentence s_id="58">
		<wf pos="RB">کَنہ</wf>
		<wf pos="NN"  sense_id="1">دورٕ</wf>
		<wf pos="PSP">منٛز</wf>
		<wf pos="VAUX">اوس</wf>
		<wf pos="NN">اِنسان</wf>
		<wf pos="NN">گۄڈِٕ</wf>
		<wf pos="NN">وَق</wf>
		<wf pos="RP">کھۄتہٕ</wf>
		<wf pos="INTF">زیٛادٕ</wf>
		<wf pos="JJ">مَحفوٗظ</wf>
		<wf pos="NN">مَحسوٗص</wf>
		<wf pos="VM">کَران</wf>
		<wf pos="SYM">۔</wf>
</sentence>
<sentence s_id="59">
		<wf pos="NNP">شِنہٕ</wf>
		<wf pos="NN"  sense_id="1">دورٕ</wf>
		<wf pos="PSP">منٛز</wf>
		<wf pos="VAUX">ٲس</wf>
		<wf pos="JJ">زیٛادٕ</wf>
		<wf pos="VM">شِنہٕ</wf>
		<wf pos="NN">زوٗزات</wf>
		<wf pos="VM">لَبنہٕ</wf>
		<wf pos="VAUX">یِوان</wf>
		<wf pos="SYM">۔</wf>
</sentence>
<sentence s_id="60">
		<wf pos="PRP">أس</wf>
		<wf pos="VAUX">چھِ</wf>
		<wf pos="JJ">شٔشتٕر</wf>
		<wf pos="NN"  sense_id="1">دورٕ</wf>
		<wf pos="PSP">منٛز</wf>
		<wf pos="VM">روزان</wf>
		<wf pos="SYM">۔</wf>
</sentence>
<sentence s_id="61">
		<wf pos="NNP">مشیٖنی</wf>
		<wf pos="NN"  sense_id="1">دورٕ</wf>
		<wf pos="JJ">منٛزچھُ</wf>
		<wf pos="CC">بےٚ</wf>
		<wf pos="NN">روزگٲری</wf>
		<wf pos="PSP">ہُنٛد</wf>
		<wf pos="SYM">۔</wf>
</sentence>
<sentence s_id="62">
		<wf pos="JJ">مُغَل</wf>
		<wf pos="NN"  sense_id="1">دورٕ</wf>
		<wf pos="PSP">مَنٛز</wf>
		<wf pos="VM">بَنییہِ</wf>
		<wf pos="JJ">واریاہ</wf>
		<wf pos="NN">آثار</wf>
		<wf pos="SYM">۔</wf>
</sentence>
<sentence s_id="63">
		<wf pos="NN">زِنٛدگی</wf>
		<wf pos="PSP">ہِنٛدِ</wf>
		<wf pos="NN"  sense_id="1">دورٕ</wf>
		<wf pos="PSP">منٛز</wf>
		<wf pos="VM">روٗد</wf>
		<wf pos="PRP">سُہ</wf>
		<wf pos="RB">ہمیشہٕ</wf>
		<wf pos="JJ">مُتٲثِر</wf>
		<wf pos="SYM">۔</wf>
</sentence>
<sentence s_id="64">
		<wf pos="JJ">پران</wf>
		<wf pos="NN"  sense_id="1">دورٕ</wf>
		<wf pos="PSP">پٮ۪ٹھ</wf>
		<wf pos="VAUX">چھِ</wf>
		<wf pos="NN">شِولِنٛگٕچ</wf>
		<wf pos="VM">پوٗجا</wf>
		<wf pos="VAUX">یِوان</wf>
		<wf pos="VM">کرنہٕ</wf>
		<wf pos="SYM">۔</wf>
</sentence>
<sentence s_id="65">
		<wf pos="JJ">پرانِ</wf>
		<wf pos="NN"  sense_id="1">دورٕ</wf>
		<wf pos="PSP">مَنٛز</wf>
		<wf pos="VAUX">ٲسۍ</wf>
		<wf pos="NN">دۄہ</wf>
		<wf pos="NN">دِش</wf>
		<wf pos="PSP">چین</wf>
		<wf pos="NN">کامین</wf>
		<wf pos="PSP">نِشہِ</wf>
		<wf pos="JJ">فارِغ</wf>
		<wf pos="VAUX">سپدِتھ</wf>
		<wf pos="NN">شامن</wf>
		<wf pos="JJ">سٲری</wf>
		<wf pos="NN">اِکہٕ</wf>
		<wf pos="NN">وۄٹہٕ</wf>
		<wf pos="VM">بِہِتھ</wf>
		<wf pos="NN">دٔلیٖل</wf>
		<wf pos="VM">بوزان</wf>
		<wf pos="CC">تہٕ</wf>
		<wf pos="PRP">یُس</wf>
		<wf pos="QC">اکھ</wf>
		<wf pos="DEM">یہِ</wf>
		<wf pos="NN">دٔلیٖل</wf>
		<wf pos="VM">بوزناوان</wf>
		<wf pos="VAUX">اوس</wf>
		<wf pos="PRP">تس</wf>
		<wf pos="VAUX">ٲسۍ</wf>
		<wf pos="NN">دٔلیٖلہٕ</wf>
		<wf pos="RDP">گوٚر</wf>
		<wf pos="VM">ونان</wf>
		<wf pos="SYM">۔</wf>
</sentence>
<sentence s_id="66">
		<wf pos="PRP">پرانِس</wf>
		<wf pos="NN"  sense_id="1">دورٕ</wf>
		<wf pos="PSP">مَنٛز</wf>
		<wf pos="VAUX">اوس</wf>
		<wf pos="JJ">کاشی</wf>
		<wf pos="NN">علِمُک</wf>
		<wf pos="NN">مَرکَز</wf>
		<wf pos="VM">یِوان</wf>
		<wf pos="VM">ماننہٕ</wf>
		<wf pos="SYM">۔</wf>
</sentence>
<sentence s_id="67">
		<wf pos="PRP">پرانِس</wf>
		<wf pos="NN"  sense_id="1">دورٕ</wf>
		<wf pos="PSP">مَنٛز</wf>
		<wf pos="VAUX">اوس</wf>
		<wf pos="NNP">مِیَر</wf>
		<wf pos="NN">شہرُک</wf>
		<wf pos="PRP">سارٕوٕے</wf>
		<wf pos="RP">کھۄتہٕ</wf>
		<wf pos="JJ">بوٚڈ</wf>
		<wf pos="NN">افسَر</wf>
		<wf pos="SYM">۔</wf>
</sentence>
<sentence s_id="68">
		<wf pos="PRP">پرانِس</wf>
		<wf pos="NN"  sense_id="1">دورٕ</wf>
		<wf pos="PSP">مَنٛز</wf>
		<wf pos="VAUX">ٲسۍ</wf>
		<wf pos="NN">دانٛدٕ</wf>
		<wf pos="NNP">گٲڈی</wf>
		<wf pos="QC">اَکہِ</wf>
		<wf pos="NN">جایہِ</wf>
		<wf pos="PSP">پٮ۪ٹھٕ</wf>
		<wf pos="PRP">بیٚیِس</wf>
		<wf pos="NN">جایہِ</wf>
		<wf pos="PSP">تام</wf>
		<wf pos="VM">گَژھنُک</wf>
		<wf pos="NN">زٔرۍیہِ</wf>
		<wf pos="SYM">۔</wf>
</sentence>
<sentence s_id="69">
		<wf pos="PRP">پرانِس</wf>
		<wf pos="NN"  sense_id="1">دورٕ</wf>
		<wf pos="PSP">مَنٛز</wf>
		<wf pos="VAUX">ٲسۍ</wf>
		<wf pos="NN">غۄلامَن</wf>
		<wf pos="PSP">ہٕنٛز</wf>
		<wf pos="NN">خریٖد</wf>
		<wf pos="CC">و</wf>
		<wf pos="NN">فروخت</wf>
		<wf pos="VM">سَپدان</wf>
		<wf pos="SYM">۔</wf>
</sentence>
<sentence s_id="70">
		<wf pos="PRP">پرٛانِس</wf>
		<wf pos="NN"  sense_id="1">دورٕ</wf>
		<wf pos="PSP">مَنٛز</wf>
		<wf pos="VAUX">اوس</wf>
		<wf pos="NN">کوٖرِ</wf>
		<wf pos="PSP">ہُنٛد</wf>
		<wf pos="VM">نیرُن</wf>
		<wf pos="VM">سجان</wf>
		<wf pos="RB">ییٚلہِ</wf>
		<wf pos="PRP">تس</wf>
		<wf pos="NN">زانٛپانس</wf>
		<wf pos="PSP">منٛز</wf>
		<wf pos="VM">کڈان</wf>
		<wf pos="NN">ٲسۍمٔہرِنۍ</wf>
		<wf pos="VAUX">چھےٚ</wf>
		<wf pos="NN">زانٛپانَس</wf>
		<wf pos="PSP">منٛز</wf>
		<wf pos="VM">بِہِتھ</wf>
		<wf pos="SYM">۔</wf>
</sentence>
<sentence s_id="71">
		<wf pos="PRP">پرٛانِس</wf>
		<wf pos="NN"  sense_id="1">دورٕ</wf>
		<wf pos="PSP">مَنٛز</wf>
		<wf pos="VAUX">اوس</wf>
		<wf pos="NN">جنگس</wf>
		<wf pos="PSP">منٛز</wf>
		<wf pos="PRP">کنہِ</wf>
		<wf pos="NN">بندوٗقُک</wf>
		<wf pos="NN">استعمال</wf>
		<wf pos="VM">کرنہٕ</wf>
		<wf pos="VAUX">یِوان</wf>
		<wf pos="SYM">۔</wf>
</sentence>
<sentence s_id="72">
		<wf pos="PRP">پرانِس</wf>
		<wf pos="NN"  sense_id="1">دورٕ</wf>
		<wf pos="PSP">مَنٛز</wf>
		<wf pos="VAUX">اوس</wf>
		<wf pos="NN">گج</wf>
		<wf pos="NN">نالن</wf>
		<wf pos="PSP">ہُند</wf>
		<wf pos="NN">جنگن</wf>
		<wf pos="PSP">منٛز</wf>
		<wf pos="NN">استعمال</wf>
		<wf pos="VM">کرنہٕ</wf>
		<wf pos="VAUX">یِوان</wf>
		<wf pos="SYM">۔</wf>
</sentence>
<sentence s_id="73">
		<wf pos="NN">برہمس</wf>
		<wf pos="NN"  sense_id="1">دورٕ</wf>
		<wf pos="PSP">مَنٛز</wf>
		<wf pos="VAUX">ٲسۍ</wf>
		<wf pos="NN">لُکھ</wf>
		<wf pos="NN">چوٚسر</wf>
		<wf pos="VM">گنٛدان</wf>
		<wf pos="SYM">۔</wf>
</sentence>
<sentence s_id="74">
		<wf pos="NN">برہمس</wf>
		<wf pos="NN"  sense_id="1">دورٕ</wf>
		<wf pos="PSP">مَنٛز</wf>
		<wf pos="VAUX">ٲسۍ</wf>
		<wf pos="NN">بادشاہن</wf>
		<wf pos="NN">واو</wf>
		<wf pos="VM">کرنہٕ</wf>
		<wf pos="PSP">خٲطرٕ</wf>
		<wf pos="NN">چاورِک</wf>
		<wf pos="VM">آسان</wf>
		<wf pos="SYM">۔</wf>
</sentence>
<sentence s_id="75">
		<wf pos="DEM">اَتھ</wf>
		<wf pos="POW">کش</wf>
		<wf pos="NN">مٕکش</wf>
		<wf pos="PSP">کِس</wf>
		<wf pos="NN"  sense_id="1">دورٕ</wf>
		<wf pos="PSP">اندر</wf>
		<wf pos="VM">چھہٕ</wf>
		<wf pos="VM">بشیٖرٕنۍ</wf>
		<wf pos="NN">گھرِکۍ</wf>
		<wf pos="JJ">لٲزۍمی</wf>
		<wf pos="POW">طور</wf>
		<wf pos="VM">أ</wf>
		<wf pos="PRP">ہنٛزن</wf>
		<wf pos="NN">ژھاٮَ۪ن</wf>
		<wf pos="CC">تہٕ</wf>
		<wf pos="NNP">گرٛا</wf>
		<wf pos="PSP">یَن</wf>
		<wf pos="VAUX">زاگان</wf>
		<wf pos="PRP">أسۍ</wf>
		<wf pos="POW">مٕتۍ</wf>
		<wf pos="SYM">۔</wf>
</sentence>
<sentence s_id="76">
		<wf pos="PRP">مےٚ</wf>
		<wf pos="VAUX">چُھ</wf>
		<wf pos="DEM">یہِ</wf>
		<wf pos="NN">بٮ۪مارِ</wf>
		<wf pos="PSP">ہِنٛدِس</wf>
		<wf pos="NN"  sense_id="2">دورٕ</wf>
		<wf pos="PSP">منٛز</wf>
		<wf pos="VM">کوٚرمُت</wf>
		<wf pos="SYM">۔</wf>
</sentence>
<sentence s_id="77">
		<wf pos="NN">اَسہٕ</wf>
		<wf pos="VAUX">پَزِ</wf>
		<wf pos="JJ">مٲلی</wf>
		<wf pos="NN">مُشکِلاتَن</wf>
		<wf pos="PSP">ہِنٛدِس</wf>
		<wf pos="NN"  sense_id="1">دورٕ</wf>
		<wf pos="PSP">منٛز</wf>
		<wf pos="JJ">کم</wf>
		<wf pos="NN">خرچ</wf>
		<wf pos="VM">کرُن</wf>
		<wf pos="SYM">۔</wf>
</sentence>
<sentence s_id="78">
		<wf pos="PRP">اَسہِ</wf>
		<wf pos="VAUX">پَزِ</wf>
		<wf pos="NN">پَرنٛکِس</wf>
		<wf pos="NN"  sense_id="1">دورٕ</wf>
		<wf pos="PSP">منٛز</wf>
		<wf pos="JJ">غلط</wf>
		<wf pos="VM">کامیوو</wf>
		<wf pos="PSP">نِش</wf>
		<wf pos="NN">پرہیز</wf>
		<wf pos="VM">کرُن</wf>
		<wf pos="RB">تیٚلہٕ</wf>
		<wf pos="VAUX">ہِیکو</wf>
		<wf pos="VAUX">ٲس</wf>
		<wf pos="VM">بتھ</wf>
		<wf pos="JJ">کامیاب</wf>
		<wf pos="NN">گژتھ</wf>
		<wf pos="SYM">۔</wf>
</sentence>
<sentence s_id="79">
		<wf pos="PRP">سُہ</wf>
		<wf pos="VAUX">چُھ</wf>
		<wf pos="VM">وُنکٮ۪س</wf>
		<wf pos="NN">جوٲنی</wf>
		<wf pos="PSP">ہٕنٛدِس</wf>
		<wf pos="NN"  sense_id="1">دورٕ</wf>
		<wf pos="PSP">منٛز</wf>
		<wf pos="SYM">۔</wf>
</sentence>
<sentence s_id="80">
		<wf pos="JJ">اِسلٲمی</wf>
		<wf pos="NN"  sense_id="1">دورٕ</wf>
		<wf pos="PSP">منٛز</wf>
		<wf pos="VM">آیہِ</wf>
		<wf pos="NN">غلامَس</wf>
		<wf pos="NN">آزٲدی</wf>
		<wf pos="VM">دِنۍ</wf>
		<wf pos="SYM">۔</wf>
</sentence>
<sentence s_id="81">
		<wf pos="JJ">مُغَل</wf>
		<wf pos="NN"  sense_id="1">دورٕ</wf>
		<wf pos="PSP">مَنٛز</wf>
		<wf pos="VAUX">ٲسۍ</wf>
		<wf pos="NN">رۄپہٕ</wf>
		<wf pos="PSP">سٕنٛدۍ</wf>
		<wf pos="NN">سِکہٕ</wf>
		<wf pos="VM">چَلان</wf>
		<wf pos="SYM">۔</wf>
</sentence>
<sentence s_id="82">
		<wf pos="NN">مُغلَن</wf>
		<wf pos="PSP">ہِنٛدِس</wf>
		<wf pos="NN"  sense_id="1">دورٕ</wf>
		<wf pos="PSP">منٛز</wf>
		<wf pos="VAUX">آسہٕ</wf>
		<wf pos="NN">زَنانہٕ</wf>
		<wf pos="JJ">ماتحت</wf>
		<wf pos="VM">آسان</wf>
		<wf pos="SYM">۔</wf>
</sentence>
<sentence s_id="83">
		<wf pos="VM">سٔچِن</wf>
		<wf pos="NN">ٹٮ۪نڑولکَرَن</wf>
		<wf pos="VM">ہوو</wf>
		<wf pos="NN">کِرکَٹکِس</wf>
		<wf pos="NN">مٲدانَس</wf>
		<wf pos="PSP">منٛز</wf>
		<wf pos="PRP">پَنُن</wf>
		<wf pos="NN">تَھزَر</wf>
		<wf pos="VM">وَن</wf>
		<wf pos="NN">ڈییَس</wf>
		<wf pos="PSP">منٛز</wf>
		<wf pos="PRP">ساروٕے</wf>
		<wf pos="RP">کھۄتہٕ</wf>
		<wf pos="JJ">زیٛادٕ</wf>
		<wf pos="NN">سٮ۪نٛچری</wf>
		<wf pos="VM">بَنٲوِتھوِنۍ</wf>
		<wf pos="NN">کِکِس</wf>
		<wf pos="NN"  sense_id="1">دورٕ</wf>
		<wf pos="PSP">منٛز</wf>
		<wf pos="VM">ہٮ۪کونہٕ</wf>
		<wf pos="NN">ساینَس</wf>
		<wf pos="POW">دانَن</wf>
		<wf pos="PSP">ہُنٛد</wf>
		<wf pos="NN">بَجر</wf>
		<wf pos="VM">اَپزٲوِتھ</wf>
		<wf pos="SYM">۔</wf>
</sentence>
<sentence s_id="84">
		<wf pos="CC">یہٕ</wf>
		<wf pos="VAUX">چھےٚ</wf>
		<wf pos="VM">مانٛنہٕ</wf>
		<wf pos="VAUX">آمٕژ</wf>
		<wf pos="NN">کتھ</wf>
		<wf pos="QC">زٕ</wf>
		<wf pos="DEM">یَتھ</wf>
		<wf pos="NN"  sense_id="1">دورٕ</wf>
		<wf pos="PSP">منٛز</wf>
		<wf pos="NN">رُشوَت</wf>
		<wf pos="VM">دٕننہٕ</wf>
		<wf pos="RB">بَغٲر</wf>
		<wf pos="VAUX">چھےٚ</wf>
		<wf pos="NEG">نہٕ</wf>
		<wf pos="PRP">کانٛہہ</wf>
		<wf pos="NN">کٲم</wf>
		<wf pos="VM">اَنٛدان</wf>
		<wf pos="SYM">۔</wf>
</sentence>

</contextfile>