<?xml version="1.0" encoding="utf-8" ?>
<contextfile fileno="74" filename="راوُن">
	<sentence s_id="1">
		<wf pos="PRP">سُہ</wf>
		<wf pos="VAUX">اوس</wf>
		<wf pos="NN">کِتابہِ</wf>
		<wf pos="PSP">ہِنٛدِس</wf>
		<wf pos="NN">مَوادَس</wf>
		<wf pos="PSP">منٛز</wf>
		<wf pos="NN">رومُتمیٖرا</wf>
		<wf pos="VAUX">ٲس</wf>
		<wf pos="NN">کِرشَن</wf>
		<wf pos="PRP">بَگوانٛنِس</wf>
		<wf pos="NN">بَجنَس</wf>
		<wf pos="PSP">منٛز</wf>
		<wf pos="VM">رٲومٕژ</wf>
		<wf pos="SYM">۔</wf>
	</sentence>
	<sentence s_id="2">
		<wf pos="PRP">مےٚ</wf>
		<wf pos="VM">رٲوۍ</wf>
		<wf pos="QC">پانٛژھ</wf>
		<wf pos="QC">ہَتھ</wf>
		<wf pos="NN">رۄپیہٕ</wf>
		<wf pos="SYM">۔</wf>
	</sentence>
	<sentence s_id="3">
		<wf pos="PRP">مےٚ</wf>
		<wf pos="VAUX">چھِ</wf>
		<wf pos="PRP">کوٗنٛز</wf>
		<wf pos="NN">کَتہِ</wf>
		<wf pos="PSP">تام</wf>
		<wf pos="VM">رٲوۍمٕژ</wf>
		<wf pos="SYM">۔</wf>
	</sentence>
	<sentence s_id="4">
		<wf pos="NN">میزَس</wf>
		<wf pos="PSP">پٮ۪ٹھ</wf>
		<wf pos="NN">تَھوِ</wf>
		<wf pos="VM">مَژٕ</wf>
		<wf pos="NN">کتابہٕ</wf>
		<wf pos="VAUX">چھے</wf>
		<wf pos="VM">رٲوۍمٕژ</wf>
		<wf pos="SYM">۔</wf>
	</sentence>
	<sentence s_id="5">
		<wf pos="JJ">نٔوِس</wf>
		<wf pos="NN">شہرَس</wf>
		<wf pos="PSP">منٛز</wf>
		<wf pos="VM">رٲو</wf>
		<wf pos="PRP">تَس</wf>
		<wf pos="NN">وَتھ</wf>
		<wf pos="CC">تہٕ</wf>
		<wf pos="VM">ووت</wf>
		<wf pos="NN">سِٹیشَن</wf>
		<wf pos="SYM">۔</wf>
	</sentence>
	<sentence s_id="6">
		<wf pos="PRP">تٔمۍ</wf>
		<wf pos="PSP">سٕنٛدِ</wf>
		<wf pos="NN">بٕتھہِ</wf>
		<wf pos="PSP">پٮ۪ٹھہٕ</wf>
		<wf pos="VAUX">چُھ</wf>
		<wf pos="JJ">اَسنُے</wf>
		<wf pos="VM">رٲومُت</wf>
		<wf pos="SYM">۔</wf>
	</sentence>
	<sentence s_id="7">
		<wf pos="PRP">مے</wf>
		<wf pos="RP">حض</wf>
		<wf pos="VAUX">چُھ</wf>
		<wf pos="DEM">یتھ</wf>
		<wf pos="NN">جایہ</wf>
		<wf pos="VM">رٲومٕژ</wf>
		<wf pos="NN">گٕر</wf>
		<wf pos="SYM">۔</wf>
	</sentence>
	<sentence s_id="8">
		<wf pos="WQ">خبر</wf>
		<wf pos="CC">یہٕ</wf>
		<wf pos="PSP">کوٗو</wf>
		<wf pos="VAUX">ما</wf>
		<wf pos="VAUX">چھُ</wf>
		<wf pos="VM">رٲوۍمٕژ</wf>
		<wf pos="SYM">۔</wf>
	</sentence>
	<sentence s_id="9">
		<wf pos="NNPC">عبدالرحیم</wf>
		<wf pos="NNP">اعمیٰ</wf>
		<wf pos="NN">بانہٲلۍ</wf>
		<wf pos="PSP">سٕندٮ۪ن</wf>
		<wf pos="NN">شعرن</wf>
		<wf pos="PSP">منٛز</wf>
		<wf pos="NN">رٲوس</wf>
		<wf pos="PRP">بہٕ</wf>
		<wf pos="SYM">۔</wf>
	</sentence>
	<sentence s_id="10">
		<wf pos="QC">اکہ</wf>
		<wf pos="NN">دۅہہٕ</wf>
		<wf pos="VM">رٲوس</wf>
		<wf pos="PRP">بہٕ</wf>
		<wf pos="NN">بانہالہ</wf>
		<wf pos="PSP">ہٕندِس</wf>
		<wf pos="NN">رئیس</wf>
		<wf pos="CC">تہٕ</wf>
		<wf pos="NN">مہارا</wf>
		<wf pos="NN">جہ</wf>
		<wf pos="NN">رنبیر</wf>
		<wf pos="VM">سنگھنس</wf>
		<wf pos="NN">محلس</wf>
		<wf pos="PSP">منٛز</wf>
		<wf pos="SYM">۔</wf>
	</sentence>
	<sentence s_id="11">
		<wf pos="NN">خوا</wf>
		<wf pos="NN">جہ</wf>
		<wf pos="NNP">صمد</wf>
		<wf pos="NN">جو</wf>
		<wf pos="PSP">سٕندٮ۪و</wf>
		<wf pos="QC">دۅیو</wf>
		<wf pos="JJ">نیچوٮ۪و</wf>
		<wf pos="NN">لٕبہٕ</wf>
		<wf pos="VM">رٲومٕژ</wf>
		<wf pos="NN">موج</wf>
		<wf pos="SYM">۔</wf>
	</sentence>
	<sentence s_id="12">
		<wf pos="NNP">عبدالرحیمن</wf>
		<wf pos="CC">و</wf>
		<wf pos="NN">ونکھ</wf>
		<wf pos="INJ">خدایا</wf>
		<wf pos="DEM">یِمن</wf>
		<wf pos="NN">دۅن</wf>
		<wf pos="CC">تہ</wf>
		<wf pos="NN">لٕگن</wf>
		<wf pos="???">جل</wf>
		<wf pos="VM">رٲومٕژ</wf>
		<wf pos="NN">موج</wf>
		<wf pos="NN">اتھہٕ</wf>
		<wf pos="SYM">۔</wf>
	</sentence>
	<sentence s_id="13">
		<wf pos="VM">دپان</wf>
		<wf pos="NNPC">عبدالرحیم</wf>
		<wf pos="NNP">اعمیٰ</wf>
		<wf pos="PSP">سٕندٮ۪ن</wf>
		<wf pos="VM">رٲونہٕ</wf>
		<wf pos="RB">پتہٕ</wf>
		<wf pos="VM">کور</wf>
		<wf pos="PRP">تسٕندٮ۪و</wf>
		<wf pos="NNP">دُشمنو</wf>
		<wf pos="NN">بانہال</wf>
		<wf pos="VM">بسنہ</wf>
		<wf pos="VAUX">آمتِس</wf>
		<wf pos="JJ">مشہور</wf>
		<wf pos="NNPC">حکیم</wf>
		<wf pos="NNPC">تہٕ</wf>
		<wf pos="NNPC">کیمیا</wf>
		<wf pos="NNP">گر</wf>
		<wf pos="NNPC">محمد</wf>
		<wf pos="NN">نسیم</wf>
		<wf pos="NN">پٹھانس</wf>
		<wf pos="VM">کُن</wf>
		<wf pos="VM">رجوع</wf>
		<wf pos="SYM">۔</wf>
	</sentence>
	<sentence s_id="14">
		<wf pos="NNP">اعمیٰ</wf>
		<wf pos="RP">صٲب</wf>
		<wf pos="CC">تہٕ</wf>
		<wf pos="NN">نسیم</wf>
		<wf pos="NNPC">آیہ</wf>
		<wf pos="NNP">ڈلیگامہ</wf>
		<wf pos="PSP">کِس</wf>
		<wf pos="NNPC">بونہ</wf>
		<wf pos="NN">باغس</wf>
		<wf pos="PSP">منز</wf>
		<wf pos="VM">رٲومٕژ</wf>
		<wf pos="PSP">کوٗو</wf>
		<wf pos="VM">ژھانڈان</wf>
		<wf pos="SYM">۔</wf>
	</sentence>
	<sentence s_id="15">
		<wf pos="NNP">اعمیٰ</wf>
		<wf pos="RP">صٲبن</wf>
		<wf pos="VM">تھوو</wf>
		<wf pos="NN">شرط</wf>
		<wf pos="CC">زِ</wf>
		<wf pos="VM">رٲومٕژ</wf>
		<wf pos="NN">کتابہٕ</wf>
		<wf pos="VAUX">گژھِ</wf>
		<wf pos="NN">إتھ</wf>
		<wf pos="VM">کرنہٕ</wf>
		<wf pos="VM">یُن</wf>
		<wf pos="SYM">۔</wf>
	</sentence>
	<sentence s_id="16">
		<wf pos="PRP">سُہ</wf>
		<wf pos="VAUX">اوس</wf>
		<wf pos="NN">کِتابہِ</wf>
		<wf pos="PSP">ہِنٛدِس</wf>
		<wf pos="NN">مَوادَس</wf>
		<wf pos="PSP">منٛز</wf>
		<wf pos="NN">رومُتمیٖرا</wf>
		<wf pos="VAUX">ٲس</wf>
		<wf pos="NN">کِرشَن</wf>
		<wf pos="PRP">بَگوانٛنِس</wf>
		<wf pos="NN">بَجنَس</wf>
		<wf pos="PSP">منٛز</wf>
		<wf pos="VM">رٲومٕژ</wf>
		<wf pos="SYM">۔</wf>
	</sentence>
	<sentence s_id="17">
		<wf pos="PRP">مےٚ</wf>
		<wf pos="VM">رٲوۍ</wf>
		<wf pos="QC">پانٛژھ</wf>
		<wf pos="QC">ہَتھ</wf>
		<wf pos="NN">رۄپیہٕ</wf>
		<wf pos="SYM">۔</wf>
	</sentence>
	<sentence s_id="18">
		<wf pos="PRP">مےٚ</wf>
		<wf pos="VAUX">چھِ</wf>
		<wf pos="PRP">کوٗنٛز</wf>
		<wf pos="NN">کَتہِ</wf>
		<wf pos="PSP">تام</wf>
		<wf pos="VM">رٲوۍمٕژ</wf>
		<wf pos="SYM">۔</wf>
	</sentence>
	<sentence s_id="19">
		<wf pos="NN">میزَس</wf>
		<wf pos="PSP">پٮ۪ٹھ</wf>
		<wf pos="NN">تَھوِ</wf>
		<wf pos="VM">مَژٕ</wf>
		<wf pos="NN">کتابہٕ</wf>
		<wf pos="VAUX">چھے</wf>
		<wf pos="VM">رٲوۍمٕژ</wf>
		<wf pos="SYM">۔</wf>
	</sentence>
	<sentence s_id="20">
		<wf pos="JJ">نٔوِس</wf>
		<wf pos="NN">شہرَس</wf>
		<wf pos="PSP">منٛز</wf>
		<wf pos="VM">رٲو</wf>
		<wf pos="PRP">تَس</wf>
		<wf pos="NN">وَتھ</wf>
		<wf pos="CC">تہٕ</wf>
		<wf pos="VM">ووت</wf>
		<wf pos="NN">سِٹیشَن</wf>
		<wf pos="SYM">۔</wf>
	</sentence>
	<sentence s_id="21">
		<wf pos="PRP">تٔمۍ</wf>
		<wf pos="PSP">سٕنٛدِ</wf>
		<wf pos="NN">بٕتھہِ</wf>
		<wf pos="PSP">پٮ۪ٹھہٕ</wf>
		<wf pos="VAUX">چُھ</wf>
		<wf pos="JJ">اَسنُے</wf>
		<wf pos="VM">رٲومُت</wf>
		<wf pos="SYM">۔</wf>
	</sentence>
	<sentence s_id="22">
		<wf pos="PRP">مے</wf>
		<wf pos="RP">حض</wf>
		<wf pos="VAUX">چُھ</wf>
		<wf pos="DEM">یتھ</wf>
		<wf pos="NN">جایہ</wf>
		<wf pos="VM">رٲومٕژ</wf>
		<wf pos="NN">گٕر</wf>
		<wf pos="SYM">۔</wf>
	</sentence>
	<sentence s_id="23">
		<wf pos="WQ">خبر</wf>
		<wf pos="CC">یہٕ</wf>
		<wf pos="PSP">کوٗو</wf>
		<wf pos="VAUX">ما</wf>
		<wf pos="VAUX">چھُ</wf>
		<wf pos="VM">رٲوۍمٕژ</wf>
		<wf pos="SYM">۔</wf>
	</sentence>
	<sentence s_id="24">
		<wf pos="NNPC">عبدالرحیم</wf>
		<wf pos="NNP">اعمیٰ</wf>
		<wf pos="NN">بانہٲلۍ</wf>
		<wf pos="PSP">سٕندٮ۪ن</wf>
		<wf pos="NN">شعرن</wf>
		<wf pos="PSP">منٛز</wf>
		<wf pos="NN">رٲوس</wf>
		<wf pos="PRP">بہٕ</wf>
		<wf pos="SYM">۔</wf>
	</sentence>
	<sentence s_id="25">
		<wf pos="QC">اکہ</wf>
		<wf pos="NN">دۅہہٕ</wf>
		<wf pos="VM">رٲوس</wf>
		<wf pos="PRP">بہٕ</wf>
		<wf pos="NN">بانہالہ</wf>
		<wf pos="PSP">ہٕندِس</wf>
		<wf pos="NN">رئیس</wf>
		<wf pos="CC">تہٕ</wf>
		<wf pos="NN">مہارا</wf>
		<wf pos="NN">جہ</wf>
		<wf pos="NN">رنبیر</wf>
		<wf pos="VM">سنگھنس</wf>
		<wf pos="NN">محلس</wf>
		<wf pos="PSP">منٛز</wf>
		<wf pos="SYM">۔</wf>
	</sentence>
	<sentence s_id="26">
		<wf pos="NN">خوا</wf>
		<wf pos="NN">جہ</wf>
		<wf pos="NNP">صمد</wf>
		<wf pos="NN">جو</wf>
		<wf pos="PSP">سٕندٮ۪و</wf>
		<wf pos="QC">دۅیو</wf>
		<wf pos="JJ">نیچوٮ۪و</wf>
		<wf pos="NN">لٕبہٕ</wf>
		<wf pos="VM">رٲومٕژ</wf>
		<wf pos="NN">موج</wf>
		<wf pos="SYM">۔</wf>
	</sentence>
	<sentence s_id="27">
		<wf pos="NNP">عبدالرحیمن</wf>
		<wf pos="CC">و</wf>
		<wf pos="NN">ونکھ</wf>
		<wf pos="INJ">خدایا</wf>
		<wf pos="DEM">یِمن</wf>
		<wf pos="NN">دۅن</wf>
		<wf pos="CC">تہ</wf>
		<wf pos="NN">لٕگن</wf>
		<wf pos="???">جل</wf>
		<wf pos="VM">رٲومٕژ</wf>
		<wf pos="NN">موج</wf>
		<wf pos="NN">اتھہٕ</wf>
		<wf pos="SYM">۔</wf>
	</sentence>
	<sentence s_id="28">
		<wf pos="VM">دپان</wf>
		<wf pos="NNPC">عبدالرحیم</wf>
		<wf pos="NNP">اعمیٰ</wf>
		<wf pos="PSP">سٕندٮ۪ن</wf>
		<wf pos="VM">رٲونہٕ</wf>
		<wf pos="RB">پتہٕ</wf>
		<wf pos="VM">کور</wf>
		<wf pos="PRP">تسٕندٮ۪و</wf>
		<wf pos="NNP">دُشمنو</wf>
		<wf pos="NN">بانہال</wf>
		<wf pos="VM">بسنہ</wf>
		<wf pos="VAUX">آمتِس</wf>
		<wf pos="JJ">مشہور</wf>
		<wf pos="NNPC">حکیم</wf>
		<wf pos="NNPC">تہٕ</wf>
		<wf pos="NNPC">کیمیا</wf>
		<wf pos="NNP">گر</wf>
		<wf pos="NNPC">محمد</wf>
		<wf pos="NN">نسیم</wf>
		<wf pos="NN">پٹھانس</wf>
		<wf pos="VM">کُن</wf>
		<wf pos="VM">رجوع</wf>
		<wf pos="SYM">۔</wf>
	</sentence>
	<sentence s_id="29">
		<wf pos="NNP">اعمیٰ</wf>
		<wf pos="RP">صٲب</wf>
		<wf pos="CC">تہٕ</wf>
		<wf pos="NN">نسیم</wf>
		<wf pos="NNPC">آیہ</wf>
		<wf pos="NNP">ڈلیگامہ</wf>
		<wf pos="PSP">کِس</wf>
		<wf pos="NNPC">بونہ</wf>
		<wf pos="NN">باغس</wf>
		<wf pos="PSP">منز</wf>
		<wf pos="VM">رٲومٕژ</wf>
		<wf pos="PSP">کوٗو</wf>
		<wf pos="VM">ژھانڈان</wf>
		<wf pos="SYM">۔</wf>
	</sentence>
	<sentence s_id="30">
		<wf pos="NNP">اعمیٰ</wf>
		<wf pos="RP">صٲبن</wf>
		<wf pos="VM">تھوو</wf>
		<wf pos="NN">شرط</wf>
		<wf pos="CC">زِ</wf>
		<wf pos="VM">رٲومٕژ</wf>
		<wf pos="NN">کتابہٕ</wf>
		<wf pos="VAUX">گژھِ</wf>
		<wf pos="NN">إتھ</wf>
		<wf pos="VM">کرنہٕ</wf>
		<wf pos="VM">یُن</wf>
		<wf pos="SYM">۔</wf>
	</sentence>
	<sentence s_id="31">
		<wf pos="PRP">تٔمۍ</wf>
		<wf pos="PSP">سٕنٛدِ</wf>
		<wf pos="NN">بٕتھہِ</wf>
		<wf pos="PSP">پٮ۪ٹھہٕ</wf>
		<wf pos="VAUX">چُھ</wf>
		<wf pos="JJ">اَسنُے</wf>
		<wf pos="VM">رٲومُت</wf>
		<wf pos="SYM">۔</wf>
	</sentence>
	<sentence s_id="32">
		<wf pos="PRP">مے</wf>
		<wf pos="RP">حض</wf>
		<wf pos="VAUX">چُھ</wf>
		<wf pos="DEM">یتھ</wf>
		<wf pos="NN">جایہ</wf>
		<wf pos="VM">رٲومٕژ</wf>
		<wf pos="NN">گٕر</wf>
		<wf pos="SYM">۔</wf>
	</sentence>
	<sentence s_id="33">
		<wf pos="WQ">خبر</wf>
		<wf pos="CC">یہٕ</wf>
		<wf pos="PSP">کوٗو</wf>
		<wf pos="VAUX">ما</wf>
		<wf pos="VAUX">چھُ</wf>
		<wf pos="VM">رٲوۍمٕژ</wf>
		<wf pos="SYM">۔</wf>
	</sentence>
	<sentence s_id="34">
		<wf pos="NNPC">عبدالرحیم</wf>
		<wf pos="NNP">اعمیٰ</wf>
		<wf pos="NN">بانہٲلۍ</wf>
		<wf pos="PSP">سٕندٮ۪ن</wf>
		<wf pos="NN">شعرن</wf>
		<wf pos="PSP">منٛز</wf>
		<wf pos="NN">رٲوس</wf>
		<wf pos="PRP">بہٕ</wf>
		<wf pos="SYM">۔</wf>
	</sentence>
	<sentence s_id="35">
		<wf pos="QC">اکہ</wf>
		<wf pos="NN">دۅہہٕ</wf>
		<wf pos="VM">رٲوس</wf>
		<wf pos="PRP">بہٕ</wf>
		<wf pos="NN">بانہالہ</wf>
		<wf pos="PSP">ہٕندِس</wf>
		<wf pos="NN">رئیس</wf>
		<wf pos="CC">تہٕ</wf>
		<wf pos="NN">مہارا</wf>
		<wf pos="NN">جہ</wf>
		<wf pos="NN">رنبیر</wf>
		<wf pos="VM">سنگھنس</wf>
		<wf pos="NN">محلس</wf>
		<wf pos="PSP">منٛز</wf>
		<wf pos="SYM">۔</wf>
	</sentence>
	<sentence s_id="36">
		<wf pos="NN">خوا</wf>
		<wf pos="NN">جہ</wf>
		<wf pos="NNP">صمد</wf>
		<wf pos="NN">جو</wf>
		<wf pos="PSP">سٕندٮ۪و</wf>
		<wf pos="QC">دۅیو</wf>
		<wf pos="JJ">نیچوٮ۪و</wf>
		<wf pos="NN">لٕبہٕ</wf>
		<wf pos="VM">رٲومٕژ</wf>
		<wf pos="NN">موج</wf>
		<wf pos="SYM">۔</wf>
	</sentence>
	<sentence s_id="37">
		<wf pos="NNP">عبدالرحیمن</wf>
		<wf pos="CC">و</wf>
		<wf pos="NN">ونکھ</wf>
		<wf pos="INJ">خدایا</wf>
		<wf pos="DEM">یِمن</wf>
		<wf pos="NN">دۅن</wf>
		<wf pos="CC">تہ</wf>
		<wf pos="NN">لٕگن</wf>
		<wf pos="???">جل</wf>
		<wf pos="VM">رٲومٕژ</wf>
		<wf pos="NN">موج</wf>
		<wf pos="NN">اتھہٕ</wf>
		<wf pos="SYM">۔</wf>
	</sentence>
	<sentence s_id="38">
		<wf pos="VM">دپان</wf>
		<wf pos="NNPC">عبدالرحیم</wf>
		<wf pos="NNP">اعمیٰ</wf>
		<wf pos="PSP">سٕندٮ۪ن</wf>
		<wf pos="VM">رٲونہٕ</wf>
		<wf pos="RB">پتہٕ</wf>
		<wf pos="VM">کور</wf>
		<wf pos="PRP">تسٕندٮ۪و</wf>
		<wf pos="NNP">دُشمنو</wf>
		<wf pos="NN">بانہال</wf>
		<wf pos="VM">بسنہ</wf>
		<wf pos="VAUX">آمتِس</wf>
		<wf pos="JJ">مشہور</wf>
		<wf pos="NNPC">حکیم</wf>
		<wf pos="NNPC">تہٕ</wf>
		<wf pos="NNPC">کیمیا</wf>
		<wf pos="NNP">گر</wf>
		<wf pos="NNPC">محمد</wf>
		<wf pos="NN">نسیم</wf>
		<wf pos="NN">پٹھانس</wf>
		<wf pos="VM">کُن</wf>
		<wf pos="VM">رجوع</wf>
		<wf pos="SYM">۔</wf>
	</sentence>
	<sentence s_id="39">
		<wf pos="NNP">اعمیٰ</wf>
		<wf pos="RP">صٲب</wf>
		<wf pos="CC">تہٕ</wf>
		<wf pos="NN">نسیم</wf>
		<wf pos="NNPC">آیہ</wf>
		<wf pos="NNP">ڈلیگامہ</wf>
		<wf pos="PSP">کِس</wf>
		<wf pos="NNPC">بونہ</wf>
		<wf pos="NN">باغس</wf>
		<wf pos="PSP">منز</wf>
		<wf pos="VM">رٲومٕژ</wf>
		<wf pos="PSP">کوٗو</wf>
		<wf pos="VM">ژھانڈان</wf>
		<wf pos="SYM">۔</wf>
	</sentence>
	<sentence s_id="40">
		<wf pos="NNP">اعمیٰ</wf>
		<wf pos="RP">صٲبن</wf>
		<wf pos="VM">تھوو</wf>
		<wf pos="NN">شرط</wf>
		<wf pos="CC">زِ</wf>
		<wf pos="VM">رٲومٕژ</wf>
		<wf pos="NN">کتابہٕ</wf>
		<wf pos="VAUX">گژھِ</wf>
		<wf pos="NN">إتھ</wf>
		<wf pos="VM">کرنہٕ</wf>
		<wf pos="VM">یُن</wf>
		<wf pos="SYM">۔</wf>
		<sentence s_id="40">
		<wf pos="JJ">نٔوِس</wf>
		<wf pos="NN">شہرَس</wf>
		<wf pos="PSP">منٛز</wf>
		<wf pos="VM">رٲو</wf>
		<wf pos="PRP">تَس</wf>
		<wf pos="NN">وَتھ</wf>
		<wf pos="CC">تہٕ</wf>
		<wf pos="VM">ووت</wf>
		<wf pos="NN">سِٹیشَن</wf>
		<wf pos="SYM">۔</wf>
	</sentence>
	<sentence s_id="41">
		<wf pos="PRP">تٔمۍ</wf>
		<wf pos="PSP">سٕنٛدِ</wf>
		<wf pos="NN">بٕتھہِ</wf>
		<wf pos="PSP">پٮ۪ٹھہٕ</wf>
		<wf pos="VAUX">چُھ</wf>
		<wf pos="JJ">اَسنُے</wf>
		<wf pos="VM">رٲومُت</wf>
		<wf pos="SYM">۔</wf>
	</sentence>
	<sentence s_id="42">
		<wf pos="PRP">مے</wf>
		<wf pos="RP">حض</wf>
		<wf pos="VAUX">چُھ</wf>
		<wf pos="DEM">یتھ</wf>
		<wf pos="NN">جایہ</wf>
		<wf pos="VM">رٲومٕژ</wf>
		<wf pos="NN">گٕر</wf>
		<wf pos="SYM">۔</wf>
	</sentence>
	<sentence s_id="43">
		<wf pos="WQ">خبر</wf>
		<wf pos="CC">یہٕ</wf>
		<wf pos="PSP">کوٗو</wf>
		<wf pos="VAUX">ما</wf>
		<wf pos="VAUX">چھُ</wf>
		<wf pos="VM">رٲوۍمٕژ</wf>
		<wf pos="SYM">۔</wf>
	</sentence>
	<sentence s_id="44">
		<wf pos="NNPC">عبدالرحیم</wf>
		<wf pos="NNP">اعمیٰ</wf>
		<wf pos="NN">بانہٲلۍ</wf>
		<wf pos="PSP">سٕندٮ۪ن</wf>
		<wf pos="NN">شعرن</wf>
		<wf pos="PSP">منٛز</wf>
		<wf pos="NN">رٲوس</wf>
		<wf pos="PRP">بہٕ</wf>
		<wf pos="SYM">۔</wf>
	</sentence>
	<sentence s_id="45">
		<wf pos="QC">اکہ</wf>
		<wf pos="NN">دۅہہٕ</wf>
		<wf pos="VM">رٲوس</wf>
		<wf pos="PRP">بہٕ</wf>
		<wf pos="NN">بانہالہ</wf>
		<wf pos="PSP">ہٕندِس</wf>
		<wf pos="NN">رئیس</wf>
		<wf pos="CC">تہٕ</wf>
		<wf pos="NN">مہارا</wf>
		<wf pos="NN">جہ</wf>
		<wf pos="NN">رنبیر</wf>
		<wf pos="VM">سنگھنس</wf>
		<wf pos="NN">محلس</wf>
		<wf pos="PSP">منٛز</wf>
		<wf pos="SYM">۔</wf>
	</sentence>
	<sentence s_id="46">
		<wf pos="NN">خوا</wf>
		<wf pos="NN">جہ</wf>
		<wf pos="NNP">صمد</wf>
		<wf pos="NN">جو</wf>
		<wf pos="PSP">سٕندٮ۪و</wf>
		<wf pos="QC">دۅیو</wf>
		<wf pos="JJ">نیچوٮ۪و</wf>
		<wf pos="NN">لٕبہٕ</wf>
		<wf pos="VM">رٲومٕژ</wf>
		<wf pos="NN">موج</wf>
		<wf pos="SYM">۔</wf>
	</sentence>
	<sentence s_id="47">
		<wf pos="NNP">عبدالرحیمن</wf>
		<wf pos="CC">و</wf>
		<wf pos="NN">ونکھ</wf>
		<wf pos="INJ">خدایا</wf>
		<wf pos="DEM">یِمن</wf>
		<wf pos="NN">دۅن</wf>
		<wf pos="CC">تہ</wf>
		<wf pos="NN">لٕگن</wf>
		<wf pos="???">جل</wf>
		<wf pos="VM">رٲومٕژ</wf>
		<wf pos="NN">موج</wf>
		<wf pos="NN">اتھہٕ</wf>
		<wf pos="SYM">۔</wf>
	</sentence>
	<sentence s_id="48">
		<wf pos="VM">دپان</wf>
		<wf pos="NNPC">عبدالرحیم</wf>
		<wf pos="NNP">اعمیٰ</wf>
		<wf pos="PSP">سٕندٮ۪ن</wf>
		<wf pos="VM">رٲونہٕ</wf>
		<wf pos="RB">پتہٕ</wf>
		<wf pos="VM">کور</wf>
		<wf pos="PRP">تسٕندٮ۪و</wf>
		<wf pos="NNP">دُشمنو</wf>
		<wf pos="NN">بانہال</wf>
		<wf pos="VM">بسنہ</wf>
		<wf pos="VAUX">آمتِس</wf>
		<wf pos="JJ">مشہور</wf>
		<wf pos="NNPC">حکیم</wf>
		<wf pos="NNPC">تہٕ</wf>
		<wf pos="NNPC">کیمیا</wf>
		<wf pos="NNP">گر</wf>
		<wf pos="NNPC">محمد</wf>
		<wf pos="NN">نسیم</wf>
		<wf pos="NN">پٹھانس</wf>
		<wf pos="VM">کُن</wf>
		<wf pos="VM">رجوع</wf>
		<wf pos="SYM">۔</wf>
	</sentence>
	<sentence s_id="49">
		<wf pos="NNP">اعمیٰ</wf>
		<wf pos="RP">صٲب</wf>
		<wf pos="CC">تہٕ</wf>
		<wf pos="NN">نسیم</wf>
		<wf pos="NNPC">آیہ</wf>
		<wf pos="NNP">ڈلیگامہ</wf>
		<wf pos="PSP">کِس</wf>
		<wf pos="NNPC">بونہ</wf>
		<wf pos="NN">باغس</wf>
		<wf pos="PSP">منز</wf>
		<wf pos="VM">رٲومٕژ</wf>
		<wf pos="PSP">کوٗو</wf>
		<wf pos="VM">ژھانڈان</wf>
		<wf pos="SYM">۔</wf>
	</sentence>
	<sentence s_id="50">
		<wf pos="JJ">نٔوِس</wf>
		<wf pos="NN">شہرَس</wf>
		<wf pos="PSP">منٛز</wf>
		<wf pos="VM">رٲو</wf>
		<wf pos="PRP">تَس</wf>
		<wf pos="NN">وَتھ</wf>
		<wf pos="CC">تہٕ</wf>
		<wf pos="VM">ووت</wf>
		<wf pos="NN">سِٹیشَن</wf>
		<wf pos="SYM">۔</wf>
	</sentence>
	<sentence s_id="51">
		<wf pos="PRP">تٔمۍ</wf>
		<wf pos="PSP">سٕنٛدِ</wf>
		<wf pos="NN">بٕتھہِ</wf>
		<wf pos="PSP">پٮ۪ٹھہٕ</wf>
		<wf pos="VAUX">چُھ</wf>
		<wf pos="JJ">اَسنُے</wf>
		<wf pos="VM">رٲومُت</wf>
		<wf pos="SYM">۔</wf>
	</sentence>
	<sentence s_id="52">
		<wf pos="PRP">مے</wf>
		<wf pos="RP">حض</wf>
		<wf pos="VAUX">چُھ</wf>
		<wf pos="DEM">یتھ</wf>
		<wf pos="NN">جایہ</wf>
		<wf pos="VM">رٲومٕژ</wf>
		<wf pos="NN">گٕر</wf>
		<wf pos="SYM">۔</wf>
	</sentence>
	<sentence s_id="53">
		<wf pos="WQ">خبر</wf>
		<wf pos="CC">یہٕ</wf>
		<wf pos="PSP">کوٗو</wf>
		<wf pos="VAUX">ما</wf>
		<wf pos="VAUX">چھُ</wf>
		<wf pos="VM">رٲوۍمٕژ</wf>
		<wf pos="SYM">۔</wf>
	</sentence>
	<sentence s_id="54">
		<wf pos="NNPC">عبدالرحیم</wf>
		<wf pos="NNP">اعمیٰ</wf>
		<wf pos="NN">بانہٲلۍ</wf>
		<wf pos="PSP">سٕندٮ۪ن</wf>
		<wf pos="NN">شعرن</wf>
		<wf pos="PSP">منٛز</wf>
		<wf pos="NN">رٲوس</wf>
		<wf pos="PRP">بہٕ</wf>
		<wf pos="SYM">۔</wf>
	</sentence>
	<sentence s_id="55">
		<wf pos="QC">اکہ</wf>
		<wf pos="NN">دۅہہٕ</wf>
		<wf pos="VM">رٲوس</wf>
		<wf pos="PRP">بہٕ</wf>
		<wf pos="NN">بانہالہ</wf>
		<wf pos="PSP">ہٕندِس</wf>
		<wf pos="NN">رئیس</wf>
		<wf pos="CC">تہٕ</wf>
		<wf pos="NN">مہارا</wf>
		<wf pos="NN">جہ</wf>
		<wf pos="NN">رنبیر</wf>
		<wf pos="VM">سنگھنس</wf>
		<wf pos="NN">محلس</wf>
		<wf pos="PSP">منٛز</wf>
		<wf pos="SYM">۔</wf>
	</sentence>
	<sentence s_id="56">
		<wf pos="NN">خوا</wf>
		<wf pos="NN">جہ</wf>
		<wf pos="NNP">صمد</wf>
		<wf pos="NN">جو</wf>
		<wf pos="PSP">سٕندٮ۪و</wf>
		<wf pos="QC">دۅیو</wf>
		<wf pos="JJ">نیچوٮ۪و</wf>
		<wf pos="NN">لٕبہٕ</wf>
		<wf pos="VM">رٲومٕژ</wf>
		<wf pos="NN">موج</wf>
		<wf pos="SYM">۔</wf>
	</sentence>
	<sentence s_id="57">
		<wf pos="NNP">عبدالرحیمن</wf>
		<wf pos="CC">و</wf>
		<wf pos="NN">ونکھ</wf>
		<wf pos="INJ">خدایا</wf>
		<wf pos="DEM">یِمن</wf>
		<wf pos="NN">دۅن</wf>
		<wf pos="CC">تہ</wf>
		<wf pos="NN">لٕگن</wf>
		<wf pos="???">جل</wf>
		<wf pos="VM">رٲومٕژ</wf>
		<wf pos="NN">موج</wf>
		<wf pos="NN">اتھہٕ</wf>
		<wf pos="SYM">۔</wf>
	</sentence>
	<sentence s_id="58">
		<wf pos="VM">دپان</wf>
		<wf pos="NNPC">عبدالرحیم</wf>
		<wf pos="NNP">اعمیٰ</wf>
		<wf pos="PSP">سٕندٮ۪ن</wf>
		<wf pos="VM">رٲونہٕ</wf>
		<wf pos="RB">پتہٕ</wf>
		<wf pos="VM">کور</wf>
		<wf pos="PRP">تسٕندٮ۪و</wf>
		<wf pos="NNP">دُشمنو</wf>
		<wf pos="NN">بانہال</wf>
		<wf pos="VM">بسنہ</wf>
		<wf pos="VAUX">آمتِس</wf>
		<wf pos="JJ">مشہور</wf>
		<wf pos="NNPC">حکیم</wf>
		<wf pos="NNPC">تہٕ</wf>
		<wf pos="NNPC">کیمیا</wf>
		<wf pos="NNP">گر</wf>
		<wf pos="NNPC">محمد</wf>
		<wf pos="NN">نسیم</wf>
		<wf pos="NN">پٹھانس</wf>
		<wf pos="VM">کُن</wf>
		<wf pos="VM">رجوع</wf>
		<wf pos="SYM">۔</wf>
	</sentence>
	<sentence s_id="59">
		<wf pos="NNP">اعمیٰ</wf>
		<wf pos="RP">صٲب</wf>
		<wf pos="CC">تہٕ</wf>
		<wf pos="NN">نسیم</wf>
		<wf pos="NNPC">آیہ</wf>
		<wf pos="NNP">ڈلیگامہ</wf>
		<wf pos="PSP">کِس</wf>
		<wf pos="NNPC">بونہ</wf>
		<wf pos="NN">باغس</wf>
		<wf pos="PSP">منز</wf>
		<wf pos="VM">رٲومٕژ</wf>
		<wf pos="PSP">کوٗو</wf>
		<wf pos="VM">ژھانڈان</wf>
		<wf pos="SYM">۔</wf>
	</sentence>
	<sentence s_id="60">
		<wf pos="NNP">اعمیٰ</wf>
		<wf pos="RP">صٲبن</wf>
		<wf pos="VM">تھوو</wf>
		<wf pos="NN">شرط</wf>
		<wf pos="CC">زِ</wf>
		<wf pos="VM">رٲومٕژ</wf>
		<wf pos="NN">کتابہٕ</wf>
		<wf pos="VAUX">گژھِ</wf>
		<wf pos="NN">إتھ</wf>
		<wf pos="VM">کرنہٕ</wf>
		<wf pos="VM">یُن</wf>
		<wf pos="SYM">۔</wf>
	</sentence>
	<sentence s_id="61">
		<wf pos="NN">خوا</wf>
		<wf pos="NN">جہ</wf>
		<wf pos="NNP">صمد</wf>
		<wf pos="NN">جو</wf>
		<wf pos="PSP">سٕندٮ۪و</wf>
		<wf pos="QC">دۅیو</wf>
		<wf pos="JJ">نیچوٮ۪و</wf>
		<wf pos="NN">لٕبہٕ</wf>
		<wf pos="VM">رٲومٕژ</wf>
		<wf pos="NN">موج</wf>
		<wf pos="SYM">۔</wf>
	</sentence>
	<sentence s_id="62">
		<wf pos="NNP">عبدالرحیمن</wf>
		<wf pos="CC">و</wf>
		<wf pos="NN">ونکھ</wf>
		<wf pos="INJ">خدایا</wf>
		<wf pos="DEM">یِمن</wf>
		<wf pos="NN">دۅن</wf>
		<wf pos="CC">تہ</wf>
		<wf pos="NN">لٕگن</wf>
		<wf pos="???">جل</wf>
		<wf pos="VM">رٲومٕژ</wf>
		<wf pos="NN">موج</wf>
		<wf pos="NN">اتھہٕ</wf>
		<wf pos="SYM">۔</wf>
	</sentence>
	<sentence s_id="63">
		<wf pos="VM">دپان</wf>
		<wf pos="NNPC">عبدالرحیم</wf>
		<wf pos="NNP">اعمیٰ</wf>
		<wf pos="PSP">سٕندٮ۪ن</wf>
		<wf pos="VM">رٲونہٕ</wf>
		<wf pos="RB">پتہٕ</wf>
		<wf pos="VM">کور</wf>
		<wf pos="PRP">تسٕندٮ۪و</wf>
		<wf pos="NNP">دُشمنو</wf>
		<wf pos="NN">بانہال</wf>
		<wf pos="VM">بسنہ</wf>
		<wf pos="VAUX">آمتِس</wf>
		<wf pos="JJ">مشہور</wf>
		<wf pos="NNPC">حکیم</wf>
		<wf pos="NNPC">تہٕ</wf>
		<wf pos="NNPC">کیمیا</wf>
		<wf pos="NNP">گر</wf>
		<wf pos="NNPC">محمد</wf>
		<wf pos="NN">نسیم</wf>
		<wf pos="NN">پٹھانس</wf>
		<wf pos="VM">کُن</wf>
		<wf pos="VM">رجوع</wf>
		<wf pos="SYM">۔</wf>
	</sentence>
	<sentence s_id="64">
		<wf pos="NNP">اعمیٰ</wf>
		<wf pos="RP">صٲب</wf>
		<wf pos="CC">تہٕ</wf>
		<wf pos="NN">نسیم</wf>
		<wf pos="NNPC">آیہ</wf>
		<wf pos="NNP">ڈلیگامہ</wf>
		<wf pos="PSP">کِس</wf>
		<wf pos="NNPC">بونہ</wf>
		<wf pos="NN">باغس</wf>
		<wf pos="PSP">منز</wf>
		<wf pos="VM">رٲومٕژ</wf>
		<wf pos="PSP">کوٗو</wf>
		<wf pos="VM">ژھانڈان</wf>
		<wf pos="SYM">۔</wf>
	</sentence>
	<sentence s_id="65">
		<wf pos="NNP">اعمیٰ</wf>
		<wf pos="RP">صٲبن</wf>
		<wf pos="VM">تھوو</wf>
		<wf pos="NN">شرط</wf>
		<wf pos="CC">زِ</wf>
		<wf pos="VM">رٲومٕژ</wf>
		<wf pos="NN">کتابہٕ</wf>
		<wf pos="VAUX">گژھِ</wf>
		<wf pos="NN">إتھ</wf>
		<wf pos="VM">کرنہٕ</wf>
		<wf pos="VM">یُن</wf>
		<wf pos="SYM">۔</wf>
	</sentence>
	<sentence s_id="66">
		<wf pos="PRP">سُہ</wf>
		<wf pos="VAUX">اوس</wf>
		<wf pos="NN">کِتابہِ</wf>
		<wf pos="PSP">ہِنٛدِس</wf>
		<wf pos="NN">مَوادَس</wf>
		<wf pos="PSP">منٛز</wf>
		<wf pos="NN">رومُتمیٖرا</wf>
		<wf pos="VAUX">ٲس</wf>
		<wf pos="NN">کِرشَن</wf>
		<wf pos="PRP">بَگوانٛنِس</wf>
		<wf pos="NN">بَجنَس</wf>
		<wf pos="PSP">منٛز</wf>
		<wf pos="VM">رٲومٕژ</wf>
		<wf pos="SYM">۔</wf>
	</sentence>
	<sentence s_id="67">
		<wf pos="PRP">مےٚ</wf>
		<wf pos="VM">رٲوۍ</wf>
		<wf pos="QC">پانٛژھ</wf>
		<wf pos="QC">ہَتھ</wf>
		<wf pos="NN">رۄپیہٕ</wf>
		<wf pos="SYM">۔</wf>
	</sentence>
	<sentence s_id="68">
		<wf pos="PRP">مےٚ</wf>
		<wf pos="VAUX">چھِ</wf>
		<wf pos="PRP">کوٗنٛز</wf>
		<wf pos="NN">کَتہِ</wf>
		<wf pos="PSP">تام</wf>
		<wf pos="VM">رٲوۍمٕژ</wf>
		<wf pos="SYM">۔</wf>
	</sentence>
	<sentence s_id="69">
		<wf pos="NN">میزَس</wf>
		<wf pos="PSP">پٮ۪ٹھ</wf>
		<wf pos="NN">تَھوِ</wf>
		<wf pos="VM">مَژٕ</wf>
		<wf pos="NN">کتابہٕ</wf>
		<wf pos="VAUX">چھے</wf>
		<wf pos="VM">رٲوۍمٕژ</wf>
		<wf pos="SYM">۔</wf>
	</sentence>
	<sentence s_id="70">
		<wf pos="JJ">نٔوِس</wf>
		<wf pos="NN">شہرَس</wf>
		<wf pos="PSP">منٛز</wf>
		<wf pos="VM">رٲو</wf>
		<wf pos="PRP">تَس</wf>
		<wf pos="NN">وَتھ</wf>
		<wf pos="CC">تہٕ</wf>
		<wf pos="VM">ووت</wf>
		<wf pos="NN">سِٹیشَن</wf>
		<wf pos="SYM">۔</wf>
	</sentence>
	<sentence s_id="71">
		<wf pos="PRP">تٔمۍ</wf>
		<wf pos="PSP">سٕنٛدِ</wf>
		<wf pos="NN">بٕتھہِ</wf>
		<wf pos="PSP">پٮ۪ٹھہٕ</wf>
		<wf pos="VAUX">چُھ</wf>
		<wf pos="JJ">اَسنُے</wf>
		<wf pos="VM">رٲومُت</wf>
		<wf pos="SYM">۔</wf>
	</sentence>
	<sentence s_id="72">
		<wf pos="PRP">مے</wf>
		<wf pos="RP">حض</wf>
		<wf pos="VAUX">چُھ</wf>
		<wf pos="DEM">یتھ</wf>
		<wf pos="NN">جایہ</wf>
		<wf pos="VM">رٲومٕژ</wf>
		<wf pos="NN">گٕر</wf>
		<wf pos="SYM">۔</wf>
	</sentence>
	<sentence s_id="73">
		<wf pos="WQ">خبر</wf>
		<wf pos="CC">یہٕ</wf>
		<wf pos="PSP">کوٗو</wf>
		<wf pos="VAUX">ما</wf>
		<wf pos="VAUX">چھُ</wf>
		<wf pos="VM">رٲوۍمٕژ</wf>
		<wf pos="SYM">۔</wf>
	</sentence>
	<sentence s_id="74">
		<wf pos="NNPC">عبدالرحیم</wf>
		<wf pos="NNP">اعمیٰ</wf>
		<wf pos="NN">بانہٲلۍ</wf>
		<wf pos="PSP">سٕندٮ۪ن</wf>
		<wf pos="NN">شعرن</wf>
		<wf pos="PSP">منٛز</wf>
		<wf pos="NN">رٲوس</wf>
		<wf pos="PRP">بہٕ</wf>
		<wf pos="SYM">۔</wf>
	</sentence>
	<sentence s_id="75">
		<wf pos="QC">اکہ</wf>
		<wf pos="NN">دۅہہٕ</wf>
		<wf pos="VM">رٲوس</wf>
		<wf pos="PRP">بہٕ</wf>
		<wf pos="NN">بانہالہ</wf>
		<wf pos="PSP">ہٕندِس</wf>
		<wf pos="NN">رئیس</wf>
		<wf pos="CC">تہٕ</wf>
		<wf pos="NN">مہارا</wf>
		<wf pos="NN">جہ</wf>
		<wf pos="NN">رنبیر</wf>
		<wf pos="VM">سنگھنس</wf>
		<wf pos="NN">محلس</wf>
		<wf pos="PSP">منٛز</wf>
		<wf pos="SYM">۔</wf>
	</sentence>
	<sentence s_id="76">
		<wf pos="NN">خوا</wf>
		<wf pos="NN">جہ</wf>
		<wf pos="NNP">صمد</wf>
		<wf pos="NN">جو</wf>
		<wf pos="PSP">سٕندٮ۪و</wf>
		<wf pos="QC">دۅیو</wf>
		<wf pos="JJ">نیچوٮ۪و</wf>
		<wf pos="NN">لٕبہٕ</wf>
		<wf pos="VM">رٲومٕژ</wf>
		<wf pos="NN">موج</wf>
		<wf pos="SYM">۔</wf>
	</sentence>
	<sentence s_id="77">
		<wf pos="NNP">عبدالرحیمن</wf>
		<wf pos="CC">و</wf>
		<wf pos="NN">ونکھ</wf>
		<wf pos="INJ">خدایا</wf>
		<wf pos="DEM">یِمن</wf>
		<wf pos="NN">دۅن</wf>
		<wf pos="CC">تہ</wf>
		<wf pos="NN">لٕگن</wf>
		<wf pos="???">جل</wf>
		<wf pos="VM">رٲومٕژ</wf>
		<wf pos="NN">موج</wf>
		<wf pos="NN">اتھہٕ</wf>
		<wf pos="SYM">۔</wf>
	</sentence>
	<sentence s_id="78">
		<wf pos="VM">دپان</wf>
		<wf pos="NNPC">عبدالرحیم</wf>
		<wf pos="NNP">اعمیٰ</wf>
		<wf pos="PSP">سٕندٮ۪ن</wf>
		<wf pos="VM">رٲونہٕ</wf>
		<wf pos="RB">پتہٕ</wf>
		<wf pos="VM">کور</wf>
		<wf pos="PRP">تسٕندٮ۪و</wf>
		<wf pos="NNP">دُشمنو</wf>
		<wf pos="NN">بانہال</wf>
		<wf pos="VM">بسنہ</wf>
		<wf pos="VAUX">آمتِس</wf>
		<wf pos="JJ">مشہور</wf>
		<wf pos="NNPC">حکیم</wf>
		<wf pos="NNPC">تہٕ</wf>
		<wf pos="NNPC">کیمیا</wf>
		<wf pos="NNP">گر</wf>
		<wf pos="NNPC">محمد</wf>
		<wf pos="NN">نسیم</wf>
		<wf pos="NN">پٹھانس</wf>
		<wf pos="VM">کُن</wf>
		<wf pos="VM">رجوع</wf>
		<wf pos="SYM">۔</wf>
	</sentence>
	<sentence s_id="79">
		<wf pos="NNP">اعمیٰ</wf>
		<wf pos="RP">صٲب</wf>
		<wf pos="CC">تہٕ</wf>
		<wf pos="NN">نسیم</wf>
		<wf pos="NNPC">آیہ</wf>
		<wf pos="NNP">ڈلیگامہ</wf>
		<wf pos="PSP">کِس</wf>
		<wf pos="NNPC">بونہ</wf>
		<wf pos="NN">باغس</wf>
		<wf pos="PSP">منز</wf>
		<wf pos="VM">رٲومٕژ</wf>
		<wf pos="PSP">کوٗو</wf>
		<wf pos="VM">ژھانڈان</wf>
		<wf pos="SYM">۔</wf>
	</sentence>
	<sentence s_id="80">
		<wf pos="NNP">اعمیٰ</wf>
		<wf pos="RP">صٲبن</wf>
		<wf pos="VM">تھوو</wf>
		<wf pos="NN">شرط</wf>
		<wf pos="CC">زِ</wf>
		<wf pos="VM">رٲومٕژ</wf>
		<wf pos="NN">کتابہٕ</wf>
		<wf pos="VAUX">گژھِ</wf>
		<wf pos="NN">إتھ</wf>
		<wf pos="VM">کرنہٕ</wf>
		<wf pos="VM">یُن</wf>
		<wf pos="SYM">۔</wf>
	</sentence>
	<sentence s_id="81">
		<wf pos="PRP">تٔمۍ</wf>
		<wf pos="PSP">سٕنٛدِ</wf>
		<wf pos="NN">بٕتھہِ</wf>
		<wf pos="PSP">پٮ۪ٹھہٕ</wf>
		<wf pos="VAUX">چُھ</wf>
		<wf pos="JJ">اَسنُے</wf>
		<wf pos="VM">رٲومُت</wf>
		<wf pos="SYM">۔</wf>
	</sentence>
	<sentence s_id="82">
		<wf pos="PRP">مے</wf>
		<wf pos="RP">حض</wf>
		<wf pos="VAUX">چُھ</wf>
		<wf pos="DEM">یتھ</wf>
		<wf pos="NN">جایہ</wf>
		<wf pos="VM">رٲومٕژ</wf>
		<wf pos="NN">گٕر</wf>
		<wf pos="SYM">۔</wf>
	</sentence>
	<sentence s_id="83">
		<wf pos="WQ">خبر</wf>
		<wf pos="CC">یہٕ</wf>
		<wf pos="PSP">کوٗو</wf>
		<wf pos="VAUX">ما</wf>
		<wf pos="VAUX">چھُ</wf>
		<wf pos="VM">رٲوۍمٕژ</wf>
		<wf pos="SYM">۔</wf>
	</sentence>
	<sentence s_id="84">
		<wf pos="NNPC">عبدالرحیم</wf>
		<wf pos="NNP">اعمیٰ</wf>
		<wf pos="NN">بانہٲلۍ</wf>
		<wf pos="PSP">سٕندٮ۪ن</wf>
		<wf pos="NN">شعرن</wf>
		<wf pos="PSP">منٛز</wf>
		<wf pos="NN">رٲوس</wf>
		<wf pos="PRP">بہٕ</wf>
		<wf pos="SYM">۔</wf>
	</sentence>
</contextfile>