<?xml version="1.0" encoding="utf-8" ?>
<contextfile filename="راتھ" fileno="53">
	<sentence s_id="1">
		<wf pos="NNPC">اللہ</wf>
		<wf pos="NNP">تعالی</wf>
		<wf pos="PSP">ہَن</wf>
		<wf pos="VM">تھاوِ</wf>
		<wf pos="NN">اِنسانَس</wf>
		<wf pos="NN">آنتھہٕ</wf>
		<wf pos="RB">رۄستُے</wf>
		<wf pos="NN">نیٛامٕژ</wf>
		<wf pos="VM">آیتن</wf>
		<wf pos="DEM">یِمَن</wf>
		<wf pos="JJ">رنگارنگ</wf>
		<wf pos="NN">نیٛامژَن</wf>
		<wf pos="PSP">منٛز</wf>
		<wf pos="VAUX">چُھ</wf>
		<wf pos="JJ">روٗحٲنی</wf>
		<wf pos="NN">سکوٗن</wf>
		<wf pos="VM">حٲصِل</wf>
		<wf pos="VM">سپدان</wf>
		<wf pos="DEM">یِمَن</wf>
		<wf pos="NN">نیٛامژَن</wf>
		<wf pos="PSP">بَدلہٕ</wf>
		<wf pos="CC">اَگَر</wf>
		<wf pos="NN">اِنسان</wf>
		<wf pos="NN">دۄہ</wf>
		<wf pos="NN" sense_id="2">راتھ</wf>
		<wf pos="RP">تِہ</wf>
		<wf pos="VM">کرِ</wf>
		<wf pos="PRP">تٔمۍ</wf>
		<wf pos="PSP">سٕنٛزِ</wf>
		<wf pos="NN">عبادَتِھ</wf>
		<wf pos="RB">توتہِ</wf>
		<wf pos="VM">وَسنَس</wf>
		<wf pos="NEG">نہٕ</wf>
		<wf pos="NN">نَکھہٕ</wf>
		<wf pos="PRP">تٔمۍ</wf>
		<wf pos="PSP">سٕنٛد</wf>
		<wf pos="NN">احسان</wf>
		<wf pos="SYM">۔</wf>
	</sentence>
	<sentence s_id="2">
		<wf pos="NN">گوٚبرٕ</wf>
		<wf pos="PSP">وٲلۍ</wf>
		<wf pos="PSP">سٕنٛدِ</wf>
		<wf pos="NN">گَرِ</wf>
		<wf pos="VAUX">چھیٚہ</wf>
		<wf pos="DEM">اَمہِ</wf>
		<wf pos="NN">ساتہٕ</wf>
		<wf pos="NN">چھکٕر</wf>
		<wf pos="JJ">طَیَس</wf>
		<wf pos="PSP">پٮ۪ٹھ</wf>
		<wf pos="VM">آسان</wf>
		<wf pos="CC">مگر</wf>
		<wf pos="RB">یُتھُے</wf>
		<wf pos="NN">کارِ</wf>
		<wf pos="PSP">ہُند</wf>
		<wf pos="NN">صدا</wf>
		<wf pos="VAUX">چھُکھ</wf>
		<wf pos="NN">کنَن</wf>
		<wf pos="VM">گژھان</wf>
		<wf pos="NN">چھکٕر</wf>
		<wf pos="VAUX">چھَکھ</wf>
		<wf pos="NN">مٔشِتھ</wf>
		<wf pos="VM">گژھان</wf>
		<wf pos="CC">،تہٕ</wf>
		<wf pos="VAUX">چھیٚہ</wf>
		<wf pos="PRP">ساریٚے</wf>
		<wf pos="NN">زنانہٕ</wf>
		<wf pos="RDP">بٕر</wf>
		<wf pos="VM">کران</wf>
		<wf pos="VM">وَسان</wf>
		<wf pos="CC">تہٕ</wf>
		<wf pos="INTF">بَڈٕ</wf>
		<wf pos="RB">چاوٕ</wf>
		<wf pos="PSP">سان</wf>
		<wf pos="NN">مَہریٚنۍ</wf>
		<wf pos="NST">ہیوٚر</wf>
		<wf pos="VM">کھاران</wf>
		<wf pos="NN" sense_id="2">راتھ</wf>
		<wf pos="VAUX">چھیٚہ</wf>
		<wf pos="VM">آسان</wf>
		<wf pos="NN">یور</wf>
		<wf pos="VM">وٲژمٕژ</wf>
		<wf pos="NN">مہریٚنۍ</wf>
		<wf pos="CC">تہٕ</wf>
		<wf pos="NN">مَہرازٕ</wf>
		<wf pos="CC">تہِ</wf>
		<wf pos="VAUX">چُھ</wf>
		<wf pos="VM">آسان</wf>
		<wf pos="NN">دۄہَس</wf>
		<wf pos="NN">لٔگٕن</wf>
		<wf pos="VM">کٔرۍ</wf>
		<wf pos="RDP">کٔرۍ</wf>
		<wf pos="INTF">سٮ۪ٹھاہ</wf>
		<wf pos="JJ">تھٔکۍمٕتۍ</wf>
		<wf pos="CC">لیٚہازا</wf>
		<wf pos="VAUX">چُھ</wf>
		<wf pos="PRP">یِہٕند</wf>
		<wf pos="NN">آرام</wf>
		<wf pos="VM">کرنُک</wf>
		<wf pos="NN">اِنتِظام</wf>
		<wf pos="VAUX">یِوان</wf>
		<wf pos="DEM">تَتھ</wf>
		<wf pos="NN">کمرَس</wf>
		<wf pos="PSP">منز</wf>
		<wf pos="VM">کرنہٕ</wf>
		<wf pos="DEM">،یُس</wf>
		<wf pos="NN">مہریٚنہِ</wf>
		<wf pos="CC">تہِ</wf>
		<wf pos="NN">مہرازٕ</wf>
		<wf pos="PSP">سٕندِ</wf>
		<wf pos="VM">شۄنگنہٕ</wf>
		<wf pos="PSP">خٲطرٕ</wf>
		<wf pos="RB">برٛۄنہُے</wf>
		<wf pos="VM">سجاونہٕ</wf>
		<wf pos="VAUX">چُھ</wf>
		<wf pos="VAUX">آسان</wf>
		<wf pos="VM">آمُت</wf>
		<wf pos="SYM">۔</wf>
	</sentence>
	<sentence s_id="3">
		<wf pos="NNP">مٲنزِراتھ</wf>
		<wf pos="DEM">یہِ</wf>
		<wf pos="NN">دوہ</wf>
		<wf pos="CC">تہٕ</wf>
		<wf pos="NN" sense_id="2">راتھ</wf>
		<wf pos="VAUX">چُھ</wf>
		<wf pos="RB">تِتھَے</wf>
		<wf pos="POW">پٲٹھۍ</wf>
		<wf pos="VM">مَناونہٕ</wf>
		<wf pos="VAUX">یِوان</wf>
		<wf pos="RB">یِتھٕ</wf>
		<wf pos="POW">پٲٹھۍ</wf>
		<wf pos="DEM">یہِ</wf>
		<wf pos="NN">میکھلہ</wf>
		<wf pos="PSP">پٮ۪ٹھ</wf>
		<wf pos="VAUX">چِھ</wf>
		<wf pos="VM">یِوان</wf>
		<wf pos="VM">مَناونہٕ</wf>
		<wf pos="SYM">۔</wf>
	</sentence>
	<sentence s_id="4">
		<wf pos="NN">شرٛان</wf>
		<wf pos="VM">کٔرِتھ</wf>
		<wf pos="VAUX">چھیٚہ</wf>
		<wf pos="VM">یِوان</wf>
		<wf pos="NN">مہریٚنۍ</wf>
		<wf pos="VM">شیرنہٕ</wf>
		<wf pos="CC">تہٕ</wf>
		<wf pos="VM">پٲرنہٕ</wf>
		<wf pos="NN">عٔطر</wf>
		<wf pos="CC">تہٕ</wf>
		<wf pos="NN">فٔلۍلہٕ</wf>
		<wf pos="VAUX">چُھس</wf>
		<wf pos="VM">یِوان</wf>
		<wf pos="VM">مَتھنہٕ</wf>
		<wf pos="CC">تہٕ</wf>
		<wf pos="JJ">سٲرۍسٕے</wf>
		<wf pos="NN">گَرَس</wf>
		<wf pos="PSP">منٛز</wf>
		<wf pos="VAUX">چھیٚہ</wf>
		<wf pos="DEM">اَمہِ</wf>
		<wf pos="NN">وَقتہٕ</wf>
		<wf pos="NN">وۄسہٕ</wf>
		<wf pos="RDP">درٛۄسہٕ</wf>
		<wf pos="VM">آسان</wf>
		<wf pos="DEM">اَتھ</wf>
		<wf pos="NN">موقَس</wf>
		<wf pos="PSP">پٮ۪ٹھ</wf>
		<wf pos="RP">تہِ</wf>
		<wf pos="VAUX">چھیٚہ</wf>
		<wf pos="VM">وَنوَن</wf>
		<wf pos="PSP">واجنہِ</wf>
		<wf pos="VM">وَنوان</wf>
		<wf pos="NN">ساز</wf>
		<wf pos="VM">کٔرِتھ</wf>
		<wf pos="VAUX">چُھ</wf>
		<wf pos="NN" sense_id="2">راتھ</wf>
		<wf pos="PSP">کیُتُے</wf>
		<wf pos="NN">مہریٚنہِ</wf>
		<wf pos="VAUX">یِوان</wf>
		<wf pos="NN">ترٛنگہ</wf>
		<wf pos="VM">گنڈنہٕ</wf>
		<wf pos="SYM">۔</wf>
	</sentence>
	<sentence s_id="5">
		<wf pos="NNP">نٲظر</wf>
		<wf pos="RP">صٲبن</wf>
		<wf pos="VM">کٔر</wf>
		<wf pos="PRP">پنٕنۍ</wf>
		<wf pos="JJ">سٲرٕے</wf>
		<wf pos="NN">وٲنس</wf>
		<wf pos="NNP">کٲشر</wf>
		<wf pos="NN">زبٲنۍ</wf>
		<wf pos="PSP">خٲطرٕ</wf>
		<wf pos="NN">وقف</wf>
		<wf pos="CC">تہٕ</wf>
		<wf pos="NN">دۄہ</wf>
		<wf pos="NN" sense_id="2">راتھ</wf>
		<wf pos="NN">محنت</wf>
		<wf pos="VM">کٔرِتھ</wf>
		<wf pos="CC">تہٕ</wf>
		<wf pos="NN">نم</wf>
		<wf pos="NN">ژم</wf>
		<wf pos="VM">گٲلِتھ</wf>
		<wf pos="VM">شیرٮ۪ن</wf>
		<wf pos="NNP">کٲشِرِ</wf>
		<wf pos="NN">شٲعری</wf>
		<wf pos="CC">تہٕ</wf>
		<wf pos="NN">ادبہٕ</wf>
		<wf pos="PSP">خٲطرٕ</wf>
		<wf pos="VM">روشن</wf>
		<wf pos="NN">وَتہٕ</wf>
		<wf pos="SYM">۔</wf>
	</sentence>
	<sentence s_id="6">
		<wf pos="NN">صُبحن</wf>
		<wf pos="NN">کۄکر</wf>
		<wf pos="POW">بانگہِ</wf>
		<wf pos="RB">برونٹھے</wf>
		<wf pos="VAUX">ٲسۍ</wf>
		<wf pos="QC">ترٛیشوَے</wf>
		<wf pos="NN">کاربٲجۍ</wf>
		<wf pos="VM">وۄتھان</wf>
		<wf pos="CC">تہٕ</wf>
		<wf pos="NNP">کارخانَس</wf>
		<wf pos="PSP">منٛز</wf>
		<wf pos="VM">وَسان</wf>
		<wf pos="CC">تہٕ</wf>
		<wf pos="NN">شامہٕ</wf>
		<wf pos="PSP">چٮ۪ن</wf>
		<wf pos="NN">ستَن</wf>
		<wf pos="NN">بَجن</wf>
		<wf pos="PSP">تام</wf>
		<wf pos="VAUX">ٲسۍ</wf>
		<wf pos="NN">کارخانسٕے</wf>
		<wf pos="PSP">منٛز</wf>
		<wf pos="VM">روزان</wf>
		<wf pos="NN">کارخانہٕ</wf>
		<wf pos="PSP">منٛزٕ</wf>
		<wf pos="VM">مۄکلِت</wf>
		<wf pos="VAUX">ٲسۍ</wf>
		<wf pos="NNC">ٲٹۍ</wf>
		<wf pos="PSP">منٛز</wf>
		<wf pos="VM">اَژان</wf>
		<wf pos="CC">تہٕ</wf>
		<wf pos="NN">رٲژ</wf>
		<wf pos="PSP">ہنٛزَن</wf>
		<wf pos="QC">دَہَن</wf>
		<wf pos="NN">بجَن</wf>
		<wf pos="PSP">تام</wf>
		<wf pos="NN">اوٹ</wf>
		<wf pos="VM">چھانان</wf>
		<wf pos="DEM">اَمہِ</wf>
		<wf pos="RB">پتہٕ</wf>
		<wf pos="VM">کھٮ۪وان</wf>
		<wf pos="CC">تہٕ</wf>
		<wf pos="RB">تٔتھۍتھٕے</wf>
		<wf pos="NN">ڈاف</wf>
		<wf pos="VM">ترٛاوان</wf>
		<wf pos="NN">نیٚندرِ</wf>
		<wf pos="NN">گٲنٹہٕ</wf>
		<wf pos="QC">جوراہ</wf>
		<wf pos="VM">کٔرِتھ</wf>
		<wf pos="CC">بیٚیہِ</wf>
		<wf pos="VM">وۄتھان</wf>
		<wf pos="CC">تہٕ</wf>
		<wf pos="NN">کارخانس</wf>
		<wf pos="PSP">منٛز</wf>
		<wf pos="VM">اَژان</wf>
		<wf pos="CC">تہٕ</wf>
		<wf pos="NN">کارخانسٕے</wf>
		<wf pos="PSP">منٛز</wf>
		<wf pos="NN" sense_id="2">راتھ</wf>
		<wf pos="RP">تہِ</wf>
		<wf pos="VM">کٹاوان</wf>
		<wf pos="CC">تہٕ</wf>
		<wf pos="NN">دۄہ</wf>
		<wf pos="RP">تہِ</wf>
		<wf pos="NN">گاش</wf>
		<wf pos="QW">کٔژِ</wf>
		<wf pos="RDP">بَجہِ</wf>
		<wf pos="VAUX">چُھ</wf>
		<wf pos="VM">پھۄلان،</wf>
		<wf pos="NN">تاپھ</wf>
		<wf pos="QW">کٔژ</wf>
		<wf pos="NN">بجِہ</wf>
		<wf pos="PSP">پٮ۪ٹھ</wf>
		<wf pos="QW">کٔژن</wf>
		<wf pos="NN">بجن</wf>
		<wf pos="PSP">تانۍ</wf>
		<wf pos="VAUX">چُھ</wf>
		<wf pos="VM">آسان،</wf>
		<wf pos="NN">دۄہ</wf>
		<wf pos="WQ">کر</wf>
		<wf pos="VAUX">چُھ</wf>
		<wf pos="VM">لوسان،</wf>
		<wf pos="NN">شام</wf>
		<wf pos="WQ">کر</wf>
		<wf pos="VAUX">چُھ</wf>
		<wf pos="VM">گژھان،</wf>
		<wf pos="DEM">یِمَن</wf>
		<wf pos="PRP">سارِنٕے</wf>
		<wf pos="NN">چیٖزن</wf>
		<wf pos="PSP">ہٕنٛز</wf>
		<wf pos="VAUX">ٲس</wf>
		<wf pos="NEG">نہٕ</wf>
		<wf pos="PRP">تِمَن</wf>
		<wf pos="NN">خبرٕے</wf>
		<wf pos="VM">آسان،</wf>
		<wf pos="SYM">۔</wf>
	</sentence>
	<sentence s_id="7">
		<wf pos="DEM">یہِ</wf>
		<wf pos="NN" sense_id="2">راتھ</wf>
		<wf pos="INTF">کٲژاہ</wf>
		<wf pos="JJ">زیٖٹھ</wf>
		<wf pos="RB">وُنہِ</wf>
		<wf pos="VAUX">چھےٚ</wf>
		<wf pos="QC">اکے</wf>
		<wf pos="VM">بجےمٕژ</wf>
		<wf pos="DEM">اَمہِ</wf>
		<wf pos="RB">پتہٕ</wf>
		<wf pos="NN">بجِہ</wf>
		<wf pos="QC">ڈۄڈ</wf>
		<wf pos="DEM">تَمِہ</wf>
		<wf pos="RB">پَتہٕ</wf>
		<wf pos="QC">زٕ</wf>
		<wf pos="DEM">تَمہِ</wf>
		<wf pos="RB">پَتہٕ</wf>
		<wf pos="QC">سوادٕ</wf>
		<wf pos="DEM">یہِ</wf>
		<wf pos="VAUX">چُھ</wf>
		<wf pos="QC">اکھ</wf>
		<wf pos="JJ">زیوٗٹھ</wf>
		<wf pos="NN">سِلسلہ</wf>
		<wf pos="SYM">۔</wf>
	</sentence>
	<sentence s_id="8">
		<wf pos="DEM">یہِ</wf>
		<wf pos="NN">سڑک</wf>
		<wf pos="VAUX">ٲس</wf>
		<wf pos="DEM">تَمہِ</wf>
		<wf pos="NN">وِزِ</wf>
		<wf pos="JJ">بند</wf>
		<wf pos="VM">سپدان</wf>
		<wf pos="RB">ییٚلہِ</wf>
		<wf pos="NNP">مہراج</wf>
		<wf pos="RP">صٲبس</wf>
		<wf pos="PRP">کن</wf>
		<wf pos="VM">گژھُن</wf>
		<wf pos="VAUX">آسہِ</wf>
		<wf pos="RB" sense_id="1">راتھ</wf>
		<wf pos="RP">تہِ</wf>
		<wf pos="VAUX">اوس</wf>
		<wf pos="NNP">سڑکہِ</wf>
		<wf pos="PRP">دۄشوٕے</wf>
		<wf pos="NN">طرفہٕ</wf>
		<wf pos="NN">پُلسیُک</wf>
		<wf pos="JJ">زبردس</wf>
		<wf pos="NN">پہر</wf>
		<wf pos="SYM">۔</wf>
	</sentence>
	<sentence s_id="9">
		<wf pos="INTF">یوٗت</wf>
		<wf pos="NN">وق</wf>
		<wf pos="VM">سورِ</wf>
		<wf pos="DEM">یہِ</wf>
		<wf pos="NN" sense_id="2">راتھ</wf>
		<wf pos="JJ">شاہمار</wf>
		<wf pos="NN">راتھ</wf>
		<wf pos="JJ">گَٹہٕ</wf>
		<wf pos="PRP">میون</wf>
		<wf pos="NN">شاہ</wf>
		<wf pos="VM">ہیوٚتُن</wf>
		<wf pos="VM">ژھۄکن</wf>
		<wf pos="SYM">۔</wf>
	</sentence>
	<sentence s_id="10">
		<wf pos="RB">یٛیلہِ</wf>
		<wf pos="QC">ژۄرِ</wf>
		<wf pos="NN">وٕہٕرۍ</wf>
		<wf pos="NNP">احمُد</wf>
		<wf pos="CC">تہٕ</wf>
		<wf pos="NNP">محمُد</wf>
		<wf pos="VM">رِہا</wf>
		<wf pos="VAUX">سپٕدۍ</wf>
		<wf pos="PRP">تِمن</wf>
		<wf pos="VAUX">ٲس</wf>
		<wf pos="NNP">صمدٕنۍ</wf>
		<wf pos="JJ">زیادے</wf>
		<wf pos="VM">فوشان</wf>
		<wf pos="PRP">تِمو</wf>
		<wf pos="VAUX">ٲس</wf>
		<wf pos="NNP">صمدِس</wf>
		<wf pos="VM">مارنٕچ</wf>
		<wf pos="NN">ژھونب</wf>
		<wf pos="VM">سُونچمٕژ</wf>
		<wf pos="PRP">تِم</wf>
		<wf pos="VM">ژایہِ</wf>
		<wf pos="NN" sense_id="2">راتھ</wf>
		<wf pos="PSP">کیُتھ</wf>
		<wf pos="NNP">صمدِس</wf>
		<wf pos="NN">گھرٕ</wf>
		<wf pos="VM">لود</wf>
		<wf pos="PRP">سُہ</wf>
		<wf pos="QC">أکس</wf>
		<wf pos="JJ">بٔدِس</wf>
		<wf pos="NN">صٔندُوقس</wf>
		<wf pos="PSP">منز</wf>
		<wf pos="VM">گٔیہِ</wf>
		<wf pos="DEM">اَتھ</wf>
		<wf pos="QC">أکس</wf>
		<wf pos="NN">دٕرِیاوس</wf>
		<wf pos="PSP">منز</wf>
		<wf pos="VM">تراونہِ</wf>
		<wf pos="SYM">۔</wf>
	</sentence>
	<sentence s_id="11">
		<wf pos="NNPC">عظم</wf>
		<wf pos="NNP">بب</wf>
		<wf pos="RB">ییٚلہِ</wf>
		<wf pos="VM">وأتِتھ</wf>
		<wf pos="VM">پیٚوو</wf>
		<wf pos="PRP">بٕہ</wf>
		<wf pos="VM">وۄٚتُھس</wf>
		<wf pos="NN">گرٕ</wf>
		<wf pos="PSP">واجنِہ</wf>
		<wf pos="RB">وۄنۍ</wf>
		<wf pos="VM">نیرِ</wf>
		<wf pos="NN" sense_id="2">راتھ</wf>
		<wf pos="RB">پٔنٛدۍ</wf>
		<wf pos="SYM">۔</wf>
	</sentence>
	<sentence s_id="12">
		<wf pos="PRP">أمۍ</wf>
		<wf pos="VM">کوٚر</wf>
		<wf pos="RDP">سٲرۍ</wf>
		<wf pos="POW">سٕے</wf>
		<wf pos="NN">گردِشاہ</wf>
		<wf pos="VM">اَتہِ</wf>
		<wf pos="VAUX">آسہٕ</wf>
		<wf pos="NN">حوٗرٕ</wf>
		<wf pos="DEM">یِمَو</wf>
		<wf pos="NN">حوٗرَو</wf>
		<wf pos="VM">کوٚرُس</wf>
		<wf pos="NN">واوٕجہِ</wf>
		<wf pos="NN">واو</wf>
		<wf pos="RB">کینٛہہ</wf>
		<wf pos="NN">کالاہ</wf>
		<wf pos="DEM">اَتھ</wf>
		<wf pos="NN">جَنتَس</wf>
		<wf pos="PSP">مَنٛز</wf>
		<wf pos="VM">روٗزتھ</wf>
		<wf pos="VM">ژوٚل</wf>
		<wf pos="PRP">أمِس</wf>
		<wf pos="NN" sense_id="2">راتھ</wf>
		<wf pos="PSP">کیُت</wf>
		<wf pos="NN">بِستَرَس</wf>
		<wf pos="PSP">پٮ۪ٹھ</wf>
		<wf pos="NN">مٕتھٕر</wf>
		<wf pos="VM">نیٖرِتھ</wf>
		<wf pos="NN">صُبحَس</wf>
		<wf pos="VM">وُچھ</wf>
		<wf pos="VM">وُچھَن</wf>
		<wf pos="NN">والٮ۪و</wf>
		<wf pos="NN">داروغَن</wf>
		<wf pos="PSP">اَتھِ</wf>
		<wf pos="VAUX">آو</wf>
		<wf pos="DEM">یہِ</wf>
		<wf pos="DEM">اَمہِ</wf>
		<wf pos="VM">جَنتہٕ</wf>
		<wf pos="PSP">مَنٛزٕ</wf>
		<wf pos="NN">کھَکھرِ</wf>
		<wf pos="VM">کڑنہٕ</wf>
		<wf pos="SYM">۔</wf>
	</sentence>
	<sentence s_id="13">
		<wf pos="DEM">أمی</wf>
		<wf pos="NN">سٕندو</wf>
		<wf pos="NN">قدمو</wf>
		<wf pos="VM">واتنوو</wf>
		<wf pos="PRP">سُہ</wf>
		<wf pos="QC">أكِس</wf>
		<wf pos="JJ">عاٲلیشان</wf>
		<wf pos="NN">ہوٹلس</wf>
		<wf pos="PSP">منز</wf>
		<wf pos="RB">یی٘تہِ</wf>
		<wf pos="NN">تٔم</wf>
		<wf pos="PRP">پنُن</wf>
		<wf pos="NN">من</wf>
		<wf pos="JJ">پسند</wf>
		<wf pos="NN">كھن</wf>
		<wf pos="PSP">چن</wf>
		<wf pos="VM">كھتھ</wf>
		<wf pos="NN">یَڑ</wf>
		<wf pos="VM">بٔر</wf>
		<wf pos="RB">پتہٕ</wf>
		<wf pos="VM">گُزارٕن</wf>
		<wf pos="NN">مٲرمٔند</wf>
		<wf pos="NN">خاب</wf>
		<wf pos="VM">وُچھان</wf>
		<wf pos="VM">وُچھان</wf>
		<wf pos="NN">تٔتھ</wf>
		<wf pos="NN">جایہِ</wf>
		<wf pos="NN" sense_id="2">راتھ</wf>
		<wf pos="SYM">۔</wf>
	</sentence>
	<sentence s_id="14">
		<wf pos="PRP">﻿تٔمۍ</wf>
		<wf pos="PSP">سُند</wf>
		<wf pos="NN">توجہ</wf>
		<wf pos="NN">پھُیٛر</wf>
		<wf pos="NN">مسجِد</wf>
		<wf pos="NN">دروازس</wf>
		<wf pos="RB">أندۍ</wf>
		<wf pos="POW">پٔکھۍ</wf>
		<wf pos="NN">بیچھہٕ</wf>
		<wf pos="POW">وٕنٮ۪ن</wf>
		<wf pos="PSP">ہٕنزِ</wf>
		<wf pos="NN">بِرٕبار</wf>
		<wf pos="PRP">پانس</wf>
		<wf pos="PSP">کن</wf>
		<wf pos="PRP">یِم</wf>
		<wf pos="PRP">پنہٕ</wf>
		<wf pos="POW">نٮ۪ن</wf>
		<wf pos="PRP">پنہٕ</wf>
		<wf pos="POW">نٮ۪ن</wf>
		<wf pos="NN">جاین</wf>
		<wf pos="RB">تِتھہٕ</wf>
		<wf pos="POW">کٔنۍ</wf>
		<wf pos="VM">بِہتھ</wf>
		<wf pos="VAUX">ٲسۍ</wf>
		<wf pos="CC">زنتہٕ</wf>
		<wf pos="VAUX">آسہٕ</wf>
		<wf pos="PRP">تِم</wf>
		<wf pos="PRP">تِہنزٕ</wf>
		<wf pos="JJ">وراثتی</wf>
		<wf pos="NN">جایہِ</wf>
		<wf pos="PRP">تٔمۍ</wf>
		<wf pos="VM">دِژ</wf>
		<wf pos="DEM">تتھ</wf>
		<wf pos="NN">کوٗنس</wf>
		<wf pos="PSP">کن</wf>
		<wf pos="NN">نظر</wf>
		<wf pos="RB">ییٚتہِ</wf>
		<wf pos="POW">نس</wf>
		<wf pos="PRP">تٔمۍ</wf>
		<wf pos="NN" sense_id="1">راتھ</wf>
		<wf pos="NN">آرام</wf>
		<wf pos="VAUX">اوس</wf>
		<wf pos="VM">کوٚرمُت</wf>
		<wf pos="SYM">،</wf>
		<wf pos="NN">کوٗن</wf>
		<wf pos="VAUX">اوس</wf>
		<wf pos="VM">خٲلی</wf>
		<wf pos="SYM">۔</wf>
	</sentence>
	<sentence s_id="15">
		<wf pos="QC">1250</wf>
		<wf pos="NN">ھجری</wf>
		<wf pos="PSP">منٛز</wf>
		<wf pos="VM">آو</wf>
		<wf pos="NNPC">کرنل</wf>
		<wf pos="NNP">سنگھ</wf>
		<wf pos="NNP">کٔشیرِ</wf>
		<wf pos="PSP">ہُنٛد</wf>
		<wf pos="NN">حٲکم</wf>
		<wf pos="VM">بٔنِتھ</wf>
		<wf pos="RB">ییٚلہِ</wf>
		<wf pos="PRP">سُہ</wf>
		<wf pos="NNPC">شیر</wf>
		<wf pos="NNP">گڑِ</wf>
		<wf pos="VM">ووت،</wf>
		<wf pos="NN" sense_id="2">راتھ</wf>
		<wf pos="PSP">کیُت</wf>
		<wf pos="VM">کھوٚت</wf>
		<wf pos="NN">مکانہٕ</wf>
		<wf pos="PSP">کس</wf>
		<wf pos="NN">پشس</wf>
		<wf pos="PSP">پٮ۪ٹھ،</wf>
		<wf pos="RB">اَتہِ</wf>
		<wf pos="VM">وُچھ</wf>
		<wf pos="NEG">نہٕ</wf>
		<wf pos="PRP">تٔمۍ</wf>
		<wf pos="NN">شہرس</wf>
		<wf pos="PSP">منٛز</wf>
		<wf pos="PRP">کنہِ</wf>
		<wf pos="RP">تہِ</wf>
		<wf pos="NN">جایہِ</wf>
		<wf pos="NN">ژٲنگۍ</wf>
		<wf pos="NN">گاشاہ</wf>
		<wf pos="VM">دزان</wf>
		<wf pos="CC">تہٕ</wf>
		<wf pos="NEG">نَہ</wf>
		<wf pos="VM">بوٗزٕن</wf>
		<wf pos="NN">صحبٕچ</wf>
		<wf pos="PRP">کانٛہہ</wf>
		<wf pos="NN">کۄکر</wf>
		<wf pos="NN">بانگٕے</wf>
		<wf pos="SYM">۔</wf>
	</sentence>
	<sentence s_id="16">
		<wf pos="NN">مہاراجِہ</wf>
		<wf pos="VAUX">ٲس</wf>
		<wf pos="NNP">وَنہٕمالِہ</wf>
		<wf pos="PSP">ہنٛز</wf>
		<wf pos="NN">کوٗر</wf>
		<wf pos="PSP">یہے</wf>
		<wf pos="JJ">سادٕ</wf>
		<wf pos="JJ">ادوار</wf>
		<wf pos="NN">گاڈ</wf>
		<wf pos="PSP">ہش</wf>
		<wf pos="NN">پنٕہ</wf>
		<wf pos="RDP">پنٕہ</wf>
		<wf pos="VM">کران</wf>
		<wf pos="DEM">یُتُے</wf>
		<wf pos="RB">یوت</wf>
		<wf pos="NEG">نہٕ</wf>
		<wf pos="PRP">سُہ</wf>
		<wf pos="VAUX">اوس</wf>
		<wf pos="RB">ژوٗر،</wf>
		<wf pos="RDP">ژھیٚپہِ</wf>
		<wf pos="NN" sense_id="2">راتھ</wf>
		<wf pos="PSP">کیُت</wf>
		<wf pos="CC">یا</wf>
		<wf pos="NN">ٲٹۍ</wf>
		<wf pos="NN">کٹِھس</wf>
		<wf pos="PSP">منز</wf>
		<wf pos="NN">اوٹ</wf>
		<wf pos="VM">چھاننہٕ</wf>
		<wf pos="NN">وِزِ</wf>
		<wf pos="PRP">تِمَن</wf>
		<wf pos="VM">پَراران</wf>
		<wf pos="CC">تہٕ</wf>
		<wf pos="JJ">نَیے</wf>
		<wf pos="RDP">نَیَے</wf>
		<wf pos="NN">کتھٕ</wf>
		<wf pos="VM">ونان</wf>
		<wf pos="SYM">۔</wf>
	</sentence>
	<sentence s_id="17">
		<wf pos="PRP">سُہ</wf>
		<wf pos="VAUX">اوس</wf>
		<wf pos="NN" sense_id="2">راتھ</wf>
		<wf pos="PSP">کیُتھ</wf>
		<wf pos="VM">نژان</wf>
		<wf pos="SYM">۔</wf>
	</sentence>
	<sentence s_id="18">
		<wf pos="NN" sense_id="1">راتھ</wf>
		<wf pos="VAUX">اوس</wf>
		<wf pos="JJ">اَنہِ</wf>
		<wf pos="POW">گوٚٹ</wf>
		<wf pos="SYM">۔</wf>
	</sentence>
	<sentence s_id="19">
		<wf pos="PRP">کُنہِ</wf>
		<wf pos="PRP">کُنہِ</wf>
		<wf pos="NN">وِزِ</wf>
		<wf pos="VAUX">چھہِ</wf>
		<wf pos="NNC">شُرۍ</wf>
		<wf pos="NN" sense_id="2">راتھ</wf>
		<wf pos="PSP">کُیتھ</wf>
		<wf pos="VM">شٔگِتھ</wf>
		<wf pos="JJ">خَراب</wf>
		<wf pos="NN">خواب</wf>
		<wf pos="VM">وٕچھِتھ</wf>
		<wf pos="NN">وۄٹھ</wf>
		<wf pos="VM">کھٮ۪وان</wf>
		<wf pos="SYM">۔</wf>
	</sentence>
	<sentence s_id="20">
		<wf pos="NN">رحیم</wf>
		<wf pos="VAUX">اوس</wf>
		<wf pos="NN" sense_id="1">راتھ</wf>
		<wf pos="RB">یور</wf>
		<wf pos="VAUX">آمُت</wf>
		<wf pos="SYM">۔</wf>
	</sentence>
	<sentence s_id="21">
		<wf pos="NNPC">کرٛشنہٕ</wf>
		<wf pos="NNP">بگوان</wf>
		<wf pos="VM">زاو</wf>
		<wf pos="PSP">منٛز</wf>
		<wf pos="NN" sense_id="2">راتھ</wf>
		<wf pos="PSP">کیُتھ</wf>
		<wf pos="SYM">۔</wf>
	</sentence>
	<sentence s_id="22">
		<wf pos="NN">اَغوا</wf>
		<wf pos="VM">کوٚرمُت</wf>
		<wf pos="NN">بَچہٕ</wf>
		<wf pos="VM">آو</wf>
		<wf pos="NN" sense_id="1">راتھ</wf>
		<wf pos="PSP">یَلہٕ</wf>
		<wf pos="VM">ترٛاونہٕ</wf>
		<wf pos="SYM">۔</wf>
	</sentence>
	<sentence s_id="23">
		<wf pos="NN" sense_id="1">راتھ</wf>
		<wf pos="VAUX">وُچُھکھ</wf>
		<wf pos="PRP">مےٚ</wf>
		<wf pos="PRP">ژٕ</wf>
		<wf pos="NN">خوابَس</wf>
		<wf pos="PSP">منٛز</wf>
		<wf pos="SYM">۔</wf>
	</sentence>
	<sentence s_id="24">
		<wf pos="NNPC">رام</wf>
		<wf pos="VAUX">چُھ</wf>
		<wf pos="QC">دٔہمہِ</wf>
		<wf pos="PSP">ہُنٛد</wf>
		<wf pos="NN">امتحان</wf>
		<wf pos="NN">پاس</wf>
		<wf pos="VM">کرنہٕ</wf>
		<wf pos="PSP">خٲطرٕ</wf>
		<wf pos="NN">دۄہ</wf>
		<wf pos="NN" sense_id="2">راتھ</wf>
		<wf pos="NN">محنت</wf>
		<wf pos="VM">کران</wf>
		<wf pos="SYM">۔</wf>
	</sentence>
	<sentence s_id="25">
		<wf pos="NN" sense_id="2">راتھ</wf>
		<wf pos="PSP">کُیتھ</wf>
		<wf pos="VAUX">چُھ</wf>
		<wf pos="VM">آسان</wf>
		<wf pos="PRP">پرٛٮ۪تھ</wf>
		<wf pos="PSP">طرفہٕ</wf>
		<wf pos="JJ">سُن</wf>
		<wf pos="POW">سان</wf>
		<wf pos="SYM">۔</wf>
	</sentence>
	<sentence s_id="26">
		<wf pos="RB">اَز</wf>
		<wf pos="NN" sense_id="2">راتھ</wf>
		<wf pos="PSP">کُیتھ</wf>
		<wf pos="VM">کَرَن</wf>
		<wf pos="NN">بَچہٕ</wf>
		<wf pos="NN">داجَس</wf>
		<wf pos="PSP">مُتعلِق</wf>
		<wf pos="QC">اکھ</wf>
		<wf pos="NN">ڈراما</wf>
		<wf pos="VAUX">پیش</wf>
		<wf pos="SYM">۔</wf>
	</sentence>
	<sentence s_id="27">
		<wf pos="RB">اَز</wf>
		<wf pos="NN" sense_id="2">راتھ</wf>
		<wf pos="DEM">کِیُتھ</wf>
		<wf pos="VM">وُچھ</wf>
		<wf pos="PRP">مےٚ</wf>
		<wf pos="QC">اکھ</wf>
		<wf pos="JJ">کھۄژوُن</wf>
		<wf pos="NN">خواب</wf>
		<wf pos="SYM">۔</wf>
	</sentence>
	<sentence s_id="28">
		<wf pos="NN" sense_id="1">راتھ</wf>
		<wf pos="VAUX">اوس</wf>
		<wf pos="RB">سوٚت</wf>
		<wf pos="RDP">سوٚت</wf>
		<wf pos="NN">روٗد</wf>
		<wf pos="VM">پٮ۪وان</wf>
		<wf pos="SYM">۔</wf>
	</sentence>
	<sentence s_id="29">
		<wf pos="NN" sense_id="1">راتھ</wf>
		<wf pos="NNPC">میلے</wf>
		<wf pos="NNP">موہَنَس</wf>
		<wf pos="NN">جیلہٕ</wf>
		<wf pos="PSP">نِش</wf>
		<wf pos="NN">آزٲدی</wf>
		<wf pos="SYM">۔</wf>
	</sentence>
	<sentence s_id="30">
		<wf pos="NN" sense_id="1">راتھ</wf>
		<wf pos="NN">شامَن</wf>
		<wf pos="VAUX">اوس</wf>
		<wf pos="VM">تُرُن</wf>
		<wf pos="NN">ہَوا</wf>
		<wf pos="VM">پَکان</wf>
		<wf pos="SYM">۔</wf>
	</sentence>
	<sentence s_id="31">
		<wf pos="NNP">مَحفِلہِ</wf>
		<wf pos="PSP">منٛز</wf>
		<wf pos="VAUX">اوس</wf>
		<wf pos="NN" sense_id="1">راتھ</wf>
		<wf pos="JJ">واریاہ</wf>
		<wf pos="NN">مَزٕ</wf>
		<wf pos="SYM">۔</wf>
	</sentence>
	<sentence s_id="32">
		<wf pos="QC">زٕ</wf>
		<wf pos="NN">حَوَلہٕ</wf>
		<wf pos="POW">دار</wf>
		<wf pos="NN">گٔۍ</wf>
		<wf pos="NN" sense_id="1">راتھ</wf>
		<wf pos="VM">زَخمی</wf>
		<wf pos="SYM">۔</wf>
	</sentence>
	<sentence s_id="33">
		<wf pos="NN" sense_id="1">راتھ</wf>
		<wf pos="VAUX">گٔے</wf>
		<wf pos="NN">ترٛٹھہِ</wf>
		<wf pos="PSP">منٛز</wf>
		<wf pos="QC">زٕ</wf>
		<wf pos="RB">نَفر</wf>
		<wf pos="JJ">زخمی</wf>
		<wf pos="SYM">۔</wf>
	</sentence>
	<sentence s_id="34">
		<wf pos="NNC">تَحقیٖق</wf>
		<wf pos="NN">کَرَن</wf>
		<wf pos="PSP">وٲلِس</wf>
		<wf pos="NN">أکِس</wf>
		<wf pos="NN">طٲلبہٕ</wf>
		<wf pos="POW">عٔلمَس</wf>
		<wf pos="VM">آو</wf>
		<wf pos="NN" sense_id="1">راتھ</wf>
		<wf pos="NN">پیاٮ۪چ</wf>
		<wf pos="POW">ڈی</wf>
		<wf pos="VM">دِنہٕ</wf>
		<wf pos="SYM">۔</wf>
	</sentence>
	<sentence s_id="35">
		<wf pos="NN" sense_id="2">راتھ</wf>
		<wf pos="PSP">کُیتھ</wf>
		<wf pos="VM">لوٚگ</wf>
		<wf pos="PRP">تَس</wf>
		<wf pos="NN">کیٖجہِ</wf>
		<wf pos="PSP">سۭتۍ</wf>
		<wf pos="NN">ٹھوٗنٛکرٕ</wf>
		<wf pos="SYM">۔</wf>
	</sentence>
	<sentence s_id="36">
		<wf pos="NN" sense_id="1">راتھ</wf>
		<wf pos="VAUX">ٲس</wf>
		<wf pos="PRP">أس</wf>
		<wf pos="NNP">ہِنٛدوستٲنۍ</wf>
		<wf pos="NNPC">نَو</wf>
		<wf pos="NNP">سیناہُک</wf>
		<wf pos="NN">جَہاز</wf>
		<wf pos="NN">وِراٹھ</wf>
		<wf pos="NN">وِچھنہِ</wf>
		<wf pos="VM">گٲمٕتۍ</wf>
		<wf pos="SYM">۔</wf>
	</sentence>
	<sentence s_id="37">
		<wf pos="JJ">گۄناہ</wf>
		<wf pos="POW">گارو</wf>
		<wf pos="JJ">مور</wf>
		<wf pos="NN" sense_id="1">راتھ</wf>
		<wf pos="QC">اَکھ</wf>
		<wf pos="JJ">معصوٗم</wf>
		<wf pos="NN">شُر</wf>
		<wf pos="SYM">۔</wf>
	</sentence>
	<sentence s_id="38">
		<wf pos="JJ">نَوِ</wf>
		<wf pos="NN">مکانُک</wf>
		<wf pos="NN">سودا</wf>
		<wf pos="VM">گوو</wf>
		<wf pos="NN" sense_id="1">راتھ</wf>
		<wf pos="NN">پَکہٕ</wf>
		<wf pos="SYM">۔</wf>
	</sentence>
	<sentence s_id="39">
		<wf pos="NNP">بحرلاکاہلَس</wf>
		<wf pos="PSP">منٛز</wf>
		<wf pos="JJ">پھوٚٹ</wf>
		<wf pos="NN" sense_id="1">راتھ</wf>
		<wf pos="QC">اَکھ</wf>
		<wf pos="JJ">جنٛگی</wf>
		<wf pos="NN">جہاز</wf>
		<wf pos="SYM">۔</wf>
	</sentence>
	<sentence s_id="40">
		<wf pos="PRP">أسۍ</wf>
		<wf pos="VAUX">ٲسۍ</wf>
		<wf pos="NN" sense_id="1">راتھ</wf>
		<wf pos="NN">پِکنِک</wf>
		<wf pos="VM">گٔمٕتۍ</wf>
		<wf pos="SYM">۔</wf>
	</sentence>
	<sentence s_id="41">
		<wf pos="NNP">ریٖما</wf>
		<wf pos="VM">دِژ</wf>
		<wf pos="NN" sense_id="1">راتھ</wf>
		<wf pos="PRP">پانَس</wf>
		<wf pos="JJ">پھٲسۍ</wf>
		<wf pos="SYM">۔</wf>
	</sentence>
	<sentence s_id="42">
		<wf pos="NN" sense_id="1">راتھ</wf>
		<wf pos="VM">گٔمژِ</wf>
		<wf pos="NN">بنٛک</wf>
		<wf pos="NN">ڈَکیٹی</wf>
		<wf pos="PSP">ہُنٛد</wf>
		<wf pos="NEG">چُھنہٕ</wf>
		<wf pos="NN">وِنِیُٛک</wf>
		<wf pos="PSP">تام</wf>
		<wf pos="PRP">کانٛہہ</wf>
		<wf pos="RP">تہِ</wf>
		<wf pos="NN">پَے</wf>
		<wf pos="NN">پَتا</wf>
		<wf pos="VM">لوٚگمُت</wf>
		<wf pos="SYM">۔</wf>
	</sentence>
	<sentence s_id="43">
		<wf pos="NN">داداجی</wf>
		<wf pos="VAUX">چُھ</wf>
		<wf pos="NN" sense_id="2">راتھ</wf>
		<wf pos="PSP">کُیتھ</wf>
		<wf pos="JJ">واریاہ</wf>
		<wf pos="NN">ژاس</wf>
		<wf pos="VM">کَران</wf>
		<wf pos="SYM">۔</wf>
	</sentence>
	<sentence s_id="44">
		<wf pos="PRP">بہٕ</wf>
		<wf pos="VAUX">اوسُس</wf>
		<wf pos="NN" sense_id="1">راتھ</wf>
		<wf pos="NN">کاے</wf>
		<wf pos="NN">چِکتسا</wf>
		<wf pos="VM">کرناونہِ</wf>
		<wf pos="NN">ڈاکٹر</wf>
		<wf pos="NNP">مہرا</wf>
		<wf pos="PSP">ہس</wf>
		<wf pos="PSP">نِش</wf>
		<wf pos="VM">گوٚمُت</wf>
		<wf pos="SYM">۔</wf>
	</sentence>
	<sentence s_id="45">
		<wf pos="NN">کیٚژن</wf>
		<wf pos="NN">خٲراتھ</wf>
		<wf pos="VM">دِنہٕ</wf>
		<wf pos="RB">روٚس</wf>
		<wf pos="NN">لوٗکن</wf>
		<wf pos="VM">آو</wf>
		<wf pos="NN" sense_id="1">راتھ</wf>
		<wf pos="NN">خٲرات</wf>
		<wf pos="VM">دِنہٕ</wf>
		<wf pos="SYM">۔</wf>
	</sentence>
	<sentence s_id="46">
		<wf pos="NNP">بوٚپالی</wf>
		<wf pos="PSP">ہندِ</wf>
		<wf pos="VM">گیونُک</wf>
		<wf pos="NN">وق</wf>
		<wf pos="VAUX">چُھ</wf>
		<wf pos="NN" sense_id="2">راتھ</wf>
		<wf pos="PSP">کِیُت</wf>
		<wf pos="NNPC">شیٚمہِ</wf>
		<wf pos="NNP">دنڑ</wf>
		<wf pos="PSP">پٮ۪ٹھٕ</wf>
		<wf pos="QC">دہمِس</wf>
		<wf pos="NN">دنڑس</wf>
		<wf pos="PSP">تام</wf>
		<wf pos="VM">آسان</wf>
		<wf pos="SYM">۔</wf>
	</sentence>
	<sentence s_id="47">
		<wf pos="NN">ژھوٚپ</wf>
		<wf pos="NN">سوہن</wf>
		<wf pos="VM">دِژ</wf>
		<wf pos="NN" sense_id="1">راتھ</wf>
		<wf pos="PRP">فٲنسۍ</wf>
		<wf pos="PRP">پانس</wf>
		<wf pos="SYM">۔</wf>
	</sentence>
	<sentence s_id="48">
		<wf pos="NN">پِتھ</wf>
		<wf pos="NN">کال</wf>
		<wf pos="VAUX">اۄس</wf>
		<wf pos="JJ">زیاد</wf>
		<wf pos="PSP">پہن</wf>
		<wf pos="NN" sense_id="2">راتھ</wf>
		<wf pos="PSP">کِیُت</wf>
		<wf pos="NNP">سفر</wf>
		<wf pos="VM">گژھان</wf>
		<wf pos="SYM">۔</wf>
	</sentence>
	<sentence s_id="49">
		<wf pos="NNP">انس</wf>
		<wf pos="VAUX">چُھ</wf>
		<wf pos="NN" sense_id="2">راتھ</wf>
		<wf pos="NNP">شام</wf>
		<wf pos="PSP">کہٕ</wf>
		<wf pos="NN">سفرٕ</wf>
		<wf pos="PSP">پٮ۪ٹھ</wf>
		<wf pos="NN">واپس</wf>
		<wf pos="VM">آٚمُت</wf>
		<wf pos="SYM">۔</wf>
	</sentence>
	<sentence s_id="50">
		<wf pos="NN">سَردی</wf>
		<wf pos="PSP">ہٕنٛدین</wf>
		<wf pos="NN">دۄہَن</wf>
		<wf pos="VAUX">چھِ</wf>
		<wf pos="NN">صبحن</wf>
		<wf pos="NN">شامن</wf>
		<wf pos="CC">تہٕ</wf>
		<wf pos="NN" sense_id="2">راتھ</wf>
		<wf pos="CC">کِیُٛتھ</wf>
		<wf pos="NN">وٕنَل</wf>
		<wf pos="VM">بوزنہٕ</wf>
		<wf pos="VAUX">یوان</wf>
		<wf pos="SYM">۔</wf>
	</sentence>
	<sentence s_id="51">
		<wf pos="NN" sense_id="2">راتھ</wf>
		<wf pos="DEM">کِیُتھ</wf>
		<wf pos="VM">اَنہِ</wf>
		<wf pos="NN">گٔٹِس</wf>
		<wf pos="PSP">منٛز</wf>
		<wf pos="VAUX">گوٚو</wf>
		<wf pos="RB">اچانک</wf>
		<wf pos="JJ">چمک</wf>
		<wf pos="POW">وُن</wf>
		<wf pos="NN">چیٖز</wf>
		<wf pos="PSP">ہِیوٗ</wf>
		<wf pos="VM">کیٚہہ</wf>
		<wf pos="PSP">تام</wf>
		<wf pos="JJ">ظٲہِر</wf>
		<wf pos="SYM">۔</wf>
	</sentence>
	<sentence s_id="52">
		<wf pos="NN" sense_id="1">راتھ</wf>
		<wf pos="VM">کوٚر</wf>
		<wf pos="PRP">مےٚ</wf>
		<wf pos="NN">مُلاقات</wf>
		<wf pos="JJ">کِہَن</wf>
		<wf pos="NN">تَیوانٮ۪ن</wf>
		<wf pos="PSP">سۭتۍ</wf>
		<wf pos="SYM">۔</wf>
	</sentence>
	<sentence s_id="53">
		<wf pos="NN" sense_id="1">راتھ</wf>
		<wf pos="JJ">پھوٚٹ</wf>
		<wf pos="JJ">رٮ۪ڑ</wf>
		<wf pos="NN">سمنٛدرَس</wf>
		<wf pos="PSP">منٛز</wf>
		<wf pos="QC">اکھ</wf>
		<wf pos="NN">جہازٕ</wf>
		<wf pos="SYM">۔</wf>
	</sentence>
	<sentence s_id="54">
		<wf pos="NN" sense_id="1">راتھ</wf>
		<wf pos="VM">میوٗلُس</wf>
		<wf pos="PRP">بہٕ</wf>
		<wf pos="QC">أکِس</wf>
		<wf pos="NN">گاناہکِس</wf>
		<wf pos="NNP">آسٹرٛیلیاہَس</wf>
		<wf pos="PSP">منٛز</wf>
		<wf pos="SYM">۔</wf>
	</sentence>
	<sentence s_id="55">
		<wf pos="NNP">ہنٛدوستانَس</wf>
		<wf pos="CC">تہٕ</wf>
		<wf pos="NN">کیٖنیاہس</wf>
		<wf pos="PSP">درمیان</wf>
		<wf pos="VAUX">آو</wf>
		<wf pos="NN" sense_id="1">راتھ</wf>
		<wf pos="NN">آسٹرٛیلیاہَس</wf>
		<wf pos="PSP">منٛز</wf>
		<wf pos="NN">میچ</wf>
		<wf pos="VM">گِنٛدنہِ</wf>
		<wf pos="SYM">۔</wf>
	</sentence>
	<sentence s_id="56">
		<wf pos="NN" sense_id="1">راتھ</wf>
		<wf pos="NN">ایہِ</wf>
		<wf pos="NN">ضبط</wf>
		<wf pos="VM">کٔرۍ</wf>
		<wf pos="PSP">مٕتِس</wf>
		<wf pos="NN">مالَس</wf>
		<wf pos="JJ">نیلٲمی</wf>
		<wf pos="VM">کَرنہٕ</wf>
		<wf pos="SYM">۔</wf>
	</sentence>
	<sentence s_id="57">
		<wf pos="NN">رٲچھدَر</wf>
		<wf pos="RB">بَغٲر</wf>
		<wf pos="NN">مَحکَمَس</wf>
		<wf pos="PSP">منٛز</wf>
		<wf pos="VAUX">گٔے</wf>
		<wf pos="NN" sense_id="1">راتھ</wf>
		<wf pos="NN">ژوٗر</wf>
		<wf pos="SYM">۔</wf>
	</sentence>
	<sentence s_id="58">
		<wf pos="NN">نَواب</wf>
		<wf pos="VAUX">اوس</wf>
		<wf pos="RB">دۄدِش</wf>
		<wf pos="NN" sense_id="2">راتھ</wf>
		<wf pos="PSP">کُیتھ</wf>
		<wf pos="JJ">چور</wf>
		<wf pos="NN">مَحَل</wf>
		<wf pos="VM">گَژھان</wf>
		<wf pos="SYM">۔</wf>
	</sentence>
	<sentence s_id="59">
		<wf pos="JJ">پوٚز</wf>
		<wf pos="JJ">پوٚز</wf>
		<wf pos="NN">وَن</wf>
		<wf pos="PSP">کہِ</wf>
		<wf pos="NN" sense_id="1">راتھ</wf>
		<wf pos="WQ">کیٚہہ</wf>
		<wf pos="VAUX">گوٚو</wf>
		<wf pos="SYM">۔</wf>
	</sentence>
	<sentence s_id="60">
		<wf pos="NN" sense_id="1">راتھ</wf>
		<wf pos="VM">کوٚر</wf>
		<wf pos="NN">نَکسَلٮ۪و</wf>
		<wf pos="NNP">کوراپوٗٹۍ</wf>
		<wf pos="PSP">کٮ۪ن</wf>
		<wf pos="PRP">کینٛہَن</wf>
		<wf pos="NN">سَرکٲرۍ</wf>
		<wf pos="NN">دَفتَرَن</wf>
		<wf pos="PSP">مَنٛز</wf>
		<wf pos="NN">حملہٕ</wf>
		<wf pos="SYM">۔</wf>
	</sentence>
	<sentence s_id="61">
		<wf pos="NN" sense_id="1">راتھ</wf>
		<wf pos="VAUX">اوس</wf>
		<wf pos="RB">ییٚتیُک</wf>
		<wf pos="NNPC">تاپ</wf>
		<wf pos="NN">مان</wf>
		<wf pos="QC">وُہ</wf>
		<wf pos="NN">ڈِگری</wf>
		<wf pos="SYM">۔</wf>
	</sentence>
	<sentence s_id="62">
		<wf pos="NN" sense_id="1">راتھ</wf>
		<wf pos="VM">ہیوٚت</wf>
		<wf pos="NN">اَسہٕ</wf>
		<wf pos="JJ">بَستہٕ</wf>
		<wf pos="SYM">۔</wf>
	</sentence>
	<sentence s_id="63">
		<wf pos="PRP">مےٚ</wf>
		<wf pos="VM">کھوٗل</wf>
		<wf pos="NNPC">جے</wf>
		<wf pos="NNPC">کے</wf>
		<wf pos="NNP">بنٛکس</wf>
		<wf pos="PSP">منٛز</wf>
		<wf pos="NN" sense_id="1">راتھ</wf>
		<wf pos="CC">کھاتہٕ</wf>
		<wf pos="SYM">۔</wf>
	</sentence>
	<sentence s_id="64">
		<wf pos="PRP">سُہ</wf>
		<wf pos="VM">کوٚرکھ</wf>
		<wf pos="NN" sense_id="1">راتھ</wf>
		<wf pos="PRP">تَمام</wf>
		<wf pos="NN">جُرمو</wf>
		<wf pos="PSP">نِشہٕ</wf>
		<wf pos="NN">بٔری</wf>
		<wf pos="SYM">۔</wf>
	</sentence>
	<sentence s_id="65">
		<wf pos="PRP">سُہ</wf>
		<wf pos="VAUX">آو</wf>
		<wf pos="NN" sense_id="1">راتھ</wf>
		<wf pos="NN">پُلیٖسہٕ</wf>
		<wf pos="PSP">کہِ</wf>
		<wf pos="NN">ذٔریعہٕ</wf>
		<wf pos="NN">گِرفتار</wf>
		<wf pos="VM">کرنہٕ</wf>
		<wf pos="SYM">۔</wf>
	</sentence>
	<sentence s_id="66">
		<wf pos="PRP">مےٚ</wf>
		<wf pos="VM">اوٚن</wf>
		<wf pos="NN" sense_id="1">راتھ</wf>
		<wf pos="NNP">بادٲمۍ</wf>
		<wf pos="RDP">رَنٛگہٕ</wf>
		<wf pos="QC">اَکھ</wf>
		<wf pos="NN">سوٗٹ</wf>
		<wf pos="SYM">۔</wf>
	</sentence>
	<sentence s_id="67">
		<wf pos="PRP">میون</wf>
		<wf pos="NN">بوے</wf>
		<wf pos="VM">آو</wf>
		<wf pos="NN" sense_id="1">راتھ</wf>
		<wf pos="VM">لنٛدنہٕ</wf>
		<wf pos="PSP">پٮ۪ٹھٕ</wf>
		<wf pos="SYM">۔</wf>
	</sentence>
	<sentence s_id="68">
		<wf pos="NNP">قٲلیٖنَن</wf>
		<wf pos="PSP">ہٕنٛز</wf>
		<wf pos="NN">نُمٲیِش</wf>
		<wf pos="VM">آیہِ</wf>
		<wf pos="NNP">دِلہِ</wf>
		<wf pos="PSP">منٛز</wf>
		<wf pos="NN" sense_id="1">راتھ</wf>
		<wf pos="VM">کرنہٕ</wf>
		<wf pos="SYM">۔</wf>
	</sentence>
	<sentence s_id="69">
		<wf pos="NN">آزٕ</wf>
		<wf pos="VAUX">چھٔے</wf>
		<wf pos="NNPC">زونہ</wf>
		<wf pos="NN" sense_id="2">راتھ</wf>
		<wf pos="SYM">۔</wf>
	</sentence>
	<sentence s_id="70">
		<wf pos="DEM">یہِ</wf>
		<wf pos="NN" sense_id="2">راتھ</wf>
		<wf pos="VAUX">ٲس</wf>
		<wf pos="INTF">واریاہ</wf>
		<wf pos="JJ">بٔڑ</wf>
		<wf pos="SYM">۔</wf>
	</sentence>
	<sentence s_id="71">
		<wf pos="PRP">بہ</wf>
		<wf pos="PSP">زن</wf>
		<wf pos="DEM">پرٛژھہے</wf>
		<wf pos="NN" sense_id="1">راتھ</wf>
		<wf pos="NN">راتس</wf>
		<wf pos="RB">کِتہ</wf>
		<wf pos="VAUX">ٲسٕکھ</wf>
		<wf pos="PRP">ژٕ</wf>
		<wf pos="SYM">۔</wf>
	</sentence>
	<sentence s_id="72">
		<wf pos="NN">کھاندرٕ</wf>
		<wf pos="RB">پَتہٕ</wf>
		<wf pos="VM">چِھتھ</wf>
		<wf pos="PRP">ژےٚ</wf>
		<wf pos="JJ">نٔوی</wf>
		<wf pos="NN">رنگ</wf>
		<wf pos="VM">ہاوٕنۍ</wf>
		<wf pos="NN">ہیٚتۍ</wf>
		<wf pos="VM">مٕتۍ</wf>
		<wf pos="PRP">مٚے</wf>
		<wf pos="VAUX">چُھ</wf>
		<wf pos="NN">فِکرِ</wf>
		<wf pos="VM">تران</wf>
		<wf pos="NN" sense_id="2">راتھ</wf>
		<wf pos="PRP">کیٚتھ</wf>
		<wf pos="PSP">زن</wf>
		<wf pos="NEG">نہ</wf>
		<wf pos="VM">میولُے،</wf>
		<wf pos="NN">فون،</wf>
		<wf pos="NN">دۄہلہِ</wf>
		<wf pos="RP">تہِ</wf>
		<wf pos="VAUX">ہٮ۪کہٕ</wf>
		<wf pos="POW">ہَکھ</wf>
		<wf pos="VM">کٔرِتھ</wf>
		<wf pos="SYM">۔</wf>
	</sentence>
	<sentence s_id="73">
		<wf pos="NN">راتُک</wf>
		<wf pos="JJ">مظلوم</wf>
		<wf pos="VAUX">چُھ</wf>
		<wf pos="RB">از</wf>
		<wf pos="JJ">ظٲلِم</wf>
		<wf pos="VM">بنان</wf>
		<wf pos="CC">یانے</wf>
		<wf pos="NN" sense_id="1">راتھ</wf>
		<wf pos="PSP">تام</wf>
		<wf pos="VAUX">ہے</wf>
		<wf pos="NN">گولہِ</wf>
		<wf pos="VM">ژالان</wf>
		<wf pos="PRP">أسۍ</wf>
		<wf pos="RB">از</wf>
		<wf pos="VM">چلاوَو</wf>
		<wf pos="PRP">پانہٕ</wf>
		<wf pos="NN">گولہِ</wf>
		<wf pos="SYM">۔</wf>
	</sentence>
	<sentence s_id="74">
		<wf pos="NN" sense_id="1">راتھ</wf>
		<wf pos="VAUX">اوسس</wf>
		<wf pos="PRP">بہ</wf>
		<wf pos="PRP">مامسُند</wf>
		<wf pos="VM">گومُت</wf>
		<wf pos="SYM">۔</wf>
	</sentence>
	<sentence s_id="75">
		<wf pos="DEM">یہِ</wf>
		<wf pos="VM">لٮ۪کھُت</wf>
		<wf pos="VAUX">اوس</wf>
		<wf pos="NN" sense_id="1">راتھ</wf>
		<wf pos="DEM">تہِ</wf>
		<wf pos="NN">اَخبارس</wf>
		<wf pos="PSP">منٛز</wf>
		<wf pos="VM">چھپیومُت</wf>
		<wf pos="SYM">۔</wf>
	</sentence>
	<sentence s_id="76">
		<wf pos="PRP">سُہ</wf>
		<wf pos="VAUX">چُھ</wf>
		<wf pos="NN" sense_id="1">راتھ</wf>
		<wf pos="NN">پیش</wf>
		<wf pos="VM">آمتنٛ</wf>
		<wf pos="NN">حٲدثَن</wf>
		<wf pos="PSP">ہٕنٛز</wf>
		<wf pos="NN">وضاحت</wf>
		<wf pos="VM">کران</wf>
		<wf pos="SYM">۔</wf>
	</sentence>
	<sentence s_id="77">
		<wf pos="DEM">ییٚمہِ</wf>
		<wf pos="NNP">بُدھ</wf>
		<wf pos="NN">مَٹھ</wf>
		<wf pos="VAUX">چُھ</wf>
		<wf pos="NN" sense_id="1">راتھ</wf>
		<wf pos="PSP">پٮ۪ٹھہٕ</wf>
		<wf pos="JJ">بَنٛد</wf>
		<wf pos="SYM">۔</wf>
	</sentence>
	<sentence s_id="78">
		<wf pos="NN">راجوٗ</wf>
		<wf pos="VAUX">چُھ</wf>
		<wf pos="NN" sense_id="1">راتھ</wf>
		<wf pos="NN">کوٗٹھرِ</wf>
		<wf pos="PSP">منٛز</wf>
		<wf pos="VM">تھاونہٕ</wf>
		<wf pos="VAUX">آمُت</wf>
		<wf pos="SYM">۔</wf>
	</sentence>
	<sentence s_id="79">
		<wf pos="PRP">تَس</wf>
		<wf pos="VM">گو</wf>
		<wf pos="NN" sense_id="1">راتھ</wf>
		<wf pos="NN">حٲدثَہٕ</wf>
		<wf pos="NN">سڑکہٕ</wf>
		<wf pos="PSP">پٮ۪ٹھ</wf>
		<wf pos="SYM">۔</wf>
	</sentence>
	<sentence s_id="80">
		<wf pos="NN" sense_id="1">راتھ</wf>
		<wf pos="PSP">پٮ۪ٹھہٕ</wf>
		<wf pos="VAUX">چھِ</wf>
		<wf pos="NN">اخبار</wf>
		<wf pos="CC">تہٕ</wf>
		<wf pos="NN">اخبٲرۍ</wf>
		<wf pos="JJ">نُمایِنٛدٕ</wf>
		<wf pos="NN">مِنِسٹَرن</wf>
		<wf pos="PSP">ہٕنٛدین</wf>
		<wf pos="NN">کارنامَن</wf>
		<wf pos="PSP">پٮ۪ٹھہٕ</wf>
		<wf pos="NN">ٹاو</wf>
		<wf pos="NN">ٹاو</wf>
		<wf pos="VM">کَران</wf>
		<wf pos="SYM">۔</wf>
	</sentence>
	<sentence s_id="81">
		<wf pos="NN" sense_id="1">راتھ</wf>
		<wf pos="VM">گوٚو</wf>
		<wf pos="PRP">سٲنِس</wf>
		<wf pos="NN">گامَس</wf>
		<wf pos="PSP">منٛز</wf>
		<wf pos="NN">کالراہُک</wf>
		<wf pos="NN">حَملہٕ</wf>
		<wf pos="SYM">۔</wf>
	</sentence>
	<sentence s_id="82">
		<wf pos="QC">اَکہِ</wf>
		<wf pos="NN">شَبہٕ</wf>
		<wf pos="VAUX">ٲسۍ</wf>
		<wf pos="PRP">تِم</wf>
		<wf pos="PRP">دۄنوَے</wf>
		<wf pos="NN">بٲژ</wf>
		<wf pos="NN">مَس</wf>
		<wf pos="VM">نیٚندرِ،</wf>
		<wf pos="NN">پادشاہس</wf>
		<wf pos="VAUX">گو</wf>
		<wf pos="NN">کنَن</wf>
		<wf pos="QC">ترٛیٚیہِ</wf>
		<wf pos="NN">پھِرِ</wf>
		<wf pos="VM">آلَو،</wf>
		<wf pos="RB">اَز</wf>
		<wf pos="NN">یِما</wf>
		<wf pos="CC">کنہٕ</wf>
		<wf pos="RB">پگاہ</wf>
		<wf pos="NEG">یِمہٕ؟</wf>
		<wf pos="RB">پگاہ</wf>
		<wf pos="VAUX">گو</wf>
		<wf pos="PRP">أمِس</wf>
		<wf pos="NN">رٲژ</wf>
		<wf pos="PSP">ہُنٛد</wf>
		<wf pos="NN">آلَو</wf>
		<wf pos="VM">مَشرَپھ</wf>
		<wf pos="NN">دۄہ</wf>
		<wf pos="VM">گَو</wf>
		<wf pos="NNP">اَدا،</wf>
		<wf pos="NN" sense_id="2">راتھ</wf>
		<wf pos="JJ">اَز</wf>
		<wf pos="NN">رٲژ</wf>
		<wf pos="PSP">مَنٛز</wf>
		<wf pos="VM">گوس</wf>
		<wf pos="CC">بیٚیہِ</wf>
		<wf pos="QC">ترٛیٚیہِ</wf>
		<wf pos="NN">پھِرِ</wf>
		<wf pos="NN">آلَو</wf>
		<wf pos="PSP">‘‘اَز</wf>
		<wf pos="NN">یِما</wf>
		<wf pos="CC">کنہٕ</wf>
		<wf pos="RB">پَگاہ</wf>
		<wf pos="VM">یِمہٕ؟’’</wf>
		<wf pos="NN">پادشاہ</wf>
		<wf pos="RDP">گٔژھۍ</wf>
		<wf pos="POW">تَن</wf>
		<wf pos="NN">غۄطَن</wf>
		<wf pos="VM">،زانہِ</wf>
		<wf pos="NNP">دَے</wf>
		<wf pos="WQ">کیٛاہ</wf>
		<wf pos="VAUX">آسہِ</wf>
		<wf pos="NN">نیٚنٛدراہ</wf>
		<wf pos="RB">وۄنۍ</wf>
		<wf pos="VM">آیَس</wf>
		<wf pos="NEG">نہٕ</wf>
		<wf pos="PRP">کینٛہہ</wf>
		<wf pos="SYM">۔</wf>
	</sentence>
	<sentence s_id="83">
		<wf pos="PRP">مے</wf>
		<wf pos="VAUX">چھے</wf>
		<wf pos="CC">یی٘تہِ</wf>
		<wf pos="DEM">اَمہِ</wf>
		<wf pos="RB">بروٗنٛہ</wf>
		<wf pos="PSP">تہٕ</wf>
		<wf pos="NN" sense_id="2">راتھ</wf>
		<wf pos="NN">گزاٲر</wf>
		<wf pos="VM">مٕژ</wf>
		<wf pos="RB">ٲکہٕ</wf>
		<wf pos="SYM">۔</wf>
	</sentence>
	<sentence s_id="84">
		<wf pos="NNP">کرشَن</wf>
		<wf pos="VAUX">چُھ</wf>
		<wf pos="NN" sense_id="1">راتھ</wf>
		<wf pos="VM">اَنہٕ</wf>
		<wf pos="NN">گَٹہِ</wf>
		<wf pos="NN">کمرس</wf>
		<wf pos="PSP">منٛز</wf>
		<wf pos="VM">ژامُت</wf>
		<wf pos="SYM">۔</wf>
	</sentence>
	<sentence s_id="85">
		<wf pos="NN">اَنٛنہٕ</wf>
		<wf pos="POW">گَٹہِ</wf>
		<wf pos="NN">آسنہٕ</wf>
		<wf pos="PSP">کنٛ</wf>
		<wf pos="VAUX">ٲس</wf>
		<wf pos="NN" sense_id="1">راتھ</wf>
		<wf pos="PRP">پرٛٮ۪تھ</wf>
		<wf pos="PSP">طَرفہٕ</wf>
		<wf pos="NN">خاموشی</wf>
		<wf pos="SYM">۔</wf>
	</sentence>	
	<sentence s_id="86">
		<wf pos="PRP">سُہ</wf>
		<wf pos="VM">گَو</wf>
		<wf pos="NN" sense_id="1">راتھ</wf>
		<wf pos="JJ">دِل</wf>
		<wf pos="POW">مٔلوٗل</wf>
		<wf pos="SYM">۔</wf>
	</sentence>
	<sentence s_id="87">
		<wf pos="NN" sense_id="2">راتھ</wf>
		<wf pos="PSP">کٛٮ۪یُت</wf>		
		<wf pos="DEM">اور</wf>
		<wf pos="VM">گَژھُن</wf>
		<wf pos="VAUX">چَھنہٕ</wf>
		<wf pos="JJ">اَصٕل</wf>
		<wf pos="NN">کَتھ</wf>
		<wf pos="SYM">۔</wf>
	</sentence>	
	<sentence s_id="88">
		<wf pos="NN">اَنٛنہٕ</wf>
		<wf pos="POW">گَٹہِ</wf>
		<wf pos="NN">آسنہٕ</wf>
		<wf pos="PSP">کنٛ</wf>
		<wf pos="VAUX">چھے</wf>
		<wf pos="NN" sense_id="2">راتھ</wf>
		<wf pos="PSP">کٛٮ۪یُت</wf>	
		<wf pos="PRP">پرٛٮ۪تھ</wf>
		<wf pos="PSP">طَرفہٕ</wf>
		<wf pos="NN">خاموشی</wf>
		<wf pos="SYM">۔</wf>
	</sentence>
	<sentence s_id="89">
		<wf pos="NN" sense_id="2">راتھ</wf>
		<wf pos="PSP">کٛٮ۪یُت</wf>		
		<wf pos="DEM">اور</wf>
		<wf pos="VM">پھیرُن</wf>
		<wf pos="VAUX">چَھنہٕ</wf>
		<wf pos="JJ">اَصٕل</wf>
		<wf pos="SYM">۔</wf>
	</sentence>
	<sentence s_id="90">
		<wf pos="PRP">ژٕ</wf>
		<wf pos="QC">کتہٕ</wf>
		<wf pos="VM">آسان</wf>
		<wf pos="NN" sense_id="2">راتھ</wf>
		<wf pos="PSP">کٛٮ۪یُت</wf>	
		<wf pos="VM">پھیران</wf>
		<wf pos="SYM">۔</wf>
	</sentence>
	<sentence s_id="91">
		<wf pos="NN">وندس</wf>
		<wf pos="VAUX">چھے</wf>
		<wf pos="NN" sense_id="2">راتھ</wf>
		<wf pos="JJ">لوکٹ</wf>
		<wf pos="VM">آسان</wf>
		<wf pos="SYM">۔</wf>
	</sentence>
	<sentence s_id="92">
		<wf pos="NN">وندس</wf>
		<wf pos="VAUX">چھے</wf>
		<wf pos="NN" sense_id="2">راتھ</wf>
		<wf pos="RB">سَخ</wf>	
		<wf pos="JJ">سرد</wf>
		<wf pos="VM">آسان</wf>
		<wf pos="SYM">۔</wf>
	</sentence>
	<sentence s_id="93">
		<wf pos="NN" sense_id="2">راتھ</wf>
		<wf pos="PSP">کٛٮ۪یُت</wf>		
		<wf pos="VAUX">پز</wf>
		<wf pos="NEG">نہٕ</wf>
		<wf pos="PRP">کاُنس</wf>
		<wf pos="PSP">ہُنٛد</wf>
		<wf pos="NN">گھر</wf>
		<wf pos="VM">گَژھُن</wf>
		<wf pos="SYM">۔</wf>
	</sentence>
	<sentence s_id="94">
		<wf pos="NN">آفتاب</wf>
		<wf pos="VM">لوسنہٕ</wf>		
		<wf pos="PSP">پٮ۪ٹھہٕ</wf>
		<wf pos="VAUX">چھے</wf>
		<wf pos="NN" sense_id="2">راتھ</wf>
		<wf pos="VM">شروع</wf>
		<wf pos="PSP">گَژھان</wf>
		<wf pos="SYM">۔</wf>
	</sentence>
	<sentence s_id="95">
		<wf pos="NN">آفتاب</wf>
		<wf pos="VM">َکَھسنس</wf>		
		<wf pos="PSP">ستۍ</wf>
		<wf pos="VAUX">چھے</wf>
		<wf pos="NN" sense_id="2">راتھ</wf>
		<wf pos="VM">ختم</wf>
		<wf pos="PSP">گَژھان</wf>
		<wf pos="SYM">۔</wf>
	</sentence>
	<sentence s_id="96">
		<wf pos="NN">دوہ</wf>
		<wf pos="CC">تہٕ</wf>
		<wf pos="NN" sense_id="2">راتھ</wf>
		<wf pos="VAUX">چھے</wf>
		<wf pos="NNPC">اللہ</wf>
		<wf pos="NNP">تعالہن</wf>
		<wf pos="VM">بناُومُت</wf>
		<wf pos="SYM">۔</wf>
	</sentence>
	<sentence s_id="97">
		<wf pos="PRP">سُہ</wf>
		<wf pos="VAUX">چھے</wf>
		<wf pos="VM">آسان</wf>
		<wf pos="NN">دوہ</wf>
		<wf pos="CC">تہٕ</wf>
		<wf pos="NN" sense_id="2">راتھ</wf>
		<wf pos="NN">کٲم</wf>
		<wf pos="VM">کران</wf>
		<wf pos="SYM">۔</wf>
	</sentence>
	<sentence s_id="98">
		<wf pos="NN" sense_id="2">راتھ</wf>
		<wf pos="VAUX">چھے</wf>
		<wf pos="PRP">اَسہِ</wf>
		<wf pos="JJ">سارِنٕے</wf>
		<wf pos="PSP">ہنٛد</wf>
		<wf pos="NN">آرام</wf>
		<wf pos="CC">خٲطرٕ</wf>
		<wf pos="SYM">۔</wf>
	</sentence>
	<sentence s_id="99">
		<wf pos="NNP">بلال</wf>
		<wf pos="VAUX">اوس</wf>
		<wf pos="NN" sense_id="1">راتھ</wf>
		<wf pos="NN">زٔمیٖنَس</wf>
		<wf pos="NN">کھاد</wf>
		<wf pos="VM">ترٛاوان</wf>
		<wf pos="SYM">۔</wf>
	</sentence>
	<sentence s_id="100">
		<wf pos="NN">باغوان</wf>
		<wf pos="PSP">باے</wf>
		<wf pos="VAUX">ٲس</wf>
		<wf pos="NN" sense_id="1">راتھ</wf>
		<wf pos="NNP">کَچنار</wf>
		<wf pos="NN">کُلۍچَن</wf>
		<wf pos="NN">لَنٛجَن</wf>
		<wf pos="VM">جُکٲوِتھ</wf>
		<wf pos="NN">کُلۍچَن</wf>
		<wf pos="NN">پوش</wf>
		<wf pos="VM">کران</wf>
		<wf pos="SYM">۔</wf>
	</sentence>
	<sentence s_id="101">
		<wf pos="NN" sense_id="1">راتھ</wf>
		<wf pos="VM">کُر</wf>
		<wf pos="DEM">ییٚمہِ</wf>
		<wf pos="NN">یوٗنِوٕرسِٹی</wf>
		<wf pos="PSP">ہُند</wf>
		<wf pos="NN">اِبتِدا</wf>
		<wf pos="NN">عزتدار</wf>
		<wf pos="NN">صَدٕرَن</wf>
		<wf pos="SYM">۔</wf>
	</sentence>
	<sentence s_id="102">
		<wf pos="NNP">شام</wf>
		<wf pos="VAUX">اوس</wf>
		<wf pos="NN" sense_id="1">راتھ</wf>
		<wf pos="NN">کُٹھِ</wf>
		<wf pos="VM">شیٖران</wf>
		<wf pos="SYM">۔</wf>
	</sentence>
	<sentence s_id="103">
		<wf pos="NN" sense_id="2">راتھ</wf>
		<wf pos="PSP">کٛٮ۪یُت</wf>		
		<wf pos="DEM">یہٕ</wf>
		<wf pos="NN">کٲم</wf>
		<wf pos="VM">کَرٕنۍ</wf>
		<wf pos="VAUX">چھےٚ</wf>
		<wf pos="NN">نادٲنی</wf>
		<wf pos="SYM">۔</wf>
	</sentence>
	<sentence s_id="104">
		<wf pos="PRP">مے</wf>
		<wf pos="VAUX">چھے</wf>
		<wf pos="NN" sense_id="2">راتھ</wf>
		<wf pos="PSP">کٛٮ۪یُت</wf>		
		<wf pos="DEM">یہٕ</wf>
		<wf pos="NN">کٲم</wf>
		<wf pos="VM">کَرٕنۍ</wf>
		<wf pos="JJ">سَہَل</wf>
		<wf pos="VM">گَژھان</wf>
		<wf pos="SYM">۔</wf>
	</sentence>
	<sentence s_id="105">
		<wf pos="PRP">بہٕ</wf>
		<wf pos="VAUX">چُھس</wf>
		<wf pos="NN">شَرمَنٛدٕ</wf>
		<wf pos="CC">زٕ</wf>
		<wf pos="PRP">تۄہہِ</wf>		
		<wf pos="VM">کرٕو</wf>
		<wf pos="NN" sense_id="1">راتھ</wf>
		<wf pos="PRP">مےٚ</wf>
		<wf pos="PSP">پٮ۪ٹھ</wf>
		<wf pos="NN">مہَربٲنی</wf>
		<wf pos="SYM">۔</wf>
	</sentence>
	<sentence s_id="106">
		<wf pos="NN">مُشکِلَن</wf>
		<wf pos="PSP">مَنٛز</wf>
		<wf pos="CC">تِہ</wf>
		<wf pos="NN">ڈَٹٕتھ</wf>
		<wf pos="VM">روزنہ</wf>
		<wf pos="CC">سٕتۍ</wf>
		<wf pos="VM">گوٚو</wf>
		<wf pos="PRP">سُہ</wf>		
		<wf pos="NN" sense_id="1">راتھ</wf>
		<wf pos="NN">کامیاب</wf>
		<wf pos="SYM">۔</wf>
	</sentence>
	<sentence s_id="107">
		<wf pos="DEM">ییٚمہِ</wf>
		<wf pos="NN">کامہِ</wf>
		<wf pos="PSP">ہُنٛد</wf>		
		<wf pos="NN">آغاز</wf>
		<wf pos="VM">گوٚو</wf>
		<wf pos="NN" sense_id="1">راتھ</wf>
		<wf pos="SYM">۔</wf>
	</sentence>
	<sentence s_id="108">
		<wf pos="NN" sense_id="2">راتھ</wf>
		<wf pos="PSP">کٛٮ۪یُت</wf>
		<wf pos="VAUX">چھےٚ</wf>		
		<wf pos="NN">فِلمَن</wf>
		<wf pos="PSP">مَنٛز</wf>
		<wf pos="JJ"> نَنٛگہٕ</wf>
		<wf pos="PSP">پَن</wf>
		<wf pos="RB">زیادٕ</wf>
		<wf pos="NN">نَظرِ</wf>
		<wf pos="VM">گَژھان</wf>
		<wf pos="SYM">۔</wf>
	</sentence>
	<sentence s_id="109">
		<wf pos="NN">موج</wf>
		<wf pos="VAUX">ٲس</wf>
		<wf pos="NN">شُرِس</wf>
		<wf pos="NN" sense_id="1">راتھ</wf>
		<wf pos="NNP">کَکہرا</wf>
		<wf pos="VM">پَرُن</wf>
		<wf pos="VM">ہٮ۪چھناوان</wf>		
		<wf pos="SYM">۔</wf>
	</sentence>
	<sentence s_id="110">
		<wf pos="PRP">مےٚ</wf>
		<wf pos="VM">وچھ</wf>
		<wf pos="NN" sense_id="1">راتھ</wf>
		<wf pos="NN">ژھاوجہِ</wf>
		<wf pos="NN">زٔمیٖنس</wf>
		<wf pos="PSP">پٮ۪ٹھ</wf>
		<wf pos="NN"> پَنہٕ</wf>
		<wf pos="POW">ؤتھٕر</wf>
		<wf pos="VM">کھٮ۪وان</wf>
		<wf pos="SYM">۔</wf>
	</sentence>
	<sentence s_id="111">
		<wf pos="NN" sense_id="1">راتھ</wf>
		<wf pos="VM">گَژھن</wf>
		<wf pos="POW">واجِنہِ</wf>		
		<wf pos="NN">غلطِیہِ</wf>
		<wf pos="NN">دوٗر</wf>
		<wf pos="VM"> کٔرِتھ</wf>
		<wf pos="VAUX">ہیٚکہِ</wf>
		<wf pos="NN">کامہِ</wf>
		<wf pos="PSP">مَنٛز</wf>
		<wf pos="JJ">تیٖزی</wf>
		<wf pos="VM">یِتھ</wf>
		<wf pos="SYM">۔</wf>
	</sentence>
	<sentence s_id="112">
		<wf pos="NN" sense_id="2">راتھ</wf>
		<wf pos="PSP">کٛٮ۪یُت</wf>		
		<wf pos="DEM">اور</wf>
		<wf pos="VM">پھیرُن</wf>
		<wf pos="VAUX">چَھنہٕ</wf>
		<wf pos="JJ">اَصٕل</wf>
		<wf pos="SYM">۔</wf>
	</sentence>
</contextfile>