<?xml version="1.0" encoding="utf-8"?>
<contextfile filename="سخت" fileno="20">
	<sentence s_id="1">
		<wf pos="DEM">یِم</wf>
		<wf pos="NN">لُکھ</wf>
		<wf pos="NN">غوٚروٗر</wf>
		<wf pos="CC">تہٕ</wf>
		<wf pos="NN">تکبُرٕ</wf>
		<wf pos="PSP">خٲطرٕ</wf>
		<wf pos="PRP">پنُن</wf>
		<wf pos="NN">پٲجامہٕ</wf>
		<wf pos="CC">یا</wf>
		<wf pos="NN">لوٗنگۍ</wf>
		<wf pos="VM">لاگہِ</wf>
		<wf pos="NN">ژٕنٕنٮ۪و</wf>
		<wf pos="RB">بۄن</wf>
		<wf pos="VAUX">چِھ</wf>
		<wf pos="VM">ترٛاوان</wf>
		<wf pos="NNP">نبیﷺ</wf>
		<wf pos="PSP">سٕنزَن</wf>
		<wf pos="NN">نظرن</wf>
		<wf pos="PSP">منٛز</wf>
		<wf pos="VAUX">چِھ</wf>
		<wf pos="DEM">تِم</wf>
		<wf pos="NN">لُکھ</wf>
		<wf pos="JJ">ناکام</wf>
		<wf pos="CC">تہٕ</wf>
		<wf pos="JJ">نامُراد</wf>
		<wf pos="CC">تہٕ</wf>
		<wf pos="JJ" sense_id="3">سخت</wf>
		<wf pos="NN">عزابٕکۍ</wf>
		<wf pos="NN">حقدار</wf>
		<wf pos="SYM">۔</wf>
	</sentence>
	<sentence s_id="2">
		<wf pos="PRP">أمِس</wf>
		<wf pos="VM">روٗز</wf>
		<wf pos="NN">فِکٕر</wf>
		<wf pos="CC">تہٕ</wf>
		<wf pos="NN">پریشٲنی</wf>
		<wf pos="NN">دِلَس</wf>
		<wf pos="CC">تہٕ</wf>
		<wf pos="NN">دٮ۪ماغَس</wf>
		<wf pos="RB">أنٛدٕرۍ</wf>
		<wf pos="RDP">أنٛدٕرۍ</wf>
		<wf pos="VM">ژٕہان</wf>
		<wf pos="NN">مول</wf>
		<wf pos="NN">موج</wf>
		<wf pos="VAUX">ٲسِس</wf>
		<wf pos="JJ">کُن</wf>
		<wf pos="VAUX">آسنہٕ</wf>
		<wf pos="NN">سَببہٕ</wf>
		<wf pos="RB" sense_id="4">سخت</wf>
		<wf pos="NN">لول</wf>
		<wf pos="VM">بَران</wf>
		<wf pos="SYM">۔</wf>
	</sentence>
	<sentence s_id="3">
		<wf pos="NNP">رام</wf>
		<wf pos="PSP">نہِ</wf>
		<wf pos="JJ" sense_id="3">سخت</wf>
		<wf pos="NN">محنتہٕ</wf>
		<wf pos="PSP">سۭتۍ</wf>
		<wf pos="VAUX">چُھ</wf>
		<wf pos="PRP">تٔمۍ</wf>
		<wf pos="PSP">سُنٛد</wf>
		<wf pos="NN">کاربار</wf>
		<wf pos="VM">پھۄلان</wf>
		<wf pos="SYM">۔</wf>
	</sentence>
	<sentence s_id="4">
		<wf pos="RB">از</wf>
		<wf pos="VM">آیہِ</wf>
		<wf pos="NNP">دِلہٕ</wf>
		<wf pos="VM">گژھن</wf>
		<wf pos="PSP">وٲلۍ</wf>
		<wf pos="JJ">سٲری</wf>
		<wf pos="NN">جہازٕ</wf>
		<wf pos="NN">منسوٗخ</wf>
		<wf pos="VM">کرنہٕ</wf>
		<wf pos="CC">تِکیازِ</wf>
		<wf pos="RB">از</wf>
		<wf pos="VAUX">ٲس</wf>
		<wf pos="JJ" sense_id="3">سخت</wf>
		<wf pos="NN">وٕنل</wf>
		<wf pos="SYM">۔</wf>
	</sentence>
	<sentence s_id="5">
		<wf pos="NN">سَردی</wf>
		<wf pos="PSP">ہِنٛدٮ۪ن</wf>
		<wf pos="NN">دۄہَن</wf>
		<wf pos="PSP">منٛز</wf>
		<wf pos="VAUX">چھےٚ</wf>
		<wf pos="PRP">پرٛٮ۪تھ</wf>
		<wf pos="PSP">طَرفہٕ</wf>
		<wf pos="NN">وٕنَل</wf>
		<wf pos="VAUX">آسان</wf>
		<wf pos="DEM">ییٚمہِ</wf>
		<wf pos="PSP">سۭتۍ</wf>
		<wf pos="NN">گاڑٮ۪ن</wf>
		<wf pos="NN">پَکنَس</wf>
		<wf pos="PSP">منٛز</wf>
		<wf pos="JJ" sense_id="3">سخت</wf>
		<wf pos="NN">پَریشٲنی</wf>
		<wf pos="VAUX">چھےٚ</wf>
		<wf pos="VM">گَژھان</wf>
		<wf pos="SYM">۔</wf>
	</sentence>
	<sentence s_id="6">
		<wf pos="NNP">سیٖتا</wf>
		<wf pos="NEG">چَھنہٕ</wf>
		<wf pos="RB">زانٛہہ</wf>
		<wf pos="RP">تہِ</wf>
		<wf pos="PRP">پننِس</wf>
		<wf pos="NN">نیٚچوِس</wf>
		<wf pos="PSP">سۭتۍ</wf>
		<wf pos="JJ" sense_id="1">سخت</wf>
		<wf pos="NN">لہجس</wf>
		<wf pos="PSP">منٛز</wf>
		<wf pos="NN">کَتھ</wf>
		<wf pos="VM">کران</wf>
		<wf pos="SYM">۔</wf>
	</sentence>
	<sentence s_id="7">
		<wf pos="JJ" sense_id="3">سخت</wf>
		<wf pos="NN">تۭرِ</wf>
		<wf pos="PSP">سۭتۍ</wf>
		<wf pos="VAUX">چُھ</wf>
		<wf pos="NN">مٕسلہٕ</wf>
		<wf pos="JJ">خۄشٕکھ</wf>
		<wf pos="VM">گژھان</wf>
		<wf pos="SYM">۔</wf>
	</sentence>
	<sentence s_id="8">
		<wf pos="NN">اَزکَل</wf>
		<wf pos="PSP">کٮ۪ن</wf>
		<wf pos="NN">نوجوانن</wf>
		<wf pos="VAUX">چُھ</wf>
		<wf pos="NN">فٲشنن</wf>
		<wf pos="PSP">کُن</wf>
		<wf pos="JJ" sense_id="3">سخت</wf>
		<wf pos="NN">رۄحجان</wf>
		<wf pos="SYM">۔</wf>
	</sentence>
	<sentence s_id="9">
		<wf pos="JJ">ناجٲیِز</wf>
		<wf pos="NN">اَدَب</wf>
		<wf pos="RP">تہٕ</wf>
		<wf pos="CC">بیٚیہٕ</wf>
		<wf pos="RB">آزٕ</wf>
		<wf pos="PSP">کَلچہٕ</wf>
		<wf pos="NN">فِلمہٕ</wf>
		<wf pos="VAUX">چھہٕ</wf>
		<wf pos="NN">نوجوانَن</wf>
		<wf pos="RB" sense_id="4">سخت</wf>
		<wf pos="JJ">خَراب</wf>
		<wf pos="VM">کَران</wf>
		<wf pos="SYM">۔</wf>
	</sentence>
	<sentence s_id="10">
		<wf pos="NN">جٲگِیردار</wf>
		<wf pos="VAUX">چُھ</wf>
		<wf pos="NN">گرٛیستَن</wf>
		<wf pos="VAUX">سۭتۍ</wf>
		<wf pos="RB" sense_id="4">سخت</wf>
		<wf pos="JJ">ظُلم</wf>
		<wf pos="VM">کران</wf>
		<wf pos="SYM">۔</wf>
	</sentence>
	<sentence s_id="11">
		<wf pos="NNP">کٔبیٖرَس</wf>
		<wf pos="VAUX">چھِ</wf>
		<wf pos="JJ">غۭبتِی</wf>
		<wf pos="NN">شخصَس</wf>
		<wf pos="VAUX">سۭتۍ</wf>
		<wf pos="RB" sense_id="4">سخت</wf>
		<wf pos="NN">نفرت</wf>
		<wf pos="SYM">۔</wf>
	</sentence>
	<sentence s_id="12">
		<wf pos="RB">از</wf>
		<wf pos="VAUX">اوس</wf>
		<wf pos="NN">تمٲکۍ</wf>
		<wf pos="PSP">وول</wf>
		<wf pos="WQ">خبر</wf>
		<wf pos="WQ">کیازِ</wf>
		<wf pos="RB" sense_id="4">سخت</wf>
		<wf pos="VM">وولیومُت</wf>
		<wf pos="SYM">۔</wf>
	</sentence>
	<sentence s_id="13">
		<wf pos="PRP">مےٚ</wf>
		<wf pos="VAUX">چُھ</wf>
		<wf pos="NN">ونٛدٕ</wf>
		<wf pos="RB" sense_id="4">سخت</wf>
		<wf pos="VM">کھران</wf>
		<wf pos="CC">تِکیازِ</wf>
		<wf pos="NN">ونٛدس</wf>
		<wf pos="VAUX">چھِ</wf>
		<wf pos="CC">زنتہٕ</wf>
		<wf pos="NN">زِنٛدگی</wf>
		<wf pos="RP">تہِ</wf>
		<wf pos="VM">ۂنٛدران</wf>
		<wf pos="SYM">۔</wf>
	</sentence>
	<sentence s_id="14">
		<wf pos="PRP">مےٚ</wf>
		<wf pos="VAUX">چُھ</wf>
		<wf pos="JJ">نے</wf>
		<wf pos="NN">شکرُٕک</wf>
		<wf pos="RB" sense_id="4">سخت</wf>
		<wf pos="NN">لول</wf>
		<wf pos="VAUX">آمُت</wf>
		<wf pos="RB">ییٚتہِ</wf>
		<wf pos="WQ">ما</wf>
		<wf pos="VAUX">چُھ</wf>
		<wf pos="VM">میلان</wf>
		<wf pos="SYM">۔</wf>
	</sentence>
	<sentence s_id="15">
		<wf pos="PRP">مےٚ</wf>
		<wf pos="VAUX">چھِ</wf>
		<wf pos="NNP">اِمتیازٕنۍ</wf>
		<wf pos="RB" sense_id="4">سخت</wf>
		<wf pos="VM">نفرت</wf>
		<wf pos="CC">تِکیازِ</wf>
		<wf pos="PRP">سُہ</wf>
		<wf pos="VAUX">چُھ</wf>
		<wf pos="NN">کتھِ</wf>
		<wf pos="RDP">کتھِ</wf>
		<wf pos="PSP">پٮ۪ٹھ</wf>
		<wf pos="JJ">اپُز</wf>
		<wf pos="VM">ونان</wf>
		<wf pos="SYM">۔</wf>
	</sentence>
	<sentence s_id="16">
		<wf pos="PRP">مےٚ</wf>
		<wf pos="VAUX">چُھ</wf>
		<wf pos="PRP">تٔمۍ</wf>
		<wf pos="PSP">سُنٛد</wf>
		<wf pos="JJ">تٔعصُبی</wf>
		<wf pos="NN">رٔوۍیہِ</wf>
		<wf pos="RB" sense_id="4">سخت</wf>
		<wf pos="VM">خَران</wf>
		<wf pos="SYM">۔</wf>
	</sentence>
	<sentence s_id="17">
		<wf pos="NN">بَچہِ</wf>
		<wf pos="VAUX">چُھ</wf>
		<wf pos="RB" sense_id="4">سخت</wf>
		<wf pos="NN">کرٛٮ۪کہٕ</wf>
		<wf pos="VM">دِوان</wf>
		<wf pos="SYM">۔</wf>
	</sentence>
	<sentence s_id="18">
		<wf pos="PRP">تٔمۍ</wf>
		<wf pos="PSP">سٕنٛز</wf>
		<wf pos="NN">نظر</wf>
		<wf pos="VM">وٕچھِتھٕے</wf>
		<wf pos="VM">توٚر</wf>
		<wf pos="PRP">مےٚ</wf>
		<wf pos="NN">فِکرِ</wf>
		<wf pos="CC">زِ</wf>
		<wf pos="PRP">تٔمِس</wf>
		<wf pos="VAUX">چُھ</wf>
		<wf pos="RB" sense_id="4">سخت</wf>
		<wf pos="NN">شرارت</wf>
		<wf pos="SYM">۔</wf>
	</sentence>
	<sentence s_id="19">
		<wf pos="RB">کُنہِ</wf>
		<wf pos="POW">کُنہِ</wf>
		<wf pos="NN">ساتہٕ</wf>
		<wf pos="VAUX">چُھ</wf>
		<wf pos="NN">پُلیٖسَس</wf>
		<wf pos="NN">مُجرِمَن</wf>
		<wf pos="PSP">سۭتۍ</wf>
		<wf pos="JJ" sense_id="1">سخت</wf>
		<wf pos="NN">بَرتاٮ۪ؤ</wf>
		<wf pos="NN">پیٚوان</wf>
		<wf pos="VM">کرٔن</wf>
		<wf pos="SYM">۔</wf>
	</sentence>
	<sentence s_id="20">
		<wf pos="PRP">کٔمۍ</wf>
		<wf pos="PSP">تام</wf>
		<wf pos="VAUX">چُھ</wf>
		<wf pos="PRP">پَننہِ</wf>
		<wf pos="RB" sense_id="4">سخت</wf>
		<wf pos="NN">محنتٕ</wf>
		<wf pos="PSP">سۭتۍ</wf>
		<wf pos="JJ">بَنجر</wf>
		<wf pos="NN">زمیٖنَ</wf>
		<wf pos="RP">تہِ</wf>
		<wf pos="JJ">زَرخیز</wf>
		<wf pos="VM">بنوومُت</wf>
		<wf pos="SYM">۔</wf>
	</sentence>
	<sentence s_id="21">
		<wf pos="NN">گامَس</wf>
		<wf pos="PSP">منٛز</wf>
		<wf pos="VAUX">چُھ</wf>
		<wf pos="PRP">تٔمۍ</wf>
		<wf pos="PSP">سُنٛد</wf>
		<wf pos="JJ" sense_id="1">سخت</wf>
		<wf pos="NN">لہج</wf>
		<wf pos="JJ">مشہور</wf>
		<wf pos="SYM">۔</wf>
	</sentence>
	<sentence s_id="22">
		<wf pos="NN">کٔچھوٕ</wf>
		<wf pos="VAUX">چُھ</wf>
		<wf pos="QC">اَکھ</wf>
		<wf pos="JJ" sense_id="2">سخت</wf>
		<wf pos="NN">کنٛجہِ</wf>
		<wf pos="PSP">وول</wf>
		<wf pos="NN">جانور</wf>
		<wf pos="SYM">۔</wf>
	</sentence>
	<sentence s_id="23">
		<wf pos="JJ" sense_id="3">سخت</wf>
		<wf pos="NN">سردی</wf>
		<wf pos="PSP">سۭتۍ</wf>
		<wf pos="VM">چھِ</wf>
		<wf pos="PRP">مے</wf>
		<wf pos="NN">دَنٛدَن</wf>
		<wf pos="JJ">ٹٕکرارے</wf>
		<wf pos="VM">وۄتھان</wf>
		<wf pos="SYM">۔</wf>
	</sentence>
	<sentence s_id="24">
		<wf pos="PRP">بہٕ</wf>
		<wf pos="VAUX">چُھ</wf>
		<wf pos="POW">سَتھ</wf>
		<wf pos="PRP">ژٕ</wf>
		<wf pos="VM">زانان</wf>
		<wf pos="JJ">زیادٕ</wf>
		<wf pos="PRP">مہٕ</wf>
		<wf pos="VM">تھیٚکھ</wf>
		<wf pos="PRP">ژٕ</wf>
		<wf pos="VAUX">چُھ</wf>
		<wf pos="RB" sense_id="4">سخت</wf>
		<wf pos="VM">تھیٚکان</wf>
		<wf pos="SYM">۔</wf>
	</sentence>
	<sentence s_id="25">
		<wf pos="PRP">تٔمِس</wf>
		<wf pos="VAUX">چھِ</wf>
		<wf pos="NN">پونٛسَن</wf>
		<wf pos="PSP">ہٕںٛز</wf>
		<wf pos="RB" sense_id="4">سخت</wf>
		<wf pos="JJ">ضروٗرت</wf>
		<wf pos="SYM">۔</wf>
	</sentence>
	<sentence s_id="26">
		<wf pos="JJ">بٮ۪مار</wf>
		<wf pos="VAUX">چُھ</wf>
		<wf pos="NN">بٮ۪مارِ</wf>
		<wf pos="PSP">منٛز</wf>
		<wf pos="RB" sense_id="1">سخت</wf>
		<wf pos="VM">وَلنہٕ</wf>
		<wf pos="PSP">آمُت</wf>
		<wf pos="SYM">۔</wf>
	</sentence>
	<sentence s_id="27">
		<wf pos="JJ" sense_id="3">سخت</wf>
		<wf pos="NN">زلالت</wf>
		<wf pos="VAUX">گژھنہٕ</wf>
		<wf pos="RP">کِنۍ</wf>
		<wf pos="VM">کٔر</wf>
		<wf pos="PRP">تٔمۍ</wf>
		<wf pos="NN">خۄد</wf>
		<wf pos="POW">کٔشی</wf>
		<wf pos="SYM">۔</wf>
	</sentence>
	<sentence s_id="28">
		<wf pos="NNP">مورکوہٕکۍ</wf>
		<wf pos="VAUX">چھِ</wf>
		<wf pos="PRP">پننِس</wf>
		<wf pos="NN">مزہبَس</wf>
		<wf pos="PSP">پٮ۪ٹھ</wf>
		<wf pos="JJ" sense_id="3">سخت</wf>
		<wf pos="NN">پَژھ</wf>
		<wf pos="VM">تھوان</wf>
		<wf pos="SYM">۔</wf>
	</sentence>
	<sentence s_id="29">
		<wf pos="NN">بادشاہ</wf>
		<wf pos="NNP">دشرتھ</wf>
		<wf pos="VAUX">اوس</wf>
		<wf pos="JJ" sense_id="1">سخت</wf>
		<wf pos="SYM">۔</wf>
	</sentence>
	<sentence s_id="30">
		<wf pos="NN">سامعیٖنٛن</wf>
		<wf pos="VM">اوٗس</wf>
		<wf pos="NNPC">شاروٗ</wf>
		<wf pos="NNP">خانس</wf>
		<wf pos="PSP">سۭتۍ</wf>
		<wf pos="JJ" sense_id="3">سخت</wf>
		<wf pos="NN">لول</wf>
		<wf pos="SYM">۔</wf>
	</sentence>
	<sentence s_id="31">
		<wf pos="PRP">سُہ</wf>
		<wf pos="VAUX">چُھ</wf>
		<wf pos="PRP">پَنٕن</wf>
		<wf pos="NN">زندگی</wf>
		<wf pos="RB" sense_id="4">سخت</wf>
		<wf pos="JJ">بُرٕ</wf>
		<wf pos="NN">حالتہ</wf>
		<wf pos="PSP">منز</wf>
		<wf pos="VM">گُزاران</wf>
		<wf pos="SYM">۔</wf>
	</sentence>
	<sentence s_id="32">
		<wf pos="DEM">یَتھ</wf>
		<wf pos="NN">کامہِ</wf>
		<wf pos="PSP">منٛز</wf>
		<wf pos="VM">آۍٔ</wf>
		<wf pos="PRP">مےٚ</wf>
		<wf pos="JJ" sense_id="3">سخت</wf>
		<wf pos="NN">روکاوَٹ</wf>
		<wf pos="SYM">۔</wf>
	</sentence>
	<sentence s_id="33">
		<wf pos="DEM">تَمہِ</wf>
		<wf pos="PSP">باپت</wf>
		<wf pos="VAUX">چُھس</wf>
		<wf pos="PRP">بہٕ</wf>
		<wf pos="RB" sense_id="4">سخت</wf>
		<wf pos="NN">عبادت</wf>
		<wf pos="VM">کَران</wf>
		<wf pos="SYM">۔</wf>
	</sentence>
	<sentence s_id="34">
		<wf pos="PRP">سانہِ</wf>
		<wf pos="NN">سَکوٗلُک</wf>
		<wf pos="NN">ہٮ۪ڑماسٹَر</wf>
		<wf pos="VAUX">چُھ</wf>
		<wf pos="JJ" sense_id="1">سخت</wf>
		<wf pos="SYM">۔</wf>
	</sentence>
	
	<sentence s_id="35">
		<wf pos="JJ">ہۄچھِ</wf>
		<wf pos="NN">میٚژِ</wf>
		<wf pos="VAUX">چُھ</wf>
		<wf pos="JJ" sense_id="2">سخت</wf>
		<wf pos="VM">آسان</wf>
		<wf pos="SYM">۔</wf>
	</sentence>
	<sentence s_id="36">
		<wf pos="JJ" sense_id="2">سخت</wf>
		<wf pos="VM">آسنہٕ</wf>
		<wf pos="PSP">مۄکھٕ</wf>
		<wf pos="VAUX">گَژھِ</wf>
		<wf pos="DEM">تَتھ</wf>
		<wf pos="NN">آب</wf>
		<wf pos="VM">رَلاوُن</wf>
		<wf pos="SYM">۔</wf>
	</sentence>
	<sentence s_id="37">
		<wf pos="NNP">شنکرٛانچاریہِ</wf>
		<wf pos="VAUX">اوس</wf>
		<wf pos="NNP">راکشَسَن</wf>
		<wf pos="PSP">ہِنٛدۍ</wf>
		<wf pos="NN">پوچَھر</wf>
		<wf pos="PSP">خٲطرٕ</wf>
		<wf pos="RB">ہَمیشہٕ</wf>
		<wf pos="RB" sense_id="4">سخت</wf>
		<wf pos="NN">محنَت</wf>
		<wf pos="VM">کَران</wf>
		<wf pos="SYM">۔</wf>
	</sentence>
	<sentence s_id="38">
		<wf pos="PRP">تٔمۍ</wf>
		<wf pos="VM">کوٚر</wf>
		<wf pos="PRP">تَس</wf>
		<wf pos="RB" sense_id="4">سخت</wf>
		<wf pos="NN">مار</wf>
		<wf pos="SYM">۔</wf>
	</sentence>
	<sentence s_id="39">
		<wf pos="PRP">تٔمۍ</wf>
		<wf pos="PSP">سٕنٛز</wf>
		<wf pos="JJ" sense_id="3">سخت</wf>
		<wf pos="NN">لگاو</wf>
		<wf pos="VM">آسنہٕ</wf>
		<wf pos="PSP">کَن</wf>
		<wf pos="VAUX">چُھ</wf>
		<wf pos="DEM">یہِ</wf>
		<wf pos="NN">ناٹک</wf>
		<wf pos="NN">اِدارٕ</wf>
		<wf pos="VM">بناونہٕ</wf>
		<wf pos="VAUX">آمُت</wf>
		<wf pos="SYM">۔</wf>
	</sentence>
	<sentence s_id="40">
		<wf pos="NNP">بوٚران</wf>
		<wf pos="VAUX">چُھ</wf>
		<wf pos="JJ" sense_id="3">سخت</wf>
		<wf pos="NN">کرٛہُن</wf>
		<wf pos="NN">کرٛسٹَل</wf>
		<wf pos="JJ">لیٚدِر</wf>
		<wf pos="CC">یا</wf>
		<wf pos="JJ">سوٗرۍ</wf>
		<wf pos="NN">پھیکھِ</wf>
		<wf pos="PSP">منٛز</wf>
		<wf pos="NN">لَبنہ</wf>
		<wf pos="VM">یِوان</wf>
		<wf pos="SYM">۔</wf>
	</sentence>
	<sentence s_id="41">
		<wf pos="DEM">یِمن</wf>
		<wf pos="PSP">پٮ۪ٹھ</wf>
		<wf pos="VAUX">چُھ</wf>
		<wf pos="RB" sense_id="4">سخت</wf>
		<wf pos="NN">ظُلم</wf>
		<wf pos="VM">گژھان</wf>
		<wf pos="SYM">۔</wf>
	</sentence>
	<sentence s_id="42">
		<wf pos="NN">پگھال</wf>
		<wf pos="VAUX">چُھ</wf>
		<wf pos="RB">واریاہ</wf>
		<wf pos="JJ" sense_id="2">سخت</wf>
		<wf pos="VM">آسان</wf>
		<wf pos="SYM">۔</wf>
	</sentence>
	<sentence s_id="43">
		<wf pos="PRP">سُہ</wf>
		<wf pos="VM">واتہٕنوو</wf>
		<wf pos="PRP">پَنِنۍ</wf>
		<wf pos="JJ" sense_id="3">سخت</wf>
		<wf pos="NN">ماے</wf>
		<wf pos="DEM">اَتھ</wf>
		<wf pos="NN">مُقامَس</wf>
		<wf pos="PSP">پٮ۪ٹھ</wf>
		<wf pos="SYM">۔</wf>
	</sentence>
	<sentence s_id="44">
		<wf pos="NNP">شیلا</wf>
		<wf pos="VAUX">چھِ</wf>
		<wf pos="NN">یٔڑ</wf>
		<wf pos="RB" sense_id="4">سخت</wf>
		<wf pos="NN">دود</wf>
		<wf pos="SYM">۔</wf>
	</sentence>
	<sentence s_id="45">
		<wf pos="NN">وٹھ</wf>
		<wf pos="VM">گٔژتھ</wf>
		<wf pos="VAUX">چُھ</wf>
		<wf pos="NN">میٛادٕ</wf>
		<wf pos="NN">ہَچہِ</wf>
		<wf pos="CC">ہیٛو</wf>
		<wf pos="JJ" sense_id="2">سخت</wf>
		<wf pos="VM">گژان</wf>
		<wf pos="SYM">۔</wf>
	</sentence>
	<sentence s_id="46">
		<wf pos="PRP">تٔمِس</wf>
		<wf pos="RB" sense_id="4">سخت</wf>
		<wf pos="RP">پٲٹھۍ</wf>
		<wf pos="NN">پردَس</wf>
		<wf pos="PSP">منٛز</wf>
		<wf pos="VM">روزَن</wf>
		<wf pos="PSP">واجٮ۪ن</wf>
		<wf pos="NN">زنانہٕ</wf>
		<wf pos="PSP">مُتعلِق</wf>
		<wf pos="VAUX">چھِ</wf>
		<wf pos="NN">لُکھ</wf>
		<wf pos="JJ">مُختَلِف</wf>
		<wf pos="NN">کَتھٕ</wf>
		<wf pos="VM">کران</wf>
		<wf pos="SYM">۔</wf>
	</sentence>
	<sentence s_id="47">
		<wf pos="NN">مٔنزۍمِس</wf>
		<wf pos="RB">برونٛہہ</wf>
		<wf pos="PRP">کنہِ</wf>
		<wf pos="VM">کوٚر</wf>
		<wf pos="NN">تٔم</wf>
		<wf pos="NN">جمٲژ</wf>
		<wf pos="NN">سمجوتس</wf>
		<wf pos="PSP">پٮ۪ٹھ</wf>
		<wf pos="RB" sense_id="4">سخت</wf>
		<wf pos="JJ">مخٲلِفت</wf>
		<wf pos="SYM">۔</wf>
	</sentence>
	<sentence s_id="48">
		<wf pos="NN">دبانہٕ</wf>
		<wf pos="NN">آمٕتن</wf>
		<wf pos="NN">لوٗکن</wf>
		<wf pos="PSP">سۭتۍ</wf>
		<wf pos="JJ" sense_id="1">سخت</wf>
		<wf pos="NN">روَیہِ</wf>
		<wf pos="NEG">چَھنہٕ</wf>
		<wf pos="NN">برداشت</wf>
		<wf pos="VM">گژھان</wf>
		<wf pos="SYM">۔</wf>
	</sentence>
	<sentence s_id="49">
		<wf pos="NN">راجا</wf>
		<wf pos="NNPC">رام</wf>
		<wf pos="NNPC">مُہن</wf>
		<wf pos="NNP">راون</wf>
		<wf pos="VM">کٕر</wf>
		<wf pos="NNP">سَتی</wf>
		<wf pos="NN">رٔواجچ</wf>
		<wf pos="RB" sense_id="4">سخت</wf>
		<wf pos="JJ">مخٲلِفت</wf>
		<wf pos="SYM">۔</wf>
	</sentence>
	<sentence s_id="50">
		<wf pos="NNP">نمی</wf>
		<wf pos="PSP">ہٕنٛزِ</wf>
		<wf pos="NN">کٔمی</wf>
		<wf pos="PSP">ہِنٛدِ</wf>
		<wf pos="NN">وجہ</wf>
		<wf pos="VM">کِنۍ</wf>
		<wf pos="VAUX">چُھ</wf>
		<wf pos="NN">کھۄر</wf>
		<wf pos="PRP">مہٕ</wf>
		<wf pos="JJ" sense_id="2">سخت</wf>
		<wf pos="SYM">۔</wf>
	</sentence>
	<sentence s_id="51">
		<wf pos="NN">کُلِیٛک</wf>
		<wf pos="JJ">ہوٚکھ</wf>
		<wf pos="NN">شاخ</wf>
		<wf pos="VAUX">چُھ</wf>
		<wf pos="JJ" sense_id="2">سخت</wf>
		<wf pos="VM">آسان</wf>
		<wf pos="SYM">۔</wf>
	</sentence>
	<sentence s_id="52">
		<wf pos="NNC">بار</wf>
		<wf pos="NN">بار</wf>
		<wf pos="NN">اِمتحانَس</wf>
		<wf pos="PSP">منٛز</wf>
		<wf pos="JJ">ناکام</wf>
		<wf pos="VAUX">گَژھنہٕ</wf>
		<wf pos="PSP">کہِ</wf>
		<wf pos="NN">وجہہ</wf>
		<wf pos="PSP">سۭتۍ</wf>
		<wf pos="VAUX">چُھ</wf>
		<wf pos="PRP">سُہ</wf>
		<wf pos="RB" sense_id="4">سخت</wf>
		<wf pos="JJ">پریشان</wf>
		<wf pos="VM">گوٚمُت</wf>
		<wf pos="SYM">۔</wf>
	</sentence>
	<sentence s_id="53">
		<wf pos="PRP">سُہ</wf>
		<wf pos="VAUX">چُھ</wf>
		<wf pos="NN">شُرٮ۪ن</wf>
		<wf pos="PSP">سۭتۍ</wf>
		<wf pos="JJ" sense_id="1">سخت</wf>
		<wf pos="NN">برتاو</wf>
		<wf pos="VM">کران</wf>
		<wf pos="SYM">۔</wf>
	</sentence>
	<sentence s_id="54">
		<wf pos="NN">رود</wf>
		<wf pos="NEG">نہٕ</wf>
		<wf pos="VM">پنہٕ</wf>
		<wf pos="PSP">سۭتۍ</wf>
		<wf pos="VAUX">چُھ</wf>
		<wf pos="NN">زمین</wf>
		<wf pos="JJ" sense_id="2">سخت</wf>
		<wf pos="VM">گٲمٕژ</wf>
		<wf pos="SYM">۔</wf>
	</sentence>
	<sentence s_id="55">
		<wf pos="JJ" sense_id="1">سخت</wf>
		<wf pos="NN">لہجہٕ</wf>
		<wf pos="VM">آسنہِ</wf>
		<wf pos="NN">وَجَہہ</wf>
		<wf pos="VAUX">چھِ</wf>	
		<wf pos="PRP">مےٚ</wf>
		<wf pos="PRP">تیٚمۍ</wf>
		<wf pos="RB">سنٛز</wf>
		<wf pos="VM">نفرت</wf>
		<wf pos="SYM">۔</wf>
	</sentence>
	<sentence s_id="56">
		<wf pos="DEM">یہٕ</wf>
		<wf pos="NN">ڈون</wf>
		<wf pos="VAUX">چُھ</wf>
		<wf pos="JJ" sense_id="2">سخت</wf>
		<wf pos="SYM">۔</wf>
	</sentence>
	<sentence s_id="57">
		<wf pos="JJ" sense_id="2">سخت</wf>
		<wf pos="NN">چیز</wf>
		<wf pos="VAUX">گژُھ</wf>
		<wf pos="NEG">نہٕ</wf>
		<wf pos="NN">دنٛد</wf>		
		<wf pos="PSP">سۭتۍ</wf>
		<wf pos="VM">پھڑرُن</wf>
		<wf pos="SYM">۔</wf>
	</sentence>
	<sentence s_id="58">
		<wf pos="PRP">سُہٕ</wf>
		<wf pos="VAUX">چھِ</wf>
		<wf pos="NEG">نہٕ</wf>
		<wf pos="RB">وٕ</wf>
		<wf pos="JJ" sense_id="1">سخت</wf>
		<wf pos="VM">رودمُت</wf>
		<wf pos="SYM">۔</wf>
	</sentence>
	<sentence s_id="59">
		<wf pos="RB" sense_id="4">سخت</wf>
		<wf pos="NN">مار</wf>
		<wf pos="VM">کورمس</wf>
		<wf pos="SYM">۔</wf>
	</sentence>
	<sentence s_id="60">
		<wf pos="PRP">ہر</wf>
		<wf pos="PSP">کانٛس</wf>
		<wf pos="PSP">سۭتۍ</wf>
		<wf pos="NEG">مہٕ</wf>
		<wf pos="VM">روز</wf>
		<wf pos="JJ" sense_id="1">سخت</wf>
		<wf pos="SYM">۔</wf>
	</sentence>
	<sentence s_id="61">
		<wf pos="NN">سامعیٖن</wf>
		<wf pos="VAUX">ٲسۍ</wf>
		<wf pos="NNPC">شاروٗ</wf>
		<wf pos="NNP">خانٛن</wf>
		<wf pos="JJ" sense_id="1">سخت</wf>
		<wf pos="NN">روَیہِ</wf>
		<wf pos="VM">وٕچھت</wf>
		<wf pos="NN">ہٲران</wf>
		<wf pos="SYM">۔</wf>
	</sentence>
	<sentence s_id="62">
		<wf pos="PRP">سُہ</wf>
		<wf pos="VAUX">چھِ</wf>
		<wf pos="JJ" sense_id="1">سخت</wf>
		<wf pos="PRP">تیٚمس</wf>
		<wf pos="PSP">سۭتۍ</wf>
		<wf pos="NN">کتھ</wf>
		<wf pos="VM">کرٕن</wf>
		<wf pos="VAUX">چھِ</wf>
		<wf pos="JJ">فضول</wf>
		<wf pos="SYM">۔</wf>
	</sentence>
	<sentence s_id="63">
		<wf pos="NN">انسان</wf>
		<wf pos="VAUX">گژھ</wf>
		<wf pos="NEG">نہٕ</wf>
		<wf pos="JJ" sense_id="1">سخت</wf>
		<wf pos="VM">آسُن</wf>
		<wf pos="SYM">۔</wf>
	</sentence>
	<sentence s_id="64">
		<wf pos="JJ" sense_id="1">سخت</wf>
		<wf pos="NN">انسان</wf>
		<wf pos="VAUX">چھِ</wf>
		<wf pos="NEG">نہٕ</wf>
		<wf pos="NN">َخدایس</wf>
		<wf pos="NN">پسند</wf>
		<wf pos="SYM">۔</wf>
	</sentence>
	<sentence s_id="65">
		<wf pos="NN">کٕنۍ</wf>
		<wf pos="VAUX">چھِ</wf>
		<wf pos="NN">ژٕن</wf>
		<wf pos="CC">کھوت</wf>
		<wf pos="JJ" sense_id="2">سخت</wf>
		<wf pos="VM">آسان</wf>
		<wf pos="SYM">۔</wf>
	</sentence>
	<sentence s_id="66">
		<wf pos="CC">مَگَر</wf>
		<wf pos="DEM">یِہ</wf>
		<wf pos="VM">ونُن</wf>
		<wf pos="CC">تہٕ</wf>
		<wf pos="VAUX">چُھ</wf>
		<wf pos="JJ">ضوٚروٗری</wf>
		<wf pos="DEM">زِ</wf>
		<wf pos="NN">نفسانفسی</wf>
		<wf pos="PSP">ہٕنٛدِس</wf>
		<wf pos="DEM">اَتھ</wf>
		<wf pos="NN">عالمَس</wf>
		<wf pos="PSP">مَنٛز</wf>
		<wf pos="VM">ووت</wf>
		<wf pos="JJ">فطری</wf>
		<wf pos="VAUX">تہٕ</wf>
		<wf pos="JJ">قۄدرتی</wf>
		<wf pos="NN">خزانَن</wf>
		<wf pos="RB" sense_id="4">سخت</wf>
		<wf pos="NN">ددارٕ</wf>
		<wf pos="SYM">۔</wf>
	</sentence>
	<sentence s_id="67">
		<wf pos="PRP">یِم</wf>
		<wf pos="JJ">قۄدرتی</wf>
		<wf pos="NN">خزان</wf>
		<wf pos="VAUX">چھ</wf>
		<wf pos="JJ">اِنسٲنی</wf>
		<wf pos="NN">زندگی</wf>
		<wf pos="PSP">ہٕنٛدِ</wf>
		<wf pos="NN">بقا</wf>
		<wf pos="PSP">باپَتھ</wf>
		<wf pos="RB" sense_id="4">سخت</wf>
		<wf pos="JJ">ضوٚروٗری</wf>
		<wf pos="SYM">۔</wf>
	</sentence>
	<sentence s_id="68">
		<wf pos="DEM">یِم</wf>
		<wf pos="NN">سوال</wf>
		<wf pos="VAUX">چھ</wf>
		<wf pos="RB" sense_id="4">سخت</wf>
		<wf pos="JJ">مشکل</wf>
		<wf pos="PRP">أسۍ</wf>
		<wf pos="VAUX">ہٮ۪کو</wf>
		<wf pos="DEM">ییٚمہِ</wf>
		<wf pos="NN">نقشہِ</wf>
		<wf pos="PSP">سۭتۍ</wf>
		<wf pos="RB">اَصٕل</wf>
		<wf pos="POW">پٲٹھۍ</wf>
		<wf pos="PRP">پانَس</wf>
		<wf pos="NN">فِکرِ</wf>
		<wf pos="VM">تٲرِتھ</wf>
		<wf pos="SYM">۔</wf>
	</sentence>
	<sentence s_id="69">
		<wf pos="NNP">مِصرک</wf>
		<wf pos="JJ">عام</wf>
		<wf pos="NN">لوکھ</wf>
		<wf pos="VAUX">چھ</wf>
		<wf pos="JJ" sense_id="1">سخت</wf>
		<wf pos="VM">آسان</wf>
		<wf pos="SYM">۔</wf>
	</sentence>
	<sentence s_id="70">
		<wf pos="NNPC">بزاز</wf>
		<wf pos="NNP">صٲبٕ</wf>
		<wf pos="NN">اوس</wf>
		<wf pos="NN">اکھ</wf>
		<wf pos="JJ" sense_id="1">سخت</wf>
		<wf pos="NN">انسان</wf>
		<wf pos="SYM">۔</wf>
	</sentence>
	<sentence s_id="71">
		<wf pos="JJ" sense_id="3">سخت</wf>
		<wf pos="NN">درٛۄجَرٕ</wf>
		<wf pos="PSP">سۭتۍ</wf>
		<wf pos="VAUX">چھٕ</wf>
		<wf pos="DEM">سٲری</wf>
		<wf pos="JJ">پَریشان</wf>
		<wf pos="SYM">۔</wf>
	</sentence>
	<sentence s_id="72">
		<wf pos="JJ" sense_id="1">سخت</wf>
		<wf pos="NN">الفاظن</wf>
		<wf pos="PSP">ہُںٛد</wf>
		<wf pos="VM">اِستعمال</wf>
		<wf pos="VAUX">گژھ</wf>
		<wf pos="NEG">نہٕ</wf>
		<wf pos="VM">کَرُن</wf>
		<wf pos="SYM">۔</wf>
	</sentence>
	<sentence s_id="72">
		<wf pos="PRP" >تِمسںٛدس</wf>
		<wf pos="NN">بیانس</wf>
		<wf pos="PSP">مَنٛز</wf>
		<wf pos="VAUX">چھٕ</wf>
		<wf pos="NEG">نہٕ</wf>
		<wf pos="JJ" sense_id="1">سخت</wf>
		<wf pos="NN">الفاظ</wf>
		<wf pos="NN">اِستعمال</wf>
		<wf pos="VM">کَرنہٕ</wf>
		<wf pos="VM">آمٕت</wf>
		<wf pos="SYM">۔</wf>
	</sentence>
	<sentence s_id="73">
		<wf pos="NNP">عامر</wf>
		<wf pos="VAUX">چھٕ</wf>
		<wf pos="JJ" sense_id="1">سخت</wf>
		<wf pos="NN">بیان</wf>
		<wf pos="VM">کَران</wf>
		<wf pos="SYM">۔</wf>
	</sentence>
	<sentence s_id="74">
		<wf pos="NNP">عامر</wf>
		<wf pos="VAUX">چھٕ</wf>
		<wf pos="PRP">دوٚیِمٮ۪ن</wf>
		<wf pos="PSP">سۭتۍ</wf>
		<wf pos="JJ" sense_id="1">سخت</wf>
		<wf pos="NN">زبان</wf>
		<wf pos="NN">اِستعمال</wf>
		<wf pos="VM">کَران</wf>
		<wf pos="SYM">۔</wf>
	</sentence>
	<sentence s_id="75">
		<wf pos="DEM">یہِ</wf>
		<wf pos="VAUX">چُھ</wf>
		<wf pos="RB">واریاہ</wf>
		<wf pos="JJ" sense_id="2">سخت</wf>
		<wf pos="SYM">۔</wf>
	</sentence>
	<sentence s_id="76">
		<wf pos="RB">راتھ</wf>
		<wf pos="VAUX">اوس</wf>
		<wf pos="JJ" sense_id="3">سخت</wf>
		<wf pos="NN">واو</wf>
		<wf pos="SYM">۔</wf>
	</sentence>
	<sentence s_id="77">
		<wf pos="NNP">کٔبیٖر</wf>
		<wf pos="VAUX">اوس</wf>
		<wf pos="QC">اَکھ</wf>
		<wf pos="JJ" sense_id="1">سخت</wf>
		<wf pos="NN">اِنسان</wf>
		<wf pos="SYM">۔</wf>
	</sentence>
	<sentence s_id="78">
		<wf pos="PRP">سُہ</wf>
		<wf pos="VAUX">چُھ</wf>
		<wf pos="JJ" sense_id="1">سخت</wf>
		<wf pos="NN">زبان</wf>
		<wf pos="VM">بولان</wf>
		<wf pos="SYM">۔</wf>
	</sentence>
	<sentence s_id="79">
		<wf pos="PRP">ژٕ</wf>
		<wf pos="WQ">کیٛازِ</wf>
		<wf pos="PRP">چُھکھ</wf>
		<wf pos="JJ" sense_id="1">سخت</wf>
		<wf pos="NN">زبان</wf>
		<wf pos="NN">اِستعمال</wf>
		<wf pos="VM">کَران</wf>
		<wf pos="SYM">۔</wf>
	</sentence>
	<sentence s_id="80">
		<wf pos="NNP">بَرگَدٕۍ</wf>
		<wf pos="NN">لَنٛجہٕ</wf>
		<wf pos="CC">تہٕ</wf>
		<wf pos="NN">موٗل</wf>
		<wf pos="VAUX">چھِ</wf>
		<wf pos="JJ" sense_id="2">سخت</wf>
		<wf pos="NN">آسان</wf>
		<wf pos="SYM">۔</wf>
	</sentence>
	<sentence s_id="81">
		<wf pos="PRP">تِم</wf>
		<wf pos="VAUX">چھِ</wf>
		<wf pos="VM">کران</wf>
		<wf pos="NN">کٲم</wf>
		<wf pos="JJ" sense_id="3">سخت</wf>
		<wf pos="NN">حالاتَن</wf>
		<wf pos="PSP">منٛز</wf>
		<wf pos="SYM">۔</wf>
	</sentence>
	<sentence s_id="82">
		<wf pos="NN">دَگہِ</wf>
		<wf pos="PSP">ہِنٛدِ</wf>
		<wf pos="JJ" sense_id="3">سخت</wf>
		<wf pos="NN">احساس</wf>
		<wf pos="PSP">سۭتۍ</wf>
		<wf pos="VAUX">ٲس</wf>
		<wf pos="PRP">سۄ</wf>
		<wf pos="NN">کرٛٮ۪کہٕ</wf>
		<wf pos="VM">دِوان</wf>
		<wf pos="SYM">۔</wf>
	</sentence>
	<sentence s_id="83">
		<wf pos="NN">نۄشہِ</wf>
		<wf pos="VM">دِیُت</wf>
		<wf pos="NN">ہَشہِ</wf>
		<wf pos="JJ" sense_id="1">سخت</wf>
		<wf pos="NN">جَواب</wf>
		<wf pos="SYM">۔</wf>
	</sentence>
	<sentence s_id="84">
		<wf pos="NNP">یوگا</wf>
		<wf pos="PSP">ہُک</wf>
		<wf pos="PRP">سُہ</wf>
		<wf pos="NN">شاخ</wf>
		<wf pos="DEM">یَتھ</wf>
		<wf pos="PSP">منٛز</wf>
		<wf pos="NN">جٕسٕم</wf>
		<wf pos="NN">قوبوٗوَس</wf>
		<wf pos="PSP">منٛز</wf>
		<wf pos="VM">کَرنہٕ</wf>
		<wf pos="PSP">خٲطرٕ</wf>
		<wf pos="RB">واریاہ</wf>
		<wf pos="JJ" sense_id="3">سخت</wf>
		<wf pos="VM">آسَن</wf>
		<wf pos="VAUX">چھِ</wf>
		<wf pos="VM">پٮ۪وان</wf>
		<wf pos="VM">کَرٕنۍ</wf>
		<wf pos="SYM">۔</wf>
	</sentence>
	<sentence s_id="85">
		<wf pos="NNPC">رام</wf>
		<wf pos="VAUX">چُھ</wf>
		<wf pos="NN">یوگا</wf>
		<wf pos="VM">ہیٚچنٕچ</wf>
		<wf pos="RB" sense_id="4">سخت</wf>
		<wf pos="NN">کوٗشِش</wf>
		<wf pos="VM">کَران</wf>
		<wf pos="SYM">۔</wf>
	</sentence>
	<sentence s_id="86">
		<wf pos="NNPC">نازیٖزو</wf>
		<wf pos="NNP">اَپنو</wf>
		<wf pos="NN">یوٚہوٗدٮ۪ن</wf>
		<wf pos="PSP">خٲطرٕ</wf>
		<wf pos="JJ" sense_id="1">سخت</wf>
		<wf pos="VM">رٔویہٕ</wf>
		<wf pos="SYM">۔</wf>
	</sentence>
	<sentence s_id="87">
		<wf pos="JJ" sense_id="3">سخت</wf>
		<wf pos="NN">تاپَن</wf>
		<wf pos="VM">زٲلۍ</wf>
		<wf pos="PRP">ٲس</wf>
		<wf pos="SYM">۔</wf>
	</sentence>
	<sentence s_id="88">
		<wf pos="RB" sense_id="4">سخت</wf>
		<wf pos="JJ">مُشکِل</wf>
		<wf pos="NN">حالتَن</wf>
		<wf pos="PSP">مَنٛز</wf>
		<wf pos="RP">تہِ</wf>
		<wf pos="VAUX">چھےٚ</wf>
		<wf pos="NEG">نہٕ</wf>
		<wf pos="NNC">ڈاکہٕ</wf>
		<wf pos="NN">گٲڑۍ</wf>
		<wf pos="VM">یِوان</wf>
		<wf pos="NN">رَد</wf>
		<wf pos="VM">کَرنہٕ</wf>
		<wf pos="SYM">۔</wf>
	</sentence>
	<sentence s_id="89">
		<wf pos="PRP">سُہ</wf>
		<wf pos="JJ">تیز</wf>
		<wf pos="NN">شور</wf>
		<wf pos="DEM">یُس</wf>
		<wf pos="JJ" sense_id="3">سخت</wf>
		<wf pos="CC">تہٕ</wf>
		<wf pos="NN">بیٛگُر</wf>
		<wf pos="VM">آسہِ</wf>
		<wf pos="SYM">۔</wf>
	</sentence>
	<sentence s_id="90">
		<wf pos="PSP">تُہٛندِ</wf>
		<wf pos="NN">شورٛ</wf>
		<wf pos="CC">و</wf>
		<wf pos="NN">گُلہٕ</wf>
		<wf pos="PSP">سۭتۍ</wf>
		<wf pos="VAUX">چُھ</wf>
		<wf pos="JJ">پوٗرٕ</wf>
		<wf pos="NN">مَحلہٕ</wf>
		<wf pos="RB" sense_id="4">سخت</wf>
		<wf pos="JJ">پَریشان</wf>
		<wf pos="VM">گومُت</wf>
		<wf pos="SYM">۔</wf>
	</sentence>
	<sentence s_id="91">
		<wf pos="QC">اَکہِ</wf>
		<wf pos="NN">قٕسمُک</wf>
		<wf pos="NN">شیٚشتٕر</wf>
		<wf pos="DEM">یَتھ</wf>
		<wf pos="PSP">منٛز</wf>
		<wf pos="NN">کاربَن</wf>
		<wf pos="VAUX">چُھ</wf>
		<wf pos="RB" sense_id="4">سخت</wf>
		<wf pos="JJ">کَم</wf>
		<wf pos="VM">آسان</wf>
		<wf pos="SYM">۔</wf>
	</sentence>
	<sentence s_id="92">
		<wf pos="NNP">راٹ</wf>
		<wf pos="NN">شیٚشتٕر</wf>
		<wf pos="VAUX">چُھ</wf>
		<wf pos="JJ" sense_id="2">سخت</wf>
		<wf pos="PSP">آسان</wf>
		<wf pos="SYM">۔</wf>
	</sentence>
	<sentence s_id="93">
		<wf pos="NN">اوٚصوٗل</wf>
		<wf pos="VM">پٕھٹراوَن</wf>
		<wf pos="PSP">والٮ۪ن</wf>
		<wf pos="VAUX">گژھہِ</wf>
		<wf pos="JJ" sense_id="3">سخت</wf>>
		<wf pos="NN">سَزا</wf>
		<wf pos="VM">دِنہٕ</wf>
		<wf pos="PSP">یُن</wf>
		<wf pos="SYM">۔</wf>
	</sentence>
	<sentence s_id="94">
		<wf pos="NN">نَٹ</wf>
		<wf pos="VAUX">چُھ</wf>
		<wf pos="VM">آمُت</wf>
		<wf pos="JJ" sense_id="3">سخت</wf>
		<wf pos="VM">کَسنہٕ</wf>
		<wf pos="SYM">۔</wf>
	</sentence>
	<sentence s_id="95">
		<wf pos="DEM">یَتھ</wf>
		<wf pos="PSP">منٛز</wf>
		<wf pos="JJ" sense_id="3">سخت</wf>
		<wf pos="CC">تہٕ</wf>
		<wf pos="NN">ہوشیٲری</wf>
		<wf pos="PSP">ہُنٛد</wf>
		<wf pos="JJ">خاص</wf>
		<wf pos="NN">خَیال</wf>
		<wf pos="VAUX">آسہٕ</wf>
		<wf pos="VM">یِوان</wf>
		<wf pos="VM">تھاونہٕ</wf>
		<wf pos="SYM">۔</wf>
	</sentence>
	<sentence s_id="96">
		<wf pos="NN">مُجرِمَس</wf>
		<wf pos="PSP">پیٚٹھ</wf>
		<wf pos="NN">پیٚیہٕ</wf>
		<wf pos="JJ" sense_id="3">سخت</wf>
		<wf pos="NN">نَظَر</wf>
		<wf pos="VM">تھاوٕنۍ</wf>
		<wf pos="SYM">۔</wf>
	</sentence>
	<sentence s_id="97">
		<wf pos="DEM">یُس</wf>
		<wf pos="PRP">پَنٛنہِ</wf>
		<wf pos="JJ">جایہٕ</wf>
		<wf pos="PSP">پیٚٹھ</wf>
		<wf pos="VAUX">آسہِ</wf>
		<wf pos="JJ" sense_id="3">سخت</wf>
		<wf pos="POW">پٲٹھۍ</wf>
		<wf pos="VM">بِیوٗٹھمُت</wf>
		<wf pos="CC">زِ</wf>
		<wf pos="DEM">یہِ</wf>
		<wf pos="NN">ہیٚکونٛنہٕ</wf>
		<wf pos="NN">آرام</wf>
		<wf pos="PSP">سان</wf>
		<wf pos="RB">اور</wf>
		<wf pos="RDP">یور</wf>
		<wf pos="NN">پَکنٲوِتھ</wf>
		<wf pos="SYM">۔</wf>
	</sentence>
	<sentence s_id="98">
		<wf pos="PRP">یُس</wf>
		<wf pos="NEG">نہٕ</wf>
		<wf pos="NN">اوٚصوٗلس</wf>
		<wf pos="PSP">پیٚٹھ</wf>
		<wf pos="RB" sense_id="4">سخت</wf>>
		<wf pos="POW">پٲٹھۍ</wf>
		<wf pos="VM">پَکہِ</wf>
		<wf pos="CC">یا</wf>
		<wf pos="DEM">یُس</wf>
		<wf pos="NN">اوٚصوٗل</wf>
		<wf pos="NN">پٕھٹراوِ</wf>
		<wf pos="PRP">تِمس</wf>
		<wf pos="VAUX">گژھہِ</wf>
		<wf pos="NN">سَزا</wf>
		<wf pos="VM">دِنہٕ</wf>
		<wf pos="PSP">یُن</wf>
		<wf pos="SYM">۔</wf>
	</sentence>
	<sentence s_id="99">
		<wf pos="PRP">تٔمۍ</wf>
		<wf pos="PSP">سٕنٛدِ</wf>
		<wf pos="NN">کتھ</wf>
		<wf pos="VM">کرنُک</wf>
		<wf pos="NN">طریٖقہٕ</wf>
		<wf pos="VAUX">چُھ</wf>
		<wf pos="JJ" sense_id="1">سخت</wf>
		<wf pos="SYM">۔</wf>
	</sentence>
	<sentence s_id="100">
		<wf pos="CC">اگر</wf>
		<wf pos="PRP">سُہ</wf>
		<wf pos="RB">تیزرٕ</wf>
		<wf pos="POW">سان</wf>
		<wf pos="NN">کتھ</wf>
		<wf pos="VAUX">آسہِ</wf>
		<wf pos="VM">کران</wf>
		<wf pos="DEM">سُہ</wf>
		<wf pos="NN">چیٖز</wf>
		<wf pos="VAUX">چُھ</wf>
		<wf pos="DEM">یی</wf>
		<wf pos="NN">ظٲہِر</wf>
		<wf pos="VM">کران</wf>
		<wf pos="CC">زِ</wf>
		<wf pos="PRP">سُہ</wf>
		<wf pos="RP">تہِ</wf>
		<wf pos="VAUX">چُھ</wf>
		<wf pos="JJ" sense_id="1">سخت</wf>
		<wf pos="RP">پَہَن</wf>
		<wf pos="SYM">۔</wf>
	</sentence>
	<sentence s_id="101">
		<wf pos="NN">ساینس</wf>
		<wf pos="CC">تہٕ</wf>
		<wf pos="NN">ٹٮ۪کنالوجی</wf>
		<wf pos="PSP">ہٕنٛدِ</wf>
		<wf pos="NN">برکتہٕ</wf>
		<wf pos="VM">کٔر</wf>
		<wf pos="NN">اِنسانَن</wf>
		<wf pos="JJ" sense_id="3">سخت</wf>
		<wf pos="NN">ترقی</wf>
		<wf pos="SYM">۔</wf>
	</sentence>
	<sentence s_id="102">
		<wf pos="NN">کمپیوٗٹرن</wf>
		<wf pos="CC">تہٕ</wf>
		<wf pos="NN">اِنٹرنیٹن</wf>
		<wf pos="VAUX">چُھ</wf>
		<wf pos="JJ">مواصلٲتی</wf>
		<wf pos="NN">نِطام</wf>
		<wf pos="DEM">تَتھ</wf>
		<wf pos="NN">حدَس</wf>
		<wf pos="PSP">تام</wf>
		<wf pos="JJ" sense_id="3">سخت</wf>
		<wf pos="NN">رَفتار</wf>
		<wf pos="VM">بَنوومُت</wf>
		<wf pos="CC">زَ</wf>
		<wf pos="JJ">پوٗرٕ</wf>
		<wf pos="NN">دُنیِہٕکۍ</wf>
		<wf pos="NN">معلوٗمات</wf>
		<wf pos="VAUX">چھِ</wf>
		<wf pos="RB">اَز</wf>
		<wf pos="PRP">سانٮ۪ن</wf>
		<wf pos="NN">اوٚنگجَن</wf>
		<wf pos="PSP">ہٕندٮ۪ن</wf>
		<wf pos="PRP">کینٛژن</wf>
		<wf pos="NN">اِشارن</wf>
		<wf pos="PSP">پٮ۪ٹھ</wf>
		<wf pos="NN">مہیا</wf>
		<wf pos="VAUX">سَپدِتھ</wf>
		<wf pos="VM">ہٮ۪کان</wf>
		<wf pos="SYM">۔</wf>
	</sentence>
	<sentence s_id="103">
		<wf pos="DEM">یہِ</wf>
		<wf pos="VAUX">ہیٚکہِ</wf>
		<wf pos="NEG">نہٕ</wf>
		<wf pos="JJ" sense_id="3">سخت</wf>
		<wf pos="NNC">شرابک</wf>
		<wf pos="NN">اثرُ</wf>
		<wf pos="VAUX">ٲسِتھ</wf>
		<wf pos="SYM">۔</wf>
	</sentence>
	<sentence s_id="104">
		<wf pos="NNC">آب</wf>
		<wf pos="NN">شبابس</wf>
		<wf pos="VAUX">اوس</wf>
		<wf pos="NN">چھرا</wf>
		<wf pos="QC">اکھ</wf>
		<wf pos="PSP">نشہِ</wf>
		<wf pos="NN">شرابہٕ</wf>
		<wf pos="RP">کھۄتہٕ</wf>
		<wf pos="RP">ہناہ</wf>
		<wf pos="JJ" sense_id="3">سخت</wf>
		<wf pos="RP">پہن</wf>
		<wf pos="SYM">۔</wf>
	</sentence>
	<sentence s_id="105">
		<wf pos="NNP">سرینگر</wf>
		<wf pos="NN">مال</wf>
		<wf pos="NN">رپوٹ</wf>
		<wf pos="NNP">کٲشرٮ۪ن</wf>
		<wf pos="RB">ییٚتہِ</wf>
		<wf pos="RB">دۄہدِشُک</wf>
		<wf pos="NNC">لۄہ</wf>
		<wf pos="NN">لنگر</wf>
		<wf pos="VM">چلاونَس</wf>
		<wf pos="PSP">منٛز</wf>
		<wf pos="JJ">واریاہِہ</wf>
		<wf pos="PSP">رٔنگۍ</wf>
		<wf pos="JJ">ٹھٔرۍ</wf>
		<wf pos="NN">بُتھ</wf>
		<wf pos="VAUX">چِھ</wf>
		<wf pos="NST">تتہِ</wf>
		<wf pos="VAUX">چُھ</wf>
		<wf pos="JJ" sense_id="3">سخت</wf>
		<wf pos="NN">درٛۄجَرٕ</wf>
		<wf pos="NNP">کٲشرٮ۪ن</wf>
		<wf pos="NN">لُکن</wf>
		<wf pos="PSP">باپَتھ</wf>
		<wf pos="VM">بنٛیوومُت</wf>
		<wf pos="NN">تشویٖش</wf>
		<wf pos="PSP">لایق</wf>
		<wf pos="NN">معاملہٕ</wf>
		<wf pos="SYM">۔</wf>
	</sentence>
	<sentence s_id="106">
		<wf pos="JJ">سرٕد</wf>
		<wf pos="CC">تہٕ</wf>
		<wf pos="JJ" sense_id="3">سخت</wf>
		<wf pos="NN">ہوہس</wf>
		<wf pos="VAUX">چھِ</wf>
		<wf pos="VM">ونان</wf>
		<wf pos="NN">ژَھٹھ</wf>
		<wf pos="SYM">۔</wf>
	</sentence>
	<sentence s_id="107">
		<wf pos="PRP">سُہ</wf>
		<wf pos="VM">درٛاو</wf>
		<wf pos="RB" sense_id="4">سخت</wf>
		<wf pos="JJ">تیز</wf>
		<wf pos="NN">آنگنٕہ</wf>
		<wf pos="PSP">مَنزٕ</wf>
		<wf pos="SYM">۔</wf>
	</sentence>

</contextfile>