<?xml version='1.0' encoding='utf-8'?>
<contextfile filename="شال" fileno="105">
<sentence s_id="1">
		<wf pos="RB">ییٚتہِ</wf>
		<wf pos="WQ">کیا</wf>
		<wf pos="VM">سا</wf>
		<wf pos="CC">زَن</wf>
		<wf pos="NN">دۄہلی</wf>
		<wf pos="NN" sense_id="1">شال</wf>
		<wf pos="VM">وُنگان</wf>
		<wf pos="PRP">تِم</wf>
		<wf pos="NN">لوٗکھ</wf>
		<wf pos="RB">کتہِ“</wf>
		<wf pos="DEM">یہِ</wf>
		<wf pos="VM">ووٚن</wf>
		<wf pos="PNN">بسنتی</wf>
		<wf pos="VM">،</wf>
		<wf pos="NN">سریندرن</wf>
		<wf pos="VM">کٔرٕس</wf>
		<wf pos="NN">نظراہ</wf>
		<wf pos="CC">تہٕ</wf>
		<wf pos="VM">ووٚتھُس</wf>
		<wf pos="NN">بُتھ</wf>
		<wf pos="VM">تھٔوِتھ،</wf>
		<wf pos="SYM">“</wf>
		<wf pos="PRP">تِم</wf>
		<wf pos="WQ">کتہِ</wf>
		<wf pos="VM">اَنوکھ</wf>
		<wf pos="RB">لوٗکھ؟</wf>
		<wf pos="PRP">تِم</wf>
		<wf pos="VAUX">چِھ</wf>
		<wf pos="NNP">جوٚمہِ</wf>
		<wf pos="CC">تہٕ</wf>
		<wf pos="RB">ییٚتہِ</wf>
		<wf pos="PSP">کس</wf>
		<wf pos="VM">بسٮ۪کھ</wf>
		<wf pos="NN">مکانن</wf>
		<wf pos="PSP">منز“</wf>
		<wf pos="SYM">۔</wf>
</sentence>
<sentence s_id="2">
		<wf pos="SYM">“</wf>
		<wf pos="RB">ییٚتہِ</wf>
		<wf pos="WQ">کیا</wf>
		<wf pos="VM">سا</wf>
		<wf pos="CC">زَن</wf>
		<wf pos="NN">دۄہلی</wf>
		<wf pos="NN" sense_id="1">شال</wf>
		<wf pos="VM">وُنگان</wf>
		<wf pos="PRP">تِم</wf>
		<wf pos="NN">لوٗکھ</wf>
		<wf pos="RB">کتہِ“</wf>
		<wf pos="DEM">یہِ</wf>
		<wf pos="VM">ووٚن</wf>
		<wf pos="PNN">بسنتی</wf>
		<wf pos="VM">،</wf>
		<wf pos="NN">سریندرن</wf>
		<wf pos="VM">کٔرٕس</wf>
		<wf pos="NN">نظراہ</wf>
		<wf pos="CC">تہٕ</wf>
		<wf pos="VM">ووٚتھُس</wf>
		<wf pos="NN">بُتھ</wf>
		<wf pos="VM">تھٔوِتھ،</wf>
		<wf pos="SYM">“</wf>
		<wf pos="PRP">تِم</wf>
		<wf pos="WQ">کتہِ</wf>
		<wf pos="VM">اَنوکھ</wf>
		<wf pos="RB">لوٗکھ؟</wf>
		<wf pos="PRP">تِم</wf>
		<wf pos="VAUX">چِھ</wf>
		<wf pos="NNP">جوٚمہِ</wf>
		<wf pos="CC">تہٕ</wf>
		<wf pos="RB">ییٚتہِ</wf>
		<wf pos="PSP">کس</wf>
		<wf pos="VM">بسٮ۪کھ</wf>
		<wf pos="NN">مکانن</wf>
		<wf pos="PSP">منز“</wf>
		<wf pos="SYM">۔</wf>
</sentence>
<sentence s_id="3">
		<wf pos="PRP">سۄ</wf>
		<wf pos="VAUX">چھےٚ</wf>
		<wf pos="NN">سَردی</wf>
		<wf pos="PSP">منٛز</wf>
		<wf pos="NN" sense_id="2">شال</wf>
		<wf pos="VM">وَلان</wf>
		<wf pos="SYM">۔</wf>
</sentence>
<sentence s_id="4">
		<wf pos="NN" sense_id="1">شال</wf>
		<wf pos="VAUX">چُھ</wf>
		<wf pos="QC">اکھ</wf>
		<wf pos="NN">مازکھور</wf>
		<wf pos="NN">جانور</wf>
		<wf pos="SYM">۔</wf>
</sentence>
<sentence s_id="5">
		<wf pos="DEM">یہِ</wf>
		<wf pos="NN" sense_id="2">شال</wf>
		<wf pos="VAUX">چُھ</wf>
		<wf pos="PRP">میٛانہِ</wf>
		<wf pos="NN">ماجہِ</wf>
		<wf pos="PSP">ہٕنٛز</wf>
		<wf pos="NN">نِشٲنییہٕ</wf>
		<wf pos="NN">گَرٕ</wf>
		<wf pos="VAUX">چُھ</wf>
		<wf pos="NN">میٛانٮ۪ن</wf>
		<wf pos="NN">جَدَن</wf>
		<wf pos="PSP">ہٕنٛز</wf>
		<wf pos="NN">نِشٲنی</wf>
		<wf pos="SYM">۔</wf>
</sentence>
<sentence s_id="6">
		<wf pos="NN">اَکہٕ</wf>
		<wf pos="NN">قٕسمُک</wf>
		<wf pos="NN" sense_id="2">شال</wf>
		<wf pos="DEM">یَتھ</wf>
		<wf pos="NN">دٔنٛدرَن</wf>
		<wf pos="NN">کٲم</wf>
		<wf pos="VAUX">چھِ</wf>
		<wf pos="VM">آسان</wf>
		<wf pos="NN">کٔرِتھ:کٲشُر</wf>
		<wf pos="NN">دُشالہٕ</wf>
		<wf pos="VAUX">چُھ</wf>
		<wf pos="JJ">واریاہ</wf>
		<wf pos="NN">مَشوٗر</wf>
		<wf pos="SYM">۔</wf>
</sentence>
<sentence s_id="7">
		<wf pos="NN">بَچہٕ</wf>
		<wf pos="VAUX">اوس</wf>
		<wf pos="VM">شیٚنٛگِتھ</wf>
		<wf pos="NN">تہِٕ</wf>
		<wf pos="NN">مٲلۍ</wf>
		<wf pos="VM">وولُس</wf>
		<wf pos="NN" sense_id="2">شال</wf>
		<wf pos="SYM">۔</wf>
</sentence>
<sentence s_id="8">
		<wf pos="QC">اَکھ</wf>
		<wf pos="JJ">کُل:پُنٛڈری</wf>
		<wf pos="JJ">کُلِیِکۍ</wf>
		<wf pos="NN">پَنہٕ</wf>
		<wf pos="NN">ؤتھٕر</wf>
		<wf pos="VAUX">چِھ</wf>
		<wf pos="NN" sense_id="1">شال</wf>
		<wf pos="NN">پنٛری</wf>
		<wf pos="PSP">کٮ۪ن</wf>
		<wf pos="NNP">پَنٛہٕ</wf>
		<wf pos="NN">ؤتھرَن</wf>
		<wf pos="NN">سُمبھ</wf>
		<wf pos="VM">آسان</wf>
		<wf pos="SYM">۔</wf>
</sentence>
<sentence s_id="9">
		<wf pos="NN" sense_id="2">شال</wf>
		<wf pos="NN">بیترٕ</wf>
		<wf pos="POW">وونَن</wf>
		<wf pos="PSP">وول</wf>
		<wf pos="POW">کٲرۍ</wf>
		<wf pos="NN">گر:شال</wf>
		<wf pos="NN">باپھ</wf>
		<wf pos="VAUX">چُھ</wf>
		<wf pos="VM">ییروٗ</wf>
		<wf pos="NN" sense_id="2">شال</wf>
		<wf pos="VM">وونان</wf>
		<wf pos="SYM">۔</wf>
</sentence>
<sentence s_id="10">
		<wf pos="NN" sense_id="1">شال</wf>
		<wf pos="VM">وونٛنٕچ</wf>
		<wf pos="NN">کٲم:شام</wf>
		<wf pos="VAUX">چُھ</wf>
		<wf pos="NN" sense_id="1">شال</wf>
		<wf pos="JJ">بٲفی</wf>
		<wf pos="PSP">منٛز</wf>
		<wf pos="JJ">اَصٕل</wf>
		<wf pos="NN">پونٛسہٕ</wf>
		<wf pos="VM">زیٛنان</wf>
		<wf pos="SYM">۔</wf>
</sentence>
<sentence s_id="11">
		<wf pos="NN" sense_id="2">شال</wf>
		<wf pos="VM">وونٛنٕچ</wf>
		<wf pos="NN">موٚزوٗرۍ:مَہیشس</wf>
		<wf pos="VAUX">چُھ</wf>
		<wf pos="NN">أکِس</wf>
		<wf pos="NN">دۄہَس</wf>
		<wf pos="CC">زِ</wf>
		<wf pos="QC">ہَتھ</wf>
		<wf pos="NN">رۄپیہٕ</wf>
		<wf pos="NN" sense_id="2">شال</wf>
		<wf pos="JJ">بٲفی</wf>
		<wf pos="VM">میٛلان</wf>
		<wf pos="SYM">۔</wf>
</sentence>
<sentence s_id="12">
		<wf pos="PRP">سُہ</wf>
		<wf pos="NN">کُل</wf>
		<wf pos="DEM">یَتھ</wf>
		<wf pos="NN">سنسیٹ</wf>
		<wf pos="PSP">اَمب</wf>
		<wf pos="VAUX">چھےٚ</wf>
		<wf pos="NNC">کَھسان:سنسیٹ</wf>
		<wf pos="NN">اَمبہٕ</wf>
		<wf pos="NN">کُلِس</wf>
		<wf pos="PSP">نِش</wf>
		<wf pos="VAUX">چُھ</wf>
		<wf pos="NN" sense_id="1">شال</wf>
		<wf pos="VM">بِہِتھ</wf>
		<wf pos="SYM">۔</wf>
</sentence>
<sentence s_id="13">
		<wf pos="QC">اَکہِ</wf>
		<wf pos="NN">قٕسمٕچ</wf>
		<wf pos="NN">گاڑ:یہِ</wf>
		<wf pos="VAUX">چُھ</wf>
		<wf pos="NN" sense_id="1">شال</wf>
		<wf pos="NN">گاڑِ</wf>
		<wf pos="PSP">ہُنٛد</wf>
		<wf pos="NN">کَباب</wf>
		<wf pos="SYM">۔</wf>
</sentence>
<sentence s_id="14">
		<wf pos="NN">شالہٕ</wf>
		<wf pos="PSP">سٕنٛز</wf>
		<wf pos="NN">بوٗلۍیا</wf>
		<wf pos="NN">شالہٕ</wf>
		<wf pos="PSP">سٕنٛز</wf>
		<wf pos="NNC">آواز:داں</wf>
		<wf pos="NN">ذمیٖنَس</wf>
		<wf pos="PSP">مَنٛز</wf>
		<wf pos="VAUX">چُھ</wf>
		<wf pos="QC">اَکھ</wf>
		<wf pos="NN" sense_id="1">شال</wf>
		<wf pos="NNPC">ہُعاں</wf>
		<wf pos="NNP">ہُعاں</wf>
		<wf pos="VM">کران</wf>
		<wf pos="SYM">۔</wf>
</sentence>
<sentence s_id="15">
		<wf pos="NN">نَر</wf>
		<wf pos="NN">شال:نَر</wf>
		<wf pos="NN" sense_id="1">شال</wf>
		<wf pos="CC">تہٕ</wf>
		<wf pos="NN">مادٕ</wf>
		<wf pos="NN" sense_id="1">شال</wf>
		<wf pos="RB">دوٗرِ</wf>
		<wf pos="VM">وٕچِتٚھ</wf>
		<wf pos="VAUX">چُھ</wf>
		<wf pos="NN">فَرق</wf>
		<wf pos="VM">کَرُن</wf>
		<wf pos="JJ">مُشکل</wf>
		<wf pos="VM">آسان</wf>
		<wf pos="SYM">۔</wf>
</sentence>
<sentence s_id="16">
		<wf pos="QC">اَکھ</wf>
		<wf pos="JJ">بہتَریٖن</wf>
		<wf pos="CC">تہٕ</wf>
		<wf pos="JJ">نَرم</wf>
		<wf pos="NN">ییٛر:پَشمیٖن</wf>
		<wf pos="PSP">سۭتۍ</wf>
		<wf pos="VAUX">چھہِ</wf>
		<wf pos="NN" sense_id="2">شال</wf>
		<wf pos="NN">بیتری</wf>
		<wf pos="VM">بَنان</wf>
		<wf pos="SYM">۔</wf>
</sentence>
<sentence s_id="17">
		<wf pos="QC">اَکھ</wf>
		<wf pos="JJ">زٲوِج</wf>
		<wf pos="NN">کامہِ</wf>
		<wf pos="POW">دار</wf>
		<wf pos="NN" sense_id="2">شال</wf>
		<wf pos="DEM">یَتھ</wf>
		<wf pos="JJ">سٲرسٕے</wf>
		<wf pos="NN">کٲم</wf>
		<wf pos="VAUX">چھِ</wf>
		<wf pos="VM">آسان</wf>
		<wf pos="VM">کٔرِتھ</wf>
		<wf pos="DEM">یہِ</wf>
		<wf pos="VAUX">ہٮ۪کہِ</wf>
		<wf pos="NN">پشمیٖنُک</wf>
		<wf pos="CC">یا</wf>
		<wf pos="CC">بیٚیہِ</wf>
		<wf pos="PRP">کُنہِ</wf>
		<wf pos="NN">کپرُک</wf>
		<wf pos="NN">ٲسِتھ:کٔشیٖرِ</wf>
		<wf pos="PSP">ہُنٛد</wf>
		<wf pos="NN">جاموَر</wf>
		<wf pos="VAUX">چُھ</wf>
		<wf pos="JJ">واریاہ</wf>
		<wf pos="NN">مَشوٗر</wf>
		<wf pos="SYM">۔</wf>
</sentence>
<sentence s_id="18">
		<wf pos="CC">زن</wf>
		<wf pos="CC">تہ</wf>
		<wf pos="JJ">کٲنی</wf>
		<wf pos="NN" sense_id="1">شال</wf>
		<wf pos="NNPC">ووٚل</wf>
		<wf pos="NNPC">ساری</wf>
		<wf pos="NNP">نبن</wf>
		<wf pos="SYM">۔</wf>
</sentence>
<sentence s_id="19">
		<wf pos="NN">زنہ</wf>
		<wf pos="CC">تہ</wf>
		<wf pos="JJ">کٲنی</wf>
		<wf pos="NN" sense_id="1">شال</wf>
		<wf pos="NNPC">ووٚل</wf>
		<wf pos="NNPC">کُل</wf>
		<wf pos="NNP">عالمن</wf>
		<wf pos="SYM">۔</wf>
</sentence>
<sentence s_id="20">
		<wf pos="NNPC">حاجی</wf>
		<wf pos="NNPC">شمس</wf>
		<wf pos="VM">الدین:</wf>
		<wf pos="VM">ییتہ</wf>
		<wf pos="NNC">اَسہ</wf>
		<wf pos="NN">سرپھ</wf>
		<wf pos="CC">تہٕ</wf>
		<wf pos="NN">گُنسہٕ</wf>
		<wf pos="NN">مارن</wf>
		<wf pos="NN" sense_id="1">شال</wf>
		<wf pos="VM">،</wf>
		<wf pos="PRP">سٕہہ</wf>
		<wf pos="VM">،</wf>
		<wf pos="NN">نیلہٕ</wf>
		<wf pos="NN">گاو</wf>
		<wf pos="SYM">۔</wf>
</sentence>
<sentence s_id="21">
		<wf pos="NNPC">سانہ</wf>
		<wf pos="NN">گٮ۪ون</wf>
		<wf pos="CC">وانچہ</wf>
		<wf pos="NN">چھکرِ</wf>
		<wf pos="PSP">ہُند</wf>
		<wf pos="NN">ناو</wf>
		<wf pos="VAUX">چھُ</wf>
		<wf pos="NNP">راجپوٗتانہٕ</wf>
		<wf pos="PSP">کہ</wf>
		<wf pos="NN">صحرا</wf>
		<wf pos="PSP">پٮ۪ٹھ</wf>
		<wf pos="VAUX">آمُت</wf>
		<wf pos="DEM">اتھ</wf>
		<wf pos="VAUX">ٲسۍ</wf>
		<wf pos="CC">اوے</wf>
		<wf pos="NNP">کٲشرۍ</wf>
		<wf pos="INTF">پٲٹھۍگۅڈٕ</wf>
		<wf pos="JJ">صحرائی</wf>
		<wf pos="NN">ونان﴿</wf>
		<wf pos="JJ">ص</wf>
		<wf pos="QC">38﴾</wf>
		<wf pos="NNP">بھارت</wf>
		<wf pos="VM">ناٹٮ۪م</wf>
		<wf pos="VM">زاو</wf>
		<wf pos="NNP">کٔشیرِ</wf>
		<wf pos="NN">منز﴿ص85﴾،</wf>
		<wf pos="JJ">پیپر</wf>
		<wf pos="NN">مٲشی</wf>
		<wf pos="CC">یودوَے</wf>
		<wf pos="NNP">ایرانہٕ</wf>
		<wf pos="PSP">پٮ۪ٹھ</wf>
		<wf pos="NN">یو</wf>
		<wf pos="NN">ر</wf>
		<wf pos="VM">وٲژ</wf>
		<wf pos="CC">مگر</wf>
		<wf pos="NN">ژکہ</wf>
		<wf pos="VAUX">چھُ</wf>
		<wf pos="DEM">یہ</wf>
		<wf pos="NN">فَن</wf>
		<wf pos="VM">چینُک</wf>
		<wf pos="NN">ایجاد﴿ص288﴾</wf>
		<wf pos="VM">،</wf>
		<wf pos="VM">دپان</wf>
		<wf pos="NNP">کٲشُر</wf>
		<wf pos="NN" sense_id="2">شال</wf>
		<wf pos="VAUX">ٲس</wf>
		<wf pos="NNP">نوشیر</wf>
		<wf pos="NN">وان</wf>
		<wf pos="NN">عادل</wf>
		<wf pos="PSP">سٕنز</wf>
		<wf pos="CC">ملکہ</wf>
		<wf pos="NN">معّظم</wf>
		<wf pos="CC">تہ</wf>
		<wf pos="VM">ولان</wf>
		<wf pos="NN">سۅ</wf>
		<wf pos="VAUX">ٲس</wf>
		<wf pos="NNP">کٲشرِ</wf>
		<wf pos="NNP">پشمینُک</wf>
		<wf pos="NN">ییزار</wf>
		<wf pos="CC">تہ</wf>
		<wf pos="NN">لاگان﴿ص109﴾</wf>
		<wf pos="NNPC">رگ</wf>
		<wf pos="NNPC">وید</wf>
		<wf pos="VAUX">چھُ</wf>
		<wf pos="JJ">خروشتی</wf>
		<wf pos="NN">خطس</wf>
		<wf pos="PSP">منز</wf>
		<wf pos="CC">تہ</wf>
		<wf pos="VM">لیکھنہٕ</wf>
		<wf pos="NN">آمُت﴿ص53﴾</wf>
		<wf pos="RB">کالہٕ</wf>
		<wf pos="NNP">داس</wf>
		<wf pos="VAUX">اوس</wf>
		<wf pos="NNP">کٲشُر﴿</wf>
		<wf pos="NN">ص268﴾پٲتھٕر</wf>
		<wf pos="PSP">ہش</wf>
		<wf pos="NN">سِپہٕ</wf>
		<wf pos="CC">تہٕ</wf>
		<wf pos="NNPC">ہمہ</wf>
		<wf pos="NNP">گیر</wf>
		<wf pos="NN">اصطلاح</wf>
		<wf pos="VM">چھنہٕ</wf>
		<wf pos="RB">شاید</wf>
		<wf pos="NNPC">ہندوستانچہ</wf>
		<wf pos="NNP">کُنہ</wf>
		<wf pos="NN">زبٲنۍ</wf>
		<wf pos="PSP">منز</wf>
		<wf pos="NN">پٲتھرس</wf>
		<wf pos="NN">بانڈٕ</wf>
		<wf pos="VM">ناٹٮ۪م</wf>
		<wf pos="VM">وَنُن</wf>
		<wf pos="VM">گوو</wf>
		<wf pos="NNP">کٲشِر</wf>
		<wf pos="NN">زبٲنۍ</wf>
		<wf pos="NN">ہُنداکھ</wf>
		<wf pos="RB">زوتہٕ</wf>
		<wf pos="POW">وُن</wf>
		<wf pos="NN">فانوٗس</wf>
		<wf pos="NN">وٮ۪تہٕ</wf>
		<wf pos="VM">کرنٕچ</wf>
		<wf pos="VAUX">کو</wf>
		<wf pos="NN">شش</wf>
		<wf pos="NNPC">کرٕنۍ﴿ص272﴾</wf>
		<wf pos="NNP">کٔشیرِ</wf>
		<wf pos="PSP">ہُند</wf>
		<wf pos="NN">کالہٕ</wf>
		<wf pos="NN">حساب</wf>
		<wf pos="VAUX">چھُ</wf>
		<wf pos="JJ">پچھِ</wf>
		<wf pos="POW">وار</wf>
		<wf pos="NN">مرازٕکِس</wf>
		<wf pos="NN">چھتٕر</wf>
		<wf pos="NN">گُل</wf>
		<wf pos="NN">گامس</wf>
		<wf pos="PSP">منز</wf>
		<wf pos="VAUX">چھِ</wf>
		<wf pos="NN">أکِس</wf>
		<wf pos="QC">300</wf>
		<wf pos="NN">ؤری</wf>
		<wf pos="JJ">پرٲنِس</wf>
		<wf pos="NNP">قبرستانس</wf>
		<wf pos="PSP">منز</wf>
		<wf pos="NN">قبرن</wf>
		<wf pos="PSP">پٮ۪ٹھ</wf>
		<wf pos="NN">شاندٕ</wf>
		<wf pos="VM">کنہ</wf>
		<wf pos="CC">یعنی</wf>
		<wf pos="NNPC">لوح</wf>
		<wf pos="NNPC">مزار</wf>
		<wf pos="JJ">استادٕ،</wf>
		<wf pos="DEM">یِمن</wf>
		<wf pos="PSP">پٮ۪ٹھ</wf>
		<wf pos="JJ">صاحبِ</wf>
		<wf pos="NN">قبر</wf>
		<wf pos="PSP">سٕندِس</wf>
		<wf pos="NN">ناوس</wf>
		<wf pos="VM">سٍتۍیہ</wf>
		<wf pos="CC">تہ</wf>
		<wf pos="VM">لیکھِتھ</wf>
		<wf pos="VAUX">چھُ</wf>
		<wf pos="CC">زِ</wf>
		<wf pos="PRP">سُہ</wf>
		<wf pos="VM">گوو</wf>
		<wf pos="NNPC">زوٗنہٕ</wf>
		<wf pos="NNP">پچھ</wf>
		<wf pos="PSP">کہ</wf>
		<wf pos="NN">فلٲنۍ</wf>
		<wf pos="RB">دۅہہ</wf>
		<wf pos="DEM">یٔمہ</wf>
		<wf pos="NN">عالمہٕ،</wf>
		<wf pos="DEM">یہ</wf>
		<wf pos="NN">عبارت</wf>
		<wf pos="VAUX">چھے</wf>
		<wf pos="NNP">کٲشِرۍ</wf>
		<wf pos="NNPC">پٲٹھۍ﴿ص194﴾</wf>
		<wf pos="NNP">،</wf>
		<wf pos="NNP">کٔشیرِ</wf>
		<wf pos="VM">منزچھِنہٕ</wf>
		<wf pos="QC">ژور</wf>
		<wf pos="CC">بلکہ</wf>
		<wf pos="VAUX">چھِ</wf>
		<wf pos="RB">شے</wf>
		<wf pos="NNC">موسم</wf>
		<wf pos="NN">آسان﴿ص194﴾</wf>
		<wf pos="SYM">۔</wf>
</sentence>
<sentence s_id="22">
		<wf pos="PRP">سُہ</wf>
		<wf pos="NN" sense_id="2">شال</wf>
		<wf pos="DEM">یَتھ</wf>
		<wf pos="JJ">سٲرسٕے</wf>
		<wf pos="NN">کٲم</wf>
		<wf pos="VAUX">چھِ</wf>
		<wf pos="VM">آسان</wf>
		<wf pos="NN">کٔرِتھ:گیٖتایہِ</wf>
		<wf pos="VAUX">چُھ</wf>
		<wf pos="NN">جامہٕ</wf>
		<wf pos="NN">وَر</wf>
		<wf pos="VM">ؤلِتھ</wf>
		<wf pos="SYM">۔</wf>
</sentence>
<sentence s_id="23">
		<wf pos="NN">اَکہٕ</wf>
		<wf pos="NN">قٕسمُک</wf>
		<wf pos="NN" sense_id="2">شال</wf>
		<wf pos="DEM">یَتھ</wf>
		<wf pos="NN">دٔنٛدرَن</wf>
		<wf pos="NN">کٲم</wf>
		<wf pos="VAUX">چھِ</wf>
		<wf pos="VM">آسان</wf>
		<wf pos="VM">کٔرِتھ</wf>
		<wf pos="NNP">کٲشُر</wf>
		<wf pos="NN">دُشالہٕ</wf>
		<wf pos="VAUX">چُھ</wf>
		<wf pos="JJ">واریاہ</wf>
		<wf pos="NN">مَشوٗر</wf>
		<wf pos="SYM">۔</wf>
</sentence>
<sentence s_id="24">
		<wf pos="JJ">جان</wf>
		<wf pos="CC">تہٕ</wf>
		<wf pos="JJ">نرم</wf>
		<wf pos="NN">ییر</wf>
		<wf pos="NN">پشمیٖنَس</wf>
		<wf pos="VAUX">چُھ</wf>
		<wf pos="NN" sense_id="2">شال</wf>
		<wf pos="NN">بیترِ</wf>
		<wf pos="VM">یِوان</wf>
		<wf pos="VM">بناونہٕ</wf>
		<wf pos="SYM">۔</wf>
</sentence>
<sentence s_id="25">
		<wf pos="RB">ییٚتہِ</wf>
		<wf pos="WQ">کیا</wf>
		<wf pos="VM">سا</wf>
		<wf pos="CC">زَن</wf>
		<wf pos="NN">دۄہلی</wf>
		<wf pos="NN" sense_id="1">شال</wf>
		<wf pos="VM">وُنگان</wf>
		<wf pos="PRP">تِم</wf>
		<wf pos="NN">لوٗکھ</wf>
		<wf pos="RB">کتہِ“</wf>
		<wf pos="DEM">یہِ</wf>
		<wf pos="VM">ووٚن</wf>
		<wf pos="PNN">بسنتی</wf>
		<wf pos="VM">،</wf>
		<wf pos="NN">سریندرن</wf>
		<wf pos="VM">کٔرٕس</wf>
		<wf pos="NN">نظراہ</wf>
		<wf pos="CC">تہٕ</wf>
		<wf pos="VM">ووٚتھُس</wf>
		<wf pos="NN">بُتھ</wf>
		<wf pos="VM">تھٔوِتھ،</wf>
		<wf pos="SYM">“</wf>
		<wf pos="PRP">تِم</wf>
		<wf pos="WQ">کتہِ</wf>
		<wf pos="VM">اَنوکھ</wf>
		<wf pos="RB">لوٗکھ؟</wf>
		<wf pos="PRP">تِم</wf>
		<wf pos="VAUX">چِھ</wf>
		<wf pos="NNP">جوٚمہِ</wf>
		<wf pos="CC">تہٕ</wf>
		<wf pos="RB">ییٚتہِ</wf>
		<wf pos="PSP">کس</wf>
		<wf pos="VM">بسٮ۪کھ</wf>
		<wf pos="NN">مکانن</wf>
		<wf pos="PSP">منز“</wf>
		<wf pos="SYM">۔</wf>
</sentence>
<sentence s_id="26">
		<wf pos="QC">اَکھ</wf>
		<wf pos="JJ">بہتَریٖن</wf>
		<wf pos="CC">تہٕ</wf>
		<wf pos="JJ">نَرم</wf>
		<wf pos="NN">ییٛر:پَشمیٖن</wf>
		<wf pos="PSP">سۭتۍ</wf>
		<wf pos="VAUX">چھہِ</wf>
		<wf pos="NN" sense_id="2">شال</wf>
		<wf pos="NN">بیتری</wf>
		<wf pos="VM">بَنان</wf>
		<wf pos="SYM">۔</wf>
</sentence>
<sentence s_id="27">
		<wf pos="QC">اَکھ</wf>
		<wf pos="JJ">زٲوِج</wf>
		<wf pos="NN">کامہِ</wf>
		<wf pos="POW">دار</wf>
		<wf pos="NN" sense_id="2">شال</wf>
		<wf pos="DEM">یَتھ</wf>
		<wf pos="JJ">سٲرسٕے</wf>
		<wf pos="NN">کٲم</wf>
		<wf pos="VAUX">چھِ</wf>
		<wf pos="VM">آسان</wf>
		<wf pos="VM">کٔرِتھ</wf>
		<wf pos="DEM">یہِ</wf>
		<wf pos="VAUX">ہٮ۪کہِ</wf>
		<wf pos="NN">پشمیٖنُک</wf>
		<wf pos="CC">یا</wf>
		<wf pos="CC">بیٚیہِ</wf>
		<wf pos="PRP">کُنہِ</wf>
		<wf pos="NN">کپرُک</wf>
		<wf pos="NN">ٲسِتھ:کٔشیٖرِ</wf>
		<wf pos="PSP">ہُنٛد</wf>
		<wf pos="NN">جاموَر</wf>
		<wf pos="VAUX">چُھ</wf>
		<wf pos="JJ">واریاہ</wf>
		<wf pos="NN">مَشوٗر</wf>
		<wf pos="SYM">۔</wf>
</sentence>
<sentence s_id="28">
		<wf pos="CC">زن</wf>
		<wf pos="CC">تہ</wf>
		<wf pos="JJ">کٲنی</wf>
		<wf pos="NN" sense_id="1">شال</wf>
		<wf pos="NNPC">ووٚل</wf>
		<wf pos="NNPC">ساری</wf>
		<wf pos="NNP">نبن</wf>
		<wf pos="SYM">۔</wf>
</sentence>
<sentence s_id="29">
		<wf pos="NN">زنہ</wf>
		<wf pos="CC">تہ</wf>
		<wf pos="JJ">کٲنی</wf>
		<wf pos="NN" sense_id="1">شال</wf>
		<wf pos="NNPC">ووٚل</wf>
		<wf pos="NNPC">کُل</wf>
		<wf pos="NNP">عالمن</wf>
		<wf pos="SYM">۔</wf>
</sentence><sentence s_id="30">
		<wf pos="NNPC">حاجی</wf>
		<wf pos="NNPC">شمس</wf>
		<wf pos="VM">الدین:</wf>
		<wf pos="VM">ییتہ</wf>
		<wf pos="NNC">اَسہ</wf>
		<wf pos="NN">سرپھ</wf>
		<wf pos="CC">تہٕ</wf>
		<wf pos="NN">گُنسہٕ</wf>
		<wf pos="NN">مارن</wf>
		<wf pos="NN" sense_id="1">شال</wf>
		<wf pos="VM">،</wf>
		<wf pos="PRP">سٕہہ</wf>
		<wf pos="VM">،</wf>
		<wf pos="NN">نیلہٕ</wf>
		<wf pos="NN">گاو</wf>
		<wf pos="SYM">۔</wf>
</sentence>
<sentence s_id="31">
		<wf pos="NNPC">سانہ</wf>
		<wf pos="NN">گٮ۪ون</wf>
		<wf pos="CC">وانچہ</wf>
		<wf pos="NN">چھکرِ</wf>
		<wf pos="PSP">ہُند</wf>
		<wf pos="NN">ناو</wf>
		<wf pos="VAUX">چھُ</wf>
		<wf pos="NNP">راجپوٗتانہٕ</wf>
		<wf pos="PSP">کہ</wf>
		<wf pos="NN">صحرا</wf>
		<wf pos="PSP">پٮ۪ٹھ</wf>
		<wf pos="VAUX">آمُت</wf>
		<wf pos="DEM">اتھ</wf>
		<wf pos="VAUX">ٲسۍ</wf>
		<wf pos="CC">اوے</wf>
		<wf pos="NNP">کٲشرۍ</wf>
		<wf pos="INTF">پٲٹھۍگۅڈٕ</wf>
		<wf pos="JJ">صحرائی</wf>
		<wf pos="NN">ونان﴿</wf>
		<wf pos="JJ">ص</wf>
		<wf pos="QC">38﴾</wf>
		<wf pos="NNP">بھارت</wf>
		<wf pos="VM">ناٹٮ۪م</wf>
		<wf pos="VM">زاو</wf>
		<wf pos="NNP">کٔشیرِ</wf>
		<wf pos="NN">منز﴿ص85﴾،</wf>
		<wf pos="JJ">پیپر</wf>
		<wf pos="NN">مٲشی</wf>
		<wf pos="CC">یودوَے</wf>
		<wf pos="NNP">ایرانہٕ</wf>
		<wf pos="PSP">پٮ۪ٹھ</wf>
		<wf pos="NN">یو</wf>
		<wf pos="NN">ر</wf>
		<wf pos="VM">وٲژ</wf>
		<wf pos="CC">مگر</wf>
		<wf pos="NN">ژکہ</wf>
		<wf pos="VAUX">چھُ</wf>
		<wf pos="DEM">یہ</wf>
		<wf pos="NN">فَن</wf>
		<wf pos="VM">چینُک</wf>
		<wf pos="NN">ایجاد﴿ص288﴾</wf>
		<wf pos="VM">،</wf>
		<wf pos="VM">دپان</wf>
		<wf pos="NNP">کٲشُر</wf>
		<wf pos="NN" sense_id="2">شال</wf>
		<wf pos="VAUX">ٲس</wf>
		<wf pos="NNP">نوشیر</wf>
		<wf pos="NN">وان</wf>
		<wf pos="NN">عادل</wf>
		<wf pos="PSP">سٕنز</wf>
		<wf pos="CC">ملکہ</wf>
		<wf pos="NN">معّظم</wf>
		<wf pos="CC">تہ</wf>
		<wf pos="VM">ولان</wf>
		<wf pos="NN">سۅ</wf>
		<wf pos="VAUX">ٲس</wf>
		<wf pos="NNP">کٲشرِ</wf>
		<wf pos="NNP">پشمینُک</wf>
		<wf pos="NN">ییزار</wf>
		<wf pos="CC">تہ</wf>
		<wf pos="NN">لاگان﴿ص109﴾</wf>
		<wf pos="NNPC">رگ</wf>
		<wf pos="NNPC">وید</wf>
		<wf pos="VAUX">چھُ</wf>
		<wf pos="JJ">خروشتی</wf>
		<wf pos="NN">خطس</wf>
		<wf pos="PSP">منز</wf>
		<wf pos="CC">تہ</wf>
		<wf pos="VM">لیکھنہٕ</wf>
		<wf pos="NN">آمُت﴿ص53﴾</wf>
		<wf pos="RB">کالہٕ</wf>
		<wf pos="NNP">داس</wf>
		<wf pos="VAUX">اوس</wf>
		<wf pos="NNP">کٲشُر﴿</wf>
		<wf pos="NN">ص268﴾پٲتھٕر</wf>
		<wf pos="PSP">ہش</wf>
		<wf pos="NN">سِپہٕ</wf>
		<wf pos="CC">تہٕ</wf>
		<wf pos="NNPC">ہمہ</wf>
		<wf pos="NNP">گیر</wf>
		<wf pos="NN">اصطلاح</wf>
		<wf pos="VM">چھنہٕ</wf>
		<wf pos="RB">شاید</wf>
		<wf pos="NNPC">ہندوستانچہ</wf>
		<wf pos="NNP">کُنہ</wf>
		<wf pos="NN">زبٲنۍ</wf>
		<wf pos="PSP">منز</wf>
		<wf pos="NN">پٲتھرس</wf>
		<wf pos="NN">بانڈٕ</wf>
		<wf pos="VM">ناٹٮ۪م</wf>
		<wf pos="VM">وَنُن</wf>
		<wf pos="VM">گوو</wf>
		<wf pos="NNP">کٲشِر</wf>
		<wf pos="NN">زبٲنۍ</wf>
		<wf pos="NN">ہُنداکھ</wf>
		<wf pos="RB">زوتہٕ</wf>
		<wf pos="POW">وُن</wf>
		<wf pos="NN">فانوٗس</wf>
		<wf pos="NN">وٮ۪تہٕ</wf>
		<wf pos="VM">کرنٕچ</wf>
		<wf pos="VAUX">کو</wf>
		<wf pos="NN">شش</wf>
		<wf pos="NNPC">کرٕنۍ﴿ص272﴾</wf>
		<wf pos="NNP">کٔشیرِ</wf>
		<wf pos="PSP">ہُند</wf>
		<wf pos="NN">کالہٕ</wf>
		<wf pos="NN">حساب</wf>
		<wf pos="VAUX">چھُ</wf>
		<wf pos="JJ">پچھِ</wf>
		<wf pos="POW">وار</wf>
		<wf pos="NN">مرازٕکِس</wf>
		<wf pos="NN">چھتٕر</wf>
		<wf pos="NN">گُل</wf>
		<wf pos="NN">گامس</wf>
		<wf pos="PSP">منز</wf>
		<wf pos="VAUX">چھِ</wf>
		<wf pos="NN">أکِس</wf>
		<wf pos="QC">300</wf>
		<wf pos="NN">ؤری</wf>
		<wf pos="JJ">پرٲنِس</wf>
		<wf pos="NNP">قبرستانس</wf>
		<wf pos="PSP">منز</wf>
		<wf pos="NN">قبرن</wf>
		<wf pos="PSP">پٮ۪ٹھ</wf>
		<wf pos="NN">شاندٕ</wf>
		<wf pos="VM">کنہ</wf>
		<wf pos="CC">یعنی</wf>
		<wf pos="NNPC">لوح</wf>
		<wf pos="NNPC">مزار</wf>
		<wf pos="JJ">استادٕ،</wf>
		<wf pos="DEM">یِمن</wf>
		<wf pos="PSP">پٮ۪ٹھ</wf>
		<wf pos="JJ">صاحبِ</wf>
		<wf pos="NN">قبر</wf>
		<wf pos="PSP">سٕندِس</wf>
		<wf pos="NN">ناوس</wf>
		<wf pos="VM">سٍتۍیہ</wf>
		<wf pos="CC">تہ</wf>
		<wf pos="VM">لیکھِتھ</wf>
		<wf pos="VAUX">چھُ</wf>
		<wf pos="CC">زِ</wf>
		<wf pos="PRP">سُہ</wf>
		<wf pos="VM">گوو</wf>
		<wf pos="NNPC">زوٗنہٕ</wf>
		<wf pos="NNP">پچھ</wf>
		<wf pos="PSP">کہ</wf>
		<wf pos="NN">فلٲنۍ</wf>
		<wf pos="RB">دۅہہ</wf>
		<wf pos="DEM">یٔمہ</wf>
		<wf pos="NN">عالمہٕ،</wf>
		<wf pos="DEM">یہ</wf>
		<wf pos="NN">عبارت</wf>
		<wf pos="VAUX">چھے</wf>
		<wf pos="NNP">کٲشِرۍ</wf>
		<wf pos="NNPC">پٲٹھۍ﴿ص194﴾</wf>
		<wf pos="NNP">،</wf>
		<wf pos="NNP">کٔشیرِ</wf>
		<wf pos="VM">منزچھِنہٕ</wf>
		<wf pos="QC">ژور</wf>
		<wf pos="CC">بلکہ</wf>
		<wf pos="VAUX">چھِ</wf>
		<wf pos="RB">شے</wf>
		<wf pos="NNC">موسم</wf>
		<wf pos="NN">آسان﴿ص194﴾</wf>
		<wf pos="SYM">۔</wf>
</sentence>
<sentence s_id="32">
		<wf pos="PRP">سُہ</wf>
		<wf pos="NN" sense_id="2">شال</wf>
		<wf pos="DEM">یَتھ</wf>
		<wf pos="JJ">سٲرسٕے</wf>
		<wf pos="NN">کٲم</wf>
		<wf pos="VAUX">چھِ</wf>
		<wf pos="VM">آسان</wf>
		<wf pos="NN">کٔرِتھ:گیٖتایہِ</wf>
		<wf pos="VAUX">چُھ</wf>
		<wf pos="NN">جامہٕ</wf>
		<wf pos="NN">وَر</wf>
		<wf pos="VM">ؤلِتھ</wf>
		<wf pos="SYM">۔</wf>
</sentence>
<sentence s_id="33">
		<wf pos="NN">اَکہٕ</wf>
		<wf pos="NN">قٕسمُک</wf>
		<wf pos="NN" sense_id="2">شال</wf>
		<wf pos="DEM">یَتھ</wf>
		<wf pos="NN">دٔنٛدرَن</wf>
		<wf pos="NN">کٲم</wf>
		<wf pos="VAUX">چھِ</wf>
		<wf pos="VM">آسان</wf>
		<wf pos="VM">کٔرِتھ</wf>
		<wf pos="NNP">کٲشُر</wf>
		<wf pos="NN">دُشالہٕ</wf>
		<wf pos="VAUX">چُھ</wf>
		<wf pos="JJ">واریاہ</wf>
		<wf pos="NN">مَشوٗر</wf>
		<wf pos="SYM">۔</wf>
</sentence>
<sentence s_id="34">
		<wf pos="JJ">جان</wf>
		<wf pos="CC">تہٕ</wf>
		<wf pos="JJ">نرم</wf>
		<wf pos="NN">ییر</wf>
		<wf pos="NN">پشمیٖنَس</wf>
		<wf pos="VAUX">چُھ</wf>
		<wf pos="NN" sense_id="2">شال</wf>
		<wf pos="NN">بیترِ</wf>
		<wf pos="VM">یِوان</wf>
		<wf pos="VM">بناونہٕ</wf>
		<wf pos="SYM">۔</wf>
</sentence>
<sentence s_id="35">
		<wf pos="RB">ییٚتہِ</wf>
		<wf pos="WQ">کیا</wf>
		<wf pos="VM">سا</wf>
		<wf pos="CC">زَن</wf>
		<wf pos="NN">دۄہلی</wf>
		<wf pos="NN" sense_id="1">شال</wf>
		<wf pos="VM">وُنگان</wf>
		<wf pos="PRP">تِم</wf>
		<wf pos="NN">لوٗکھ</wf>
		<wf pos="RB">کتہِ“</wf>
		<wf pos="DEM">یہِ</wf>
		<wf pos="VM">ووٚن</wf>
		<wf pos="PNN">بسنتی</wf>
		<wf pos="VM">،</wf>
		<wf pos="NN">سریندرن</wf>
		<wf pos="VM">کٔرٕس</wf>
		<wf pos="NN">نظراہ</wf>
		<wf pos="CC">تہٕ</wf>
		<wf pos="VM">ووٚتھُس</wf>
		<wf pos="NN">بُتھ</wf>
		<wf pos="VM">تھٔوِتھ،</wf>
		<wf pos="SYM">“</wf>
		<wf pos="PRP">تِم</wf>
		<wf pos="WQ">کتہِ</wf>
		<wf pos="VM">اَنوکھ</wf>
		<wf pos="RB">لوٗکھ؟</wf>
		<wf pos="PRP">تِم</wf>
		<wf pos="VAUX">چِھ</wf>
		<wf pos="NNP">جوٚمہِ</wf>
		<wf pos="CC">تہٕ</wf>
		<wf pos="RB">ییٚتہِ</wf>
		<wf pos="PSP">کس</wf>
		<wf pos="VM">بسٮ۪کھ</wf>
		<wf pos="NN">مکانن</wf>
		<wf pos="PSP">منز“</wf>
		<wf pos="SYM">۔</wf>
</sentence>
<sentence s_id="36">
		<wf pos="RB">ییٚتہِ</wf>
		<wf pos="WQ">کیا</wf>
		<wf pos="VM">سا</wf>
		<wf pos="CC">زَن</wf>
		<wf pos="NN">دۄہلی</wf>
		<wf pos="NN" sense_id="1">شال</wf>
		<wf pos="VM">وُنگان</wf>
		<wf pos="PRP">تِم</wf>
		<wf pos="NN">لوٗکھ</wf>
		<wf pos="RB">کتہِ“</wf>
		<wf pos="DEM">یہِ</wf>
		<wf pos="VM">ووٚن</wf>
		<wf pos="PNN">بسنتی</wf>
		<wf pos="VM">،</wf>
		<wf pos="NN">سریندرن</wf>
		<wf pos="VM">کٔرٕس</wf>
		<wf pos="NN">نظراہ</wf>
		<wf pos="CC">تہٕ</wf>
		<wf pos="VM">ووٚتھُس</wf>
		<wf pos="NN">بُتھ</wf>
		<wf pos="VM">تھٔوِتھ،</wf>
		<wf pos="SYM">“</wf>
		<wf pos="PRP">تِم</wf>
		<wf pos="WQ">کتہِ</wf>
		<wf pos="VM">اَنوکھ</wf>
		<wf pos="RB">لوٗکھ؟</wf>
		<wf pos="PRP">تِم</wf>
		<wf pos="VAUX">چِھ</wf>
		<wf pos="NNP">جوٚمہِ</wf>
		<wf pos="CC">تہٕ</wf>
		<wf pos="RB">ییٚتہِ</wf>
		<wf pos="PSP">کس</wf>
		<wf pos="VM">بسٮ۪کھ</wf>
		<wf pos="NN">مکانن</wf>
		<wf pos="PSP">منز“</wf>
		<wf pos="SYM">۔</wf>
</sentence>
<sentence s_id="37">
		<wf pos="SYM">“</wf>
		<wf pos="RB">ییٚتہِ</wf>
		<wf pos="WQ">کیا</wf>
		<wf pos="VM">سا</wf>
		<wf pos="CC">زَن</wf>
		<wf pos="NN">دۄہلی</wf>
		<wf pos="NN" sense_id="1">شال</wf>
		<wf pos="VM">وُنگان</wf>
		<wf pos="PRP">تِم</wf>
		<wf pos="NN">لوٗکھ</wf>
		<wf pos="RB">کتہِ“</wf>
		<wf pos="DEM">یہِ</wf>
		<wf pos="VM">ووٚن</wf>
		<wf pos="PNN">بسنتی</wf>
		<wf pos="VM">،</wf>
		<wf pos="NN">سریندرن</wf>
		<wf pos="VM">کٔرٕس</wf>
		<wf pos="NN">نظراہ</wf>
		<wf pos="CC">تہٕ</wf>
		<wf pos="VM">ووٚتھُس</wf>
		<wf pos="NN">بُتھ</wf>
		<wf pos="VM">تھٔوِتھ،</wf>
		<wf pos="SYM">“</wf>
		<wf pos="PRP">تِم</wf>
		<wf pos="WQ">کتہِ</wf>
		<wf pos="VM">اَنوکھ</wf>
		<wf pos="RB">لوٗکھ؟</wf>
		<wf pos="PRP">تِم</wf>
		<wf pos="VAUX">چِھ</wf>
		<wf pos="NNP">جوٚمہِ</wf>
		<wf pos="CC">تہٕ</wf>
		<wf pos="RB">ییٚتہِ</wf>
		<wf pos="PSP">کس</wf>
		<wf pos="VM">بسٮ۪کھ</wf>
		<wf pos="NN">مکانن</wf>
		<wf pos="PSP">منز“</wf>
		<wf pos="SYM">۔</wf>
</sentence>
<sentence s_id="38">
		<wf pos="PRP">سۄ</wf>
		<wf pos="VAUX">چھےٚ</wf>
		<wf pos="NN">سَردی</wf>
		<wf pos="PSP">منٛز</wf>
		<wf pos="NN" sense_id="2">شال</wf>
		<wf pos="VM">وَلان</wf>
		<wf pos="SYM">۔</wf>
</sentence>
<sentence s_id="39">
		<wf pos="NN" sense_id="1">شال</wf>
		<wf pos="VAUX">چُھ</wf>
		<wf pos="QC">اکھ</wf>
		<wf pos="NN">مازکھور</wf>
		<wf pos="NN">جانور</wf>
		<wf pos="SYM">۔</wf>
</sentence>
<sentence s_id="40">
		<wf pos="DEM">یہِ</wf>
		<wf pos="NN" sense_id="2">شال</wf>
		<wf pos="VAUX">چُھ</wf>
		<wf pos="PRP">میٛانہِ</wf>
		<wf pos="NN">ماجہِ</wf>
		<wf pos="PSP">ہٕنٛز</wf>
		<wf pos="NN">نِشٲنییہٕ</wf>
		<wf pos="NN">گَرٕ</wf>
		<wf pos="VAUX">چُھ</wf>
		<wf pos="NN">میٛانٮ۪ن</wf>
		<wf pos="NN">جَدَن</wf>
		<wf pos="PSP">ہٕنٛز</wf>
		<wf pos="NN">نِشٲنی</wf>
		<wf pos="SYM">۔</wf>
</sentence>
<sentence s_id="41">
		<wf pos="NN">اَکہٕ</wf>
		<wf pos="NN">قٕسمُک</wf>
		<wf pos="NN" sense_id="2">شال</wf>
		<wf pos="DEM">یَتھ</wf>
		<wf pos="NN">دٔنٛدرَن</wf>
		<wf pos="NN">کٲم</wf>
		<wf pos="VAUX">چھِ</wf>
		<wf pos="VM">آسان</wf>
		<wf pos="NN">کٔرِتھ:کٲشُر</wf>
		<wf pos="NN">دُشالہٕ</wf>
		<wf pos="VAUX">چُھ</wf>
		<wf pos="JJ">واریاہ</wf>
		<wf pos="NN">مَشوٗر</wf>
		<wf pos="SYM">۔</wf>
</sentence>
<sentence s_id="42">
		<wf pos="NN">بَچہٕ</wf>
		<wf pos="VAUX">اوس</wf>
		<wf pos="VM">شیٚنٛگِتھ</wf>
		<wf pos="NN">تہِٕ</wf>
		<wf pos="NN">مٲلۍ</wf>
		<wf pos="VM">وولُس</wf>
		<wf pos="NN" sense_id="2">شال</wf>
		<wf pos="SYM">۔</wf>
</sentence>
<sentence s_id="43">
		<wf pos="QC">اَکھ</wf>
		<wf pos="JJ">کُل:پُنٛڈری</wf>
		<wf pos="JJ">کُلِیِکۍ</wf>
		<wf pos="NN">پَنہٕ</wf>
		<wf pos="NN">ؤتھٕر</wf>
		<wf pos="VAUX">چِھ</wf>
		<wf pos="NN" sense_id="1">شال</wf>
		<wf pos="NN">پنٛری</wf>
		<wf pos="PSP">کٮ۪ن</wf>
		<wf pos="NNP">پَنٛہٕ</wf>
		<wf pos="NN">ؤتھرَن</wf>
		<wf pos="NN">سُمبھ</wf>
		<wf pos="VM">آسان</wf>
		<wf pos="SYM">۔</wf>
</sentence>
<sentence s_id="44">
		<wf pos="NN" sense_id="2">شال</wf>
		<wf pos="NN">بیترٕ</wf>
		<wf pos="POW">وونَن</wf>
		<wf pos="PSP">وول</wf>
		<wf pos="POW">کٲرۍ</wf>
		<wf pos="NN">گر:شال</wf>
		<wf pos="NN">باپھ</wf>
		<wf pos="VAUX">چُھ</wf>
		<wf pos="VM">ییروٗ</wf>
		<wf pos="NN" sense_id="2">شال</wf>
		<wf pos="VM">وونان</wf>
		<wf pos="SYM">۔</wf>
</sentence>
<sentence s_id="45">
		<wf pos="NN" sense_id="1">شال</wf>
		<wf pos="VM">وونٛنٕچ</wf>
		<wf pos="NN">کٲم:شام</wf>
		<wf pos="VAUX">چُھ</wf>
		<wf pos="NN" sense_id="1">شال</wf>
		<wf pos="JJ">بٲفی</wf>
		<wf pos="PSP">منٛز</wf>
		<wf pos="JJ">اَصٕل</wf>
		<wf pos="NN">پونٛسہٕ</wf>
		<wf pos="VM">زیٛنان</wf>
		<wf pos="SYM">۔</wf>
</sentence>
<sentence s_id="46">
		<wf pos="NN" sense_id="2">شال</wf>
		<wf pos="VM">وونٛنٕچ</wf>
		<wf pos="NN">موٚزوٗرۍ:مَہیشس</wf>
		<wf pos="VAUX">چُھ</wf>
		<wf pos="NN">أکِس</wf>
		<wf pos="NN">دۄہَس</wf>
		<wf pos="CC">زِ</wf>
		<wf pos="QC">ہَتھ</wf>
		<wf pos="NN">رۄپیہٕ</wf>
		<wf pos="NN" sense_id="2">شال</wf>
		<wf pos="JJ">بٲفی</wf>
		<wf pos="VM">میٛلان</wf>
		<wf pos="SYM">۔</wf>
</sentence>
<sentence s_id="47">
		<wf pos="PRP">سُہ</wf>
		<wf pos="NN">کُل</wf>
		<wf pos="DEM">یَتھ</wf>
		<wf pos="NN">سنسیٹ</wf>
		<wf pos="PSP">اَمب</wf>
		<wf pos="VAUX">چھےٚ</wf>
		<wf pos="NNC">کَھسان:سنسیٹ</wf>
		<wf pos="NN">اَمبہٕ</wf>
		<wf pos="NN">کُلِس</wf>
		<wf pos="PSP">نِش</wf>
		<wf pos="VAUX">چُھ</wf>
		<wf pos="NN" sense_id="1">شال</wf>
		<wf pos="VM">بِہِتھ</wf>
		<wf pos="SYM">۔</wf>
</sentence>
<sentence s_id="48">
		<wf pos="QC">اَکہِ</wf>
		<wf pos="NN">قٕسمٕچ</wf>
		<wf pos="NN">گاڑ:یہِ</wf>
		<wf pos="VAUX">چُھ</wf>
		<wf pos="NN" sense_id="1">شال</wf>
		<wf pos="NN">گاڑِ</wf>
		<wf pos="PSP">ہُنٛد</wf>
		<wf pos="NN">کَباب</wf>
		<wf pos="SYM">۔</wf>
</sentence>
<sentence s_id="49">
		<wf pos="NN">شالہٕ</wf>
		<wf pos="PSP">سٕنٛز</wf>
		<wf pos="NN">بوٗلۍیا</wf>
		<wf pos="NN">شالہٕ</wf>
		<wf pos="PSP">سٕنٛز</wf>
		<wf pos="NNC">آواز:داں</wf>
		<wf pos="NN">ذمیٖنَس</wf>
		<wf pos="PSP">مَنٛز</wf>
		<wf pos="VAUX">چُھ</wf>
		<wf pos="QC">اَکھ</wf>
		<wf pos="NN" sense_id="1">شال</wf>
		<wf pos="NNPC">ہُعاں</wf>
		<wf pos="NNP">ہُعاں</wf>
		<wf pos="VM">کران</wf>
		<wf pos="SYM">۔</wf>
</sentence>
<sentence s_id="50">
		<wf pos="NN">نَر</wf>
		<wf pos="NN">شال:نَر</wf>
		<wf pos="NN" sense_id="1">شال</wf>
		<wf pos="CC">تہٕ</wf>
		<wf pos="NN">مادٕ</wf>
		<wf pos="NN" sense_id="1">شال</wf>
		<wf pos="RB">دوٗرِ</wf>
		<wf pos="VM">وٕچِتٚھ</wf>
		<wf pos="VAUX">چُھ</wf>
		<wf pos="NN">فَرق</wf>
		<wf pos="VM">کَرُن</wf>
		<wf pos="JJ">مُشکل</wf>
		<wf pos="VM">آسان</wf>
		<wf pos="SYM">۔</wf>
</sentence>
<sentence s_id="51">
		<wf pos="RB">ییٚتہِ</wf>
		<wf pos="WQ">کیا</wf>
		<wf pos="VM">سا</wf>
		<wf pos="CC">زَن</wf>
		<wf pos="NN">دۄہلی</wf>
		<wf pos="NN" sense_id="1">شال</wf>
		<wf pos="VM">وُنگان</wf>
		<wf pos="PRP">تِم</wf>
		<wf pos="NN">لوٗکھ</wf>
		<wf pos="RB">کتہِ“</wf>
		<wf pos="DEM">یہِ</wf>
		<wf pos="VM">ووٚن</wf>
		<wf pos="PNN">بسنتی</wf>
		<wf pos="VM">،</wf>
		<wf pos="NN">سریندرن</wf>
		<wf pos="VM">کٔرٕس</wf>
		<wf pos="NN">نظراہ</wf>
		<wf pos="CC">تہٕ</wf>
		<wf pos="VM">ووٚتھُس</wf>
		<wf pos="NN">بُتھ</wf>
		<wf pos="VM">تھٔوِتھ،</wf>
		<wf pos="SYM">“</wf>
		<wf pos="PRP">تِم</wf>
		<wf pos="WQ">کتہِ</wf>
		<wf pos="VM">اَنوکھ</wf>
		<wf pos="RB">لوٗکھ؟</wf>
		<wf pos="PRP">تِم</wf>
		<wf pos="VAUX">چِھ</wf>
		<wf pos="NNP">جوٚمہِ</wf>
		<wf pos="CC">تہٕ</wf>
		<wf pos="RB">ییٚتہِ</wf>
		<wf pos="PSP">کس</wf>
		<wf pos="VM">بسٮ۪کھ</wf>
		<wf pos="NN">مکانن</wf>
		<wf pos="PSP">منز“</wf>
		<wf pos="SYM">۔</wf>
</sentence>
<sentence s_id="52">
		<wf pos="SYM">“</wf>
		<wf pos="RB">ییٚتہِ</wf>
		<wf pos="WQ">کیا</wf>
		<wf pos="VM">سا</wf>
		<wf pos="CC">زَن</wf>
		<wf pos="NN">دۄہلی</wf>
		<wf pos="NN" sense_id="1">شال</wf>
		<wf pos="VM">وُنگان</wf>
		<wf pos="PRP">تِم</wf>
		<wf pos="NN">لوٗکھ</wf>
		<wf pos="RB">کتہِ“</wf>
		<wf pos="DEM">یہِ</wf>
		<wf pos="VM">ووٚن</wf>
		<wf pos="PNN">بسنتی</wf>
		<wf pos="VM">،</wf>
		<wf pos="NN">سریندرن</wf>
		<wf pos="VM">کٔرٕس</wf>
		<wf pos="NN">نظراہ</wf>
		<wf pos="CC">تہٕ</wf>
		<wf pos="VM">ووٚتھُس</wf>
		<wf pos="NN">بُتھ</wf>
		<wf pos="VM">تھٔوِتھ،</wf>
		<wf pos="SYM">“</wf>
		<wf pos="PRP">تِم</wf>
		<wf pos="WQ">کتہِ</wf>
		<wf pos="VM">اَنوکھ</wf>
		<wf pos="RB">لوٗکھ؟</wf>
		<wf pos="PRP">تِم</wf>
		<wf pos="VAUX">چِھ</wf>
		<wf pos="NNP">جوٚمہِ</wf>
		<wf pos="CC">تہٕ</wf>
		<wf pos="RB">ییٚتہِ</wf>
		<wf pos="PSP">کس</wf>
		<wf pos="VM">بسٮ۪کھ</wf>
		<wf pos="NN">مکانن</wf>
		<wf pos="PSP">منز“</wf>
		<wf pos="SYM">۔</wf>
</sentence>
<sentence s_id="53">
		<wf pos="PRP">سۄ</wf>
		<wf pos="VAUX">چھےٚ</wf>
		<wf pos="NN">سَردی</wf>
		<wf pos="PSP">منٛز</wf>
		<wf pos="NN" sense_id="2">شال</wf>
		<wf pos="VM">وَلان</wf>
		<wf pos="SYM">۔</wf>
</sentence>
<sentence s_id="54">
		<wf pos="NN" sense_id="1">شال</wf>
		<wf pos="VAUX">چُھ</wf>
		<wf pos="QC">اکھ</wf>
		<wf pos="NN">مازکھور</wf>
		<wf pos="NN">جانور</wf>
		<wf pos="SYM">۔</wf>
</sentence>
<sentence s_id="55">
		<wf pos="DEM">یہِ</wf>
		<wf pos="NN" sense_id="2">شال</wf>
		<wf pos="VAUX">چُھ</wf>
		<wf pos="PRP">میٛانہِ</wf>
		<wf pos="NN">ماجہِ</wf>
		<wf pos="PSP">ہٕنٛز</wf>
		<wf pos="NN">نِشٲنییہٕ</wf>
		<wf pos="NN">گَرٕ</wf>
		<wf pos="VAUX">چُھ</wf>
		<wf pos="NN">میٛانٮ۪ن</wf>
		<wf pos="NN">جَدَن</wf>
		<wf pos="PSP">ہٕنٛز</wf>
		<wf pos="NN">نِشٲنی</wf>
		<wf pos="SYM">۔</wf>
</sentence>
<sentence s_id="56">
		<wf pos="NN">اَکہٕ</wf>
		<wf pos="NN">قٕسمُک</wf>
		<wf pos="NN" sense_id="2">شال</wf>
		<wf pos="DEM">یَتھ</wf>
		<wf pos="NN">دٔنٛدرَن</wf>
		<wf pos="NN">کٲم</wf>
		<wf pos="VAUX">چھِ</wf>
		<wf pos="VM">آسان</wf>
		<wf pos="NN">کٔرِتھ:کٲشُر</wf>
		<wf pos="NN">دُشالہٕ</wf>
		<wf pos="VAUX">چُھ</wf>
		<wf pos="JJ">واریاہ</wf>
		<wf pos="NN">مَشوٗر</wf>
		<wf pos="SYM">۔</wf>
</sentence>
<sentence s_id="57">
		<wf pos="NN">بَچہٕ</wf>
		<wf pos="VAUX">اوس</wf>
		<wf pos="VM">شیٚنٛگِتھ</wf>
		<wf pos="NN">تہِٕ</wf>
		<wf pos="NN">مٲلۍ</wf>
		<wf pos="VM">وولُس</wf>
		<wf pos="NN" sense_id="2">شال</wf>
		<wf pos="SYM">۔</wf>
</sentence>
<sentence s_id="58">
		<wf pos="QC">اَکھ</wf>
		<wf pos="JJ">کُل:پُنٛڈری</wf>
		<wf pos="JJ">کُلِیِکۍ</wf>
		<wf pos="NN">پَنہٕ</wf>
		<wf pos="NN">ؤتھٕر</wf>
		<wf pos="VAUX">چِھ</wf>
		<wf pos="NN" sense_id="1">شال</wf>
		<wf pos="NN">پنٛری</wf>
		<wf pos="PSP">کٮ۪ن</wf>
		<wf pos="NNP">پَنٛہٕ</wf>
		<wf pos="NN">ؤتھرَن</wf>
		<wf pos="NN">سُمبھ</wf>
		<wf pos="VM">آسان</wf>
		<wf pos="SYM">۔</wf>
</sentence>
<sentence s_id="59">
		<wf pos="NN" sense_id="2">شال</wf>
		<wf pos="NN">بیترٕ</wf>
		<wf pos="POW">وونَن</wf>
		<wf pos="PSP">وول</wf>
		<wf pos="POW">کٲرۍ</wf>
		<wf pos="NN">گر:شال</wf>
		<wf pos="NN">باپھ</wf>
		<wf pos="VAUX">چُھ</wf>
		<wf pos="VM">ییروٗ</wf>
		<wf pos="NN" sense_id="2">شال</wf>
		<wf pos="VM">وونان</wf>
		<wf pos="SYM">۔</wf>
</sentence>

<sentence s_id="60">
		<wf pos="NN" sense_id="1">شال</wf>
		<wf pos="VM">وونٛنٕچ</wf>
		<wf pos="NN">کٲم:شام</wf>
		<wf pos="VAUX">چُھ</wf>
		<wf pos="NN" sense_id="1">شال</wf>
		<wf pos="JJ">بٲفی</wf>
		<wf pos="PSP">منٛز</wf>
		<wf pos="JJ">اَصٕل</wf>
		<wf pos="NN">پونٛسہٕ</wf>
		<wf pos="VM">زیٛنان</wf>
		<wf pos="SYM">۔</wf>
</sentence>
<sentence s_id="61">
		<wf pos="NN" sense_id="2">شال</wf>
		<wf pos="VM">وونٛنٕچ</wf>
		<wf pos="NN">موٚزوٗرۍ:مَہیشس</wf>
		<wf pos="VAUX">چُھ</wf>
		<wf pos="NN">أکِس</wf>
		<wf pos="NN">دۄہَس</wf>
		<wf pos="CC">زِ</wf>
		<wf pos="QC">ہَتھ</wf>
		<wf pos="NN">رۄپیہٕ</wf>
		<wf pos="NN" sense_id="2">شال</wf>
		<wf pos="JJ">بٲفی</wf>
		<wf pos="VM">میٛلان</wf>
		<wf pos="SYM">۔</wf>
</sentence>
<sentence s_id="62">
		<wf pos="PRP">سُہ</wf>
		<wf pos="NN">کُل</wf>
		<wf pos="DEM">یَتھ</wf>
		<wf pos="NN">سنسیٹ</wf>
		<wf pos="PSP">اَمب</wf>
		<wf pos="VAUX">چھےٚ</wf>
		<wf pos="NNC">کَھسان:سنسیٹ</wf>
		<wf pos="NN">اَمبہٕ</wf>
		<wf pos="NN">کُلِس</wf>
		<wf pos="PSP">نِش</wf>
		<wf pos="VAUX">چُھ</wf>
		<wf pos="NN" sense_id="1">شال</wf>
		<wf pos="VM">بِہِتھ</wf>
		<wf pos="SYM">۔</wf>
</sentence>
<sentence s_id="63">
		<wf pos="QC">اَکہِ</wf>
		<wf pos="NN">قٕسمٕچ</wf>
		<wf pos="NN">گاڑ:یہِ</wf>
		<wf pos="VAUX">چُھ</wf>
		<wf pos="NN" sense_id="1">شال</wf>
		<wf pos="NN">گاڑِ</wf>
		<wf pos="PSP">ہُنٛد</wf>
		<wf pos="NN">کَباب</wf>
		<wf pos="SYM">۔</wf>
</sentence>
<sentence s_id="64">
		<wf pos="NN">شالہٕ</wf>
		<wf pos="PSP">سٕنٛز</wf>
		<wf pos="NN">بوٗلۍیا</wf>
		<wf pos="NN">شالہٕ</wf>
		<wf pos="PSP">سٕنٛز</wf>
		<wf pos="NNC">آواز:داں</wf>
		<wf pos="NN">ذمیٖنَس</wf>
		<wf pos="PSP">مَنٛز</wf>
		<wf pos="VAUX">چُھ</wf>
		<wf pos="QC">اَکھ</wf>
		<wf pos="NN" sense_id="1">شال</wf>
		<wf pos="NNPC">ہُعاں</wf>
		<wf pos="NNP">ہُعاں</wf>
		<wf pos="VM">کران</wf>
		<wf pos="SYM">۔</wf>
</sentence>
<sentence s_id="65">
		<wf pos="NN">نَر</wf>
		<wf pos="NN">شال:نَر</wf>
		<wf pos="NN" sense_id="1">شال</wf>
		<wf pos="CC">تہٕ</wf>
		<wf pos="NN">مادٕ</wf>
		<wf pos="NN" sense_id="1">شال</wf>
		<wf pos="RB">دوٗرِ</wf>
		<wf pos="VM">وٕچِتٚھ</wf>
		<wf pos="VAUX">چُھ</wf>
		<wf pos="NN">فَرق</wf>
		<wf pos="VM">کَرُن</wf>
		<wf pos="JJ">مُشکل</wf>
		<wf pos="VM">آسان</wf>
		<wf pos="SYM">۔</wf>
</sentence>
<sentence s_id="66">
		<wf pos="QC">اَکھ</wf>
		<wf pos="JJ">بہتَریٖن</wf>
		<wf pos="CC">تہٕ</wf>
		<wf pos="JJ">نَرم</wf>
		<wf pos="NN">ییٛر:پَشمیٖن</wf>
		<wf pos="PSP">سۭتۍ</wf>
		<wf pos="VAUX">چھہِ</wf>
		<wf pos="NN" sense_id="2">شال</wf>
		<wf pos="NN">بیتری</wf>
		<wf pos="VM">بَنان</wf>
		<wf pos="SYM">۔</wf>
</sentence>
<sentence s_id="67">
		<wf pos="QC">اَکھ</wf>
		<wf pos="JJ">زٲوِج</wf>
		<wf pos="NN">کامہِ</wf>
		<wf pos="POW">دار</wf>
		<wf pos="NN" sense_id="2">شال</wf>
		<wf pos="DEM">یَتھ</wf>
		<wf pos="JJ">سٲرسٕے</wf>
		<wf pos="NN">کٲم</wf>
		<wf pos="VAUX">چھِ</wf>
		<wf pos="VM">آسان</wf>
		<wf pos="VM">کٔرِتھ</wf>
		<wf pos="DEM">یہِ</wf>
		<wf pos="VAUX">ہٮ۪کہِ</wf>
		<wf pos="NN">پشمیٖنُک</wf>
		<wf pos="CC">یا</wf>
		<wf pos="CC">بیٚیہِ</wf>
		<wf pos="PRP">کُنہِ</wf>
		<wf pos="NN">کپرُک</wf>
		<wf pos="NN">ٲسِتھ:کٔشیٖرِ</wf>
		<wf pos="PSP">ہُنٛد</wf>
		<wf pos="NN">جاموَر</wf>
		<wf pos="VAUX">چُھ</wf>
		<wf pos="JJ">واریاہ</wf>
		<wf pos="NN">مَشوٗر</wf>
		<wf pos="SYM">۔</wf>
</sentence>
<sentence s_id="68">
		<wf pos="CC">زن</wf>
		<wf pos="CC">تہ</wf>
		<wf pos="JJ">کٲنی</wf>
		<wf pos="NN" sense_id="1">شال</wf>
		<wf pos="NNPC">ووٚل</wf>
		<wf pos="NNPC">ساری</wf>
		<wf pos="NNP">نبن</wf>
		<wf pos="SYM">۔</wf>
</sentence>
<sentence s_id="69">
		<wf pos="NN">زنہ</wf>
		<wf pos="CC">تہ</wf>
		<wf pos="JJ">کٲنی</wf>
		<wf pos="NN" sense_id="1">شال</wf>
		<wf pos="NNPC">ووٚل</wf>
		<wf pos="NNPC">کُل</wf>
		<wf pos="NNP">عالمن</wf>
		<wf pos="SYM">۔</wf>
</sentence>
<sentence s_id="70">
		<wf pos="NNPC">حاجی</wf>
		<wf pos="NNPC">شمس</wf>
		<wf pos="VM">الدین:</wf>
		<wf pos="VM">ییتہ</wf>
		<wf pos="NNC">اَسہ</wf>
		<wf pos="NN">سرپھ</wf>
		<wf pos="CC">تہٕ</wf>
		<wf pos="NN">گُنسہٕ</wf>
		<wf pos="NN">مارن</wf>
		<wf pos="NN" sense_id="1">شال</wf>
		<wf pos="VM">،</wf>
		<wf pos="PRP">سٕہہ</wf>
		<wf pos="VM">،</wf>
		<wf pos="NN">نیلہٕ</wf>
		<wf pos="NN">گاو</wf>
		<wf pos="SYM">۔</wf>
</sentence>
<sentence s_id="71">
		<wf pos="NNPC">سانہ</wf>
		<wf pos="NN">گٮ۪ون</wf>
		<wf pos="CC">وانچہ</wf>
		<wf pos="NN">چھکرِ</wf>
		<wf pos="PSP">ہُند</wf>
		<wf pos="NN">ناو</wf>
		<wf pos="VAUX">چھُ</wf>
		<wf pos="NNP">راجپوٗتانہٕ</wf>
		<wf pos="PSP">کہ</wf>
		<wf pos="NN">صحرا</wf>
		<wf pos="PSP">پٮ۪ٹھ</wf>
		<wf pos="VAUX">آمُت</wf>
		<wf pos="DEM">اتھ</wf>
		<wf pos="VAUX">ٲسۍ</wf>
		<wf pos="CC">اوے</wf>
		<wf pos="NNP">کٲشرۍ</wf>
		<wf pos="INTF">پٲٹھۍگۅڈٕ</wf>
		<wf pos="JJ">صحرائی</wf>
		<wf pos="NN">ونان﴿</wf>
		<wf pos="JJ">ص</wf>
		<wf pos="QC">38﴾</wf>
		<wf pos="NNP">بھارت</wf>
		<wf pos="VM">ناٹٮ۪م</wf>
		<wf pos="VM">زاو</wf>
		<wf pos="NNP">کٔشیرِ</wf>
		<wf pos="NN">منز﴿ص85﴾،</wf>
		<wf pos="JJ">پیپر</wf>
		<wf pos="NN">مٲشی</wf>
		<wf pos="CC">یودوَے</wf>
		<wf pos="NNP">ایرانہٕ</wf>
		<wf pos="PSP">پٮ۪ٹھ</wf>
		<wf pos="NN">یو</wf>
		<wf pos="NN">ر</wf>
		<wf pos="VM">وٲژ</wf>
		<wf pos="CC">مگر</wf>
		<wf pos="NN">ژکہ</wf>
		<wf pos="VAUX">چھُ</wf>
		<wf pos="DEM">یہ</wf>
		<wf pos="NN">فَن</wf>
		<wf pos="VM">چینُک</wf>
		<wf pos="NN">ایجاد﴿ص288﴾</wf>
		<wf pos="VM">،</wf>
		<wf pos="VM">دپان</wf>
		<wf pos="NNP">کٲشُر</wf>
		<wf pos="NN" sense_id="2">شال</wf>
		<wf pos="VAUX">ٲس</wf>
		<wf pos="NNP">نوشیر</wf>
		<wf pos="NN">وان</wf>
		<wf pos="NN">عادل</wf>
		<wf pos="PSP">سٕنز</wf>
		<wf pos="CC">ملکہ</wf>
		<wf pos="NN">معّظم</wf>
		<wf pos="CC">تہ</wf>
		<wf pos="VM">ولان</wf>
		<wf pos="NN">سۅ</wf>
		<wf pos="VAUX">ٲس</wf>
		<wf pos="NNP">کٲشرِ</wf>
		<wf pos="NNP">پشمینُک</wf>
		<wf pos="NN">ییزار</wf>
		<wf pos="CC">تہ</wf>
		<wf pos="NN">لاگان﴿ص109﴾</wf>
		<wf pos="NNPC">رگ</wf>
		<wf pos="NNPC">وید</wf>
		<wf pos="VAUX">چھُ</wf>
		<wf pos="JJ">خروشتی</wf>
		<wf pos="NN">خطس</wf>
		<wf pos="PSP">منز</wf>
		<wf pos="CC">تہ</wf>
		<wf pos="VM">لیکھنہٕ</wf>
		<wf pos="NN">آمُت﴿ص53﴾</wf>
		<wf pos="RB">کالہٕ</wf>
		<wf pos="NNP">داس</wf>
		<wf pos="VAUX">اوس</wf>
		<wf pos="NNP">کٲشُر﴿</wf>
		<wf pos="NN">ص268﴾پٲتھٕر</wf>
		<wf pos="PSP">ہش</wf>
		<wf pos="NN">سِپہٕ</wf>
		<wf pos="CC">تہٕ</wf>
		<wf pos="NNPC">ہمہ</wf>
		<wf pos="NNP">گیر</wf>
		<wf pos="NN">اصطلاح</wf>
		<wf pos="VM">چھنہٕ</wf>
		<wf pos="RB">شاید</wf>
		<wf pos="NNPC">ہندوستانچہ</wf>
		<wf pos="NNP">کُنہ</wf>
		<wf pos="NN">زبٲنۍ</wf>
		<wf pos="PSP">منز</wf>
		<wf pos="NN">پٲتھرس</wf>
		<wf pos="NN">بانڈٕ</wf>
		<wf pos="VM">ناٹٮ۪م</wf>
		<wf pos="VM">وَنُن</wf>
		<wf pos="VM">گوو</wf>
		<wf pos="NNP">کٲشِر</wf>
		<wf pos="NN">زبٲنۍ</wf>
		<wf pos="NN">ہُنداکھ</wf>
		<wf pos="RB">زوتہٕ</wf>
		<wf pos="POW">وُن</wf>
		<wf pos="NN">فانوٗس</wf>
		<wf pos="NN">وٮ۪تہٕ</wf>
		<wf pos="VM">کرنٕچ</wf>
		<wf pos="VAUX">کو</wf>
		<wf pos="NN">شش</wf>
		<wf pos="NNPC">کرٕنۍ﴿ص272﴾</wf>
		<wf pos="NNP">کٔشیرِ</wf>
		<wf pos="PSP">ہُند</wf>
		<wf pos="NN">کالہٕ</wf>
		<wf pos="NN">حساب</wf>
		<wf pos="VAUX">چھُ</wf>
		<wf pos="JJ">پچھِ</wf>
		<wf pos="POW">وار</wf>
		<wf pos="NN">مرازٕکِس</wf>
		<wf pos="NN">چھتٕر</wf>
		<wf pos="NN">گُل</wf>
		<wf pos="NN">گامس</wf>
		<wf pos="PSP">منز</wf>
		<wf pos="VAUX">چھِ</wf>
		<wf pos="NN">أکِس</wf>
		<wf pos="QC">300</wf>
		<wf pos="NN">ؤری</wf>
		<wf pos="JJ">پرٲنِس</wf>
		<wf pos="NNP">قبرستانس</wf>
		<wf pos="PSP">منز</wf>
		<wf pos="NN">قبرن</wf>
		<wf pos="PSP">پٮ۪ٹھ</wf>
		<wf pos="NN">شاندٕ</wf>
		<wf pos="VM">کنہ</wf>
		<wf pos="CC">یعنی</wf>
		<wf pos="NNPC">لوح</wf>
		<wf pos="NNPC">مزار</wf>
		<wf pos="JJ">استادٕ،</wf>
		<wf pos="DEM">یِمن</wf>
		<wf pos="PSP">پٮ۪ٹھ</wf>
		<wf pos="JJ">صاحبِ</wf>
		<wf pos="NN">قبر</wf>
		<wf pos="PSP">سٕندِس</wf>
		<wf pos="NN">ناوس</wf>
		<wf pos="VM">سٍتۍیہ</wf>
		<wf pos="CC">تہ</wf>
		<wf pos="VM">لیکھِتھ</wf>
		<wf pos="VAUX">چھُ</wf>
		<wf pos="CC">زِ</wf>
		<wf pos="PRP">سُہ</wf>
		<wf pos="VM">گوو</wf>
		<wf pos="NNPC">زوٗنہٕ</wf>
		<wf pos="NNP">پچھ</wf>
		<wf pos="PSP">کہ</wf>
		<wf pos="NN">فلٲنۍ</wf>
		<wf pos="RB">دۅہہ</wf>
		<wf pos="DEM">یٔمہ</wf>
		<wf pos="NN">عالمہٕ،</wf>
		<wf pos="DEM">یہ</wf>
		<wf pos="NN">عبارت</wf>
		<wf pos="VAUX">چھے</wf>
		<wf pos="NNP">کٲشِرۍ</wf>
		<wf pos="NNPC">پٲٹھۍ﴿ص194﴾</wf>
		<wf pos="NNP">،</wf>
		<wf pos="NNP">کٔشیرِ</wf>
		<wf pos="VM">منزچھِنہٕ</wf>
		<wf pos="QC">ژور</wf>
		<wf pos="CC">بلکہ</wf>
		<wf pos="VAUX">چھِ</wf>
		<wf pos="RB">شے</wf>
		<wf pos="NNC">موسم</wf>
		<wf pos="NN">آسان﴿ص194﴾</wf>
		<wf pos="SYM">۔</wf>
</sentence>
<sentence s_id="72">
		<wf pos="PRP">سُہ</wf>
		<wf pos="NN" sense_id="2">شال</wf>
		<wf pos="DEM">یَتھ</wf>
		<wf pos="JJ">سٲرسٕے</wf>
		<wf pos="NN">کٲم</wf>
		<wf pos="VAUX">چھِ</wf>
		<wf pos="VM">آسان</wf>
		<wf pos="NN">کٔرِتھ:گیٖتایہِ</wf>
		<wf pos="VAUX">چُھ</wf>
		<wf pos="NN">جامہٕ</wf>
		<wf pos="NN">وَر</wf>
		<wf pos="VM">ؤلِتھ</wf>
		<wf pos="SYM">۔</wf>
</sentence>
<sentence s_id="73">
		<wf pos="NN">اَکہٕ</wf>
		<wf pos="NN">قٕسمُک</wf>
		<wf pos="NN" sense_id="2">شال</wf>
		<wf pos="DEM">یَتھ</wf>
		<wf pos="NN">دٔنٛدرَن</wf>
		<wf pos="NN">کٲم</wf>
		<wf pos="VAUX">چھِ</wf>
		<wf pos="VM">آسان</wf>
		<wf pos="VM">کٔرِتھ</wf>
		<wf pos="NNP">کٲشُر</wf>
		<wf pos="NN">دُشالہٕ</wf>
		<wf pos="VAUX">چُھ</wf>
		<wf pos="JJ">واریاہ</wf>
		<wf pos="NN">مَشوٗر</wf>
		<wf pos="SYM">۔</wf>
</sentence>
<sentence s_id="74">
		<wf pos="JJ">جان</wf>
		<wf pos="CC">تہٕ</wf>
		<wf pos="JJ">نرم</wf>
		<wf pos="NN">ییر</wf>
		<wf pos="NN">پشمیٖنَس</wf>
		<wf pos="VAUX">چُھ</wf>
		<wf pos="NN" sense_id="2">شال</wf>
		<wf pos="NN">بیترِ</wf>
		<wf pos="VM">یِوان</wf>
		<wf pos="VM">بناونہٕ</wf>
		<wf pos="SYM">۔</wf>
</sentence>
<sentence s_id="75">
		<wf pos="RB">ییٚتہِ</wf>
		<wf pos="WQ">کیا</wf>
		<wf pos="VM">سا</wf>
		<wf pos="CC">زَن</wf>
		<wf pos="NN">دۄہلی</wf>
		<wf pos="NN" sense_id="1">شال</wf>
		<wf pos="VM">وُنگان</wf>
		<wf pos="PRP">تِم</wf>
		<wf pos="NN">لوٗکھ</wf>
		<wf pos="RB">کتہِ“</wf>
		<wf pos="DEM">یہِ</wf>
		<wf pos="VM">ووٚن</wf>
		<wf pos="PNN">بسنتی</wf>
		<wf pos="VM">،</wf>
		<wf pos="NN">سریندرن</wf>
		<wf pos="VM">کٔرٕس</wf>
		<wf pos="NN">نظراہ</wf>
		<wf pos="CC">تہٕ</wf>
		<wf pos="VM">ووٚتھُس</wf>
		<wf pos="NN">بُتھ</wf>
		<wf pos="VM">تھٔوِتھ،</wf>
		<wf pos="SYM">“</wf>
		<wf pos="PRP">تِم</wf>
		<wf pos="WQ">کتہِ</wf>
		<wf pos="VM">اَنوکھ</wf>
		<wf pos="RB">لوٗکھ؟</wf>
		<wf pos="PRP">تِم</wf>
		<wf pos="VAUX">چِھ</wf>
		<wf pos="NNP">جوٚمہِ</wf>
		<wf pos="CC">تہٕ</wf>
		<wf pos="RB">ییٚتہِ</wf>
		<wf pos="PSP">کس</wf>
		<wf pos="VM">بسٮ۪کھ</wf>
		<wf pos="NN">مکانن</wf>
		<wf pos="PSP">منز“</wf>
		<wf pos="SYM">۔</wf>
</sentence>
<sentence s_id="76">
		<wf pos="QC">اَکھ</wf>
		<wf pos="JJ">بہتَریٖن</wf>
		<wf pos="CC">تہٕ</wf>
		<wf pos="JJ">نَرم</wf>
		<wf pos="NN">ییٛر:پَشمیٖن</wf>
		<wf pos="PSP">سۭتۍ</wf>
		<wf pos="VAUX">چھہِ</wf>
		<wf pos="NN" sense_id="2">شال</wf>
		<wf pos="NN">بیتری</wf>
		<wf pos="VM">بَنان</wf>
		<wf pos="SYM">۔</wf>
</sentence>
<sentence s_id="77">
		<wf pos="QC">اَکھ</wf>
		<wf pos="JJ">زٲوِج</wf>
		<wf pos="NN">کامہِ</wf>
		<wf pos="POW">دار</wf>
		<wf pos="NN" sense_id="2">شال</wf>
		<wf pos="DEM">یَتھ</wf>
		<wf pos="JJ">سٲرسٕے</wf>
		<wf pos="NN">کٲم</wf>
		<wf pos="VAUX">چھِ</wf>
		<wf pos="VM">آسان</wf>
		<wf pos="VM">کٔرِتھ</wf>
		<wf pos="DEM">یہِ</wf>
		<wf pos="VAUX">ہٮ۪کہِ</wf>
		<wf pos="NN">پشمیٖنُک</wf>
		<wf pos="CC">یا</wf>
		<wf pos="CC">بیٚیہِ</wf>
		<wf pos="PRP">کُنہِ</wf>
		<wf pos="NN">کپرُک</wf>
		<wf pos="NN">ٲسِتھ:کٔشیٖرِ</wf>
		<wf pos="PSP">ہُنٛد</wf>
		<wf pos="NN">جاموَر</wf>
		<wf pos="VAUX">چُھ</wf>
		<wf pos="JJ">واریاہ</wf>
		<wf pos="NN">مَشوٗر</wf>
		<wf pos="SYM">۔</wf>
</sentence>
<sentence s_id="78">
		<wf pos="CC">زن</wf>
		<wf pos="CC">تہ</wf>
		<wf pos="JJ">کٲنی</wf>
		<wf pos="NN" sense_id="1">شال</wf>
		<wf pos="NNPC">ووٚل</wf>
		<wf pos="NNPC">ساری</wf>
		<wf pos="NNP">نبن</wf>
		<wf pos="SYM">۔</wf>
</sentence>
<sentence s_id="79">
		<wf pos="NN">زنہ</wf>
		<wf pos="CC">تہ</wf>
		<wf pos="JJ">کٲنی</wf>
		<wf pos="NN" sense_id="1">شال</wf>
		<wf pos="NNPC">ووٚل</wf>
		<wf pos="NNPC">کُل</wf>
		<wf pos="NNP">عالمن</wf>
		<wf pos="SYM">۔</wf>
</sentence><sentence s_id="80">
		<wf pos="NNPC">حاجی</wf>
		<wf pos="NNPC">شمس</wf>
		<wf pos="VM">الدین:</wf>
		<wf pos="VM">ییتہ</wf>
		<wf pos="NNC">اَسہ</wf>
		<wf pos="NN">سرپھ</wf>
		<wf pos="CC">تہٕ</wf>
		<wf pos="NN">گُنسہٕ</wf>
		<wf pos="NN">مارن</wf>
		<wf pos="NN" sense_id="1">شال</wf>
		<wf pos="VM">،</wf>
		<wf pos="PRP">سٕہہ</wf>
		<wf pos="VM">،</wf>
		<wf pos="NN">نیلہٕ</wf>
		<wf pos="NN">گاو</wf>
		<wf pos="SYM">۔</wf>
</sentence>
<sentence s_id="81">
		<wf pos="NNPC">سانہ</wf>
		<wf pos="NN">گٮ۪ون</wf>
		<wf pos="CC">وانچہ</wf>
		<wf pos="NN">چھکرِ</wf>
		<wf pos="PSP">ہُند</wf>
		<wf pos="NN">ناو</wf>
		<wf pos="VAUX">چھُ</wf>
		<wf pos="NNP">راجپوٗتانہٕ</wf>
		<wf pos="PSP">کہ</wf>
		<wf pos="NN">صحرا</wf>
		<wf pos="PSP">پٮ۪ٹھ</wf>
		<wf pos="VAUX">آمُت</wf>
		<wf pos="DEM">اتھ</wf>
		<wf pos="VAUX">ٲسۍ</wf>
		<wf pos="CC">اوے</wf>
		<wf pos="NNP">کٲشرۍ</wf>
		<wf pos="INTF">پٲٹھۍگۅڈٕ</wf>
		<wf pos="JJ">صحرائی</wf>
		<wf pos="NN">ونان﴿</wf>
		<wf pos="JJ">ص</wf>
		<wf pos="QC">38﴾</wf>
		<wf pos="NNP">بھارت</wf>
		<wf pos="VM">ناٹٮ۪م</wf>
		<wf pos="VM">زاو</wf>
		<wf pos="NNP">کٔشیرِ</wf>
		<wf pos="NN">منز﴿ص85﴾،</wf>
		<wf pos="JJ">پیپر</wf>
		<wf pos="NN">مٲشی</wf>
		<wf pos="CC">یودوَے</wf>
		<wf pos="NNP">ایرانہٕ</wf>
		<wf pos="PSP">پٮ۪ٹھ</wf>
		<wf pos="NN">یو</wf>
		<wf pos="NN">ر</wf>
		<wf pos="VM">وٲژ</wf>
		<wf pos="CC">مگر</wf>
		<wf pos="NN">ژکہ</wf>
		<wf pos="VAUX">چھُ</wf>
		<wf pos="DEM">یہ</wf>
		<wf pos="NN">فَن</wf>
		<wf pos="VM">چینُک</wf>
		<wf pos="NN">ایجاد﴿ص288﴾</wf>
		<wf pos="VM">،</wf>
		<wf pos="VM">دپان</wf>
		<wf pos="NNP">کٲشُر</wf>
		<wf pos="NN" sense_id="2">شال</wf>
		<wf pos="VAUX">ٲس</wf>
		<wf pos="NNP">نوشیر</wf>
		<wf pos="NN">وان</wf>
		<wf pos="NN">عادل</wf>
		<wf pos="PSP">سٕنز</wf>
		<wf pos="CC">ملکہ</wf>
		<wf pos="NN">معّظم</wf>
		<wf pos="CC">تہ</wf>
		<wf pos="VM">ولان</wf>
		<wf pos="NN">سۅ</wf>
		<wf pos="VAUX">ٲس</wf>
		<wf pos="NNP">کٲشرِ</wf>
		<wf pos="NNP">پشمینُک</wf>
		<wf pos="NN">ییزار</wf>
		<wf pos="CC">تہ</wf>
		<wf pos="NN">لاگان﴿ص109﴾</wf>
		<wf pos="NNPC">رگ</wf>
		<wf pos="NNPC">وید</wf>
		<wf pos="VAUX">چھُ</wf>
		<wf pos="JJ">خروشتی</wf>
		<wf pos="NN">خطس</wf>
		<wf pos="PSP">منز</wf>
		<wf pos="CC">تہ</wf>
		<wf pos="VM">لیکھنہٕ</wf>
		<wf pos="NN">آمُت﴿ص53﴾</wf>
		<wf pos="RB">کالہٕ</wf>
		<wf pos="NNP">داس</wf>
		<wf pos="VAUX">اوس</wf>
		<wf pos="NNP">کٲشُر﴿</wf>
		<wf pos="NN">ص268﴾پٲتھٕر</wf>
		<wf pos="PSP">ہش</wf>
		<wf pos="NN">سِپہٕ</wf>
		<wf pos="CC">تہٕ</wf>
		<wf pos="NNPC">ہمہ</wf>
		<wf pos="NNP">گیر</wf>
		<wf pos="NN">اصطلاح</wf>
		<wf pos="VM">چھنہٕ</wf>
		<wf pos="RB">شاید</wf>
		<wf pos="NNPC">ہندوستانچہ</wf>
		<wf pos="NNP">کُنہ</wf>
		<wf pos="NN">زبٲنۍ</wf>
		<wf pos="PSP">منز</wf>
		<wf pos="NN">پٲتھرس</wf>
		<wf pos="NN">بانڈٕ</wf>
		<wf pos="VM">ناٹٮ۪م</wf>
		<wf pos="VM">وَنُن</wf>
		<wf pos="VM">گوو</wf>
		<wf pos="NNP">کٲشِر</wf>
		<wf pos="NN">زبٲنۍ</wf>
		<wf pos="NN">ہُنداکھ</wf>
		<wf pos="RB">زوتہٕ</wf>
		<wf pos="POW">وُن</wf>
		<wf pos="NN">فانوٗس</wf>
		<wf pos="NN">وٮ۪تہٕ</wf>
		<wf pos="VM">کرنٕچ</wf>
		<wf pos="VAUX">کو</wf>
		<wf pos="NN">شش</wf>
		<wf pos="NNPC">کرٕنۍ﴿ص272﴾</wf>
		<wf pos="NNP">کٔشیرِ</wf>
		<wf pos="PSP">ہُند</wf>
		<wf pos="NN">کالہٕ</wf>
		<wf pos="NN">حساب</wf>
		<wf pos="VAUX">چھُ</wf>
		<wf pos="JJ">پچھِ</wf>
		<wf pos="POW">وار</wf>
		<wf pos="NN">مرازٕکِس</wf>
		<wf pos="NN">چھتٕر</wf>
		<wf pos="NN">گُل</wf>
		<wf pos="NN">گامس</wf>
		<wf pos="PSP">منز</wf>
		<wf pos="VAUX">چھِ</wf>
		<wf pos="NN">أکِس</wf>
		<wf pos="QC">300</wf>
		<wf pos="NN">ؤری</wf>
		<wf pos="JJ">پرٲنِس</wf>
		<wf pos="NNP">قبرستانس</wf>
		<wf pos="PSP">منز</wf>
		<wf pos="NN">قبرن</wf>
		<wf pos="PSP">پٮ۪ٹھ</wf>
		<wf pos="NN">شاندٕ</wf>
		<wf pos="VM">کنہ</wf>
		<wf pos="CC">یعنی</wf>
		<wf pos="NNPC">لوح</wf>
		<wf pos="NNPC">مزار</wf>
		<wf pos="JJ">استادٕ،</wf>
		<wf pos="DEM">یِمن</wf>
		<wf pos="PSP">پٮ۪ٹھ</wf>
		<wf pos="JJ">صاحبِ</wf>
		<wf pos="NN">قبر</wf>
		<wf pos="PSP">سٕندِس</wf>
		<wf pos="NN">ناوس</wf>
		<wf pos="VM">سٍتۍیہ</wf>
		<wf pos="CC">تہ</wf>
		<wf pos="VM">لیکھِتھ</wf>
		<wf pos="VAUX">چھُ</wf>
		<wf pos="CC">زِ</wf>
		<wf pos="PRP">سُہ</wf>
		<wf pos="VM">گوو</wf>
		<wf pos="NNPC">زوٗنہٕ</wf>
		<wf pos="NNP">پچھ</wf>
		<wf pos="PSP">کہ</wf>
		<wf pos="NN">فلٲنۍ</wf>
		<wf pos="RB">دۅہہ</wf>
		<wf pos="DEM">یٔمہ</wf>
		<wf pos="NN">عالمہٕ،</wf>
		<wf pos="DEM">یہ</wf>
		<wf pos="NN">عبارت</wf>
		<wf pos="VAUX">چھے</wf>
		<wf pos="NNP">کٲشِرۍ</wf>
		<wf pos="NNPC">پٲٹھۍ﴿ص194﴾</wf>
		<wf pos="NNP">،</wf>
		<wf pos="NNP">کٔشیرِ</wf>
		<wf pos="VM">منزچھِنہٕ</wf>
		<wf pos="QC">ژور</wf>
		<wf pos="CC">بلکہ</wf>
		<wf pos="VAUX">چھِ</wf>
		<wf pos="RB">شے</wf>
		<wf pos="NNC">موسم</wf>
		<wf pos="NN">آسان﴿ص194﴾</wf>
		<wf pos="SYM">۔</wf>
</sentence>
<sentence s_id="82">
		<wf pos="PRP">سُہ</wf>
		<wf pos="NN" sense_id="2">شال</wf>
		<wf pos="DEM">یَتھ</wf>
		<wf pos="JJ">سٲرسٕے</wf>
		<wf pos="NN">کٲم</wf>
		<wf pos="VAUX">چھِ</wf>
		<wf pos="VM">آسان</wf>
		<wf pos="NN">کٔرِتھ:گیٖتایہِ</wf>
		<wf pos="VAUX">چُھ</wf>
		<wf pos="NN">جامہٕ</wf>
		<wf pos="NN">وَر</wf>
		<wf pos="VM">ؤلِتھ</wf>
		<wf pos="SYM">۔</wf>
</sentence>
<sentence s_id="83">
		<wf pos="NN">اَکہٕ</wf>
		<wf pos="NN">قٕسمُک</wf>
		<wf pos="NN" sense_id="2">شال</wf>
		<wf pos="DEM">یَتھ</wf>
		<wf pos="NN">دٔنٛدرَن</wf>
		<wf pos="NN">کٲم</wf>
		<wf pos="VAUX">چھِ</wf>
		<wf pos="VM">آسان</wf>
		<wf pos="VM">کٔرِتھ</wf>
		<wf pos="NNP">کٲشُر</wf>
		<wf pos="NN">دُشالہٕ</wf>
		<wf pos="VAUX">چُھ</wf>
		<wf pos="JJ">واریاہ</wf>
		<wf pos="NN">مَشوٗر</wf>
		<wf pos="SYM">۔</wf>
</sentence>
<sentence s_id="84">
		<wf pos="JJ">جان</wf>
		<wf pos="CC">تہٕ</wf>
		<wf pos="JJ">نرم</wf>
		<wf pos="NN">ییر</wf>
		<wf pos="NN">پشمیٖنَس</wf>
		<wf pos="VAUX">چُھ</wf>
		<wf pos="NN" sense_id="2">شال</wf>
		<wf pos="NN">بیترِ</wf>
		<wf pos="VM">یِوان</wf>
		<wf pos="VM">بناونہٕ</wf>
		<wf pos="SYM">۔</wf>
</sentence>

</contextfile>