<?xml version='1.0' encoding='utf-8'?>
<contextfile filename="موٚکُر" fileno="5">
<sentence s_id="1">
		<wf pos="JJ">ٲبی</wf>
		<wf pos="NN">جہازَس</wf>
		<wf pos="RB">أنٛدٕرۍ</wf>
		<wf pos="QC">بٕنیُم</wf>
		<wf pos="NN">حِصہٕ</wf>
		<wf pos="DEM">یَتھ</wf>
		<wf pos="PSP">مَنٛز</wf>
		<wf pos="JJ" sense_id="1">موٚکُر</wf>
		<wf pos="NN">آب</wf>
		<wf pos="NN">جَمع</wf>
		<wf pos="VAUX">چُھ</wf>
		<wf pos="VM">آسان</wf>
		<wf pos="SYM">۔</wf>
</sentence>
<sentence s_id="2">
		<wf pos="DEM">ییٚمہِ</wf>
		<wf pos="NN">حوضُک</wf>
		<wf pos="NN">آب</wf>
		<wf pos="VAUX">چُھ</wf>
		<wf pos="JJ" sense_id="1">موٚکُر</wf>
		<wf pos="SYM">۔</wf>
</sentence>
<sentence s_id="3">
		<wf pos="NN">آب</wf>
		<wf pos="NN">مَہ</wf>
		<wf pos="NN">کَر</wf>
		<wf pos="JJ" sense_id="1">موٚکُر</wf>
		<wf pos="SYM">۔</wf>
</sentence>
<sentence s_id="4">
		<wf pos="JJ">ٲبی</wf>
		<wf pos="NN">جہازَس</wf>
		<wf pos="RB">أنٛدٕرۍ</wf>
		<wf pos="QC">بٕنیُم</wf>
		<wf pos="NN">حِصہٕ</wf>
		<wf pos="DEM">یَتھ</wf>
		<wf pos="PSP">مَنٛز</wf>
		<wf pos="JJ" sense_id="1">موٚکُر</wf>
		<wf pos="NN">آب</wf>
		<wf pos="NN">جَمع</wf>
		<wf pos="VAUX">چُھ</wf>
		<wf pos="VM">آسان</wf>
		<wf pos="SYM">۔</wf>
</sentence>
<sentence s_id="5">
		<wf pos="DEM">یہِ</wf>
		<wf pos="NEG">نُنہٕ</wf>
		<wf pos="NN">آب</wf>
		<wf pos="VAUX">چُھ</wf>
		<wf pos="JJ" sense_id="1">موٚکُر</wf>
		<wf pos="SYM">۔</wf>
</sentence>
<sentence s_id="6">
		<wf pos="NN">مَدرَسَس</wf>
		<wf pos="PSP">منٛز</wf>
		<wf pos="VAUX">گَژھہِ</wf>
		<wf pos="NEG">نہٕ</wf>
		<wf pos="NN">مٲلہٕ</wf>
		<wf pos="NN">پَلَو</wf>
		<wf pos="VM">لٲگِتھ</wf>
		<wf pos="PRP">یُنسُہ</wf>
		<wf pos="VAUX">چُھ</wf>
		<wf pos="NN">مَنہٕ</wf>
		<wf pos="JJ" sense_id="2">موٚکُر</wf>
		<wf pos="NN">اِنسان</wf>
		<wf pos="SYM">۔</wf>
</sentence>
<sentence s_id="7">
		<wf pos="JJ" sense_id="3">موٚکُر</wf>
		<wf pos="NN">مَوادٕچ</wf>
		<wf pos="NN">کَتاب</wf>
		<wf pos="VM">کٕننَس</wf>
		<wf pos="PSP">پٮ۪ٹھ</wf>
		<wf pos="VAUX">آو</wf>
		<wf pos="PRP">تَس</wf>
		<wf pos="NN">جُرمانہٕ</wf>
		<wf pos="PRP">کَرنہٕتمۍ</wf>
		<wf pos="PSP">سٕنٛز</wf>
		<wf pos="NN">مٔکرِ</wf>
		<wf pos="NN">کَتھہٕ</wf>
		<wf pos="VM">لَجنہِ</wf>
		<wf pos="PRP">مےٚ</wf>
		<wf pos="NN">بَلکُل</wf>
		<wf pos="CC">تہٕ</wf>
		<wf pos="NN">اَصلہِ</wf>
		<wf pos="SYM">۔</wf>
</sentence>
<sentence s_id="8">
		<wf pos="PRP">سُہ</wf>
		<wf pos="VAUX">چُھ</wf>
		<wf pos="NNP">کاپی</wf>
		<wf pos="PSP">پٮ۪ٹھ</wf>
		<wf pos="JJ" sense_id="4">موٚکُر</wf>
		<wf pos="VM">لٮ۪کھان</wf>
		<wf pos="SYM">۔</wf>
</sentence>
<sentence s_id="9">
		<wf pos="PRP">سُہ</wf>
		<wf pos="VAUX">چُھ</wf>
		<wf pos="JJ" sense_id="5">موٚکُر</wf>
		<wf pos="NN">نَفَر</wf>
		<wf pos="RB">اِسلے</wf>
		<wf pos="VAUX">چُھ</wf>
		<wf pos="PRP">مےٚ</wf>
		<wf pos="PRP">سُہ</wf>
		<wf pos="VM">کَھران</wf>
		<wf pos="SYM">۔</wf>
</sentence>
<sentence s_id="10">
		<wf pos="DEM">ییٚمہِ</wf>
		<wf pos="NN">حوضُک</wf>
		<wf pos="NN">آب</wf>
		<wf pos="VAUX">چُھ</wf>
		<wf pos="JJ" sense_id="1">موٚکُر</wf>
		<wf pos="SYM">۔</wf>
</sentence>
<sentence s_id="11">
		<wf pos="NN">آب</wf>
		<wf pos="NN">مَہ</wf>
		<wf pos="NN">کَر</wf>
		<wf pos="JJ" sense_id="1">موٚکُر</wf>
		<wf pos="SYM">۔</wf>
</sentence>
<sentence s_id="12">
		<wf pos="QC">اَکہِ</wf>
		<wf pos="NN">قٔسمُک</wf>
		<wf pos="VM">صَدا</wf>
		<wf pos="VAUX">بہا</wf>
		<wf pos="NN">کُل:نِرمٔلی</wf>
		<wf pos="PSP">ہٕنٛدٮ۪و</wf>
		<wf pos="NN">بیٛالٮ۪ن</wf>
		<wf pos="PSP">ہٕنٛدِ</wf>
		<wf pos="NN">چوٗرٕ</wf>
		<wf pos="PSP">سۭتۍ</wf>
		<wf pos="VAUX">چُھ</wf>
		<wf pos="JJ" sense_id="1">موٚکُر</wf>
		<wf pos="NN">آب</wf>
		<wf pos="JJ" sense_id="1">موٚکُر</wf>
		<wf pos="VM">گَژھان</wf>
		<wf pos="SYM">۔</wf>
</sentence>
<sentence s_id="13">
		<wf pos="QC">اَکہِ</wf>
		<wf pos="NN">قٔسمُک</wf>
		<wf pos="NN">نوٗل:ٹِلیہُوَس</wf>
		<wf pos="VAUX">چُھ</wf>
		<wf pos="NN">پانہَٕس</wf>
		<wf pos="JJ" sense_id="6">موٚکُر</wf>
		<wf pos="NN">مٕشِک</wf>
		<wf pos="VM">آسان</wf>
		<wf pos="VAUX">یِوان</wf>
		<wf pos="SYM">۔</wf>
</sentence>
<sentence s_id="14">
		<wf pos="QC">اَکھ</wf>
		<wf pos="NN">بٮ۪مٲرۍ:حَساسَت</wf>
		<wf pos="NN">اَنفَس</wf>
		<wf pos="PSP">منٛز</wf>
		<wf pos="VAUX">چُھ</wf>
		<wf pos="NN">ٲسہٕ</wf>
		<wf pos="VM">کِنۍ</wf>
		<wf pos="JJ" sense_id="7">موٚکُر</wf>
		<wf pos="NN">مٔشِک</wf>
		<wf pos="VM">یِوان</wf>
		<wf pos="SYM">۔</wf>
</sentence>
<sentence s_id="15">
		<wf pos="QC">اَکہِ</wf>
		<wf pos="NN">قٔسمُک</wf>
		<wf pos="NN">کاگَز:مَلاٹ</wf>
		<wf pos="VAUX">چُھ</wf>
		<wf pos="JJ">ویٚٹھ</wf>
		<wf pos="CC">تہٕ</wf>
		<wf pos="JJ" sense_id=""1>موٚکُر</wf>
		<wf pos="VM">آسان</wf>
		<wf pos="SYM">۔</wf>
</sentence>
<sentence s_id="16">
		<wf pos="QC">اَکہِ</wf>
		<wf pos="NNP">قٔسمٕچۍ</wf>
		<wf pos="NN">ہیٖنٛگ:ہینگڑا</wf>
		<wf pos="VAUX">چُھ</wf>
		<wf pos="JJ" sense_id="1">موٚکُر</wf>
		<wf pos="VM">آسان</wf>
		<wf pos="SYM">۔</wf>
</sentence>
<sentence s_id="17">
		<wf pos="DEM">یُس</wf>
		<wf pos="NEG">نہٕ</wf>
		<wf pos="JJ" sense_id="1">موٚکُر</wf>
		<wf pos="NN">لیٚکھِ:یہِ</wf>
		<wf pos="NN">چِِھٹۍ</wf>
		<wf pos="VAUX">چھِ</wf>
		<wf pos="JJ" sense_id="4">موٚکُر</wf>
		<wf pos="NN">دسخط</wf>
		<wf pos="PSP">وٲلۍ</wf>
		<wf pos="NN">نفرَن</wf>
		<wf pos="VM">لیٚچھمٕژ</wf>
		<wf pos="SYM">۔</wf>
</sentence>
<sentence s_id="18">
		<wf pos="NN">آبَس</wf>
		<wf pos="PSP">منٛز</wf>
		<wf pos="NN">رَب</wf>
		<wf pos="CC">یا</wf>
		<wf pos="NN">میٚث</wf>
		<wf pos="VAUX">گژھنہٕ</wf>
		<wf pos="PSP">سۭتۍ</wf>
		<wf pos="JJ" sense_id="1">موٚکُر</wf>
		<wf pos="CC">یا</wf>
		<wf pos="NN">گنٛدٕ</wf>
		<wf pos="RB">گژُھن:بییٚہ</wf>
		<wf pos="QC">اَکہِ</wf>
		<wf pos="NN">لَٹہٕ</wf>
		<wf pos="VM">گوو</wf>
		<wf pos="NN">آب</wf>
		<wf pos="JJ" sense_id="1">موٚکُر</wf>
		<wf pos="SYM">۔</wf>
</sentence>
<sentence s_id="19">
		<wf pos="JJ" sense_id="3">موٚکُرن</wf>
		<wf pos="PSP">ہِنٛزِ</wf>
		<wf pos="NN">صحبتہِ</wf>
		<wf pos="PSP">نِش</wf>
		<wf pos="VAUX">گَژھہِ</wf>
		<wf pos="RB">دوٗر</wf>
		<wf pos="VM">روزُن</wf>
		<wf pos="SYM">۔</wf>
</sentence>
<sentence s_id="20">
		<wf pos="JJ" sense_id="3">موٚکُر</wf>
		<wf pos="NN">نَفَر</wf>
		<wf pos="VM">چھِنہٕ</wf>
		<wf pos="NN">زٔلیٖل</wf>
		<wf pos="NN">کٲم</wf>
		<wf pos="VM">کَرنَس</wf>
		<wf pos="VM">ہِچکِچاوان</wf>
		<wf pos="SYM">۔</wf>
</sentence>
<sentence s_id="21">
		<wf pos="JJ" sense_id="3">موٚکُر</wf>
		<wf pos="NN">نَفَر</wf>
		<wf pos="VM">چھِنہٕ</wf>
		<wf pos="NN">زٔلیٖل</wf>
		<wf pos="NN">کٲم</wf>
		<wf pos="VM">کَرنَس</wf>
		<wf pos="VM">ہِچکِچاوان</wf>
		<wf pos="SYM">۔</wf>
</sentence>
<sentence s_id="22">
		<wf pos="PRP">چون</wf>
		<wf pos="JJ" sense_id="3">موٚکُر</wf>
		<wf pos="NN">پَن</wf>
		<wf pos="VAUX">چُھ</wf>
		<wf pos="PRP">چانہِ</wf>
		<wf pos="NN">حَرکَتہِ</wf>
		<wf pos="PSP">سۭتۍ</wf>
		<wf pos="NN">نَظرِ</wf>
		<wf pos="VM">گَژھان</wf>
		<wf pos="SYM">۔</wf>
</sentence>
<sentence s_id="23">
		<wf pos="VM">پیٛاناونٕچ</wf>
		<wf pos="NN">کٲم</wf>
		<wf pos="CC">بیٚیہِ</wf>
		<wf pos="PRP">کٲنٛسہِ</wf>
		<wf pos="PSP">اَتھِ</wf>
		<wf pos="NN">کرناوٕنۍ:مِلکِیت</wf>
		<wf pos="VM">حٲصِل</wf>
		<wf pos="VM">کرنہٕ</wf>
		<wf pos="PSP">خٲطرٕ</wf>
		<wf pos="VM">پیٛانوو</wf>
		<wf pos="JJ" sense_id="3">موٚکُر</wf>
		<wf pos="NN">نیٚچِو</wf>
		<wf pos="PRP">پنُن</wf>
		<wf pos="NN">مول</wf>
		<wf pos="NN">پَشہٕ</wf>
		<wf pos="PSP">پٮ۪ٹھۍ</wf>
		<wf pos="SYM">۔</wf>
</sentence>
<sentence s_id="24">
		<wf pos="JJ" sense_id="3">موٚکُرن</wf>
		<wf pos="NN">لُکَن</wf>
		<wf pos="PSP">ہٕنٛز</wf>
		<wf pos="NN">صحبَت</wf>
		<wf pos="NEG">چَھنہٕ</wf>
		<wf pos="PRP">جانسُہ</wf>
		<wf pos="VAUX">چُھ</wf>
		<wf pos="QC">اَکھ</wf>
		<wf pos="JJ">خَراب</wf>
		<wf pos="NN">اِنساناَسہِ</wf>
		<wf pos="VM">پَزِنہٕ</wf>
		<wf pos="JJ">خَراب</wf>
		<wf pos="NN">کٲم</wf>
		<wf pos="VM">کَرٕنۍ</wf>
		<wf pos="SYM">۔</wf>
</sentence>
<sentence s_id="25">
		<wf pos="JJ" sense_id="3">موٚکُرن</wf>
		<wf pos="NN">خَبَر</wf>
		<wf pos="VM">بوٗزِتھ</wf>
		<wf pos="JJ">بِگریوو</wf>
		<wf pos="PRP">تٔمِس</wf>
		<wf pos="VM">بُتھٕے</wf>
		<wf pos="SYM">۔</wf>
</sentence>
<sentence s_id="26">
		<wf pos="JJ" sense_id="3">موٚکُرن</wf>
		<wf pos="NN">لُکَن</wf>
		<wf pos="PSP">ہٕنٛز</wf>
		<wf pos="NN">صحبَت</wf>
		<wf pos="NEG">چَھنہٕ</wf>
		<wf pos="PRP">جانسُہ</wf>
		<wf pos="VAUX">چُھ</wf>
		<wf pos="QC">اَکھ</wf>
		<wf pos="JJ">خَراب</wf>
		<wf pos="NN">اِنساناَسہِ</wf>
		<wf pos="VM">پَزِنہٕ</wf>
		<wf pos="JJ">خَراب</wf>
		<wf pos="NN">کٲم</wf>
		<wf pos="VM">کَرٕنۍ</wf>
		<wf pos="SYM">۔</wf>
</sentence>
<sentence s_id="27">
		<wf pos="NNP">بےدیٖن</wf>
		<wf pos="NN">لُکھ</wf>
		<wf pos="VAUX">چھِ</wf>
		<wf pos="JJ" sense_id="3">موٚکُرن</wf>
		<wf pos="NN">کامین</wf>
		<wf pos="PSP">منٛز</wf>
		<wf pos="NN">مُلَوِس</wf>
		<wf pos="VM">آسان</wf>
		<wf pos="SYM">۔</wf>
</sentence>
<sentence s_id="28">
		<wf pos="PRP">سُہ</wf>
		<wf pos="VAUX">چُھ</wf>
		<wf pos="VM">پَنٕن</wf>
		<wf pos="NN">زندگی</wf>
		<wf pos="INTF">سخت</wf>
		<wf pos="JJ" sense_id="3">موٚکُرن</wf>
		<wf pos="NN">حالتہ</wf>
		<wf pos="PSP">منز</wf>
		<wf pos="VM">گُزاران</wf>
		<wf pos="SYM">۔</wf>
</sentence>
<sentence s_id="29">
		<wf pos="PRP">کُنہِ</wf>
		<wf pos="NN">چیزٕچ</wf>
		<wf pos="JJ">زیادٕ</wf>
		<wf pos="NN">لالٕچ</wf>
		<wf pos="VM">کَرٕنۍ</wf>
		<wf pos="VAUX">چُھ</wf>
		<wf pos="NN">غلطلالٕچ</wf>
		<wf pos="VAUX">چھٚے</wf>
		<wf pos="JJ" sense_id="2">موٚکُر</wf>
		<wf pos="QF">بلاے</wf>
		<wf pos="SYM">۔</wf>
</sentence>
<sentence s_id="30">
		<wf pos="NN">قٕسمَتَن</wf>
		<wf pos="VM">ہٲوۍ</wf>
		<wf pos="PRP">اَسہِ</wf>
		<wf pos="JJ">واریاہ</wf>
		<wf pos="JJ" sense_id="3">موٚکُرن</wf>
		<wf pos="NN">دۄہ</wf>
		<wf pos="NN">بختَن</wf>
		<wf pos="VM">ہوو</wf>
		<wf pos="PRP">اَسہِ</wf>
		<wf pos="JJ">واریاہ</wf>
		<wf pos="JJ" sense_id="3">موٚکُرن</wf>
		<wf pos="NN">وقت</wf>
		<wf pos="SYM">۔</wf>
</sentence>
<sentence s_id="31">
		<wf pos="NN">کوکیٖن</wf>
		<wf pos="PSP">سۭتۍ</wf>
		<wf pos="VAUX">چُھ</wf>
		<wf pos="NN">جِسمَس</wf>
		<wf pos="PSP">پٮ۪ٹھ</wf>
		<wf pos="JJ" sense_id="3">موٚکُرن</wf>
		<wf pos="NN">اَثَر</wf>
		<wf pos="VM">پٮ۪وان</wf>
		<wf pos="SYM">۔</wf>
</sentence>
<sentence s_id="32">
		<wf pos="RB">بَتَمیٖزی</wf>
		<wf pos="VAUX">ہٮ۪کہٕ</wf>
		<wf pos="NEG">نہٕ</wf>
		<wf pos="PRP">بہٕ</wf>
		<wf pos="NN">بَرداش</wf>
		<wf pos="CC">کٔرِتھژےٚ</wf>
		<wf pos="NNC">میلی</wf>
		<wf pos="NN">چانٮ۪ن</wf>
		<wf pos="JJ" sense_id="3">موٚکُرن</wf>
		<wf pos="NN">کامٮ۪ن</wf>
		<wf pos="PSP">ہُنٛد</wf>
		<wf pos="NN">سَزا</wf>
		<wf pos="SYM">۔</wf>
</sentence>
<sentence s_id="33">
		<wf pos="NN">نیٚچِوۍ</wf>
		<wf pos="PSP">سٕنٛدِ</wf>
		<wf pos="NN">مَرنٕچ</wf>
		<wf pos="PSP">ہِش</wf>
		<wf pos="JJ" sense_id="4">موٚکُر</wf>
		<wf pos="NN">خبر</wf>
		<wf pos="VM">بوٗزِتھ</wf>
		<wf pos="VAUX">گٔیہِ</wf>
		<wf pos="PRP">سۄ</wf>
		<wf pos="NN">بےٚہوش</wf>
		<wf pos="SYM">۔</wf>
</sentence>
<sentence s_id="34">
		<wf pos="JJ" sense_id="4">موٚکُر</wf>
		<wf pos="NN">خَبرِ</wf>
		<wf pos="PSP">نِش</wf>
		<wf pos="INTF">گَژھہٕ</wf>
		<wf pos="NN">خۄدا</wf>
		<wf pos="VM">بَچاوُن</wf>
		<wf pos="SYM">۔</wf>
</sentence>
<sentence s_id="35">
		<wf pos="RB">پَیدل</wf>
		<wf pos="NN">فوٗجِس</wf>
		<wf pos="VAUX">اوس</wf>
		<wf pos="NN">ترٛیشہِ</wf>
		<wf pos="PSP">سۭتۍ</wf>
		<wf pos="JJ" sense_id="6">موٚکُر</wf>
		<wf pos="NN">حال</wf>
		<wf pos="SYM">۔</wf>
</sentence>
<sentence s_id="36">
		<wf pos="PRP">کُنہِ</wf>
		<wf pos="NN">چیزٕچ</wf>
		<wf pos="JJ">زیادٕ</wf>
		<wf pos="NN">لالٕچ</wf>
		<wf pos="VM">کَرٕنۍ</wf>
		<wf pos="VAUX">چُھ</wf>
		<wf pos="NN">غلطلالٕچ</wf>
		<wf pos="VAUX">چھٚے</wf>
		<wf pos="JJ" sense_id="2">موٚکُر</wf>
		<wf pos="QF">بلاے</wf>
		<wf pos="SYM">۔</wf>
</sentence>
<sentence s_id="37">
		<wf pos="NN">ماجہِ</wf>
		<wf pos="VAUX">چُھ</wf>
		<wf pos="PRP">پننِس</wf>
		<wf pos="NN">بچَس</wf>
		<wf pos="NN">لُکَن</wf>
		<wf pos="PSP">ہٕنٛدِ</wf>
		<wf pos="JJ" sense_id="3">موٚکُرن</wf>
		<wf pos="NN">نَظرٕ</wf>
		<wf pos="PSP">نِش</wf>
		<wf pos="VM">بچاونہٕ</wf>
		<wf pos="PSP">خٲطرٕ</wf>
		<wf pos="VM">کرہُن</wf>
		<wf pos="VAUX">ٹیوٚک</wf>
		<wf pos="VM">تروومُت</wf>
		<wf pos="SYM">۔</wf>
</sentence>
<sentence s_id="38">
		<wf pos="JJ" sense_id="3">موٚکُرن</wf>
		<wf pos="NN">خَبَر</wf>
		<wf pos="VM">بوٗزِتھ</wf>
		<wf pos="JJ">بِگریوو</wf>
		<wf pos="PRP">تٔمِس</wf>
		<wf pos="VM">بُتھٕے</wf>
		<wf pos="SYM">۔</wf>
</sentence>
<sentence s_id="39">
		<wf pos="JJ" sense_id="3">موٚکُرن</wf>
		<wf pos="NN">لُکَن</wf>
		<wf pos="PSP">ہٕنٛز</wf>
		<wf pos="NN">صحبَت</wf>
		<wf pos="NEG">چَھنہٕ</wf>
		<wf pos="PRP">جانسُہ</wf>
		<wf pos="VAUX">چُھ</wf>
		<wf pos="QC">اَکھ</wf>
		<wf pos="JJ">خَراب</wf>
		<wf pos="NN">اِنساناَسہِ</wf>
		<wf pos="VM">پَزِنہٕ</wf>
		<wf pos="JJ">خَراب</wf>
		<wf pos="NN">کٲم</wf>
		<wf pos="VM">کَرٕنۍ</wf>
		<wf pos="SYM">۔</wf>
</sentence>
<sentence s_id="40">
		<wf pos="PRP">کانٛہہ</wf>
		<wf pos="NN">چیٖز</wf>
		<wf pos="VM">زٕلنہٕ</wf>
		<wf pos="RB">پَتہٕ</wf>
		<wf pos="VM">نیرَن</wf>
		<wf pos="PSP">وول</wf>
		<wf pos="DEM">تیٚمُیک</wf>
		<wf pos="NN">چوٗرٕ:لٔکرِ</wf>
		<wf pos="PSP">ہُنٛد</wf>
		<wf pos="JJ" sense_id="3">موٚکُرن</wf>
		<wf pos="VAUX">چُھ</wf>
		<wf pos="NN">داں</wf>
		<wf pos="VM">زالنَس</wf>
		<wf pos="VM">لَگان</wf>
		<wf pos="SYM">۔</wf>
</sentence>
<sentence s_id="41">
		<wf pos="NN">رامہٕ</wf>
		<wf pos="PSP">سٕنٛدِ</wf>
		<wf pos="JJ" sense_id="3">موٚکُرن</wf>
		<wf pos="VAUX">یَژھنہٕ</wf>
		<wf pos="NN">پَتٕتہٕ</wf>
		<wf pos="VAUX">گو</wf>
		<wf pos="NN">شام</wf>
		<wf pos="PRP">پَنٛنِس</wf>
		<wf pos="NN">مَقصَدَس</wf>
		<wf pos="PSP">منٛز</wf>
		<wf pos="JJ">کامیاب</wf>
		<wf pos="SYM">۔</wf>
</sentence>
<sentence s_id="42">
		<wf pos="NNP">بےدیٖن</wf>
		<wf pos="NN">لُکھ</wf>
		<wf pos="VAUX">چھِ</wf>
		<wf pos="JJ" sense_id="3">موٚکُرن</wf>
		<wf pos="NN">کامین</wf>
		<wf pos="PSP">منٛز</wf>
		<wf pos="NN">مُلَوِس</wf>
		<wf pos="VM">آسان</wf>
		<wf pos="SYM">۔</wf>
</sentence>
<sentence s_id="43">
		<wf pos="PRP">بہٕ</wf>
		<wf pos="VAUX">چُھس</wf>
		<wf pos="JJ" sense_id="3">موٚکُرن</wf>
		<wf pos="NN">صحبت</wf>
		<wf pos="PSP">نِش</wf>
		<wf pos="VM">بَچان</wf>
		<wf pos="SYM">۔</wf>
</sentence>
<sentence s_id="44">
		<wf pos="PRP">مےٚ</wf>
		<wf pos="VM">لوٚگ</wf>
		<wf pos="INTF">سٮ۪ٹھاہ</wf>
		<wf pos="JJ" sense_id="2">موٚکُر</wf>
		<wf pos="PRP">تٔمۍ</wf>
		<wf pos="PSP">سُنٛد</wf>
		<wf pos="VM">روٗشِتھ</wf>
		<wf pos="VM">نیرُن</wf>
		<wf pos="SYM">۔</wf>
</sentence>
<sentence s_id="45">
		<wf pos="NN">قٕسمَتَن</wf>
		<wf pos="VM">ہٲوۍ</wf>
		<wf pos="PRP">اَسہِ</wf>
		<wf pos="JJ">واریاہ</wf>
		<wf pos="JJ" sense_id="3">موٚکُرن</wf>
		<wf pos="NN">دۄہ</wf>
		<wf pos="NN">بختَن</wf>
		<wf pos="VM">ہوو</wf>
		<wf pos="PRP">اَسہِ</wf>
		<wf pos="JJ">واریاہ</wf>
		<wf pos="JJ" sense_id="3">موٚکُرن</wf>
		<wf pos="NN">وقت</wf>
		<wf pos="SYM">۔</wf>
</sentence>
<sentence s_id="46">
		<wf pos="NN">مشت</wf>
		<wf pos="PSP">زٔنی</wf>
		<wf pos="VAUX">چھِ</wf>
		<wf pos="NN">اِنسان</wf>
		<wf pos="PSP">سٕنٛدِس</wf>
		<wf pos="NN">جِسمَس</wf>
		<wf pos="PSP">پٮ۪ٹھ</wf>
		<wf pos="JJ" sense_id="3">موٚکُرن</wf>
		<wf pos="NN">اثَر</wf>
		<wf pos="VM">ترٛاوان</wf>
		<wf pos="SYM">۔</wf>
</sentence>
<sentence s_id="47">
		<wf pos="JJ" sense_id="3">موٚکُرن</wf>
		<wf pos="NN">صحبت</wf>
		<wf pos="VAUX">چھےٚ</wf>
		<wf pos="JJ">اَصٕل</wf>
		<wf pos="NN">لُکن</wf>
		<wf pos="RP">تہِ</wf>
		<wf pos="NN">وتہِ</wf>
		<wf pos="VM">ڈالان</wf>
		<wf pos="SYM">۔</wf>
</sentence>
<sentence s_id="48">
		<wf pos="NN">سماجس</wf>
		<wf pos="PSP">منٛز</wf>
		<wf pos="RB">ازکل</wf>
		<wf pos="PSP">چہِ</wf>
		<wf pos="JJ" sense_id="3">موٚکُرن</wf>
		<wf pos="NN">ریواج</wf>
		<wf pos="VAUX">گژھن</wf>
		<wf pos="NNC">موٗلہٕ</wf>
		<wf pos="NN">مۄنجہِ</wf>
		<wf pos="VM">ختم</wf>
		<wf pos="VM">کرنہٕ</wf>
		<wf pos="VM">یِنۍ</wf>
		<wf pos="SYM">۔</wf>
</sentence>
<sentence s_id="49">
		<wf pos="JJ" sense_id="1">موٚکُر</wf>
		<wf pos="VM">کوٚرمُت</wf>
		<wf pos="PRP">کَھنٛڈ:تیٚمۍ</wf>
		<wf pos="VM">بَنوو</wf>
		<wf pos="JJ" sense_id="3">موٚکُرن</wf>
		<wf pos="NN">لوٚدوٗ</wf>
		<wf pos="VM">بَناونہٕ</wf>
		<wf pos="PSP">خٲطرٕ</wf>
		<wf pos="SYM">۔</wf>
</sentence>
<sentence s_id="50">
		<wf pos="NN">سٕپینُٕک</wf>
		<wf pos="VM">روزَن</wf>
		<wf pos="PRP">وول:تٔمۍ</wf>
		<wf pos="VM">کوٚر</wf>
		<wf pos="NN">أکِس</wf>
		<wf pos="NNC">سٕپین</wf>
		<wf pos="NN">کِس</wf>
		<wf pos="PSP">سۭتۍ</wf>
		<wf pos="JJ" sense_id="3">موٚکُرن</wf>
		<wf pos="NN">بَرتاو</wf>
		<wf pos="SYM">۔</wf>
</sentence>
<sentence s_id="51">
		<wf pos="NN">آٹومیشنہٕ</wf>
		<wf pos="PSP">سٕتۍ</wf>
		<wf pos="VM">پیٚوو</wf>
		<wf pos="JJ">روٲجی</wf>
		<wf pos="NN">کاربارَن</wf>
		<wf pos="PSP">پٮ۪ٹھ</wf>
		<wf pos="JJ" sense_id="3">موٚکُرن</wf>
		<wf pos="NN">اثَر</wf>
		<wf pos="SYM">۔</wf>
</sentence>
<sentence s_id="52">
		<wf pos="JJ" sense_id="1">موٚکُرن</wf>
		<wf pos="CC">یا</wf>
		<wf pos="JJ">خراب</wf>
		<wf pos="NN">صحبت:“</wf>
		<wf pos="JJ">خراب</wf>
		<wf pos="NN">شخص</wf>
		<wf pos="VAUX">چُھ</wf>
		<wf pos="NN">سماج</wf>
		<wf pos="PSP">خٲطرٕ</wf>
		<wf pos="NN">نقصان</wf>
		<wf pos="QC">دہ</wf>
		<wf pos="VM">آسان“</wf>
		<wf pos="SYM">۔</wf>
</sentence>
<sentence s_id="53">
		<wf pos="JJ">ؤلٹہٕ</wf>
		<wf pos="PRP">خیالات:تٔمِس</wf>
		<wf pos="VAUX">چِھ</wf>
		<wf pos="RB">صِرف</wf>
		<wf pos="NN">دٮ۪ماغَس</wf>
		<wf pos="PSP">منٛز</wf>
		<wf pos="JJ" sense_id="1">موٚکُرن</wf>
		<wf pos="NN">خیال</wf>
		<wf pos="VM">یِوان</wf>
		<wf pos="SYM">۔</wf>
</sentence>
<sentence s_id="54">
		<wf pos="NN">ہِنٛدوٚستانکِس</wf>
		<wf pos="NN">ۂریانا</wf>
		<wf pos="NN">علاقُک</wf>
		<wf pos="QC">اَکھ</wf>
		<wf pos="JJ">شہر:جیٖنٛد</wf>
		<wf pos="NN">شہرَس</wf>
		<wf pos="PSP">مَنٛز</wf>
		<wf pos="VAUX">چُھ</wf>
		<wf pos="NN">بِجلی</wf>
		<wf pos="PSP">ہٕنٛزِ</wf>
		<wf pos="NN">کٔمی</wf>
		<wf pos="VM">کِنۍ</wf>
		<wf pos="NN">بَچَن</wf>
		<wf pos="PSP">ہٕنٛز</wf>
		<wf pos="RB">پڑٲے</wf>
		<wf pos="PSP">پٮ۪ٹھ</wf>
		<wf pos="JJ" sense_id="3">موٚکُرن</wf>
		<wf pos="NN">اَثَر</wf>
		<wf pos="SYM">۔</wf>
</sentence>
<sentence s_id="55">
		<wf pos="JJ" sense_id="3">موٚکُرن</wf>
		<wf pos="NN">نفرن</wf>
		<wf pos="PSP">ہِنٛزِ</wf>
		<wf pos="NN">صحبتہِ</wf>
		<wf pos="PSP">نِش</wf>
		<wf pos="VAUX">گَژھہِ</wf>
		<wf pos="VM">بچُن</wf>
		<wf pos="SYM">۔</wf>
</sentence>
<sentence s_id="56">
		<wf pos="NN">غلَط</wf>
		<wf pos="CC">یا</wf>
		<wf pos="JJ" sense_id="3">موٚکُرن</wf>
		<wf pos="NN">فِطرَت:بُرٕ</wf>
		<wf pos="NN">فِطرَت</wf>
		<wf pos="NN">وولِس</wf>
		<wf pos="PSP">سۭتۍ</wf>
		<wf pos="NN">گژھٕ</wf>
		<wf pos="NN">ترَک</wf>
		<wf pos="VM">کرُن</wf>
		<wf pos="SYM">۔</wf>
</sentence>
<sentence s_id="57">
		<wf pos="JJ">واریاہ</wf>
		<wf pos="JJ" sense_id="3">موٚکُرن</wf>
		<wf pos="POW">پٲٹھۍ</wf>
		<wf pos="JJ">تباہ</wf>
		<wf pos="NN">گژُھن:آز</wf>
		<wf pos="NN">کَل</wf>
		<wf pos="VAUX">چُھ</wf>
		<wf pos="PRP">سٲنِس</wf>
		<wf pos="NN">روزگارَس</wf>
		<wf pos="PSP">منٛز</wf>
		<wf pos="NN">نار</wf>
		<wf pos="VM">لوٚگمُت</wf>
		<wf pos="SYM">۔</wf>
</sentence>
<sentence s_id="58">
		<wf pos="JJ" sense_id="3">موٚکُرن</wf>
		<wf pos="POW">پٲٹھۍ</wf>
		<wf pos="JJ">ناکام</wf>
		<wf pos="NN">گژُھن:بُرٕ</wf>
		<wf pos="NN">کامہِ</wf>
		<wf pos="VM">کَرنہٕ</wf>
		<wf pos="VM">کٕنۍ</wf>
		<wf pos="VM">پیٚو</wf>
		<wf pos="PRP">سُہ</wf>
		<wf pos="NN">بٕتھ</wf>
		<wf pos="VM">کٕنۍ</wf>
		<wf pos="SYM">۔</wf>
</sentence>
<sentence s_id="59">
		<wf pos="JJ" sense_id="4">موٚکُرن</wf>
		<wf pos="VM">ؤنِتھ</wf>
		<wf pos="NN">شرمَنٛدٕ</wf>
		<wf pos="QC">کَرُن:مُخالِفَتَن</wf>
		<wf pos="JJ">رٕٹ</wf>
		<wf pos="NN">حکوٗمَت</wf>
		<wf pos="JJ">ؤلٹہٕ</wf>
		<wf pos="POW">پٲٹھۍ</wf>
		<wf pos="SYM">۔</wf>
</sentence>
<sentence s_id="60">
		<wf pos="PRP">کُنہِ</wf>
		<wf pos="JJ" sense_id="4">موٚکُرن</wf>
		<wf pos="NN">حالاتہِ</wf>
		<wf pos="PSP">منٛز</wf>
		<wf pos="NN">مُلَوَس</wf>
		<wf pos="VAUX">گَژھنہٕ</wf>
		<wf pos="VM">کِنۍ</wf>
		<wf pos="NN">تکلیٖف</wf>
		<wf pos="CC">یا</wf>
		<wf pos="NN">دُکھ</wf>
		<wf pos="NN">محسوٗس</wf>
		<wf pos="PRP">کَرُن:تٔمِس</wf>
		<wf pos="QC">پےٚ</wf>
		<wf pos="NN">اِز</wf>
		<wf pos="VM">پَنہِ</wf>
		<wf pos="NN">زنٛدَگی</wf>
		<wf pos="PSP">ہِنٛد</wf>
		<wf pos="JJ">تمام</wf>
		<wf pos="NN">تقلیٖفَن</wf>
		<wf pos="PSP">ہِنٛد</wf>
		<wf pos="NN">دُکھ</wf>
		<wf pos="NN">یاد</wf>
		<wf pos="SYM">۔</wf>
</sentence>
<sentence s_id="61">
		<wf pos="JJ" sense_id="3">موٚکُر</wf>
		<wf pos="NN">اثَر</wf>
		<wf pos="NN">گژُھن:امریٖکَس</wf>
		<wf pos="VAUX">پیوٚ</wf>
		<wf pos="JJ">اقتِصٲدی</wf>
		<wf pos="NN">بحرانٕچ</wf>
		<wf pos="NN">مار</wf>
		<wf pos="SYM">۔</wf>
</sentence>
<sentence s_id="62">
		<wf pos="NN">شہرن</wf>
		<wf pos="PSP">منٛز</wf>
		<wf pos="VAUX">چھِ</wf>
		<wf pos="NN">کھۄپرِ</wf>
		<wf pos="PSP">وٲلۍ</wf>
		<wf pos="JJ" sense_id="2">موٚکُر</wf>
		<wf pos="NN">ماحولس</wf>
		<wf pos="PSP">منٛز</wf>
		<wf pos="NN">زِنٛدٕگی</wf>
		<wf pos="VM">گُزاران</wf>
		<wf pos="SYM">۔</wf>
</sentence>
<sentence s_id="63">
		<wf pos="PRP">مےٚ</wf>
		<wf pos="VAUX">گو</wf>
		<wf pos="DEM">تَتھ</wf>
		<wf pos="NN">کُٹھِس</wf>
		<wf pos="PSP">منٛز</wf>
		<wf pos="JJ">دَمیِتھِس</wf>
		<wf pos="JJ" sense_id="2">موٚکُر</wf>
		<wf pos="NN">ماحولَس</wf>
		<wf pos="PSP">منٛز</wf>
		<wf pos="VAUX">چُھ</wf>
		<wf pos="PRP">مےٚ</wf>
		<wf pos="NN">دَم</wf>
		<wf pos="VM">گَژھان</wf>
		<wf pos="SYM">۔</wf>
</sentence>
<sentence s_id="64">
		<wf pos="JJ" sense_id="2">موٚکُر</wf>
		<wf pos="NN">بَچَن</wf>
		<wf pos="PSP">سۭتۍ</wf>
		<wf pos="NN">مَہ</wf>
		<wf pos="PSP">گِنٛد</wf>
		<wf pos="SYM">۔</wf>
</sentence>
<sentence s_id="65">
		<wf pos="NNP">ہِنٛدو</wf>
		<wf pos="NN">مزہبہٕ</wf>
		<wf pos="PSP">مُطٲبِق</wf>
		<wf pos="VAUX">چھٚے</wf>
		<wf pos="PRP">کانٛہہ</wf>
		<wf pos="RP">تہِ</wf>
		<wf pos="JJ" sense_id="5">موٚکُر</wf>
		<wf pos="NN">جاے</wf>
		<wf pos="NN">گنٛگا</wf>
		<wf pos="NN">جَل</wf>
		<wf pos="VM">ترٛٲوِتھ</wf>
		<wf pos="JJ" sense_id="1">موٚکُر</wf>
		<wf pos="VM">گَژھان</wf>
		<wf pos="SYM">۔</wf>
</sentence>
<sentence s_id="66">
		<wf pos="NNP">ہِنٛدو</wf>
		<wf pos="NN">مزہبہٕ</wf>
		<wf pos="PSP">مُطٲبِق</wf>
		<wf pos="VAUX">چھٚے</wf>
		<wf pos="PRP">کانٛہہ</wf>
		<wf pos="RP">تہِ</wf>
		<wf pos="JJ" sense_id="5">موٚکُر</wf>
		<wf pos="NN">جاے</wf>
		<wf pos="NN">گنٛگا</wf>
		<wf pos="NN">جَل</wf>
		<wf pos="VM">ترٛٲوِتھ</wf>
		<wf pos="NN">پاکھ</wf>
		<wf pos="VM">گَژھان</wf>
		<wf pos="SYM">۔</wf>
</sentence>
<sentence s_id="67">
		<wf pos="PRP">سۄ</wf>
		<wf pos="NN">جاے</wf>
		<wf pos="DEM">یۄس</wf>
		<wf pos="NEG">نہٕ</wf>
		<wf pos="NN">پاکھ</wf>
		<wf pos="NN">آسہِ:مَزۂبی</wf>
		<wf pos="VM">مانُن</wf>
		<wf pos="VAUX">چُھ</wf>
		<wf pos="DEM">یہِ</wf>
		<wf pos="CC">زِ</wf>
		<wf pos="NN">جِنیات</wf>
		<wf pos="VAUX">چھہِ</wf>
		<wf pos="JJ" sense_id="5">موٚکُر</wf>
		<wf pos="NN">جایہِ</wf>
		<wf pos="NN">گَرٕ</wf>
		<wf pos="VM">کَران</wf>
		<wf pos="SYM">۔</wf>
</sentence>
<sentence s_id="68">
		<wf pos="NNP">ہِنٛدو</wf>
		<wf pos="NN">مزہبہٕ</wf>
		<wf pos="PSP">مُطٲبِق</wf>
		<wf pos="VAUX">چھٚے</wf>
		<wf pos="PRP">کانٛہہ</wf>
		<wf pos="RP">تہِ</wf>
		<wf pos="JJ" sense_id="5">موٚکُر</wf>
		<wf pos="NN">جاے</wf>
		<wf pos="NN">گنٛگا</wf>
		<wf pos="NN">جَل</wf>
		<wf pos="VM">ترٛٲوِتھ</wf>
		<wf pos="NN">پاکھ</wf>
		<wf pos="VM">گَژھان</wf>
		<wf pos="SYM">۔</wf>
</sentence>
<sentence s_id="69">
		<wf pos="NNPC">کَنُک</wf>
		<wf pos="NNP">گوٚد</wf>
		<wf pos="VAUX">پَزِ</wf>
		<wf pos="JJ" sense_id="1">موٚکُر</wf>
		<wf pos="VM">تھاوُن</wf>
		<wf pos="SYM">۔</wf>
</sentence>
<sentence s_id="70">
		<wf pos="PRP">تٔمۍ</wf>
		<wf pos="VM">لٲگۍ</wf>
		<wf pos="JJ" sense_id="1">موٚکُر</wf>
		<wf pos="NN">پَلَو</wf>
		<wf pos="SYM">۔</wf>
</sentence>
<sentence s_id="71">
		<wf pos="RB">اَز</wf>
		<wf pos="NN">کَل</wf>
		<wf pos="VAUX">چُھ</wf>
		<wf pos="NN">بازرَس</wf>
		<wf pos="PSP">منٛز</wf>
		<wf pos="JJ" sense_id="1">موٚکُر</wf>
		<wf pos="POW">سودَہ</wf>
		<wf pos="VM">مِلُن</wf>
		<wf pos="JJ">مُشکِل</wf>
		<wf pos="SYM">۔</wf>
</sentence>
<sentence s_id="72">
		<wf pos="NN">ماجہِ</wf>
		<wf pos="PSP">ہِنٛزٕ</wf>
		<wf pos="JJ" sense_id="1">موٚکُر</wf>
		<wf pos="NN">کَتھہٕ</wf>
		<wf pos="VM">بوٗزِتھ</wf>
		<wf pos="VM">گٔیس</wf>
		<wf pos="PRP">بہٕ</wf>
		<wf pos="JJ">فارِغ</wf>
		<wf pos="SYM">۔</wf>
</sentence>
<sentence s_id="73">
		<wf pos="PRP">سُہ</wf>
		<wf pos="VAUX">چُھ</wf>
		<wf pos="PRP">بنٛد</wf>
		<wf pos="NN">نٲلۍ</wf>
		<wf pos="JJ" sense_id="1">موٚکُر</wf>
		<wf pos="VM">کران</wf>
		<wf pos="SYM">۔</wf>
</sentence>
<sentence s_id="74">
		<wf pos="NN">کُلۍ</wf>
		<wf pos="VAUX">چھہِ</wf>
		<wf pos="NN">ماحول</wf>
		<wf pos="JJ" sense_id="1">موٚکُر</wf>
		<wf pos="NN">تھاوانشام</wf>
		<wf pos="PSP">سٕنٛدِس</wf>
		<wf pos="NN">باغَس</wf>
		<wf pos="PSP">منٛز</wf>
		<wf pos="VM">چھہٕ</wf>
		<wf pos="JJ">واریاہ</wf>
		<wf pos="NN">طٔریٖقَن</wf>
		<wf pos="PSP">ہٕنٛدۍ</wf>
		<wf pos="NN">کُلۍ</wf>
		<wf pos="SYM">۔</wf>
</sentence>
<sentence s_id="75">
		<wf pos="PRP">سُہ</wf>
		<wf pos="VAUX">چُھ</wf>
		<wf pos="JJ">مَل</wf>
		<wf pos="JJ" sense_id="1">موٚکُر</wf>
		<wf pos="VM">کَرنہٕ</wf>
		<wf pos="PSP">خٲطرٕ</wf>
		<wf pos="NN">دۄہَے</wf>
		<wf pos="VM">صابنہِ</wf>
		<wf pos="PSP">سۭتۍ</wf>
		<wf pos="VM">سران</wf>
		<wf pos="VM">کران</wf>
		<wf pos="SYM">۔</wf>
</sentence>
<sentence s_id="76">
		<wf pos="NN">پَلوَن</wf>
		<wf pos="JJ">مَل</wf>
		<wf pos="JJ" sense_id="1">موٚکُر</wf>
		<wf pos="VM">کَرنہٕ</wf>
		<wf pos="PSP">خٲطرٕ</wf>
		<wf pos="NN">گَژَھن</wf>
		<wf pos="DEM">یِم</wf>
		<wf pos="NN">صابنہِ</wf>
		<wf pos="PSP">سۭتۍ</wf>
		<wf pos="VM">چَھلٕنۍ</wf>
		<wf pos="SYM">۔</wf>
</sentence>
<sentence s_id="77">
		<wf pos="PRP">تٔمۍ</wf>
		<wf pos="PSP">سٕنٛدِ</wf>
		<wf pos="VM">مَنُک</wf>
		<wf pos="NN">مٔکریار</wf>
		<wf pos="VAUX">ہیکو</wf>
		<wf pos="NEG">نہٕ</wf>
		<wf pos="JJ" sense_id="1">موٚکُر</wf>
		<wf pos="VM">کٔرِتھ</wf>
		<wf pos="SYM">۔</wf>
</sentence>
<sentence s_id="78">
		<wf pos="NN">گان</wf>
		<wf pos="VAUX">گَژھنہٕ</wf>
		<wf pos="DEM">دُہٲے</wf>
		<wf pos="JJ" sense_id="1">موٚکُر</wf>
		<wf pos="VM">کَرُن</wf>
		<wf pos="SYM">۔</wf>
</sentence>
<sentence s_id="79">
		<wf pos="NN">زۄوَن</wf>
		<wf pos="PSP">نِش</wf>
		<wf pos="NN">بَچنہٕ</wf>
		<wf pos="PSP">خٲطرٕ</wf>
		<wf pos="NN">پَزٕ</wf>
		<wf pos="NN">مَس</wf>
		<wf pos="JJ" sense_id="1">موٚکُر</wf>
		<wf pos="VM">تھاوُن</wf>
		<wf pos="SYM">۔</wf>
</sentence>
<sentence s_id="80">
		<wf pos="NN">کٔلیٖنَر</wf>
		<wf pos="VAUX">اوس</wf>
		<wf pos="RB">صُبحٲے</wf>
		<wf pos="RDP">ٹرٛک</wf>
		<wf pos="JJ" sense_id="1">موٚکُر</wf>
		<wf pos="VM">کَران</wf>
		<wf pos="SYM">۔</wf>
</sentence>
<sentence s_id="81">
		<wf pos="NN">جِسمَس</wf>
		<wf pos="PSP">منٛز</wf>
		<wf pos="VM">لَبنہٕ</wf>
		<wf pos="RB">ینہ</wf>
		<wf pos="PSP">وول</wf>
		<wf pos="NEG">نا</wf>
		<wf pos="JJ" sense_id="1">موٚکُر</wf>
		<wf pos="NN">خون</wf>
		<wf pos="VAUX">چُھ</wf>
		<wf pos="NN">رَگو</wf>
		<wf pos="NN">ذٔریعہٕ</wf>
		<wf pos="NN">دٕلس</wf>
		<wf pos="PSP">تام</wf>
		<wf pos="VM">واتان</wf>
		<wf pos="SYM">۔</wf>
</sentence>
<sentence s_id="82">
		<wf pos="PRP">اَسہِ</wf>
		<wf pos="NN">پَزٕ</wf>
		<wf pos="JJ" sense_id="1">موٚکُر</wf>
		<wf pos="NN">رُمال</wf>
		<wf pos="VM">اِستعمال</wf>
		<wf pos="VM">کَرٕنۍ</wf>
		<wf pos="SYM">۔</wf>
</sentence>
<sentence s_id="83">
		<wf pos="PRP">سُہ</wf>
		<wf pos="VAUX">چُھ</wf>
		<wf pos="NN">داجہِ</wf>
		<wf pos="PSP">سۭتۍ</wf>
		<wf pos="JJ">نٲلی</wf>
		<wf pos="JJ" sense_id="1">موٚکُر</wf>
		<wf pos="VM">کَران</wf>
		<wf pos="SYM">۔</wf>
</sentence>
<sentence s_id="84">
		<wf pos="NN">لاگنہِ</wf>
		<wf pos="VM">بَچنہٕ</wf>
		<wf pos="PSP">خٲطرٕ</wf>
		<wf pos="VAUX">پَزِ</wf>
		<wf pos="JJ" sense_id="1">موٚکُر</wf>
		<wf pos="VM">روزُن</wf>
		<wf pos="SYM">۔</wf>
</sentence>
<sentence s_id="85">
		<wf pos="NN">کِریٖل</wf>
		<wf pos="NN">آب</wf>
		<wf pos="VAUX">آو</wf>
		<wf pos="NNPC">لال</wf>
		<wf pos="NNP">دَوٲیی</wf>
		<wf pos="VM">تٔروِتھ</wf>
		<wf pos="JJ" sense_id="1">موٚکُر</wf>
		<wf pos="VM">کَرنہ</wf>
		<wf pos="SYM">۔</wf>
</sentence>
<sentence s_id="86">
		<wf pos="NN">آبَس</wf>
		<wf pos="PSP">منٛز</wf>
		<wf pos="NN">پَھٹکر</wf>
		<wf pos="VM">ترٲوٕتھ</wf>
		<wf pos="VAUX">چُھ</wf>
		<wf pos="NN">آب</wf>
		<wf pos="JJ" sense_id="1">موٚکُر</wf>
		<wf pos="VM">یِوان</wf>
		<wf pos="PSP">کَرنہِ</wf>
		<wf pos="SYM">۔</wf>
</sentence>
<sentence s_id="87">
		<wf pos="PRP">سُہ</wf>
		<wf pos="VAUX">چُھ</wf>
		<wf pos="PRP">چُمنہِ</wf>
		<wf pos="NN">کرٛیہنیار</wf>
		<wf pos="JJ" sense_id="1">موٚکُر</wf>
		<wf pos="VM">کَران</wf>
		<wf pos="SYM">۔</wf>
</sentence>
<sentence s_id="88">
		<wf pos="DEM">ییٚمہِ</wf>
		<wf pos="NN">دٔریاوُک</wf>
		<wf pos="VM">ژوٚک</wf>
		<wf pos="VAUX">چُھ</wf>
		<wf pos="JJ" sense_id="1">موٚکُر</wf>
		<wf pos="VM">بوزنہٕ</wf>
		<wf pos="VAUX">یوان</wf>
		<wf pos="SYM">۔</wf>
</sentence>
<sentence s_id="89">
		<wf pos="VM">رُکِتھ</wf>
		<wf pos="NN">آبس</wf>
		<wf pos="PSP">منٛز</wf>
		<wf pos="VAUX">چھےٚ</wf>
		<wf pos="NN">ژاے</wf>
		<wf pos="JJ" sense_id="1">موٚکُر</wf>
		<wf pos="VM">بوزنہٕ</wf>
		<wf pos="VAUX">یِوان</wf>
		<wf pos="SYM">۔</wf>
</sentence>
<sentence s_id="90">
		<wf pos="PRP">تٔمۍ</wf>
		<wf pos="PSP">سُند</wf>
		<wf pos="JJ" sense_id="1">موٚکُر</wf>
		<wf pos="NN">جواب</wf>
		<wf pos="VM">بوٗزِتھ</wf>
		<wf pos="VAUX">گوس</wf>
		<wf pos="PRP">بہٕ</wf>
		<wf pos="VAUX">ہے</wf>
		<wf pos="POW">بُنگہٕ</wf>
		<wf pos="SYM">۔</wf>
</sentence>
<sentence s_id="91">
		<wf pos="NN">منوہر</wf>
		<wf pos="VAUX">چُھ</wf>
		<wf pos="NN">دٔبِنہ</wf>
		<wf pos="PSP">سۭتۍ</wf>
		<wf pos="NN">ٹھاس</wf>
		<wf pos="VM">دِتھ</wf>
		<wf pos="NN">ییر</wf>
		<wf pos="JJ" sense_id="1">موٚکُر</wf>
		<wf pos="VM">کران</wf>
		<wf pos="SYM">۔</wf>
</sentence>
<sentence s_id="92">
		<wf pos="NN">پنٛکَج</wf>
		<wf pos="VAUX">چُھ</wf>
		<wf pos="NN">گَردِ</wf>
		<wf pos="PSP">منٛز</wf>
		<wf pos="VM">روٗزِتھ</wf>
		<wf pos="RP">تہِ</wf>
		<wf pos="JJ" sense_id="1">موٚکُر</wf>
		<wf pos="VM">روزان</wf>
		<wf pos="SYM">۔</wf>
</sentence>
<sentence s_id="93">
		<wf pos="NN">جواب</wf>
		<wf pos="NNP">کاپی</wf>
		<wf pos="VAUX">گَژھِ</wf>
		<wf pos="JJ" sense_id="1">موٚکُر</wf>
		<wf pos="NN">سُتھرٕ</wf>
		<wf pos="VM">آسٕنۍ</wf>
		<wf pos="CC">تہٕ</wf>
		<wf pos="RB">بیٚیہِ</wf>
		<wf pos="VAUX">گَژھِ</wf>
		<wf pos="NNC">ووتُھن</wf>
		<wf pos="SYM">۔</wf>
</sentence>
<sentence s_id="94">
		<wf pos="NN">ٹوٗلَس</wf>
		<wf pos="PSP">پیٹھ</wf>
		<wf pos="VM">کٔھسِتھ</wf>
		<wf pos="VAUX">چھٚے</wf>
		<wf pos="VM">داے</wf>
		<wf pos="NNPC">فین</wf>
		<wf pos="JJ" sense_id="1">موٚکُر</wf>
		<wf pos="VM">کَران</wf>
		<wf pos="SYM">۔</wf>
</sentence>
<sentence s_id="95">
		<wf pos="PRP">سُہ</wf>
		<wf pos="VAUX">چُھ</wf>
		<wf pos="PRP">پرٛٮ۪تھ</wf>
		<wf pos="NN">دۄہ</wf>
		<wf pos="NN">بُرشہٕ</wf>
		<wf pos="PSP">سۭتۍ</wf>
		<wf pos="NN">دَنٛد</wf>
		<wf pos="JJ" sense_id="1">موٚکُر</wf>
		<wf pos="VM">کَران</wf>
		<wf pos="SYM">۔</wf>
</sentence>
<sentence s_id="96">
		<wf pos="NN">گامُک</wf>
		<wf pos="VM">کُنٕے</wf>
		<wf pos="NN">کرٛیوٗل</wf>
		<wf pos="VAUX">چُھ</wf>
		<wf pos="JJ" sense_id="1">موٚکُر</wf>
		<wf pos="VM">کَرُن</wf>
		<wf pos="SYM">۔</wf>
</sentence>
<sentence s_id="97">
		<wf pos="PRP">پنُن</wf>
		<wf pos="JJ">جِسٕم</wf>
		<wf pos="VAUX">گَژھِ</wf>
		<wf pos="JJ" sense_id="1">موٚکُر</wf>
		<wf pos="VM">تھاوُن</wf>
		<wf pos="SYM">۔</wf>
</sentence>
<sentence s_id="98">
		<wf pos="NN">شُرِس</wf>
		<wf pos="VAUX">چُھ</wf>
		<wf pos="NN">نَستہِ</wf>
		<wf pos="JJ">مَل</wf>
		<wf pos="NN">امس</wf>
		<wf pos="NN">کَر</wf>
		<wf pos="DEM">یہِ</wf>
		<wf pos="JJ" sense_id="2">موٚکُر</wf>
		<wf pos="SYM">۔</wf>
</sentence>
<sentence s_id="99">
		<wf pos="NNPC">مینوں</wf>
		<wf pos="VAUX">چھےٚ</wf>
		<wf pos="RB">صرف</wf>
		<wf pos="JJ" sense_id="1">موٚکُر</wf>
		<wf pos="NN">آبَس</wf>
		<wf pos="PSP">منٛز</wf>
		<wf pos="JJ">زِنٛدٕ</wf>
		<wf pos="VM">روزان</wf>
		<wf pos="SYM">۔</wf>
</sentence>
<sentence s_id="100">
		<wf pos="PRP">سُہ</wf>
		<wf pos="VAUX">چُھ</wf>
		<wf pos="QC">ہمیٚشہِ</wf>
		<wf pos="JJ" sense_id="4">موٚکُر</wf>
		<wf pos="NN">پَلَو</wf>
		<wf pos="VM">لاگان</wf>
		<wf pos="SYM">۔</wf>
</sentence>
<sentence s_id="101">
		<wf pos="RB">اَز</wf>
		<wf pos="VAUX">چُھ</wf>
		<wf pos="NN">نَب</wf>
		<wf pos="JJ" sense_id="1">موٚکُر</wf>
		<wf pos="SYM">۔</wf>
</sentence>
<sentence s_id="102">
		<wf pos="NN">نَب</wf>
		<wf pos="JJ" sense_id="1">موٚکُر</wf>
		<wf pos="NEG">نہٕ</wf>
		<wf pos="NN">أسنہٕ</wf>
		<wf pos="PSP">کن</wf>
		<wf pos="NNPC">وُتھ</wf>
		<wf pos="NEG">نہٕ</wf>
		<wf pos="NN">راتھ</wf>
		<wf pos="NN">جہاز</wf>
		<wf pos="SYM">۔</wf>
</sentence>
<sentence s_id="103">
		<wf pos="JJ">خَبر</wf>
		<wf pos="NN">صبحس</wf>
		<wf pos="PRP">أسۍ</wf>
		<wf pos="NN">نَب</wf>
		<wf pos="JJ" sense_id="5">موٚکُر</wf>
		<wf pos="SYM">۔</wf>
</sentence>
<sentence s_id="104">
		<wf pos="NN">خانٛدرس</wf>
		<wf pos="PSP">پٮ۪ٹھ</wf>
		<wf pos="NN">گَژھ</wf>
		<wf pos="NN">نَب</wf>
		<wf pos="JJ" sense_id="3">موٚکُر</wf>
		<wf pos="VM">أسُن</wf>
		<wf pos="SYM">۔</wf>
</sentence>
<sentence s_id="105">
		<wf pos="RB">اَز</wf>
		<wf pos="NN">کَل</wf>
		<wf pos="VAUX">چُھ</wf>
		<wf pos="NN">راتس</wf>
		<wf pos="NN">نَب</wf>
		<wf pos="JJ" sense_id="1">موٚکُر</wf>
		<wf pos="VM">آسان</wf>
		<wf pos="SYM">۔</wf>
</sentence>
<sentence s_id="106">
		<wf pos="NNPC">مُجہٕ</wf>
		<wf pos="NNP">کرٛوٚنٛڈ</wf>
		<wf pos="NN">کَر</wf>
		<wf pos="JJ" sense_id="2">موٚکُر</wf>
		<wf pos="SYM">۔</wf>
</sentence>
<sentence s_id="107">
		<wf pos="NN">دیٖکچس</wf>
		<wf pos="PSP">منٛز</wf>
		<wf pos="VM">تھاو</wf>
		<wf pos="JJ" sense_id="1">موٚکُر</wf>
		<wf pos="NN">کَرتھ</wf>
		<wf pos="NN">دۄد</wf>
		<wf pos="SYM">۔</wf>
</sentence>
<sentence s_id="108">
		<wf pos="NNP">کھٮ۪نس</wf>
		<wf pos="PSP">لایق</wf>
		<wf pos="NN">مٮ۪وٕ</wf>
		<wf pos="VAUX">گَژھِ</wf>
		<wf pos="JJ" sense_id="3">موٚکُر</wf>
		<wf pos="NN">کَرتھ</wf>
		<wf pos="NN">اِستعمالس</wf>
		<wf pos="PSP">منٛز</wf>
		<wf pos="VM">اَنُن</wf>
		<wf pos="SYM">۔</wf>
</sentence>
<sentence s_id="109">
		<wf pos="NNP">پَلَون</wf>
		<wf pos="VAUX">گَژھِ</wf>
		<wf pos="JJ" sense_id="1">موٚکُر</wf>
		<wf pos="NN">کَرتھ</wf>
		<wf pos="NN">أسترِ</wf>
		<wf pos="VM">کَرِن</wf>
		<wf pos="SYM">۔</wf>
</sentence>
<sentence s_id="110">
		<wf pos="PRP">سُہ</wf>
		<wf pos="VAUX">چُھ</wf>
		<wf pos="NN">ڈیٖوٹی</wf>
		<wf pos="PSP">پٮ۪ٹھ</wf>
		<wf pos="QC">ہمیٚشہِ</wf>
		<wf pos="JJ" sense_id="1">موٚکُر</wf>
		<wf pos="NN">پَلَو</wf>
		<wf pos="VM">لاگتھ</wf>
		<wf pos="VM">آنان</wf>
		<wf pos="SYM">۔</wf>
</sentence>
<sentence s_id="111">
		<wf pos="NN">کارٕبار</wf>
		<wf pos="NN">گَژھ</wf>
		<wf pos="JJ" sense_id="5">موٚکُر</wf>
		<wf pos="VM">کَرُن</wf>
		<wf pos="SYM">۔</wf>
</sentence>
<sentence s_id="112">
		<wf pos="NN">گۄر</wf>
		<wf pos="NEG">چُھنہٕ</wf>
		<wf pos="JJ" sense_id="6">موٚکُر</wf>
		<wf pos="NN">دۄد</wf>
		<wf pos="VM">تھاوان</wf>
		<wf pos="SYM">۔</wf>
</sentence>
<sentence s_id="113">
		<wf pos="PRP">سُہ</wf>
		<wf pos="VAUX">چُھ</wf>
		<wf pos="JJ">محفِل</wf>
		<wf pos="PSP">منٛز</wf>
		<wf pos="JJ" sense_id="2">موٚکُر</wf>
		<wf pos="NN">کَلام</wf>
		<wf pos="NN">کَرانشُر</wf>
		<wf pos="JJ">یٔڑ</wf>
		<wf pos="PSP">منٛز</wf>
		<wf pos="NNP">مارُن</wf>
		<wf pos="VAUX">چُھ</wf>
		<wf pos="QC">اَکھ</wf>
		<wf pos="NN">ناشٲیستہٕ</wf>
		<wf pos="VM">جُرُم</wf>
		<wf pos="SYM">۔</wf>
</sentence>
<sentence s_id="114">
		<wf pos="PRP">سُہ</wf>
		<wf pos="VAUX">چُھ</wf>
		<wf pos="JJ">محفِل</wf>
		<wf pos="PSP">منٛز</wf>
		<wf pos="JJ" sense_id="2">موٚکُر</wf>
		<wf pos="NN">کَلام</wf>
		<wf pos="NN">کَرانشُر</wf>
		<wf pos="JJ">یٔڑ</wf>
		<wf pos="PSP">منٛز</wf>
		<wf pos="NNP">مارُن</wf>
		<wf pos="VAUX">چُھ</wf>
		<wf pos="QC">اَکھ</wf>
		<wf pos="NN">ناشٲیستہٕ</wf>
		<wf pos="VM">جُرُم</wf>
		<wf pos="SYM">۔</wf>
</sentence>
<sentence s_id="115">
		<wf pos="JJ" sense_id="2">موٚکُر</wf>
		<wf pos="JJ">جِنسی</wf>
		<wf pos="NN">رِشتہٕ</wf>
		<wf pos="VM">چھہٕ</wf>
		<wf pos="JJ">واریاہَن</wf>
		<wf pos="NN">بٮ۪مارٮ۪ن</wf>
		<wf pos="NN">زوٗ</wf>
		<wf pos="NN">ژانانبَرٛمچاری</wf>
		<wf pos="NN">لُکھ</wf>
		<wf pos="VM">چھہٕ</wf>
		<wf pos="JJ">جِنسی</wf>
		<wf pos="NN">رِشتہٕ</wf>
		<wf pos="PSP">نِش</wf>
		<wf pos="RB">دوٗر</wf>
		<wf pos="VM">روزان</wf>
		<wf pos="SYM">۔</wf>
</sentence>
<sentence s_id="116">
		<wf pos="PRP">کُنہِ</wf>
		<wf pos="PRP">کُنہِ</wf>
		<wf pos="NN">وِزِ</wf>
		<wf pos="VAUX">چُھ</wf>
		<wf pos="NN">اِنسان</wf>
		<wf pos="JJ">مَجبوٗری</wf>
		<wf pos="PSP">منٛز</wf>
		<wf pos="INTF">واریاہ</wf>
		<wf pos="JJ" sense_id="2">موٚکُر</wf>
		<wf pos="NN">چیٖز</wf>
		<wf pos="VM">کَران</wf>
		<wf pos="SYM">۔</wf>
</sentence>
<sentence s_id="117">
		<wf pos="DEM">یَتھ</wf>
		<wf pos="NN">کاغزَس</wf>
		<wf pos="VAUX">چُھ</wf>
		<wf pos="JJ" sense_id="2">موٚکُر</wf>
		<wf pos="NN">چھاپ</wf>
		<wf pos="VM">ترٛاونہٕ</wf>
		<wf pos="VAUX">آمُت</wf>
		<wf pos="SYM">۔</wf>
</sentence>
<sentence s_id="118">
		<wf pos="JJ" sense_id="2">موٚکُر</wf>
		<wf pos="JJ">جِنسی</wf>
		<wf pos="NN">رِشتہٕ</wf>
		<wf pos="VM">چھہٕ</wf>
		<wf pos="JJ">واریاہَن</wf>
		<wf pos="NN">بٮ۪مارٮ۪ن</wf>
		<wf pos="NN">زوٗ</wf>
		<wf pos="NN">ژانانبَرٛمچاری</wf>
		<wf pos="NN">لُکھ</wf>
		<wf pos="VM">چھہٕ</wf>
		<wf pos="JJ">جِنسی</wf>
		<wf pos="NN">رِشتہٕ</wf>
		<wf pos="PSP">نِش</wf>
		<wf pos="RB">دوٗر</wf>
		<wf pos="VM">روزان</wf>
		<wf pos="SYM">۔</wf>
</sentence>
<sentence s_id="119">
		<wf pos="JJ" sense_id="2">موٚکُر</wf>
		<wf pos="NN">کَتھ</wf>
		<wf pos="VAUX">چھےٚ</wf>
		<wf pos="NN">دِلَس</wf>
		<wf pos="VM">لَگان</wf>
		<wf pos="SYM">۔</wf>
</sentence>
<sentence s_id="120">
		<wf pos="NN">ضَرٕب</wf>
		<wf pos="VAUX">چُھ</wf>
		<wf pos="JJ" sense_id="2">موٚکُر</wf>
		<wf pos="NN">جَواب</wf>
		<wf pos="VM">ہاوان</wf>
		<wf pos="SYM">۔</wf>
</sentence>
</contextfile>