<?xml version="1.0" encoding="utf-8" ?>
<contextfile fileno="81" filename="مِٹاوُن">
	<sentence s_id="1">
		<wf pos="PRP">تِمَن</wf>
		<wf pos="VAUX">پَزِ</wf>
		<wf pos="NN">مَلال</wf>
		<wf pos="NN">دٲری</wf>
		<wf pos="VM" sense_id="3">مِٹاوٕنۍ</wf>
		<wf pos="SYM">۔</wf>
	</sentence>
	<sentence s_id="2">
		<wf pos="NN">رازٕ</wf>
		<wf pos="PSP">سٕٕنٛدۍ</wf>
		<wf pos="NN">فوجَن</wf>
		<wf pos="VM" sense_id="1">مِٹوٚو</wf>
		<wf pos="NN">گامُک</wf>
		<wf pos="NN">گام</wf>
		<wf pos="SYM">۔</wf>
	</sentence>
	<sentence s_id="3">
		<wf pos="NNPC">ماسٹر</wf>
		<wf pos="NNP">جی</wf>
		<wf pos="VAUX">چُھ</wf>
		<wf pos="NN">بوڈَس</wf>
		<wf pos="PSP">پٮ۪ٹھ</wf>
		<wf pos="VM">لٮ۪کِھتھ</wf>
		<wf pos="NN">لَفٕظ</wf>
		<wf pos="RP">ڈَسٹر</wf>
		<wf pos="PSP">سۭتۍ</wf>
		<wf pos="VM" sense_id="2">مِٹاوان</wf>
		<wf pos="SYM">۔</wf>
	</sentence>
	<sentence s_id="4">
		<wf pos="NN">عالم</wf>
		<wf pos="JJ">گیٖر</wf>
		<wf pos="NN">جَنٛگَس</wf>
		<wf pos="PSP">منٛز</wf>
		<wf pos="VM" sense_id="1">مِٹاۍ</wf>
		<wf pos="NN">جاپانٕکۍ</wf>
		<wf pos="QC">زٕ</wf>
		<wf pos="NN">شہر</wf>
		<wf pos="QC">ناگاساکی</wf>
		<wf pos="CC">تہٕ</wf>
		<wf pos="CC">ہیٖروشیٖما</wf>
		<wf pos="JJ">پوٗرٕ</wf>
		<wf pos="RB">پٲٹھۍ</wf>
		<wf pos="SYM">۔</wf>
	</sentence>
	<sentence s_id="5">
		<wf pos="NN">سٔتی</wf>
		<wf pos="PSP">ہُنٛد</wf>
		<wf pos="NN">مول</wf>
		<wf pos="CC">تہٕ</wf>
		<wf pos="NNP">شِو</wf>
		<wf pos="PSP">سُنٛد</wf>
		<wf pos="NN">ہُیہُر</wf>
		<wf pos="PRP">یُس</wf>
		<wf pos="QC">اَکھ</wf>
		<wf pos="NN">پَرجاپٔتی</wf>
		<wf pos="VAUX">اوس</wf>
		<wf pos="CC">تہٕ</wf>
		<wf pos="DEM">ییٚمہِ</wf>
		<wf pos="PSP">سٕنٛدس</wf>
		<wf pos="NN">بےٚعزت</wf>
		<wf pos="VAUX">گَژھنَس</wf>
		<wf pos="PSP">پٮ۪ٹھ</wf>
		<wf pos="NN">سٔتی</wf>
		<wf pos="VM" sense_id="1">مِٹوٚو</wf>
		<wf pos="PRP">پَنُن</wf>
		<wf pos="NN">پان</wf>
		<wf pos="SYM">۔</wf>
	</sentence>
	<sentence s_id="6">
		<wf pos="NN">دَش</wf>
		<wf pos="PSP">سُنٛد</wf>
		<wf pos="JJ">مَہایَگ</wf>
		<wf pos="VM" sense_id="1">مِٹوٚو</wf>
		<wf pos="NN">شِوَن</wf>
		<wf pos="RB">پوٗرٕ</wf>
		<wf pos="POW">پٲٹھۍ</wf>
		<wf pos="SYM">۔</wf>
	</sentence>
	<sentence s_id="7">
		<wf pos="NN">رازٕ</wf>
		<wf pos="PSP">سٕٕنٛدۍ</wf>
		<wf pos="NN">فوجَن</wf>
		<wf pos="VM" sense_id="1">مِٹوٚو</wf>
		<wf pos="RB">پوٗرٕ</wf>
		<wf pos="NN">گام</wf>
		<wf pos="SYM">۔</wf>
	</sentence>
	<sentence s_id="8">
		<wf pos="NN">اَنسان</wf>
		<wf pos="VAUX">چُھ</wf>
		<wf pos="NN">ماحولَس</wf>
		<wf pos="RDP">تَباہ</wf>
		<wf pos="NN">کَرَن</wf>
		<wf pos="PSP">وول</wf>
		<wf pos="QC">اَکھ</wf>
		<wf pos="JJ">اَہَم</wf>
		<wf pos="NN">رُکُنشَنٛرَر</wf>
		<wf pos="NN">بَگوانَس</wf>
		<wf pos="VM">چھہٕ</wf>
		<wf pos="NN">کاینات</wf>
		<wf pos="VM" sense_id="1">مِٹاوُن</wf>
		<wf pos="PSP">وول</wf>
		<wf pos="VM">وَنان</wf>
		<wf pos="SYM">۔</wf>
	</sentence>
	<sentence s_id="9">
		<wf pos="RB">شَرابٕکۍ</wf>
		<wf pos="NN">مَرزَن</wf>
		<wf pos="VM" sense_id="1">مِٹاوٕۍ</wf>
		<wf pos="JJ">واریاہ</wf>
		<wf pos="NN">گَرٕ</wf>
		<wf pos="SYM">۔</wf>
	</sentence>
	<sentence s_id="10">
		<wf pos="NN">لاوٕ</wf>
		<wf pos="RB">وِسپوٹہٕ</wf>
		<wf pos="PSP">سۭتۍ</wf>
		<wf pos="VM" sense_id="1">مِٹاوٕۍ</wf>
		<wf pos="NN">گامَن</wf>
		<wf pos="PSP">ہٕنٛدۍ</wf>
		<wf pos="NN">گام</wf>
		<wf pos="SYM">۔</wf>
	</sentence>
	<sentence s_id="11">
		<wf pos="NNP">مِلاون</wf>
		<wf pos="NNPC">وٲل</wf>
		<wf pos="NNP">نفرٕ</wf>
		<wf pos="PSP">سٕندِ</wf>
		<wf pos="RB">مدٚتہ</wf>
		<wf pos="PSP">سۭتۍ</wf>
		<wf pos="NN">بَچو</wf>
		<wf pos="QC">اَکھ</wf>
		<wf pos="VM" sense_id="1">مِٹامُت</wf>
		<wf pos="NN">خاندان</wf>
		<wf pos="SYM">۔</wf>
	</sentence>
	<sentence s_id="12">
		<wf pos="VM">لٮ۪کِھتھ</wf>
		<wf pos="NN">لَفٕظ</wf>
		<wf pos="VM" sense_id="2">مِٹاونہٕ</wf>
		<wf pos="VAUX">آمُت</wf>
		<wf pos="SYM">۔</wf>
	</sentence>
	<sentence s_id="13">
		<wf pos="NNP">شنٛکٕراچاریَن</wf>
		<wf pos="VM">دیُت</wf>
		<wf pos="VM" sense_id="1">مِٹاونہٕ</wf>
		<wf pos="VAUX">آمتِس</wf>
		<wf pos="NNP">ہِنٛدوٗ</wf>
		<wf pos="NN">مزہَبس</wf>
		<wf pos="JJ">نوٚو</wf>
		<wf pos="VM">زَنم</wf>
		<wf pos="SYM">۔</wf>
	</sentence>
	<sentence s_id="14">
		<wf pos="RDP">تَباہ</wf>
		<wf pos="VM">کُن</wf>
		<wf pos="NN">چیٖز</wf>
		<wf pos="NNC">کٕتیٚہہ</wf>
		<wf pos="NN">سَمبالوکھ</wf>
		<wf pos="QC">اَکہِ</wf>
		<wf pos="NEG">نَہ</wf>
		<wf pos="CC">تہٕ</wf>
		<wf pos="QC">اَکہِ</wf>
		<wf pos="NN">دۄہ</wf>
		<wf pos="NN">گَژَھن</wf>
		<wf pos="PRP">تِم</wf>
		<wf pos="RB">توتہِ</wf>
		<wf pos="VM" sense_id="1">مِٹاونہٕ</wf>
		<wf pos="SYM">۔</wf>
	</sentence>
	<sentence s_id="15">
		<wf pos="NN">توٗنَن</wf>
		<wf pos="VM" sense_id="1">مِٹوٚو</wf>
		<wf pos="NN">گام</wf>
		<wf pos="SYM">۔</wf>
	</sentence>
	<sentence s_id="16">
		<wf pos="RB">زٲر</wf>
		<wf pos="POW">دار</wf>
		<wf pos="NN">کامٮ۪ن</wf>
		<wf pos="PSP">منٛز</wf>
		<wf pos="NN">دِلچسپی</wf>
		<wf pos="NN">آسانہٕ</wf>
		<wf pos="PSP">باپتھ</wf>
		<wf pos="VM" sense_id="1">مِٹوٚو</wf>
		<wf pos="PRP">سُہ</wf>
		<wf pos="SYM">۔</wf>
	</sentence>
	<sentence s_id="17">
		<wf pos="NN">ہَوٲیۍاَڈَس</wf>
		<wf pos="PSP">پٮ۪ٹھۍ</wf>
		<wf pos="VM" sense_id="1">مِٹوٚو</wf>
		<wf pos="QC">اَکھ</wf>
		<wf pos="NN">جَہاز</wf>
		<wf pos="SYM">۔</wf>
	</sentence>
	<sentence s_id="18">
		<wf pos="NNP">سونامی</wf>
		<wf pos="PSP">منٛز</wf>
		<wf pos="VM" sense_id="1">مِٹوٚو</wf>
		<wf pos="NN">مِنامِسوما</wf>
		<wf pos="JJ">پوٗرٕ</wf>
		<wf pos="RB">پٲٹھۍ</wf>
		<wf pos="SYM">۔</wf>
	</sentence>
	<sentence s_id="19">
		<wf pos="NN">گُرُٹ</wf>
		<wf pos="NN">آبہٕ</wf>
		<wf pos="PSP">سۭتۍ</wf>
		<wf pos="VAUX">چُھ</wf>
		<wf pos="NEG">نہٕ</wf>
		<wf pos="NN">پَلون</wf>
		<wf pos="JJ">داغ</wf>
		<wf pos="VM" sense_id="2">مِٹاون</wf>
		<wf pos="SYM">۔</wf>
	</sentence>
	<sentence s_id="20">
		<wf pos="JJ">صاف</wf>
		<wf pos="NN">آبَس</wf>
		<wf pos="PSP">منٛز</wf>
		<wf pos="VM">چھٕ</wf>
		<wf pos="NN">پَلون</wf>
		<wf pos="JJ">داغ</wf>
		<wf pos="VM" sense_id="2">مِٹاون</wf>
		<wf pos="SYM">۔</wf>
	</sentence>
	<sentence s_id="21">
		<wf pos="PRP">تٔمۍ</wf>
		<wf pos="VM" sense_id="2">مِٹوٚو</wf>
		<wf pos="JJ">داغ</wf>
		<wf pos="NN">پَلون</wf>
		<wf pos="SYM">۔</wf>
	</sentence>
	<sentence s_id="22">
		<wf pos="NN">گُرو</wf>
		<wf pos="NN">جِین</wf>
		<wf pos="VM" sense_id="2">مِٹوٚو</wf>
		<wf pos="NN">بوڑَس</wf>
		<wf pos="PSP">پٮ۪ٹھ</wf>
		<wf pos="NN">ہاضمہٕ</wf>
		<wf pos="PSP">کہِ</wf>
		<wf pos="NN">نِظامٕچ</wf>
		<wf pos="JJ">صاف</wf>
		<wf pos="NN">شکل</wf>
		<wf pos="SYM">۔</wf>
	</sentence>
	<sentence s_id="23">
		<wf pos="DEM">یہِ</wf>
		<wf pos="RB">چُھے</wf>
		<wf pos="VM" sense_id="2">مِٹاوان</wf>
		<wf pos="JJ">صاف</wf>
		<wf pos="JJ">داغ</wf>
		<wf pos="NN">پَلون</wf>
		<wf pos="SYM">۔</wf>
	</sentence>
	<sentence s_id="24">
		<wf pos="NN">سۄرمہٕ</wf>
		<wf pos="PSP">سۭتۍ</wf>
		<wf pos="VAUX">چھےٚ</wf>
		<wf pos="JJ">داغ</wf>
		<wf pos="RB">صاف</wf>
		<wf pos="VM" sense_id="2">مِٹاونہٕ</wf>
		<wf pos="VM">روزان</wf>
		<wf pos="SYM">۔</wf>
	</sentence>
	<sentence s_id="25">
		<wf pos="NN">دیوارس</wf>
		<wf pos="PSP">پٮ۪ٹھ</wf>
		<wf pos="VM">لاریومُت</wf>
		<wf pos="VAUX">چھےٚ</wf>
		<wf pos="VM" sense_id="2">مِٹاوُن</wf>
		<wf pos="SYM">۔</wf>
	</sentence>
	<sentence s_id="26">
		<wf pos="DEM">ییٚمہِ</wf>
		<wf pos="NN">کیٖرُیک</wf>
		<wf pos="NN">آب</wf>
		<wf pos="VAUX">چُھ</wf>
		<wf pos="JJ">داغ</wf>
		<wf pos="VM" sense_id="2">مِٹاوُان</wf>
		<wf pos="JJ">صاف</wf>
		<wf pos="SYM">۔</wf>
	</sentence>
	<sentence s_id="27">
		<wf pos="PRP">سۄ</wf>
		<wf pos="VAUX">چھےٚ</wf>
		<wf pos="NN">لَژھلہِ</wf>
		<wf pos="PSP">سۭتۍ</wf>
		<wf pos="NN">گَرٕ</wf>
		<wf pos="JJ">داغ</wf>
		<wf pos="VM" sense_id="2">مِٹاوُان</wf>
		<wf pos="SYM">۔</wf>
	</sentence>
	<sentence s_id="28">
		<wf pos="PRP">سُہ</wf>
		<wf pos="VAUX">چُھ</wf>
		<wf pos="NN">داغ</wf>
		<wf pos="VM" sense_id="2">مِٹاونہٕ</wf>
		<wf pos="PSP">خٲطرٕ</wf>
		<wf pos="NN">دۄہَے</wf>
		<wf pos="VM">صابنہِ</wf>
		<wf pos="PSP">سۭتۍ</wf>
		<wf pos="VM">سران</wf>
		<wf pos="VM">کران</wf>
		<wf pos="SYM">۔</wf>
	</sentence>
	<sentence s_id="29">
		<wf pos="NN">پَلوَن</wf>
		<wf pos="NN">داغ</wf>
		<wf pos="VM" sense_id="2">مِٹاونہٕ</wf>
		<wf pos="PSP">خٲطرٕ</wf>
		<wf pos="NN">گَژَھن</wf>
		<wf pos="DEM">یِم</wf>
		<wf pos="NN">صابنہِ</wf>
		<wf pos="PSP">سۭتۍ</wf>
		<wf pos="VM">چَھلٕنۍ</wf>
		<wf pos="SYM">۔</wf>
	</sentence>
	<sentence s_id="30">
		<wf pos="PRP">تٔمۍ</wf>
		<wf pos="PSP">سٕنٛدِ</wf>
		<wf pos="VM">مَنُک</wf>
		<wf pos="NN">مٔلال</wf>
		<wf pos="VM" sense_id="1">مِٹاونہٕ</wf>
		<wf pos="PSP">خٲطرٕ</wf>
		<wf pos="VAUX">ہیکو</wf>
		<wf pos="DEM">یِہٕ</wf>
		<wf pos="JJ">صاف</wf>
		<wf pos="VM">کٔرِتھ</wf>
		<wf pos="SYM">۔</wf>
	</sentence>
	<sentence s_id="31">
		<wf pos="PRP">تِمَن</wf>
		<wf pos="VAUX">پَزِ</wf>
		<wf pos="NN">مَلال</wf>
		<wf pos="NN">دٲری</wf>
		<wf pos="VM" sense_id="3">مِٹاوٕنۍ</wf>
		<wf pos="SYM">۔</wf>
	</sentence>
	<sentence s_id="32">
		<wf pos="NN">رازٕ</wf>
		<wf pos="PSP">سٕٕنٛدۍ</wf>
		<wf pos="NN">فوجَن</wf>
		<wf pos="VM" sense_id="1">مِٹوٚو</wf>
		<wf pos="NN">گامُک</wf>
		<wf pos="NN">گام</wf>
		<wf pos="SYM">۔</wf>
	</sentence>
	<sentence s_id="33">
		<wf pos="NNPC">ماسٹر</wf>
		<wf pos="NNP">جی</wf>
		<wf pos="VAUX">چُھ</wf>
		<wf pos="NN">بوڈَس</wf>
		<wf pos="PSP">پٮ۪ٹھ</wf>
		<wf pos="VM">لٮ۪کِھتھ</wf>
		<wf pos="NN">لَفٕظ</wf>
		<wf pos="RP">ڈَسٹر</wf>
		<wf pos="PSP">سۭتۍ</wf>
		<wf pos="VM" sense_id="2">مِٹاوان</wf>
		<wf pos="SYM">۔</wf>
	</sentence>
	<sentence s_id="34">
		<wf pos="NN">عالم</wf>
		<wf pos="JJ">گیٖر</wf>
		<wf pos="NN">جَنٛگَس</wf>
		<wf pos="PSP">منٛز</wf>
		<wf pos="VM" sense_id="1">مِٹاۍ</wf>
		<wf pos="NN">جاپانٕکۍ</wf>
		<wf pos="QC">زٕ</wf>
		<wf pos="NN">شہر</wf>
		<wf pos="QC">ناگاساکی</wf>
		<wf pos="CC">تہٕ</wf>
		<wf pos="CC">ہیٖروشیٖما</wf>
		<wf pos="JJ">پوٗرٕ</wf>
		<wf pos="RB">پٲٹھۍ</wf>
		<wf pos="SYM">۔</wf>
	</sentence>
	<sentence s_id="35">
		<wf pos="NN">سٔتی</wf>
		<wf pos="PSP">ہُنٛد</wf>
		<wf pos="NN">مول</wf>
		<wf pos="CC">تہٕ</wf>
		<wf pos="NNP">شِو</wf>
		<wf pos="PSP">سُنٛد</wf>
		<wf pos="NN">ہُیہُر</wf>
		<wf pos="PRP">یُس</wf>
		<wf pos="QC">اَکھ</wf>
		<wf pos="NN">پَرجاپٔتی</wf>
		<wf pos="VAUX">اوس</wf>
		<wf pos="CC">تہٕ</wf>
		<wf pos="DEM">ییٚمہِ</wf>
		<wf pos="PSP">سٕنٛدس</wf>
		<wf pos="NN">بےٚعزت</wf>
		<wf pos="VAUX">گَژھنَس</wf>
		<wf pos="PSP">پٮ۪ٹھ</wf>
		<wf pos="NN">سٔتی</wf>
		<wf pos="VM" sense_id="1">مِٹوٚو</wf>
		<wf pos="PRP">پَنُن</wf>
		<wf pos="NN">پان</wf>
		<wf pos="SYM">۔</wf>
	</sentence>
	<sentence s_id="36">
		<wf pos="NN">دَش</wf>
		<wf pos="PSP">سُنٛد</wf>
		<wf pos="JJ">مَہایَگ</wf>
		<wf pos="VM" sense_id="1">مِٹوٚو</wf>
		<wf pos="NN">شِوَن</wf>
		<wf pos="RB">پوٗرٕ</wf>
		<wf pos="POW">پٲٹھۍ</wf>
		<wf pos="SYM">۔</wf>
	</sentence>
	<sentence s_id="37">
		<wf pos="NN">رازٕ</wf>
		<wf pos="PSP">سٕٕنٛدۍ</wf>
		<wf pos="NN">فوجَن</wf>
		<wf pos="VM" sense_id="1">مِٹوٚو</wf>
		<wf pos="RB">پوٗرٕ</wf>
		<wf pos="NN">گام</wf>
		<wf pos="SYM">۔</wf>
	</sentence>
	<sentence s_id="38">
		<wf pos="NN">اَنسان</wf>
		<wf pos="VAUX">چُھ</wf>
		<wf pos="NN">ماحولَس</wf>
		<wf pos="RDP">تَباہ</wf>
		<wf pos="NN">کَرَن</wf>
		<wf pos="PSP">وول</wf>
		<wf pos="QC">اَکھ</wf>
		<wf pos="JJ">اَہَم</wf>
		<wf pos="NN">رُکُنشَنٛرَر</wf>
		<wf pos="NN">بَگوانَس</wf>
		<wf pos="VM">چھہٕ</wf>
		<wf pos="NN">کاینات</wf>
		<wf pos="VM" sense_id="1">مِٹاوُن</wf>
		<wf pos="PSP">وول</wf>
		<wf pos="VM">وَنان</wf>
		<wf pos="SYM">۔</wf>
	</sentence>
	<sentence s_id="39">
		<wf pos="RB">شَرابٕکۍ</wf>
		<wf pos="NN">مَرزَن</wf>
		<wf pos="VM" sense_id="1">مِٹاوٕۍ</wf>
		<wf pos="JJ">واریاہ</wf>
		<wf pos="NN">گَرٕ</wf>
		<wf pos="SYM">۔</wf>
	</sentence>
	<sentence s_id="40">
		<wf pos="NN">لاوٕ</wf>
		<wf pos="RB">وِسپوٹہٕ</wf>
		<wf pos="PSP">سۭتۍ</wf>
		<wf pos="VM" sense_id="1">مِٹاوٕۍ</wf>
		<wf pos="NN">گامَن</wf>
		<wf pos="PSP">ہٕنٛدۍ</wf>
		<wf pos="NN">گام</wf>
		<wf pos="SYM">۔</wf>
	</sentence>
	<sentence s_id="41">
		<wf pos="NNP">مِلاون</wf>
		<wf pos="NNPC">وٲل</wf>
		<wf pos="NNP">نفرٕ</wf>
		<wf pos="PSP">سٕندِ</wf>
		<wf pos="RB">مدٚتہ</wf>
		<wf pos="PSP">سۭتۍ</wf>
		<wf pos="NN">بَچو</wf>
		<wf pos="QC">اَکھ</wf>
		<wf pos="VM" sense_id="1">مِٹامُت</wf>
		<wf pos="NN">خاندان</wf>
		<wf pos="SYM">۔</wf>
	</sentence>
	<sentence s_id="42">
		<wf pos="VM">لٮ۪کِھتھ</wf>
		<wf pos="NN">لَفٕظ</wf>
		<wf pos="VM" sense_id="2">مِٹاونہٕ</wf>
		<wf pos="VAUX">آمُت</wf>
		<wf pos="SYM">۔</wf>
	</sentence>
	<sentence s_id="43">
		<wf pos="NNP">شنٛکٕراچاریَن</wf>
		<wf pos="VM">دیُت</wf>
		<wf pos="VM" sense_id="1">مِٹاونہٕ</wf>
		<wf pos="VAUX">آمتِس</wf>
		<wf pos="NNP">ہِنٛدوٗ</wf>
		<wf pos="NN">مزہَبس</wf>
		<wf pos="JJ">نوٚو</wf>
		<wf pos="VM">زَنم</wf>
		<wf pos="SYM">۔</wf>
	</sentence>
	<sentence s_id="44">
		<wf pos="RDP">تَباہ</wf>
		<wf pos="VM">کُن</wf>
		<wf pos="NN">چیٖز</wf>
		<wf pos="NNC">کٕتیٚہہ</wf>
		<wf pos="NN">سَمبالوکھ</wf>
		<wf pos="QC">اَکہِ</wf>
		<wf pos="NEG">نَہ</wf>
		<wf pos="CC">تہٕ</wf>
		<wf pos="QC">اَکہِ</wf>
		<wf pos="NN">دۄہ</wf>
		<wf pos="NN">گَژَھن</wf>
		<wf pos="PRP">تِم</wf>
		<wf pos="RB">توتہِ</wf>
		<wf pos="VM" sense_id="1">مِٹاونہٕ</wf>
		<wf pos="SYM">۔</wf>
	</sentence>
	<sentence s_id="45">
		<wf pos="NN">توٗنَن</wf>
		<wf pos="VM" sense_id="1">مِٹوٚو</wf>
		<wf pos="NN">گام</wf>
		<wf pos="SYM">۔</wf>
	</sentence>
	<sentence s_id="46">
		<wf pos="RB">زٲر</wf>
		<wf pos="POW">دار</wf>
		<wf pos="NN">کامٮ۪ن</wf>
		<wf pos="PSP">منٛز</wf>
		<wf pos="NN">دِلچسپی</wf>
		<wf pos="NN">آسانہٕ</wf>
		<wf pos="PSP">باپتھ</wf>
		<wf pos="VM" sense_id="1">مِٹوٚو</wf>
		<wf pos="PRP">سُہ</wf>
		<wf pos="SYM">۔</wf>
	</sentence>
	<sentence s_id="47">
		<wf pos="NN">ہَوٲیۍاَڈَس</wf>
		<wf pos="PSP">پٮ۪ٹھۍ</wf>
		<wf pos="VM" sense_id="1">مِٹوٚو</wf>
		<wf pos="QC">اَکھ</wf>
		<wf pos="NN">جَہاز</wf>
		<wf pos="SYM">۔</wf>
	</sentence>
	<sentence s_id="48">
		<wf pos="NNP">سونامی</wf>
		<wf pos="PSP">منٛز</wf>
		<wf pos="VM" sense_id="1">مِٹوٚو</wf>
		<wf pos="NN">مِنامِسوما</wf>
		<wf pos="JJ">پوٗرٕ</wf>
		<wf pos="RB">پٲٹھۍ</wf>
		<wf pos="SYM">۔</wf>
	</sentence>
	<sentence s_id="49">
		<wf pos="NN">گُرُٹ</wf>
		<wf pos="NN">آبہٕ</wf>
		<wf pos="PSP">سۭتۍ</wf>
		<wf pos="VAUX">چُھ</wf>
		<wf pos="NEG">نہٕ</wf>
		<wf pos="NN">پَلون</wf>
		<wf pos="JJ">داغ</wf>
		<wf pos="VM" sense_id="2">مِٹاون</wf>
		<wf pos="SYM">۔</wf>
	</sentence>
	<sentence s_id="50">
		<wf pos="JJ">صاف</wf>
		<wf pos="NN">آبَس</wf>
		<wf pos="PSP">منٛز</wf>
		<wf pos="VM">چھٕ</wf>
		<wf pos="NN">پَلون</wf>
		<wf pos="JJ">داغ</wf>
		<wf pos="VM" sense_id="2">مِٹاون</wf>
		<wf pos="SYM">۔</wf>
	</sentence>
	<sentence s_id="51">
		<wf pos="PRP">تٔمۍ</wf>
		<wf pos="VM" sense_id="2">مِٹوٚو</wf>
		<wf pos="JJ">داغ</wf>
		<wf pos="NN">پَلون</wf>
		<wf pos="SYM">۔</wf>
	</sentence>
	<sentence s_id="52">
		<wf pos="NN">گُرو</wf>
		<wf pos="NN">جِین</wf>
		<wf pos="VM" sense_id="2">مِٹوٚو</wf>
		<wf pos="NN">بوڑَس</wf>
		<wf pos="PSP">پٮ۪ٹھ</wf>
		<wf pos="NN">ہاضمہٕ</wf>
		<wf pos="PSP">کہِ</wf>
		<wf pos="NN">نِظامٕچ</wf>
		<wf pos="JJ">صاف</wf>
		<wf pos="NN">شکل</wf>
		<wf pos="SYM">۔</wf>
	</sentence>
	<sentence s_id="53">
		<wf pos="DEM">یہِ</wf>
		<wf pos="RB">چُھے</wf>
		<wf pos="VM" sense_id="2">مِٹاوان</wf>
		<wf pos="JJ">صاف</wf>
		<wf pos="JJ">داغ</wf>
		<wf pos="NN">پَلون</wf>
		<wf pos="SYM">۔</wf>
	</sentence>
	<sentence s_id="54">
		<wf pos="NN">سۄرمہٕ</wf>
		<wf pos="PSP">سۭتۍ</wf>
		<wf pos="VAUX">چھےٚ</wf>
		<wf pos="JJ">داغ</wf>
		<wf pos="RB">صاف</wf>
		<wf pos="VM" sense_id="2">مِٹاونہٕ</wf>
		<wf pos="VM">روزان</wf>
		<wf pos="SYM">۔</wf>
	</sentence>
	<sentence s_id="55">
		<wf pos="NN">دیوارس</wf>
		<wf pos="PSP">پٮ۪ٹھ</wf>
		<wf pos="VM">لاریومُت</wf>
		<wf pos="VAUX">چھےٚ</wf>
		<wf pos="VM" sense_id="2">مِٹاوُن</wf>
		<wf pos="SYM">۔</wf>
	</sentence>
	<sentence s_id="56">
		<wf pos="DEM">ییٚمہِ</wf>
		<wf pos="NN">کیٖرُیک</wf>
		<wf pos="NN">آب</wf>
		<wf pos="VAUX">چُھ</wf>
		<wf pos="JJ">داغ</wf>
		<wf pos="VM" sense_id="2">مِٹاوُان</wf>
		<wf pos="JJ">صاف</wf>
		<wf pos="SYM">۔</wf>
	</sentence>
	<sentence s_id="57">
		<wf pos="PRP">سۄ</wf>
		<wf pos="VAUX">چھےٚ</wf>
		<wf pos="NN">لَژھلہِ</wf>
		<wf pos="PSP">سۭتۍ</wf>
		<wf pos="NN">گَرٕ</wf>
		<wf pos="JJ">داغ</wf>
		<wf pos="VM" sense_id="2">مِٹاوُان</wf>
		<wf pos="SYM">۔</wf>
	</sentence>
	<sentence s_id="58">
		<wf pos="PRP">سُہ</wf>
		<wf pos="VAUX">چُھ</wf>
		<wf pos="NN">داغ</wf>
		<wf pos="VM" sense_id="2">مِٹاونہٕ</wf>
		<wf pos="PSP">خٲطرٕ</wf>
		<wf pos="NN">دۄہَے</wf>
		<wf pos="VM">صابنہِ</wf>
		<wf pos="PSP">سۭتۍ</wf>
		<wf pos="VM">سران</wf>
		<wf pos="VM">کران</wf>
		<wf pos="SYM">۔</wf>
	</sentence>
	<sentence s_id="59">
		<wf pos="NN">پَلوَن</wf>
		<wf pos="NN">داغ</wf>
		<wf pos="VM" sense_id="2">مِٹاونہٕ</wf>
		<wf pos="PSP">خٲطرٕ</wf>
		<wf pos="NN">گَژَھن</wf>
		<wf pos="DEM">یِم</wf>
		<wf pos="NN">صابنہِ</wf>
		<wf pos="PSP">سۭتۍ</wf>
		<wf pos="VM">چَھلٕنۍ</wf>
		<wf pos="SYM">۔</wf>
	</sentence>
	<sentence s_id="60">
		<wf pos="PRP">تٔمۍ</wf>
		<wf pos="PSP">سٕنٛدِ</wf>
		<wf pos="VM">مَنُک</wf>
		<wf pos="NN">مٔلال</wf>
		<wf pos="VM" sense_id="1">مِٹاونہٕ</wf>
		<wf pos="PSP">خٲطرٕ</wf>
		<wf pos="VAUX">ہیکو</wf>
		<wf pos="DEM">یِہٕ</wf>
		<wf pos="JJ">صاف</wf>
		<wf pos="VM">کٔرِتھ</wf>
		<wf pos="SYM">۔</wf>
	</sentence>
	<sentence s_id="61">
		<wf pos="PRP">تِمَن</wf>
		<wf pos="VAUX">پَزِ</wf>
		<wf pos="NN">مَلال</wf>
		<wf pos="NN">دٲری</wf>
		<wf pos="VM" sense_id="3">مِٹاوٕنۍ</wf>
		<wf pos="SYM">۔</wf>
	</sentence>
	<sentence s_id="62">
		<wf pos="NN">رازٕ</wf>
		<wf pos="PSP">سٕٕنٛدۍ</wf>
		<wf pos="NN">فوجَن</wf>
		<wf pos="VM" sense_id="1">مِٹوٚو</wf>
		<wf pos="NN">گامُک</wf>
		<wf pos="NN">گام</wf>
		<wf pos="SYM">۔</wf>
	</sentence>
	<sentence s_id="63">
		<wf pos="NNPC">ماسٹر</wf>
		<wf pos="NNP">جی</wf>
		<wf pos="VAUX">چُھ</wf>
		<wf pos="NN">بوڈَس</wf>
		<wf pos="PSP">پٮ۪ٹھ</wf>
		<wf pos="VM">لٮ۪کِھتھ</wf>
		<wf pos="NN">لَفٕظ</wf>
		<wf pos="RP">ڈَسٹر</wf>
		<wf pos="PSP">سۭتۍ</wf>
		<wf pos="VM" sense_id="2">مِٹاوان</wf>
		<wf pos="SYM">۔</wf>
	</sentence>
	<sentence s_id="64">
		<wf pos="NN">عالم</wf>
		<wf pos="JJ">گیٖر</wf>
		<wf pos="NN">جَنٛگَس</wf>
		<wf pos="PSP">منٛز</wf>
		<wf pos="VM" sense_id="1">مِٹاۍ</wf>
		<wf pos="NN">جاپانٕکۍ</wf>
		<wf pos="QC">زٕ</wf>
		<wf pos="NN">شہر</wf>
		<wf pos="QC">ناگاساکی</wf>
		<wf pos="CC">تہٕ</wf>
		<wf pos="CC">ہیٖروشیٖما</wf>
		<wf pos="JJ">پوٗرٕ</wf>
		<wf pos="RB">پٲٹھۍ</wf>
		<wf pos="SYM">۔</wf>
	</sentence>
	<sentence s_id="65">
		<wf pos="NN">سٔتی</wf>
		<wf pos="PSP">ہُنٛد</wf>
		<wf pos="NN">مول</wf>
		<wf pos="CC">تہٕ</wf>
		<wf pos="NNP">شِو</wf>
		<wf pos="PSP">سُنٛد</wf>
		<wf pos="NN">ہُیہُر</wf>
		<wf pos="PRP">یُس</wf>
		<wf pos="QC">اَکھ</wf>
		<wf pos="NN">پَرجاپٔتی</wf>
		<wf pos="VAUX">اوس</wf>
		<wf pos="CC">تہٕ</wf>
		<wf pos="DEM">ییٚمہِ</wf>
		<wf pos="PSP">سٕنٛدس</wf>
		<wf pos="NN">بےٚعزت</wf>
		<wf pos="VAUX">گَژھنَس</wf>
		<wf pos="PSP">پٮ۪ٹھ</wf>
		<wf pos="NN">سٔتی</wf>
		<wf pos="VM" sense_id="1">مِٹوٚو</wf>
		<wf pos="PRP">پَنُن</wf>
		<wf pos="NN">پان</wf>
		<wf pos="SYM">۔</wf>
	</sentence>
	<sentence s_id="66">
		<wf pos="NN">دَش</wf>
		<wf pos="PSP">سُنٛد</wf>
		<wf pos="JJ">مَہایَگ</wf>
		<wf pos="VM" sense_id="1">مِٹوٚو</wf>
		<wf pos="NN">شِوَن</wf>
		<wf pos="RB">پوٗرٕ</wf>
		<wf pos="POW">پٲٹھۍ</wf>
		<wf pos="SYM">۔</wf>
	</sentence>
	<sentence s_id="67">
		<wf pos="NN">رازٕ</wf>
		<wf pos="PSP">سٕٕنٛدۍ</wf>
		<wf pos="NN">فوجَن</wf>
		<wf pos="VM" sense_id="1">مِٹوٚو</wf>
		<wf pos="RB">پوٗرٕ</wf>
		<wf pos="NN">گام</wf>
		<wf pos="SYM">۔</wf>
	</sentence>
	<sentence s_id="68">
		<wf pos="NN">اَنسان</wf>
		<wf pos="VAUX">چُھ</wf>
		<wf pos="NN">ماحولَس</wf>
		<wf pos="RDP">تَباہ</wf>
		<wf pos="NN">کَرَن</wf>
		<wf pos="PSP">وول</wf>
		<wf pos="QC">اَکھ</wf>
		<wf pos="JJ">اَہَم</wf>
		<wf pos="NN">رُکُنشَنٛرَر</wf>
		<wf pos="NN">بَگوانَس</wf>
		<wf pos="VM">چھہٕ</wf>
		<wf pos="NN">کاینات</wf>
		<wf pos="VM" sense_id="1">مِٹاوُن</wf>
		<wf pos="PSP">وول</wf>
		<wf pos="VM">وَنان</wf>
		<wf pos="SYM">۔</wf>
	</sentence>
	<sentence s_id="69">
		<wf pos="RB">شَرابٕکۍ</wf>
		<wf pos="NN">مَرزَن</wf>
		<wf pos="VM" sense_id="1">مِٹاوٕۍ</wf>
		<wf pos="JJ">واریاہ</wf>
		<wf pos="NN">گَرٕ</wf>
		<wf pos="SYM">۔</wf>
	</sentence>
	<sentence s_id="70">
		<wf pos="NN">لاوٕ</wf>
		<wf pos="RB">وِسپوٹہٕ</wf>
		<wf pos="PSP">سۭتۍ</wf>
		<wf pos="VM" sense_id="1">مِٹاوٕۍ</wf>
		<wf pos="NN">گامَن</wf>
		<wf pos="PSP">ہٕنٛدۍ</wf>
		<wf pos="NN">گام</wf>
		<wf pos="SYM">۔</wf>
	</sentence>
	<sentence s_id="71">
		<wf pos="NNP">مِلاون</wf>
		<wf pos="NNPC">وٲل</wf>
		<wf pos="NNP">نفرٕ</wf>
		<wf pos="PSP">سٕندِ</wf>
		<wf pos="RB">مدٚتہ</wf>
		<wf pos="PSP">سۭتۍ</wf>
		<wf pos="NN">بَچو</wf>
		<wf pos="QC">اَکھ</wf>
		<wf pos="VM" sense_id="1">مِٹامُت</wf>
		<wf pos="NN">خاندان</wf>
		<wf pos="SYM">۔</wf>
	</sentence>
	<sentence s_id="72">
		<wf pos="VM">لٮ۪کِھتھ</wf>
		<wf pos="NN">لَفٕظ</wf>
		<wf pos="VM" sense_id="2">مِٹاونہٕ</wf>
		<wf pos="VAUX">آمُت</wf>
		<wf pos="SYM">۔</wf>
	</sentence>
	<sentence s_id="73">
		<wf pos="NNP">شنٛکٕراچاریَن</wf>
		<wf pos="VM">دیُت</wf>
		<wf pos="VM" sense_id="1">مِٹاونہٕ</wf>
		<wf pos="VAUX">آمتِس</wf>
		<wf pos="NNP">ہِنٛدوٗ</wf>
		<wf pos="NN">مزہَبس</wf>
		<wf pos="JJ">نوٚو</wf>
		<wf pos="VM">زَنم</wf>
		<wf pos="SYM">۔</wf>
	</sentence>
	<sentence s_id="74">
		<wf pos="RDP">تَباہ</wf>
		<wf pos="VM">کُن</wf>
		<wf pos="NN">چیٖز</wf>
		<wf pos="NNC">کٕتیٚہہ</wf>
		<wf pos="NN">سَمبالوکھ</wf>
		<wf pos="QC">اَکہِ</wf>
		<wf pos="NEG">نَہ</wf>
		<wf pos="CC">تہٕ</wf>
		<wf pos="QC">اَکہِ</wf>
		<wf pos="NN">دۄہ</wf>
		<wf pos="NN">گَژَھن</wf>
		<wf pos="PRP">تِم</wf>
		<wf pos="RB">توتہِ</wf>
		<wf pos="VM" sense_id="1">مِٹاونہٕ</wf>
		<wf pos="SYM">۔</wf>
	</sentence>
	<sentence s_id="75">
		<wf pos="NN">توٗنَن</wf>
		<wf pos="VM" sense_id="1">مِٹوٚو</wf>
		<wf pos="NN">گام</wf>
		<wf pos="SYM">۔</wf>
	</sentence>
	<sentence s_id="76">
		<wf pos="RB">زٲر</wf>
		<wf pos="POW">دار</wf>
		<wf pos="NN">کامٮ۪ن</wf>
		<wf pos="PSP">منٛز</wf>
		<wf pos="NN">دِلچسپی</wf>
		<wf pos="NN">آسانہٕ</wf>
		<wf pos="PSP">باپتھ</wf>
		<wf pos="VM" sense_id="1">مِٹوٚو</wf>
		<wf pos="PRP">سُہ</wf>
		<wf pos="SYM">۔</wf>
	</sentence>
	<sentence s_id="77">
		<wf pos="NN">ہَوٲیۍاَڈَس</wf>
		<wf pos="PSP">پٮ۪ٹھۍ</wf>
		<wf pos="VM" sense_id="1">مِٹوٚو</wf>
		<wf pos="QC">اَکھ</wf>
		<wf pos="NN">جَہاز</wf>
		<wf pos="SYM">۔</wf>
	</sentence>
	<sentence s_id="78">
		<wf pos="NNP">سونامی</wf>
		<wf pos="PSP">منٛز</wf>
		<wf pos="VM" sense_id="1">مِٹوٚو</wf>
		<wf pos="NN">مِنامِسوما</wf>
		<wf pos="JJ">پوٗرٕ</wf>
		<wf pos="RB">پٲٹھۍ</wf>
		<wf pos="SYM">۔</wf>
	</sentence>
	<sentence s_id="79">
		<wf pos="NN">گُرُٹ</wf>
		<wf pos="NN">آبہٕ</wf>
		<wf pos="PSP">سۭتۍ</wf>
		<wf pos="VAUX">چُھ</wf>
		<wf pos="NEG">نہٕ</wf>
		<wf pos="NN">پَلون</wf>
		<wf pos="JJ">داغ</wf>
		<wf pos="VM" sense_id="2">مِٹاون</wf>
		<wf pos="SYM">۔</wf>
	</sentence>
	<sentence s_id="80">
		<wf pos="JJ">صاف</wf>
		<wf pos="NN">آبَس</wf>
		<wf pos="PSP">منٛز</wf>
		<wf pos="VM">چھٕ</wf>
		<wf pos="NN">پَلون</wf>
		<wf pos="JJ">داغ</wf>
		<wf pos="VM" sense_id="2">مِٹاون</wf>
		<wf pos="SYM">۔</wf>
	</sentence>
	<sentence s_id="81">
		<wf pos="PRP">تٔمۍ</wf>
		<wf pos="VM" sense_id="2">مِٹوٚو</wf>
		<wf pos="JJ">داغ</wf>
		<wf pos="NN">پَلون</wf>
		<wf pos="SYM">۔</wf>
	</sentence>
	<sentence s_id="82">
		<wf pos="NN">گُرو</wf>
		<wf pos="NN">جِین</wf>
		<wf pos="VM" sense_id="2">مِٹوٚو</wf>
		<wf pos="NN">بوڑَس</wf>
		<wf pos="PSP">پٮ۪ٹھ</wf>
		<wf pos="NN">ہاضمہٕ</wf>
		<wf pos="PSP">کہِ</wf>
		<wf pos="NN">نِظامٕچ</wf>
		<wf pos="JJ">صاف</wf>
		<wf pos="NN">شکل</wf>
		<wf pos="SYM">۔</wf>
	</sentence>
	<sentence s_id="83">
		<wf pos="DEM">یہِ</wf>
		<wf pos="RB">چُھے</wf>
		<wf pos="VM" sense_id="2">مِٹاوان</wf>
		<wf pos="JJ">صاف</wf>
		<wf pos="JJ">داغ</wf>
		<wf pos="NN">پَلون</wf>
		<wf pos="SYM">۔</wf>
	</sentence>
	<sentence s_id="84">
		<wf pos="NN">سۄرمہٕ</wf>
		<wf pos="PSP">سۭتۍ</wf>
		<wf pos="VAUX">چھےٚ</wf>
		<wf pos="JJ">داغ</wf>
		<wf pos="RB">صاف</wf>
		<wf pos="VM" sense_id="2">مِٹاونہٕ</wf>
		<wf pos="VM">روزان</wf>
		<wf pos="SYM">۔</wf>
	</sentence>

</contextfile>