<?xml version='1.0' encoding='utf-8'?>
<contextfile filename="نَرَم" fileno="4">
<sentence s_id="1">
		<wf pos="DEM">یہِ</wf>
		<wf pos="VM">کھٕلونہٕ</wf>
		<wf pos="VAUX">چُھ</wf>
		<wf pos="INTF">یُتھ</wf>
		<wf pos="JJ" sense_id="1">نَرَم</wf>
		<wf pos="SYM">۔</wf>
</sentence>
<sentence s_id="2">
		<wf pos="JJ" sense_id="2">نَرَم</wf>
		<wf pos="NNC">اَنٛگ</wf>
		<wf pos="NN">واجین</wf>
		<wf pos="NN">کوٗر</wf>
		<wf pos="VAUX">ٲس</wf>
		<wf pos="NN">سَڑکہِ</wf>
		<wf pos="PSP">پٮ۪ٹھ</wf>
		<wf pos="VM">پَکان</wf>
		<wf pos="SYM">۔</wf>
</sentence>
<sentence s_id="3">
		<wf pos="VM">لَکھ</wf>
		<wf pos="RB">پٔتۍ</wf>
		<wf pos="VAUX">ٲسِتھ</wf>
		<wf pos="RP">تہِ</wf>
		<wf pos="VAUX">چُھ</wf>
		<wf pos="PRP">سُہ</wf>
		<wf pos="INTF">واریاہ</wf>
		<wf pos="JJ" sense_id="3">نَرَم</wf>
		<wf pos="VAUX">مِزازُ</wf>
		<wf pos="PRP">کسٲنِس</wf>
		<wf pos="NN">شہرَس</wf>
		<wf pos="PSP">منٛز</wf>
		<wf pos="VAUX">چھِ</wf>
		<wf pos="JJ">واریاہ</wf>
		<wf pos="VM">لَکھ</wf>
		<wf pos="RB">پٔتۍ</wf>
		<wf pos="SYM">۔</wf>
</sentence>
<sentence s_id="4">
		<wf pos="NN">سیمَر</wf>
		<wf pos="NN">سٕتھرُک</wf>
		<wf pos="NN">تٔکیہِ</wf>
		<wf pos="VAUX">چُھ</wf>
		<wf pos="INTF">واریاہ</wf>
		<wf pos="JJ" sense_id="1">نَرَم</wf>
		<wf pos="VM">آسان</wf>
		<wf pos="SYM">۔</wf>
</sentence>
<sentence s_id="5">
		<wf pos="NN">کاٹھٕچ</wf>
		<wf pos="CC">یا</wf>
		<wf pos="NN">بٲنٛسٕچ</wf>
		<wf pos="JJ">واریاہ</wf>
		<wf pos="NN">زٲوٕج</wf>
		<wf pos="JJ" sense_id="4">نَرَم</wf>
		<wf pos="NN">لوٗر:سۄ</wf>
		<wf pos="VAUX">چھےٚ</wf>
		<wf pos="NN">کانیو</wf>
		<wf pos="PSP">سۭتۍ</wf>
		<wf pos="NN">پھوٚت</wf>
		<wf pos="VM">بَناوان</wf>
		<wf pos="SYM">۔</wf>
</sentence>
<sentence s_id="6">
		<wf pos="JJ" sense_id="2">نَرَم</wf>
		<wf pos="NNC">اَنٛگ</wf>
		<wf pos="NN">واجین</wf>
		<wf pos="NN">کوٗر</wf>
		<wf pos="VAUX">ٲس</wf>
		<wf pos="NN">سَڑکہِ</wf>
		<wf pos="PSP">پٮ۪ٹھ</wf>
		<wf pos="VM">پَکان</wf>
		<wf pos="SYM">۔</wf>
</sentence>
<sentence s_id="7">
		<wf pos="PRP">یُس</wf>
		<wf pos="NEG">نہٕ</wf>
		<wf pos="NN">دوٚر</wf>
		<wf pos="VM">آسہِ</wf>
		<wf pos="CC">تہٕ</wf>
		<wf pos="PRP">بیٚیِہ</wf>
		<wf pos="NN">دَباوٕ</wf>
		<wf pos="PSP">سۭتۍ</wf>
		<wf pos="VM">ؤسِتھ</wf>
		<wf pos="NN">گَژھہِ:یہِ</wf>
		<wf pos="VAUX">چھِ</wf>
		<wf pos="JJ" sense_id="1">نَرَم</wf>
		<wf pos="NN">اَمب</wf>
		<wf pos="SYM">۔</wf>
</sentence>
<sentence s_id="8">
		<wf pos="VM">لَکھ</wf>
		<wf pos="RB">پٔتۍ</wf>
		<wf pos="VAUX">ٲسِتھ</wf>
		<wf pos="RP">تہِ</wf>
		<wf pos="VAUX">چُھ</wf>
		<wf pos="PRP">سُہ</wf>
		<wf pos="INTF">واریاہ</wf>
		<wf pos="JJ" sense_id="4">نَرَم</wf>
		<wf pos="PRP">مِزازُکسٲنِس</wf>
		<wf pos="NN">شہرَس</wf>
		<wf pos="PSP">منٛز</wf>
		<wf pos="VAUX">چھِ</wf>
		<wf pos="JJ">واریاہ</wf>
		<wf pos="VM">لَکھ</wf>
		<wf pos="RB">پٔتۍ</wf>
		<wf pos="SYM">۔</wf>
</sentence>
<sentence s_id="9">
		<wf pos="DEM">یہِ</wf>
		<wf pos="VM">کھٕلونہٕ</wf>
		<wf pos="VAUX">چُھ</wf>
		<wf pos="JJ">موم</wf>
		<wf pos="CC">ہیٛو</wf>
		<wf pos="JJ" sense_id="1">نَرَم</wf>
		<wf pos="SYM">۔</wf>
</sentence>
<sentence s_id="10">
		<wf pos="NN">کُلچہٕ</wf>
		<wf pos="NN">لَکچہٕ</wf>
		<wf pos="VM">لَکچہٕ</wf>
		<wf pos="NN">لَنٛجہٕ</wf>
		<wf pos="VAUX">چھےٚ</wf>
		<wf pos="JJ" sense_id="4">نَرَم</wf>
		<wf pos="VM">آسان</wf>
		<wf pos="SYM">۔</wf>
</sentence>
<sentence s_id="11">
		<wf pos="NN">سیمَر</wf>
		<wf pos="NN">سٕتھرُک</wf>
		<wf pos="NN">تٔکیہِ</wf>
		<wf pos="VAUX">چُھ</wf>
		<wf pos="INTF">واریاہ</wf>
		<wf pos="JJ" sense_id="1">نَرَم</wf>
		<wf pos="VM">آسان</wf>
		<wf pos="SYM">۔</wf>
</sentence>
<sentence s_id="12">
		<wf pos="NN">مٲدٕ</wf>
		<wf pos="PSP">سۭتۍ</wf>
		<wf pos="VM">بنیمٕژ</wf>
		<wf pos="RB">َاَکہِ</wf>
		<wf pos="NN">قٕسمٕچ</wf>
		<wf pos="NN">پوٗرۍ</wf>
		<wf pos="DEM">یۄس</wf>
		<wf pos="INTF">واریاہ</wf>
		<wf pos="JJ">تٔنۍ</wf>
		<wf pos="RP">تہِ</wf>
		<wf pos="JJ" sense_id="1">نَرَم</wf>
		<wf pos="VAUX">چھےٚ</wf>
		<wf pos="CC">آسان:موجٚ</wf>
		<wf pos="VAUX">چھِ</wf>
		<wf pos="NN">لَچُیی</wf>
		<wf pos="VM">بَناوان</wf>
		<wf pos="SYM">۔</wf>
</sentence>
<sentence s_id="13">
		<wf pos="JJ" sense_id="5">نَرَم</wf>
		<wf pos="NN">پَنہٕ</wf>
		<wf pos="PSP">سۭتۍ</wf>
		<wf pos="VM">بَنیومُت</wf>
		<wf pos="NN">کَپُر:پَشمیٖن</wf>
		<wf pos="VAUX">چُھ</wf>
		<wf pos="INTF">وارِیاہ</wf>
		<wf pos="JJ">گَرَم</wf>
		<wf pos="VM">آسان</wf>
		<wf pos="SYM">۔</wf>
</sentence>
<sentence s_id="14">
		<wf pos="QC">اَکہِ</wf>
		<wf pos="NN">قٕسمٕچ</wf>
		<wf pos="NN">شَکرنے:کُسِیار</wf>
		<wf pos="VAUX">چُھ</wf>
		<wf pos="VM">موٚٹ،</wf>
		<wf pos="JJ">سَفید</wf>
		<wf pos="CC">تہٕ</wf>
		<wf pos="JJ" sense_id="1">نَرَم</wf>
		<wf pos="VM">آسان</wf>
		<wf pos="SYM">۔</wf>
</sentence>
<sentence s_id="15">
		<wf pos="QC">اَکھ</wf>
		<wf pos="NN">راگٕنٛۍ:اَلہِیاہَس</wf>
		<wf pos="PSP">منٛز</wf>
		<wf pos="VAUX">چھِ</wf>
		<wf pos="PRP">سٲری</wf>
		<wf pos="JJ" sense_id="2">نَرَم</wf>
		<wf pos="NN">سۄر</wf>
		<wf pos="VM">لَگان</wf>
		<wf pos="SYM">۔</wf>
</sentence>
<sentence s_id="16">
		<wf pos="QC">اَکہِ</wf>
		<wf pos="NN">قٕسمُک</wf>
		<wf pos="NN">راگ:تارکٹوڈیَس</wf>
		<wf pos="PSP">منٛز</wf>
		<wf pos="VAUX">چھِ</wf>
		<wf pos="JJ" sense_id="2">نَرَم</wf>
		<wf pos="NN">سۄر</wf>
		<wf pos="VM">آسان</wf>
		<wf pos="SYM">۔</wf>
</sentence>
<sentence s_id="17">
		<wf pos="QC">اَکہِ</wf>
		<wf pos="NN">قٕسمُک</wf>
		<wf pos="NN">ییر:ملیٖدا</wf>
		<wf pos="VAUX">چُھ</wf>
		<wf pos="VM">آسان</wf>
		<wf pos="VM">کٔھسِتھ</wf>
		<wf pos="CC">تہٕ</wf>
		<wf pos="JJ" sense_id="3">نَرَم</wf>
		<wf pos="SYM">۔</wf>
</sentence>
<sentence s_id="18">
		<wf pos="QC">اَکہِ</wf>
		<wf pos="NN">قٕسمُک</wf>
		<wf pos="NN">سوٗتۍ</wf>
		<wf pos="NN">کَپُر</wf>
		<wf pos="DEM">یُس</wf>
		<wf pos="JJ" sense_id="2">نَرَم</wf>
		<wf pos="VAUX">چُھ</wf>
		<wf pos="NN">آسان:یہِ</wf>
		<wf pos="NN">کُرتہٕ</wf>
		<wf pos="VAUX">چُھ</wf>
		<wf pos="NN">پاپلیٖنُک</wf>
		<wf pos="VM">بَنیومُت</wf>
		<wf pos="SYM">۔</wf>
</sentence>
<sentence s_id="19">
		<wf pos="DEM">یُس</wf>
		<wf pos="INTF">واریاہ</wf>
		<wf pos="JJ" sense_id="1">نَرَم</wf>
		<wf pos="NNP">آسہِ:تیٚمِس</wf>
		<wf pos="JJ" sense_id="1">نَرَم</wf>
		<wf pos="NNP">مِزاز</wf>
		<wf pos="NN">شَخصَس</wf>
		<wf pos="VAUX">ٲسۍ</wf>
		<wf pos="PRP">سٲری</wf>
		<wf pos="NN">عزت</wf>
		<wf pos="VM">کَران</wf>
		<wf pos="SYM">۔</wf>
</sentence>
<sentence s_id="20">
		<wf pos="NNPC">یٲرِ</wf>
		<wf pos="NNP">کُلہِ</wf>
		<wf pos="PSP">کہِ</wf>
		<wf pos="JJ" sense_id="1">نَرَم</wf>
		<wf pos="NN">لٔکرِ</wf>
		<wf pos="PSP">پٮ۪ٹھ</wf>
		<wf pos="VM">کَڑنہٕ</wf>
		<wf pos="NNC">ییٚنہٕ</wf>
		<wf pos="PSP">وول</wf>
		<wf pos="NN">تیٖل:یارِ</wf>
		<wf pos="NN">تیٖل</wf>
		<wf pos="VAUX">چُھ</wf>
		<wf pos="NN">دَگ</wf>
		<wf pos="VM">ژٔلراونہٕ</wf>
		<wf pos="PSP">خٲطرٕ</wf>
		<wf pos="VM">اِستعمال</wf>
		<wf pos="VAUX">یوان</wf>
		<wf pos="VM">کَرنہٕ</wf>
		<wf pos="SYM">۔</wf>
</sentence>
<sentence s_id="21">
		<wf pos="NN">دِسمبر</wf>
		<wf pos="PSP">کِس</wf>
		<wf pos="NN">رٮ۪تَس</wf>
		<wf pos="PSP">مَنٛز</wf>
		<wf pos="JJ" sense_id="3">نَرَم</wf>
		<wf pos="JJ" sense_id="3">نَرَم</wf>
		<wf pos="NN">تاپھ</wf>
		<wf pos="VAUX">اوس</wf>
		<wf pos="PRP">مےٚ</wf>
		<wf pos="JJ">خۄش</wf>
		<wf pos="VM">کَران</wf>
		<wf pos="CC">تہٕ</wf>
		<wf pos="CC">زَنتہٕ</wf>
		<wf pos="DEM">یۄہے</wf>
		<wf pos="NN">تاپھ</wf>
		<wf pos="VM">مٔلۍ</wf>
		<wf pos="VM">ہٮ۪نہٕ</wf>
		<wf pos="PSP">باپَتھ</wf>
		<wf pos="CC">تہٕ</wf>
		<wf pos="VM">مٔلۍ</wf>
		<wf pos="PSP">ہٮ۪تھ</wf>
		<wf pos="VM">چھاونہٕ</wf>
		<wf pos="PSP">باپَتھ</wf>
		<wf pos="PRP">بہٕ</wf>
		<wf pos="RB">اور</wf>
		<wf pos="VM">آمُت</wf>
		<wf pos="VAUX">اوسُس</wf>
		<wf pos="SYM">۔</wf>
</sentence>
<sentence s_id="22">
		<wf pos="PRP">سُہ</wf>
		<wf pos="VAUX">چُھ</wf>
		<wf pos="JJ">تَھدِ</wf>
		<wf pos="NN">قٔبیٖلُک</wf>
		<wf pos="VM">آسنہٕ</wf>
		<wf pos="PSP">باووٚجوٗد</wf>
		<wf pos="JJ">واریاہ</wf>
		<wf pos="JJ" sense_id="3">نَرَم</wf>
		<wf pos="SYM">۔</wf>
</sentence>
<sentence s_id="23">
		<wf pos="NNP">ڈَیافارَم</wf>
		<wf pos="VAUX">چُھہ</wf>
		<wf pos="JJ">واریاہ</wf>
		<wf pos="JJ" sense_id="3">نَرَم</wf>
		<wf pos="VM">آسان</wf>
		<wf pos="SYM">۔</wf>
</sentence>
<sentence s_id="24">
		<wf pos="JJ" sense_id="3">نَرَم</wf>
		<wf pos="VM">أڈِج</wf>
		<wf pos="DEM">یۄس</wf>
		<wf pos="JJ">جوڑَن،نَستہٕ</wf>
		<wf pos="NN">کَنَس</wf>
		<wf pos="NN">بیترِ</wf>
		<wf pos="PSP">نِش</wf>
		<wf pos="VM">لَبنہٕ</wf>
		<wf pos="VM">چھٕ</wf>
		<wf pos="NN">یِوان:ٹَکھہٕ</wf>
		<wf pos="NNP">ٹٔچ</wf>
		<wf pos="VAUX">چھےٚ</wf>
		<wf pos="QC">ترٛٮ۪ن</wf>
		<wf pos="NN">قٕسمَن</wf>
		<wf pos="PSP">ہٕنٛز</wf>
		<wf pos="VM">آسان</wf>
		<wf pos="SYM">۔</wf>
</sentence>
<sentence s_id="25">
		<wf pos="NNC">رَمیش</wf>
		<wf pos="VAUX">چُھ</wf>
		<wf pos="JJ" sense_id="3">نَرَم</wf>
		<wf pos="NN">مِزازُک</wf>
		<wf pos="NN">نَفَر</wf>
		<wf pos="SYM">۔</wf>
</sentence>
<sentence s_id="26">
		<wf pos="DEM">یہِ</wf>
		<wf pos="NN">لوٗر</wf>
		<wf pos="VAUX">چھٚے</wf>
		<wf pos="JJ" sense_id="3">نَرَم</wf>
		<wf pos="SYM">۔</wf>
</sentence>
<sentence s_id="27">
		<wf pos="PRP">سُہ</wf>
		<wf pos="VAUX">چُھ</wf>
		<wf pos="JJ">تَھدِ</wf>
		<wf pos="NN">قٔبیٖلُک</wf>
		<wf pos="VM">آسنہٕ</wf>
		<wf pos="PSP">باووٚجوٗد</wf>
		<wf pos="JJ">واریاہ</wf>
		<wf pos="JJ" sense_id="3">نَرَم</wf>
		<wf pos="SYM">۔</wf>
</sentence>
<sentence s_id="28">
		<wf pos="VM">روہِتُن</wf>
		<wf pos="JJ" sense_id="3">نَرَم</wf>
		<wf pos="NNP">مِزاز</wf>
		<wf pos="VAUX">چُھ</wf>
		<wf pos="JJ">سارنٕے</wf>
		<wf pos="NN">پَسَنٛد</wf>
		<wf pos="SYM">۔</wf>
</sentence>
<sentence s_id="29">
		<wf pos="QC">اَکہِ</wf>
		<wf pos="NN">قٕسمٕچ</wf>
		<wf pos="NN">رَبڑی</wf>
		<wf pos="DEM">یۄس</wf>
		<wf pos="JJ" sense_id="3">نَرَم</wf>
		<wf pos="VAUX">چھِ</wf>
		<wf pos="NN">آسان:شُر</wf>
		<wf pos="VAUX">اوس</wf>
		<wf pos="INTF">بَڑٕ</wf>
		<wf pos="NN">مایہِ</wf>
		<wf pos="PSP">سان</wf>
		<wf pos="NN">بَسونٛدی</wf>
		<wf pos="VM">کھٮ۪وان</wf>
		<wf pos="SYM">۔</wf>
</sentence>
<sentence s_id="30">
		<wf pos="INTF">واریاہ</wf>
		<wf pos="JJ">اَصٕل</wf>
		<wf pos="CC">تہٕ</wf>
		<wf pos="JJ" sense_id="3">نَرَم</wf>
		<wf pos="RB">طٔبِیَتہٕ</wf>
		<wf pos="PRP">وول:وَسی</wf>
		<wf pos="NN">دِلہٕ</wf>
		<wf pos="PSP">وٲلۍ</wf>
		<wf pos="NNPC">پٔنٛڈِت</wf>
		<wf pos="NNP">جیٛیَن</wf>
		<wf pos="NN">کھوٗل</wf>
		<wf pos="JJ">بوڑ</wf>
		<wf pos="NN">سٔکوٗل</wf>
		<wf pos="SYM">۔</wf>
</sentence>
<sentence s_id="31">
		<wf pos="NNP">ڈَیافارَم</wf>
		<wf pos="VAUX">چُھہ</wf>
		<wf pos="JJ">واریاہ</wf>
		<wf pos="JJ" sense_id="3">نَرَم</wf>
		<wf pos="VM">آسان</wf>
		<wf pos="SYM">۔</wf>
</sentence>
<sentence s_id="32">
		<wf pos="QC">اَکہِ</wf>
		<wf pos="NN">قٔسمُک</wf>
		<wf pos="NN">کَپُر</wf>
		<wf pos="DEM">یُس</wf>
		<wf pos="NN">گَرٕم</wf>
		<wf pos="NN">کَپرَس</wf>
		<wf pos="PSP">تَلہٕ</wf>
		<wf pos="NN">اَستَر</wf>
		<wf pos="PSP">بَدلہٕ</wf>
		<wf pos="VM">لَگان</wf>
		<wf pos="NNP">چُھ:پَنیلا</wf>
		<wf pos="VAUX">چُھ</wf>
		<wf pos="JJ">رَنٛگہٕ</wf>
		<wf pos="NN">دار،</wf>
		<wf pos="JJ" sense_id="3">نَرَم</wf>
		<wf pos="VM">،</wf>
		<wf pos="RP">تہِ</wf>
		<wf pos="NN">چَمکیٖلہٕ</wf>
		<wf pos="VM">آسان</wf>
		<wf pos="SYM">۔</wf>
</sentence>
<sentence s_id="33">
		<wf pos="NNP">آسام</wf>
		<wf pos="NN">پرٛدیشَس</wf>
		<wf pos="PSP">منٛز</wf>
		<wf pos="NN">میلَن</wf>
		<wf pos="PSP">وول</wf>
		<wf pos="QC">اَکھ</wf>
		<wf pos="JJ">کُل:نَتمی</wf>
		<wf pos="PSP">سٕنٛز</wf>
		<wf pos="NN">لٔکٕر</wf>
		<wf pos="VAUX">چھےٚ</wf>
		<wf pos="JJ" sense_id="3">نَرَم</wf>
		<wf pos="VM">،</wf>
		<wf pos="NN">دٔر</wf>
		<wf pos="VM">،</wf>
		<wf pos="CC">تہٕ</wf>
		<wf pos="NN">وۄزٕجۍ</wf>
		<wf pos="VM">آسان</wf>
		<wf pos="SYM">۔</wf>
</sentence>
<sentence s_id="34">
		<wf pos="QC">اَکہِ</wf>
		<wf pos="NN">قٔسمُک</wf>
		<wf pos="VM">ییروٗ</wf>
		<wf pos="NN">کَپُر</wf>
		<wf pos="DEM">یُس</wf>
		<wf pos="JJ">موٚٹ</wf>
		<wf pos="RP">تہِ</wf>
		<wf pos="JJ" sense_id="3">نَرَم</wf>
		<wf pos="VM">آسان</wf>
		<wf pos="NN">چُھ:تۭرِ</wf>
		<wf pos="PSP">منٛز</wf>
		<wf pos="VAUX">چِھ</wf>
		<wf pos="PRP">کینٛہہ</wf>
		<wf pos="NN">لُکھ</wf>
		<wf pos="NN">بَناتٕکۍ</wf>
		<wf pos="NN">پَلو</wf>
		<wf pos="VM">لاگان</wf>
		<wf pos="SYM">۔</wf>
</sentence>
<sentence s_id="35">
		<wf pos="NN">بھارتٕٕکِس</wf>
		<wf pos="JJ">جٔنوٗبی</wf>
		<wf pos="NN">عَلاقَس</wf>
		<wf pos="PSP">منٛز</wf>
		<wf pos="NN">میلَن</wf>
		<wf pos="PSP">وول</wf>
		<wf pos="QC">اَکھ</wf>
		<wf pos="JJ">کُل:ناورٲچۍ</wf>
		<wf pos="NN">لٔکٕر</wf>
		<wf pos="VAUX">چھےٚ</wf>
		<wf pos="NNPC">سَفید</wf>
		<wf pos="NNP">،</wf>
		<wf pos="JJ" sense_id="3">نَرَم</wf>
		<wf pos="RP">تہِ</wf>
		<wf pos="JJ">مَظبوٗط</wf>
		<wf pos="VM">آسان</wf>
		<wf pos="SYM">۔</wf>
</sentence>
<sentence s_id="36">
		<wf pos="JJ" sense_id="3">نَرَم</wf>
		<wf pos="NN">اِنسان</wf>
		<wf pos="VAUX">چُھ</wf>
		<wf pos="VM">وَنۍ</wf>
		<wf pos="NN">گامَس</wf>
		<wf pos="PSP">مَنٛز</wf>
		<wf pos="VM">اَمُن</wf>
		<wf pos="NN">پَسَنٛد</wf>
		<wf pos="NN">زِنٛدٕگی</wf>
		<wf pos="NN">بَسَر</wf>
		<wf pos="VM">کَران</wf>
		<wf pos="SYM">۔</wf>
</sentence>
<sentence s_id="37">
		<wf pos="QC">اَکھ</wf>
		<wf pos="NN">لۄکُٹ</wf>
		<wf pos="NN">کُل</wf>
		<wf pos="VM">ییٚمِچۍ</wf>
		<wf pos="NN">لٔکٕر</wf>
		<wf pos="JJ" sense_id="2">نَرَم</wf>
		<wf pos="CC">تہٕ</wf>
		<wf pos="NN">چَمکیٖلہٕ</wf>
		<wf pos="VAUX">چھےٚ</wf>
		<wf pos="NN">آسان:تُنٛبڑی</wf>
		<wf pos="PSP">ہٕنٛدۍ</wf>
		<wf pos="NN">پَنہٕ</wf>
		<wf pos="NN">ؤتھٕر</wf>
		<wf pos="VAUX">چِھ</wf>
		<wf pos="NN">جانورَن</wf>
		<wf pos="PSP">ہٕنٛدِس</wf>
		<wf pos="NNC">کھٮ۪نَس</wf>
		<wf pos="PSP">خٲطرٕ</wf>
		<wf pos="VM">لَگان</wf>
		<wf pos="SYM">۔</wf>
</sentence>
<sentence s_id="38">
		<wf pos="QC">اَکہِ</wf>
		<wf pos="NN">قٔسمُک</wf>
		<wf pos="NN">لۄکُٹ</wf>
		<wf pos="VM">کُل:پولٲچۍ</wf>
		<wf pos="NN">لکٕر</wf>
		<wf pos="VAUX">چھےٚ</wf>
		<wf pos="JJ">سفید</wf>
		<wf pos="RP">تہِ</wf>
		<wf pos="JJ" sense_id="3">نَرَم</wf>
		<wf pos="VM">آسان</wf>
		<wf pos="SYM">۔</wf>
</sentence>
<sentence s_id="39">
		<wf pos="QC">اَکہِ</wf>
		<wf pos="NNP">قٔسمٕچۍ</wf>
		<wf pos="JJ" sense_id="3">نَرَم</wf>
		<wf pos="NN">میٚژ:روسلی</wf>
		<wf pos="VAUX">چھےٚ</wf>
		<wf pos="JJ">واریاہ</wf>
		<wf pos="POW">زرخیز</wf>
		<wf pos="VM">آسان</wf>
		<wf pos="SYM">۔</wf>
</sentence>
<sentence s_id="40">
		<wf pos="QC">اَکہِ</wf>
		<wf pos="NN">قٔسمُک</wf>
		<wf pos="NN">کَپُر:لَنَکلاٹ</wf>
		<wf pos="VAUX">چُھ</wf>
		<wf pos="JJ" sense_id="3">نَرَم</wf>
		<wf pos="VM">آسان</wf>
		<wf pos="SYM">۔</wf>
</sentence>
<sentence s_id="41">
		<wf pos="QC">اَکہِ</wf>
		<wf pos="NN">قٔسمُک</wf>
		<wf pos="JJ">رِشِم:تَندوٗری</wf>
		<wf pos="VAUX">چُھ</wf>
		<wf pos="NN">حَلقہٕ</wf>
		<wf pos="CC">تہٕ</wf>
		<wf pos="JJ" sense_id="1">نَرَم</wf>
		<wf pos="VM">آسان</wf>
		<wf pos="SYM">۔</wf>
</sentence>
<sentence s_id="42">
		<wf pos="QC">اَکہِ</wf>
		<wf pos="NN">قٔسمُک</wf>
		<wf pos="NN">بوریکٕس:تیلی</wf>
		<wf pos="RB">بوریکٕس</wf>
		<wf pos="VAUX">چُھ</wf>
		<wf pos="JJ" sense_id="3">نَرَم</wf>
		<wf pos="VM">آسان</wf>
		<wf pos="SYM">۔</wf>
</sentence>
<sentence s_id="43">
		<wf pos="QC">اَکہِ</wf>
		<wf pos="NN">قٔسمُک</wf>
		<wf pos="NN">کَپُر:سٔلیٖطہ</wf>
		<wf pos="VAUX">چُھ</wf>
		<wf pos="QC">اکہِ</wf>
		<wf pos="NN">قٔسمُک</wf>
		<wf pos="JJ" sense_id="3">نَرَم</wf>
		<wf pos="NN">کَپُر</wf>
		<wf pos="SYM">۔</wf>
</sentence>
<sentence s_id="44">
		<wf pos="QC">اَکھ</wf>
		<wf pos="JJ">بوٚڈ</wf>
		<wf pos="NN">کُل</wf>
		<wf pos="VM">ییٚمِچۍ</wf>
		<wf pos="NN">لٔکٕر</wf>
		<wf pos="JJ" sense_id="3">نَرَم</wf>
		<wf pos="RP">تہِ</wf>
		<wf pos="NNP">دالچیٖن</wf>
		<wf pos="NNP">رَنٛگٕچۍ</wf>
		<wf pos="VM">آسان</wf>
		<wf pos="NN">چھےٚ:سَردی</wf>
		<wf pos="PSP">منٛز</wf>
		<wf pos="VAUX">چِھ</wf>
		<wf pos="NNC">دھولی</wf>
		<wf pos="NN">کُلِس</wf>
		<wf pos="NN">پَنہٕ</wf>
		<wf pos="NN">ؤتھٕر</wf>
		<wf pos="VM">پٮ۪وان</wf>
		<wf pos="SYM">۔</wf>
</sentence>
<sentence s_id="45">
		<wf pos="QC">اَکہِ</wf>
		<wf pos="NN">قٔسمُک</wf>
		<wf pos="JJ">واریاہ</wf>
		<wf pos="JJ" sense_id="3">نَرَم</wf>
		<wf pos="PRP">ییر:تٔمِس</wf>
		<wf pos="VAUX">چھےٚ</wf>
		<wf pos="NNP">مٔریٖنو</wf>
		<wf pos="NNP">وُولٕچۍ</wf>
		<wf pos="PSP">بِنیان</wf>
		<wf pos="VM">لٲگِتھ</wf>
		<wf pos="SYM">۔</wf>
</sentence>
<sentence s_id="46">
		<wf pos="QC">اَکہِ</wf>
		<wf pos="NN">قٔسمُک</wf>
		<wf pos="JJ" sense_id="4">نَرَم</wf>
		<wf pos="VM">کَپُر:فَلالان</wf>
		<wf pos="VAUX">چُھ</wf>
		<wf pos="VM">آسان</wf>
		<wf pos="NN">ییرُک</wf>
		<wf pos="VM">بَنیوٗمُت</wf>
		<wf pos="SYM">۔</wf>
</sentence>
<sentence s_id="47">
		<wf pos="QC">اَکہِ</wf>
		<wf pos="NNP">قٔسمٕچۍ</wf>
		<wf pos="JJ" sense_id="4">نَرَم</wf>
		<wf pos="RP">تہِ</wf>
		<wf pos="NN">پِشِجۍ</wf>
		<wf pos="NN">کٔنۍ:سِلکٔھڑی</wf>
		<wf pos="PSP">سۭتۍ</wf>
		<wf pos="VAUX">چِھ</wf>
		<wf pos="NN">بانہٕ</wf>
		<wf pos="VM">،</wf>
		<wf pos="CC">تہٕ</wf>
		<wf pos="NN">زیوَر</wf>
		<wf pos="VM">بَناونہٕ</wf>
		<wf pos="VAUX">یِوان</wf>
		<wf pos="SYM">۔</wf>
</sentence>
<sentence s_id="48">
		<wf pos="QC">اَکہِ</wf>
		<wf pos="NN">قٔسمُک</wf>
		<wf pos="JJ">آسمٲنی</wf>
		<wf pos="NN">أنٛز:پتوخٲس</wf>
		<wf pos="VAUX">چِھ</wf>
		<wf pos="NNPC">سفید</wf>
		<wf pos="NNP">،</wf>
		<wf pos="JJ" sense_id="3">نَرَم</wf>
		<wf pos="CC">تہٕ</wf>
		<wf pos="PSP">پِشِلۍ</wf>
		<wf pos="INTF">پَخ</wf>
		<wf pos="VM">آسان</wf>
		<wf pos="SYM">۔</wf>
</sentence>
<sentence s_id="49">
		<wf pos="QC">اَکھ</wf>
		<wf pos="JJ">سَفید</wf>
		<wf pos="JJ" sense_id="3">نَرَم</wf>
		<wf pos="NNP">دھاتُک</wf>
		<wf pos="NN">عُنصَر:لینٛتھٕنَمَس</wf>
		<wf pos="PSP">منٛز</wf>
		<wf pos="VAUX">چُھ</wf>
		<wf pos="NN">اٮ۪ٹمَن</wf>
		<wf pos="PSP">ہُنٛد</wf>
		<wf pos="NN">تعداد</wf>
		<wf pos="NN">سَتوَنٛزاہ</wf>
		<wf pos="VM">آسان</wf>
		<wf pos="SYM">۔</wf>
</sentence>
<sentence s_id="50">
		<wf pos="QC">اَکھ</wf>
		<wf pos="NNP">دھاتُک</wf>
		<wf pos="NN">عُنصَر:گوڈولِیٖنِٮَ۪م</wf>
		<wf pos="VAUX">چُھ</wf>
		<wf pos="JJ" sense_id="3">نَرَم</wf>
		<wf pos="VM">آسان</wf>
		<wf pos="SYM">۔</wf>
</sentence>
<sentence s_id="51">
		<wf pos="QC">اَکھ</wf>
		<wf pos="NNP">دھاتُک</wf>
		<wf pos="NNP">عُنصَر:اَبرٚٮَ۪م</wf>
		<wf pos="VAUX">چُھ</wf>
		<wf pos="JJ" sense_id="3">نَرَم</wf>
		<wf pos="VM">آسان</wf>
		<wf pos="SYM">۔</wf>
</sentence>
<sentence s_id="52">
		<wf pos="QC">اَکھ</wf>
		<wf pos="JJ" sense_id="3">نَرَم</wf>
		<wf pos="NNP">دھاتُک</wf>
		<wf pos="NN">عُنصَر:بورِٮَ۪مَس</wf>
		<wf pos="PSP">منٛز</wf>
		<wf pos="VAUX">چُھ</wf>
		<wf pos="NN">اٮ۪ٹمَن</wf>
		<wf pos="PSP">ہُنٛد</wf>
		<wf pos="NN">تعداد</wf>
		<wf pos="NN">شُوَنٛزاہ</wf>
		<wf pos="VM">آسان</wf>
		<wf pos="SYM">۔</wf>
</sentence>
<sentence s_id="53">
		<wf pos="QC">اَکھ</wf>
		<wf pos="NN">سَمَنٛدٔرۍ</wf>
		<wf pos="NN">کیٚمٮ۪ن</wf>
		<wf pos="PSP">ہٕنٛز</wf>
		<wf pos="NN">زٲژ</wf>
		<wf pos="DEM">یِمَن</wf>
		<wf pos="JJ" sense_id="3">نَرَم</wf>
		<wf pos="POW">أڈِجَن</wf>
		<wf pos="PSP">ہُنٛد</wf>
		<wf pos="NN">ڈانٛچہٕ</wf>
		<wf pos="VAUX">چُھ</wf>
		<wf pos="NN">آسان:سُپونٛچ</wf>
		<wf pos="VAUX">چُھ</wf>
		<wf pos="NN">پانُیل</wf>
		<wf pos="NN">چیٖز</wf>
		<wf pos="NN">جَزٕب</wf>
		<wf pos="VM">کَران</wf>
		<wf pos="CC">تہٕ</wf>
		<wf pos="VM">چیٖرنَس</wf>
		<wf pos="PSP">پٮ۪ٹھ</wf>
		<wf pos="VAUX">چُھ</wf>
		<wf pos="PRP">سُہ</wf>
		<wf pos="RB">واپَس</wf>
		<wf pos="VM">ترٛاوان</wf>
		<wf pos="SYM">۔</wf>
</sentence>
<sentence s_id="54">
		<wf pos="PRP">سُہ</wf>
		<wf pos="PRP">یُس</wf>
		<wf pos="JJ" sense_id="3">نَرَم</wf>
		<wf pos="PRP">آسہِ:سُہ</wf>
		<wf pos="VAUX">چُھ</wf>
		<wf pos="INTF">وارِیاہ</wf>
		<wf pos="JJ" sense_id="3">نَرَم</wf>
		<wf pos="NN">مِزازُک</wf>
		<wf pos="SYM">۔</wf>
</sentence>
<sentence s_id="55">
		<wf pos="NN">گَنٛڑٕ</wf>
		<wf pos="VAUX">چُھ</wf>
		<wf pos="NN">جِسمَس</wf>
		<wf pos="JJ" sense_id="3">نَرَم</wf>
		<wf pos="VM">تھاوان</wf>
		<wf pos="SYM">۔</wf>
</sentence>
<sentence s_id="56">
		<wf pos="RB">وارٕوارٕ</wf>
		<wf pos="VAUX">گۄو</wf>
		<wf pos="DEM">یہِ</wf>
		<wf pos="JJ">تیُتھُے</wf>
		<wf pos="NN">خشک</wf>
		<wf pos="CC">تہِٕ</wf>
		<wf pos="JJ" sense_id="1">نَرَم</wf>
		<wf pos="CC">یُتھ</wf>
		<wf pos="DEM">یہِ</wf>
		<wf pos="NN">مرتبانس</wf>
		<wf pos="PSP">منز</wf>
		<wf pos="VM">ترٛاونہٕ</wf>
		<wf pos="NN">وِزِ</wf>
		<wf pos="VAUX">اوس</wf>
		<wf pos="SYM">۔</wf>
</sentence>
<sentence s_id="57">
		<wf pos="DEM">یہِ</wf>
		<wf pos="NN">قسم</wf>
		<wf pos="VM">ہیوٚن</wf>
		<wf pos="VAUX">چُھ</wf>
		<wf pos="PRP">پَننِہ</wf>
		<wf pos="NN">جایِہ</wf>
		<wf pos="QC">اکھ</wf>
		<wf pos="JJ">ٲویُل</wf>
		<wf pos="CC">تہٕ</wf>
		<wf pos="JJ" sense_id="3">نَرَم</wf>
		<wf pos="NN">تقریٖب</wf>
		<wf pos="VM">آسان</wf>
		<wf pos="SYM">۔</wf>
</sentence>
<sentence s_id="58">
		<wf pos="VM">ابساوُن</wf>
		<wf pos="VAUX">چُھم</wf>
		<wf pos="JJ" sense_id="4">نَرَم</wf>
		<wf pos="NN">پن</wf>
		<wf pos="SYM">۔</wf>
</sentence>
<sentence s_id="59">
		<wf pos="NN">زٲوِیُل</wf>
		<wf pos="NN">کمر،</wf>
		<wf pos="JJ" sense_id="4">نَرَم</wf>
		<wf pos="VM">بدن،</wf>
		<wf pos="NN">شوقس</wf>
		<wf pos="VM">چمن،</wf>
		<wf pos="NN">ذوقس</wf>
		<wf pos="VAUX">چھُ</wf>
		<wf pos="NN">پَن</wf>
		<wf pos="NN">یادُک</wf>
		<wf pos="NN">سنٮ۪ر</wf>
		<wf pos="VM">،</wf>
		<wf pos="NN">رادُک</wf>
		<wf pos="NN">تھزر،</wf>
		<wf pos="NN">فرشس</wf>
		<wf pos="VAUX">چھُ</wf>
		<wf pos="VM">کٕن،</wf>
		<wf pos="NN">عرشس</wf>
		<wf pos="VAUX">چھُ</wf>
		<wf pos="NNP">تھَم</wf>
		<wf pos="SYM">۔</wf>
</sentence>
<sentence s_id="60">
		<wf pos="JJ">زٲویُل</wf>
		<wf pos="NN">کمر</wf>
		<wf pos="VM">،</wf>
		<wf pos="JJ" sense_id="2">نَرَم</wf>
		<wf pos="NN">بدن</wf>
		<wf pos="VM">،</wf>
		<wf pos="NN">شوقس</wf>
		<wf pos="VAUX">چھُ</wf>
		<wf pos="NN">پن</wf>
		<wf pos="VM">،</wf>
		<wf pos="NN">ذوقس</wf>
		<wf pos="NN">چمن</wf>
		<wf pos="NN">یادُک</wf>
		<wf pos="NN">سنٮ۪ر</wf>
		<wf pos="VM">،</wf>
		<wf pos="NN">رادُک</wf>
		<wf pos="NN">تھزر</wf>
		<wf pos="NN">فرشس</wf>
		<wf pos="VAUX">چھُ</wf>
		<wf pos="PSP">کٕن</wf>
		<wf pos="VM">،</wf>
		<wf pos="NN">عرشس</wf>
		<wf pos="VAUX">چھُ</wf>
		<wf pos="NNP">تھَم</wf>
		<wf pos="SYM">۔</wf>
</sentence>
<sentence s_id="61">
		<wf pos="JJ">سفید</wf>
		<wf pos="NN">اپرن</wf>
		<wf pos="VM">لٲگِتھ</wf>
		<wf pos="VAUX">ٲس</wf>
		<wf pos="VM">نٔرٕس</wf>
		<wf pos="VAUX">چھٔژ</wf>
		<wf pos="NN">کوتٕر</wf>
		<wf pos="???">ہِش</wf>
		<wf pos="QC">اورٕہ</wf>
		<wf pos="RDP">یور</wf>
		<wf pos="VM">وُڈان</wf>
		<wf pos="DEM">یہِ</wf>
		<wf pos="VAUX">ٲس</wf>
		<wf pos="JJ" sense_id="4">نَرَم</wf>
		<wf pos="NN">أچھ</wf>
		<wf pos="NN">آسَس</wf>
		<wf pos="RDP">بَجہِ</wf>
		<wf pos="CC">تہٕ</wf>
		<wf pos="VM">زیچھہِ</wf>
		<wf pos="NN">نظرن</wf>
		<wf pos="PSP">مَنٛز</wf>
		<wf pos="VAUX">اوسُس</wf>
		<wf pos="NN">اَسُن</wf>
		<wf pos="RB">سادگی</wf>
		<wf pos="VAUX">ٲس</wf>
		<wf pos="PRP">اٚہنٛز</wf>
		<wf pos="PRP">پانَس</wf>
		<wf pos="VM">کُن</wf>
		<wf pos="RB">لَمہٕ</wf>
		<wf pos="POW">وُن</wf>
		<wf pos="VM">حُسُن</wf>
		<wf pos="PRP">بہٕ</wf>
		<wf pos="VAUX">گوس</wf>
		<wf pos="PRP">أمِس</wf>
		<wf pos="RB">پَتہٕ</wf>
		<wf pos="RB">پَتہٕ</wf>
		<wf pos="NN">تھَرمامیٖٹَر</wf>
		<wf pos="RDP">اوسُم</wf>
		<wf pos="VM">اَتھَس</wf>
		<wf pos="PRP">کیٚتھ</wf>
		<wf pos="PRP">بہٕ</wf>
		<wf pos="VAUX">اوسُس</wf>
		<wf pos="PRP">پانَس</wf>
		<wf pos="RB">تپَھ</wf>
		<wf pos="VAUX">یَژھان</wf>
		<wf pos="VM">وُچھناوُن</wf>
		<wf pos="PRP">أمۍ</wf>
		<wf pos="POW">سٕے</wf>
		<wf pos="RDP">نٔرسہٕ</wf>
		<wf pos="NN">اَتھٕ</wf>
		<wf pos="SYM">۔</wf>
</sentence>
<sentence s_id="62">
		<wf pos="NNC">کورِ</wf>
		<wf pos="NN">مولس</wf>
		<wf pos="VAUX">چُھ</wf>
		<wf pos="NEG">نہ</wf>
		<wf pos="NN">دُہُک</wf>
		<wf pos="NN">قرار</wf>
		<wf pos="NEG">نَہ</wf>
		<wf pos="NN">راتُک</wf>
		<wf pos="NN">آرام</wf>
		<wf pos="VM">آسان</wf>
		<wf pos="PRP">سُہ</wf>
		<wf pos="VAUX">چُھ</wf>
		<wf pos="NNP">خۄدایَس</wf>
		<wf pos="NN">منٛگہٕ</wf>
		<wf pos="NN">منٛگ</wf>
		<wf pos="VM">کران</wf>
		<wf pos="VM">آسان</wf>
		<wf pos="CC">زِ</wf>
		<wf pos="NNP">خۄدایا</wf>
		<wf pos="PRP">سۄ</wf>
		<wf pos="NN">گٔر</wf>
		<wf pos="VM">واتناو</wf>
		<wf pos="RP">تہٕ</wf>
		<wf pos="???">جل</wf>
		<wf pos="RB">جل</wf>
		<wf pos="RB">ییٚلہِ</wf>
		<wf pos="PRP">بہٕ</wf>
		<wf pos="NN">کوٗر</wf>
		<wf pos="PRP">چانہِ</wf>
		<wf pos="VAUX">یَژھنہٕ</wf>
		<wf pos="PRP">پننٮ۪و</wf>
		<wf pos="NN">اَتَھو</wf>
		<wf pos="PRP">پننِس</wf>
		<wf pos="NNPC">حقِ</wf>
		<wf pos="NNP">خۄدایَس</wf>
		<wf pos="NN">حوالہٕ</wf>
		<wf pos="VM">کرہَن</wf>
		<wf pos="PRP">پرٛٮ۪تھ</wf>
		<wf pos="PRP">کٲنٛسِہ</wf>
		<wf pos="NNC">کورِ</wf>
		<wf pos="NN">مٲلۍ</wf>
		<wf pos="PSP">سُنٛد،</wf>
		<wf pos="CC">باہمَے</wf>
		<wf pos="PRP">سُہ</wf>
		<wf pos="VM">آسن</wf>
		<wf pos="PSP">وول</wf>
		<wf pos="VAUX">آسِہ</wf>
		<wf pos="CC">یا</wf>
		<wf pos="JJ">سفیدپوش،</wf>
		<wf pos="NN">،حال</wf>
		<wf pos="VAUX">چُھ</wf>
		<wf pos="RB">پٔزۍپٲٹھۍ</wf>
		<wf pos="PRP">دۄشوٕنۍ</wf>
		<wf pos="RB">یِتُھے</wf>
		<wf pos="VM">آسان</wf>
		<wf pos="CC">تِکیازِ</wf>
		<wf pos="NN">کورِ</wf>
		<wf pos="PSP">ہٕنٛز</wf>
		<wf pos="JJ" sense_id="2">نَرَم</wf>
		<wf pos="VAUX">چھیٚہ</wf>
		<wf pos="INTF">سٮ۪ٹھاہ</wf>
		<wf pos="JJ">کریٖٹھ</wf>
		<wf pos="VM">آسان</wf>
		<wf pos="SYM">۔</wf>
</sentence>
<sentence s_id="63">
		<wf pos="NNP">کشیٖرِ</wf>
		<wf pos="PSP">منٛز</wf>
		<wf pos="DEM">یِم</wf>
		<wf pos="NNP">فارسی</wf>
		<wf pos="PSP">یِکۍ</wf>
		<wf pos="JJ">مُستند</wf>
		<wf pos="CC">تہٕ</wf>
		<wf pos="JJ">صاحبِ</wf>
		<wf pos="POW">دیوان</wf>
		<wf pos="NN">شٲعر</wf>
		<wf pos="VM">ؤتھۍمٕتۍ</wf>
		<wf pos="VAUX">چھِ</wf>
		<wf pos="PRP">تِمو</wf>
		<wf pos="CC">اگر</wf>
		<wf pos="NN">زیٚوِ</wf>
		<wf pos="PSP">ہُنٛد</wf>
		<wf pos="NN">مزٕ</wf>
		<wf pos="VM">بدلاونہٕ</wf>
		<wf pos="PSP">باپتھ</wf>
		<wf pos="JJ">کم</wf>
		<wf pos="JJ">کاسہٕ</wf>
		<wf pos="NNP">کٲشُر</wf>
		<wf pos="NN">کلام</wf>
		<wf pos="RB">پتھ</wf>
		<wf pos="PSP">کن</wf>
		<wf pos="VAUX">چُھ</wf>
		<wf pos="VM">ترٛومُت</wf>
		<wf pos="DEM">تتھ</wf>
		<wf pos="PSP">منٛز</wf>
		<wf pos="RP">تہِ</wf>
		<wf pos="VAUX">چھِ</wf>
		<wf pos="PRP">تِم</wf>
		<wf pos="DEM">سۄے</wf>
		<wf pos="JJ" sense_id="5">نَرَم</wf>
		<wf pos="JJ">خیٲلی</wf>
		<wf pos="CC">تہٕ</wf>
		<wf pos="JJ">فنکارانہٕ</wf>
		<wf pos="NN">صلٲحیت</wf>
		<wf pos="VM">ہاونٕچ</wf>
		<wf pos="NN">کوٗشش</wf>
		<wf pos="VM">کران</wf>
		<wf pos="DEM">یۄس</wf>
		<wf pos="PSP">تِہِندِس</wf>
		<wf pos="NNP">فارسی</wf>
		<wf pos="NN">کلامس</wf>
		<wf pos="PSP">منٛز</wf>
		<wf pos="NN">درٛیٖنٛٹھ</wf>
		<wf pos="VAUX">چھٚے</wf>
		<wf pos="VM">گژھان،</wf>
		<wf pos="DEM">یِتھٮ۪ن</wf>
		<wf pos="NN">شٲعرن</wf>
		<wf pos="PSP">منٛز</wf>
		<wf pos="VAUX">چھِ</wf>
		<wf pos="RB">وُنِستان</wf>
		<wf pos="NNPC">غنی</wf>
		<wf pos="NNP">کشمیٖری،</wf>
		<wf pos="NNPC">سعداللہ</wf>
		<wf pos="NNPC">شاہ</wf>
		<wf pos="NNP">آبادی،</wf>
		<wf pos="NNPC">بابا</wf>
		<wf pos="NNP">کمال</wf>
		<wf pos="NN">بیترِ</wf>
		<wf pos="NN">بَدِ</wf>
		<wf pos="VM">کڑنہٕ</wf>
		<wf pos="VAUX">آمٕتۍ</wf>
		<wf pos="SYM">۔</wf>
</sentence>
<sentence s_id="64">
		<wf pos="CC">تِکیازِ</wf>
		<wf pos="NN">کورِ</wf>
		<wf pos="PSP">ہٕنٛز</wf>
		<wf pos="NN" sense_id="4">نَرمی</wf>
		<wf pos="VAUX">چھیٚہ</wf>
		<wf pos="INTF">سٮ۪ٹھاہ</wf>
		<wf pos="JJ">کریٖٹھ</wf>
		<wf pos="VM">آسان</wf>
		<wf pos="DEM">یہِ</wf>
		<wf pos="NN">سودا</wf>
		<wf pos="VAUX">چُھ</wf>
		<wf pos="INTF">سٮ۪ٹھاہ</wf>
		<wf pos="JJ" sense_id="4">نَرَم</wf>
		<wf pos="VM">آسان</wf>
		<wf pos="SYM">۔</wf>
</sentence>
<sentence s_id="65">
		<wf pos="JJ" sense_id="4">نَرَم</wf>
		<wf pos="NN">چیٖز</wf>
		<wf pos="VAUX">چھِ</wf>
		<wf pos="NN">آرام</wf>
		<wf pos="PSP">سان</wf>
		<wf pos="VM">پھِٹان</wf>
		<wf pos="SYM">۔</wf>
</sentence>
<sentence s_id="66">
		<wf pos="NNPC">لال</wf>
		<wf pos="VAUX">چُھ</wf>
		<wf pos="NN">أچَھن</wf>
		<wf pos="PSP">ہُنٛد</wf>
		<wf pos="QC">اَکھ</wf>
		<wf pos="JJ">اَہم</wf>
		<wf pos="CC">تہٕ</wf>
		<wf pos="JJ" sense_id="4">نَرَم</wf>
		<wf pos="NN">حِصہٕ</wf>
		<wf pos="SYM">۔</wf>
</sentence>
<sentence s_id="67">
		<wf pos="NNPC">لال</wf>
		<wf pos="VAUX">چُھ</wf>
		<wf pos="NN">أچَھن</wf>
		<wf pos="PSP">ہُنٛد</wf>
		<wf pos="QC">اَکھ</wf>
		<wf pos="JJ">اَہم</wf>
		<wf pos="CC">تہٕ</wf>
		<wf pos="JJ" sense_id="4">نَرَم</wf>
		<wf pos="NN">حِصہٕ</wf>
		<wf pos="SYM">۔</wf>
</sentence>
<sentence s_id="68">
		<wf pos="NN">دِل</wf>
		<wf pos="PSP">،کَلہٕ</wf>
		<wf pos="NN">کھاپٕر</wf>
		<wf pos="NN">بیترٕ</wf>
		<wf pos="VM">چھہٕ</wf>
		<wf pos="JJ" sense_id="4">نَرَم</wf>
		<wf pos="NN">حِصہٕ</wf>
		<wf pos="SYM">۔</wf>
</sentence>
<sentence s_id="69">
		<wf pos="NN">دِل</wf>
		<wf pos="PSP">،کَلہٕ</wf>
		<wf pos="NN">کھاپٕر</wf>
		<wf pos="NN">بیترٕ</wf>
		<wf pos="VM">چھہٕ</wf>
		<wf pos="JJ" sense_id="4">نَرَم</wf>
		<wf pos="NN">اَنٛگ</wf>
		<wf pos="SYM">۔</wf>
</sentence>
<sentence s_id="70">
		<wf pos="DEM">یہِ</wf>
		<wf pos="VAUX">چُھ</wf>
		<wf pos="INTF">واریاہ</wf>
		<wf pos="JJ" sense_id="4">نَرَم</wf>
		<wf pos="NN">معاملہٕ</wf>
		<wf pos="SYM">۔</wf>
</sentence>
<sentence s_id="71">
		<wf pos="PRP">سُہ</wf>
		<wf pos="VAUX">چُھ</wf>
		<wf pos="NN">نَفسہِ</wf>
		<wf pos="JJ" sense_id="4">نَرَم</wf>
		<wf pos="NN">نَفَر</wf>
		<wf pos="SYM">۔</wf>
</sentence>
<sentence s_id="72">
		<wf pos="VM">کَنُک</wf>
		<wf pos="NN">پَردٕ</wf>
		<wf pos="VAUX">چُھ</wf>
		<wf pos="JJ" sense_id="4">نَرَم</wf>
		<wf pos="NN">آسانوایاہ</wf>
		<wf pos="JJ">زورٕدار</wf>
		<wf pos="NN">آوازٕ</wf>
		<wf pos="PSP">سۭتۍ</wf>
		<wf pos="VAUX">ہٮ۪کہِ</wf>
		<wf pos="VM">کَنُک</wf>
		<wf pos="NN">پَردٕ</wf>
		<wf pos="RB">پٔھٹِتھ</wf>
		<wf pos="SYM">۔</wf>
</sentence>
<sentence s_id="73">
		<wf pos="NNPC">لال</wf>
		<wf pos="VAUX">چُھ</wf>
		<wf pos="NN">أچَھن</wf>
		<wf pos="PSP">ہُنٛد</wf>
		<wf pos="QC">اَکھ</wf>
		<wf pos="JJ">اَہم</wf>
		<wf pos="CC">تہٕ</wf>
		<wf pos="JJ" sense_id="4">نَرَم</wf>
		<wf pos="NN">حِصہٕ</wf>
		<wf pos="SYM">۔</wf>
</sentence>
<sentence s_id="74">
		<wf pos="PRP">سُہ</wf>
		<wf pos="VAUX">چُھ</wf>
		<wf pos="INTF">تیوٗت</wf>
		<wf pos="JJ" sense_id="4">نَرَم</wf>
		<wf pos="CC">زِ</wf>
		<wf pos="PRP">تٔمِس</wf>
		<wf pos="VAUX">چُھ</wf>
		<wf pos="NNP">ٲلہِ</wf>
		<wf pos="PSP">سۭتۍ</wf>
		<wf pos="NN">ڈاکُر</wf>
		<wf pos="RB">گژھاننَرِم</wf>
		<wf pos="NN">رامَن</wf>
		<wf pos="VM">ژُھن</wf>
		<wf pos="NN">شٕو</wf>
		<wf pos="PSP">سُنٛد</wf>
		<wf pos="VM">کَمان</wf>
		<wf pos="VM">پٕھٹرِتھ</wf>
		<wf pos="SYM">۔</wf>
</sentence>
<sentence s_id="75">
		<wf pos="NN">جِسمُک</wf>
		<wf pos="PRP">سُہ</wf>
		<wf pos="NN">حِصہٕ</wf>
		<wf pos="DEM">یَتھ</wf>
		<wf pos="NN">لَگنہٕ</wf>
		<wf pos="PSP">سۭتۍ</wf>
		<wf pos="JJ">زیادٕ</wf>
		<wf pos="NN">زَریٚر</wf>
		<wf pos="VAUX">چُھ</wf>
		<wf pos="NN">واتان:جِسمَس</wf>
		<wf pos="PSP">منٛز</wf>
		<wf pos="VAUX">چُھ</wf>
		<wf pos="NN">دِل</wf>
		<wf pos="NN">،دٮ۪ماغ</wf>
		<wf pos="NN">بیترِ</wf>
		<wf pos="JJ" sense_id="4">نَرَم</wf>
		<wf pos="NN">حِصہٕ</wf>
		<wf pos="SYM">۔</wf>
</sentence>
<sentence s_id="76">
		<wf pos="JJ" sense_id="4">نَرَم</wf>
		<wf pos="NN">چیٖز</wf>
		<wf pos="VAUX">چھِ</wf>
		<wf pos="NN">آرام</wf>
		<wf pos="PSP">سان</wf>
		<wf pos="VM">پھِٹان</wf>
		<wf pos="SYM">۔</wf>
</sentence>
<sentence s_id="77">
		<wf pos="NN">دِل</wf>
		<wf pos="PSP">،کَلہٕ</wf>
		<wf pos="NN">کھاپٕر</wf>
		<wf pos="NN">بیترٕ</wf>
		<wf pos="VM">چھہٕ</wf>
		<wf pos="JJ" sense_id="4">نَرَم</wf>
		<wf pos="NN">اَنٛگ</wf>
		<wf pos="SYM">۔</wf>
</sentence>
<sentence s_id="78">
		<wf pos="QC">اَکھ</wf>
		<wf pos="NN">راگ:نایَکیٖکانٛہَڑاہَس</wf>
		<wf pos="PSP">مَنٛز</wf>
		<wf pos="VM">چھٕ</wf>
		<wf pos="PRP">سٲری</wf>
		<wf pos="JJ" sense_id="2">نَرَم</wf>
		<wf pos="NN">سُر</wf>
		<wf pos="VM">لَگان</wf>
		<wf pos="SYM">۔</wf>
</sentence>
<sentence s_id="79">
		<wf pos="DEM">یہِ</wf>
		<wf pos="VAUX">چُھ</wf>
		<wf pos="INTF">واریاہ</wf>
		<wf pos="JJ" sense_id="2">نَرَم</wf>
		<wf pos="NN">معاملہٕ</wf>
		<wf pos="SYM">۔</wf>
</sentence>
<sentence s_id="80">
		<wf pos="PRP">یُس</wf>
		<wf pos="QC">اَکے</wf>
		<wf pos="NN">ٹُکرُک</wf>
		<wf pos="VM">بَنوومُت</wf>
		<wf pos="NN">آسہِ:لٔکرِ</wf>
		<wf pos="PSP">ہُنٛد</wf>
		<wf pos="DEM">یہِ</wf>
		<wf pos="QC">اَکے</wf>
		<wf pos="NN">ٹُکرُک</wf>
		<wf pos="VM">بَنوومُت</wf>
		<wf pos="NN">نقشہٕ</wf>
		<wf pos="VAUX">چُھ</wf>
		<wf pos="INTF">وارِیاہ</wf>
		<wf pos="JJ" sense_id="4">نَرَم</wf>
		<wf pos="SYM">۔</wf>
</sentence>
<sentence s_id="81">
		<wf pos="JJ" sense_id="2">نَرَم</wf>
		<wf pos="QC">اکھ</wf>
		<wf pos="NN">تٲمیٖر</wf>
		<wf pos="VAUX">چُھ</wf>
		<wf pos="JJ">دل</wf>
		<wf pos="SYM">۔</wf>
</sentence>
<sentence s_id="82">
		<wf pos="RB">یِتھے</wf>
		<wf pos="RDP">پٲٹھۍچھِ</wf>
		<wf pos="NN">اَسد</wf>
		<wf pos="NN">پرے</wf>
		<wf pos="NN">﴿وفات1916ئ﴾</wf>
		<wf pos="CC">تہٕ</wf>
		<wf pos="NNPC">شاہ</wf>
		<wf pos="NN">لسم</wf>
		<wf pos="PSP">سٕندۍ</wf>
		<wf pos="NNPC">معراج</wf>
		<wf pos="NNP">نامہٕ</wf>
		<wf pos="CC">تہ</wf>
		<wf pos="PRP">کٲشرِزبٲنۍہٕنز</wf>
		<wf pos="NN">ارزتھ</wf>
		<wf pos="PRP">یم</wf>
		<wf pos="VM">دۅنہٕ</wf>
		<wf pos="CC">وے</wf>
		<wf pos="NN">صاحِب</wf>
		<wf pos="VAUX">ٲسۍ</wf>
		<wf pos="PRP">سٲنۍ</wf>
		<wf pos="JJ">ناودار</wf>
		<wf pos="JJ">صوٗفی</wf>
		<wf pos="NN">شٲعرمعراج</wf>
		<wf pos="NN">شریفس</wf>
		<wf pos="PSP">متعلق</wf>
		<wf pos="DEM">یہ</wf>
		<wf pos="PRP">کینژھاہ</wf>
		<wf pos="PRP">تِمو</wf>
		<wf pos="PRP">پنہٕ</wf>
		<wf pos="POW">نٮ۪ن</wf>
		<wf pos="NN">مُرشِدن</wf>
		<wf pos="PSP">نِش</wf>
		<wf pos="CC">تہٕ</wf>
		<wf pos="NN">اسلافن</wf>
		<wf pos="PSP">نِش</wf>
		<wf pos="VM">بوزمُت</wf>
		<wf pos="VAUX">اوس</wf>
		<wf pos="CC">تہ</wf>
		<wf pos="VAUX">چھُکھ</wf>
		<wf pos="JJ">صوٗفیانہٕ</wf>
		<wf pos="NN">آیہ</wf>
		<wf pos="NN">منظوٗم</wf>
		<wf pos="VM">کورمُت</wf>
		<wf pos="NN">باؤژ</wf>
		<wf pos="VM">ہٕنزو</wf>
		<wf pos="NN">خوبیو</wf>
		<wf pos="VM">کِنۍ</wf>
		<wf pos="VM">چھِنہٕ</wf>
		<wf pos="DEM">أہندۍ</wf>
		<wf pos="NNPC">معراج</wf>
		<wf pos="NNP">نامہٕ</wf>
		<wf pos="NNPC">وہاب</wf>
		<wf pos="QF">کھار</wf>
		<wf pos="CC">تہٕ</wf>
		<wf pos="NNPC">شمس</wf>
		<wf pos="NNP">فقیر</wf>
		<wf pos="PSP">نِس</wf>
		<wf pos="NNPC">معراج</wf>
		<wf pos="NNP">نامہٕ</wf>
		<wf pos="PSP">کِس</wf>
		<wf pos="NN">پایس</wf>
		<wf pos="PSP">تام</wf>
		<wf pos="NN">وٲتتِھ</wf>
		<wf pos="VM">ہیکۍمٕتۍ</wf>
		<wf pos="CC">اماپوز</wf>
		<wf pos="NNPC">معراج</wf>
		<wf pos="NNP">شریفُک</wf>
		<wf pos="NN">موضوع</wf>
		<wf pos="VAUX">چھُ</wf>
		<wf pos="INTF">یوٗتاہ</wf>
		<wf pos="JJ" sense_id="4">نَرَم</wf>
		<wf pos="CC">زِ</wf>
		<wf pos="JJ">کمن</wf>
		<wf pos="JJ">کمن</wf>
		<wf pos="NN">عٲلمن</wf>
		<wf pos="VAUX">چھُ</wf>
		<wf pos="NN">قلم</wf>
		<wf pos="VM">لرزان</wf>
		<wf pos="NNP">حتیٰ</wf>
		<wf pos="PSP">کہ</wf>
		<wf pos="NNPC">حضرتِ</wf>
		<wf pos="NNPC">سید</wf>
		<wf pos="NNPC">سلیمان</wf>
		<wf pos="NNP">ندوی</wf>
		<wf pos="NN">ہوس</wf>
		<wf pos="NN">عٲلمس</wf>
		<wf pos="CC">تہٕ</wf>
		<wf pos="NN">محققس</wf>
		<wf pos="PSP">تام</wf>
		<wf pos="VM">پیوو</wf>
		<wf pos="NNPC">ا</wf>
		<wf pos="NNP">حوالِ</wf>
		<wf pos="NNPC">معراج</wf>
		<wf pos="VM">بیان</wf>
		<wf pos="VM">کران</wf>
		<wf pos="VM">کران</wf>
		<wf pos="VM">ونُن</wf>
		<wf pos="CC">زِ</wf>
		<wf pos="SYM">۔</wf>
</sentence>
<sentence s_id="83">
		<wf pos="DEM">اَمِہ</wf>
		<wf pos="NN">وِزِ</wf>
		<wf pos="VAUX">چِھ</wf>
		<wf pos="NN">مَہرازٕ</wf>
		<wf pos="CC">تہٕ</wf>
		<wf pos="NN">مہریٚنۍ</wf>
		<wf pos="VM">یِوان</wf>
		<wf pos="NN">کلشس</wf>
		<wf pos="PSP">نِش</wf>
		<wf pos="VM">ترٛٲوۍمٕتِس</wf>
		<wf pos="NN">آسنَس</wf>
		<wf pos="PSP">پٮ۪ٹھ</wf>
		<wf pos="NN">پوٗرَب</wf>
		<wf pos="NN">/مشرِق/</wf>
		<wf pos="PSP">کن</wf>
		<wf pos="NN">بُتھ</wf>
		<wf pos="VM">کٔرِتھ</wf>
		<wf pos="VM">بٮ۪ہناونہٕ</wf>
		<wf pos="NN">دٔچھۍنہِ</wf>
		<wf pos="NN">اَتھٕ</wf>
		<wf pos="NN">دٔچھنِس</wf>
		<wf pos="NN">اَتَھس</wf>
		<wf pos="CC">تہٕ</wf>
		<wf pos="NN">کھوورِ</wf>
		<wf pos="NN">اَتھٕ</wf>
		<wf pos="NN">کھوورِس</wf>
		<wf pos="NN">اَتَھس</wf>
		<wf pos="VAUX">چِھ</wf>
		<wf pos="DEM">یِم</wf>
		<wf pos="NN">تھَپھ</wf>
		<wf pos="VM">کٔرِتھ</wf>
		<wf pos="VM">بٮ۪ہان</wf>
		<wf pos="QC">اَکھ</wf>
		<wf pos="QC">أکۍ</wf>
		<wf pos="PSP">سُند</wf>
		<wf pos="NN">اَتھٕ</wf>
		<wf pos="VAUX">چِھ</wf>
		<wf pos="DEM">یِم</wf>
		<wf pos="QC">اَکھ</wf>
		<wf pos="QC">أکۍ</wf>
		<wf pos="PSP">سٕنزِ</wf>
		<wf pos="NN">مۄچِھ</wf>
		<wf pos="PSP">منٛز</wf>
		<wf pos="RB">چیٖرٕ</wf>
		<wf pos="POW">پٲٹھۍ</wf>
		<wf pos="VM">رَٹان</wf>
		<wf pos="RB">یِتھٕ</wf>
		<wf pos="POW">کٔنۍ</wf>
		<wf pos="VAUX">چُھ</wf>
		<wf pos="VM">آسان</wf>
		<wf pos="DEM">یِمَن</wf>
		<wf pos="PRP">کینژَس</wf>
		<wf pos="NN">کالَس</wf>
		<wf pos="VM">بِہُن</wf>
		<wf pos="DEM">اَتھ</wf>
		<wf pos="VAUX">چِھ</wf>
		<wf pos="NN">اَتھٕواس</wf>
		<wf pos="VM">وَنان</wf>
		<wf pos="VM">دَپان</wf>
		<wf pos="DEM">اَمہِ</wf>
		<wf pos="NN">ساتہٕ</wf>
		<wf pos="NEG">گژِھنہٕ</wf>
		<wf pos="NEG">ہرگِز</wf>
		<wf pos="RP">تہِ</wf>
		<wf pos="NN">اَتھٕ</wf>
		<wf pos="JJ" sense_id="5">نَرَم</wf>
		<wf pos="VM">ترٛاوُن</wf>
		<wf pos="SYM">۔</wf>
</sentence>
<sentence s_id="84">
		<wf pos="NN">بَٹَن</wf>
		<wf pos="PSP">مَنٛز</wf>
		<wf pos="VAUX">چُھ</wf>
		<wf pos="NN">اَتھٕواس</wf>
		<wf pos="VM">کرن</wf>
		<wf pos="QC">اَکھٕ</wf>
		<wf pos="NN">رسٕم</wf>
		<wf pos="VM">دَپان</wf>
		<wf pos="DEM">اَمہِ</wf>
		<wf pos="NN">ساتہٕ</wf>
		<wf pos="NEG">گژِھنہٕ</wf>
		<wf pos="NEG">ہرگِز</wf>
		<wf pos="RP">تہِ</wf>
		<wf pos="NN">اَتھٕ</wf>
		<wf pos="JJ" sense_id="5">نَرَم</wf>
		<wf pos="VM">ترٛاوُن</wf>
		<wf pos="INTF">یوٗت</wf>
		<wf pos="JJ">چیٖرٕ</wf>
		<wf pos="DEM">اَمہِ</wf>
		<wf pos="NN">ساتہٕ</wf>
		<wf pos="NN">اَتھٕواس</wf>
		<wf pos="VM">روزِ</wf>
		<wf pos="INTF">,تیوٗت</wf>
		<wf pos="JJ">مضبوٗط</wf>
		<wf pos="VAUX">چُھ</wf>
		<wf pos="PRP">تِہُند</wf>
		<wf pos="NN">اَتھواس</wf>
		<wf pos="RB">باقٕے</wf>
		<wf pos="NN">زندگی</wf>
		<wf pos="RP">تہِ</wf>
		<wf pos="VM">روزان</wf>
		<wf pos="SYM">۔</wf>
</sentence>
<sentence s_id="85">
		<wf pos="DEM">یِہ</wf>
		<wf pos="NN">تماشِہ</wf>
		<wf pos="VAUX">چُھ</wf>
		<wf pos="NNP">کٲشِرٮ۪ن</wf>
		<wf pos="PSP">ہٕنز،</wf>
		<wf pos="NN">زندگی</wf>
		<wf pos="PSP">سۭتۍ</wf>
		<wf pos="VM">کھسان</wf>
		<wf pos="CC">تٕہ</wf>
		<wf pos="VM">وسان</wf>
		<wf pos="DEM">اَمِہ</wf>
		<wf pos="PSP">کٮ۪ن</wf>
		<wf pos="JJ">واریاہ</wf>
		<wf pos="POW">ہن</wf>
		<wf pos="NN">روپن</wf>
		<wf pos="PSP">منز</wf>
		<wf pos="RB">مثلاً</wf>
		<wf pos="NNP">درزٕ</wf>
		<wf pos="NN">پٲتھٕر</wf>
		<wf pos="NN">رازٕ</wf>
		<wf pos="NN">پٲتھٕر</wf>
		<wf pos="CC">تٕہ</wf>
		<wf pos="NNP">بُہرۍ</wf>
		<wf pos="NN">پٲتھٕرن</wf>
		<wf pos="PSP">منز</wf>
		<wf pos="NEG">نہ</wf>
		<wf pos="VAUX">چُھ</wf>
		<wf pos="PRP">کانہہ</wf>
		<wf pos="RB">مستقبل</wf>
		<wf pos="NN">سکرپٹ</wf>
		<wf pos="CC">تٕہ</wf>
		<wf pos="NEG">نہ</wf>
		<wf pos="RB">وٹٕسۍ</wf>
		<wf pos="NN">ڈایلاگ</wf>
		<wf pos="DEM">امیُک</wf>
		<wf pos="JJ">کھُلٕہ</wf>
		<wf pos="RDP">ڈُلٕہ</wf>
		<wf pos="CC">تٕہ</wf>
		<wf pos="JJ" sense_id="5">نَرَم</wf>
		<wf pos="NN">سانچِہ</wf>
		<wf pos="VAUX">چُھ</wf>
		<wf pos="DEM">اَمِہ</wf>
		<wf pos="PSP">خٲطرٕ</wf>
		<wf pos="JJ">یَلٕہ</wf>
		<wf pos="VM">آسان</wf>
		<wf pos="CC">زِ</wf>
		<wf pos="DEM">اتھ</wf>
		<wf pos="PSP">منز</wf>
		<wf pos="VM">یِن</wf>
		<wf pos="NN">مفہوم</wf>
		<wf pos="CC">تٕہ</wf>
		<wf pos="NN">معنے،</wf>
		<wf pos="NN">واقعات</wf>
		<wf pos="CC">تٕہ</wf>
		<wf pos="NN">وطیرٕ</wf>
		<wf pos="PRP">پننِہ</wf>
		<wf pos="RB">پوٚت</wf>
		<wf pos="NN">منظر</wf>
		<wf pos="NN">حسابٕہ</wf>
		<wf pos="VM">ژومبنٕہ</wf>
		<wf pos="CC">تٕہ</wf>
		<wf pos="JJ">چُست</wf>
		<wf pos="VM">کرنٕہ</wf>
		<wf pos="SYM">۔</wf>
</sentence>
<sentence s_id="86">
		<wf pos="NN">بٕجرَس</wf>
		<wf pos="VM">منٛزچُھ</wf>
		<wf pos="NN">جٕسٕم</wf>
		<wf pos="JJ" sense_id=3">نَرَم</wf>
		<wf pos="VM">گَژھان</wf>
		<wf pos="SYM">۔</wf>
</sentence>
<sentence s_id="87">
		<wf pos="PSP">تَلہٕ</wf>
		<wf pos="PSP">بٔنیان</wf>
		<wf pos="VM">لاگنہٕ</wf>
		<wf pos="NN">پَتتہٕ</wf>
		<wf pos="VAUX">چُھ</wf>
		<wf pos="NNP">کوٹ</wf>
		<wf pos="JJ" sense_id="5">نَرَم</wf>
		<wf pos="VM">باسان</wf>
		<wf pos="SYM">۔</wf>
</sentence>
<sentence s_id="88">
		<wf pos="PRP">کُنہِ</wf>
		<wf pos="NN">چیٖزُک</wf>
		<wf pos="VM">گوٚل</wf>
		<wf pos="JJ">بَنٛد</wf>
		<wf pos="VM">کَرنہٕ</wf>
		<wf pos="PSP">خٲطرٕ</wf>
		<wf pos="NN">اَستعمال</wf>
		<wf pos="VM">گَژھن</wf>
		<wf pos="PSP">وول</wf>
		<wf pos="QC">چیٖز:ییٚمہِ</wf>
		<wf pos="NN">بوتلہِ</wf>
		<wf pos="PSP">ہُنٛد</wf>
		<wf pos="NN">ٹھانٛڈ</wf>
		<wf pos="VAUX">چُھ</wf>
		<wf pos="JJ" sense_id="1">نَرَم</wf>
		<wf pos="SYM">۔</wf>
</sentence>
<sentence s_id="89">
		<wf pos="DEM">یَتھ</wf>
		<wf pos="NN">سِکٲٹہِ</wf>
		<wf pos="VAUX">چھ</wf>
		<wf pos="NN">لاسٹِک</wf>
		<wf pos="JJ" sense_id="4">نَرَم</wf>
		<wf pos="VM">گٔمژ</wf>
		<wf pos="SYM">۔</wf>
</sentence>
<sentence s_id="90">
		<wf pos="NN">رَز</wf>
		<wf pos="VAUX">روٗز</wf>
		<wf pos="JJ" sense_id="5">نَرَم</wf>
		<wf pos="SYM">۔</wf>
</sentence>
<sentence s_id="91">
		<wf pos="DEM">یہِ</wf>
		<wf pos="NN">سودا</wf>
		<wf pos="VAUX">چُھ</wf>
		<wf pos="INTF">سٮ۪ٹھاہ</wf>
		<wf pos="JJ" sense_id="4">نَرَم</wf>
		<wf pos="VM">آسان</wf>
		<wf pos="SYM">۔</wf>
</sentence>
<?xml version='1.0' encoding='utf-8'?>
<contextfile filename="نَرَم" fileno="128">
<sentence s_id="1">
		<wf pos="DEM">یہِ</wf>
		<wf pos="VM">کھٕلونہٕ</wf>
		<wf pos="VAUX">چُھ</wf>
		<wf pos="INTF">یُتھ</wf>
		<wf pos="JJ" sense_id="1">نَرَم</wf>
		<wf pos="SYM">۔</wf>
</sentence>
<sentence s_id="2">
		<wf pos="JJ" sense_id="2">نَرَم</wf>
		<wf pos="NNC">اَنٛگ</wf>
		<wf pos="NN">واجین</wf>
		<wf pos="NN">کوٗر</wf>
		<wf pos="VAUX">ٲس</wf>
		<wf pos="NN">سَڑکہِ</wf>
		<wf pos="PSP">پٮ۪ٹھ</wf>
		<wf pos="VM">پَکان</wf>
		<wf pos="SYM">۔</wf>
</sentence>
<sentence s_id="3">
		<wf pos="VM">لَکھ</wf>
		<wf pos="RB">پٔتۍ</wf>
		<wf pos="VAUX">ٲسِتھ</wf>
		<wf pos="RP">تہِ</wf>
		<wf pos="VAUX">چُھ</wf>
		<wf pos="PRP">سُہ</wf>
		<wf pos="INTF">واریاہ</wf>
		<wf pos="JJ" sense_id="3">نَرَم</wf>
		<wf pos="VAUX">مِزازُ</wf>
		<wf pos="PRP">کسٲنِس</wf>
		<wf pos="NN">شہرَس</wf>
		<wf pos="PSP">منٛز</wf>
		<wf pos="VAUX">چھِ</wf>
		<wf pos="JJ">واریاہ</wf>
		<wf pos="VM">لَکھ</wf>
		<wf pos="RB">پٔتۍ</wf>
		<wf pos="SYM">۔</wf>
</sentence>
<sentence s_id="4">
		<wf pos="NN">سیمَر</wf>
		<wf pos="NN">سٕتھرُک</wf>
		<wf pos="NN">تٔکیہِ</wf>
		<wf pos="VAUX">چُھ</wf>
		<wf pos="INTF">واریاہ</wf>
		<wf pos="JJ" sense_id="1">نَرَم</wf>
		<wf pos="VM">آسان</wf>
		<wf pos="SYM">۔</wf>
</sentence>
<sentence s_id="5">
		<wf pos="NN">کاٹھٕچ</wf>
		<wf pos="CC">یا</wf>
		<wf pos="NN">بٲنٛسٕچ</wf>
		<wf pos="JJ">واریاہ</wf>
		<wf pos="NN">زٲوٕج</wf>
		<wf pos="JJ" sense_id="4">نَرَم</wf>
		<wf pos="NN">لوٗر:سۄ</wf>
		<wf pos="VAUX">چھےٚ</wf>
		<wf pos="NN">کانیو</wf>
		<wf pos="PSP">سۭتۍ</wf>
		<wf pos="NN">پھوٚت</wf>
		<wf pos="VM">بَناوان</wf>
		<wf pos="SYM">۔</wf>
</sentence>
<sentence s_id="6">
		<wf pos="JJ" sense_id="2">نَرَم</wf>
		<wf pos="NNC">اَنٛگ</wf>
		<wf pos="NN">واجین</wf>
		<wf pos="NN">کوٗر</wf>
		<wf pos="VAUX">ٲس</wf>
		<wf pos="NN">سَڑکہِ</wf>
		<wf pos="PSP">پٮ۪ٹھ</wf>
		<wf pos="VM">پَکان</wf>
		<wf pos="SYM">۔</wf>
</sentence>
<sentence s_id="7">
		<wf pos="PRP">یُس</wf>
		<wf pos="NEG">نہٕ</wf>
		<wf pos="NN">دوٚر</wf>
		<wf pos="VM">آسہِ</wf>
		<wf pos="CC">تہٕ</wf>
		<wf pos="PRP">بیٚیِہ</wf>
		<wf pos="NN">دَباوٕ</wf>
		<wf pos="PSP">سۭتۍ</wf>
		<wf pos="VM">ؤسِتھ</wf>
		<wf pos="NN">گَژھہِ:یہِ</wf>
		<wf pos="VAUX">چھِ</wf>
		<wf pos="JJ" sense_id="1">نَرَم</wf>
		<wf pos="NN">اَمب</wf>
		<wf pos="SYM">۔</wf>
</sentence>
<sentence s_id="8">
		<wf pos="VM">لَکھ</wf>
		<wf pos="RB">پٔتۍ</wf>
		<wf pos="VAUX">ٲسِتھ</wf>
		<wf pos="RP">تہِ</wf>
		<wf pos="VAUX">چُھ</wf>
		<wf pos="PRP">سُہ</wf>
		<wf pos="INTF">واریاہ</wf>
		<wf pos="JJ" sense_id="4">نَرَم</wf>
		<wf pos="PRP">مِزازُکسٲنِس</wf>
		<wf pos="NN">شہرَس</wf>
		<wf pos="PSP">منٛز</wf>
		<wf pos="VAUX">چھِ</wf>
		<wf pos="JJ">واریاہ</wf>
		<wf pos="VM">لَکھ</wf>
		<wf pos="RB">پٔتۍ</wf>
		<wf pos="SYM">۔</wf>
</sentence>
<sentence s_id="9">
		<wf pos="DEM">یہِ</wf>
		<wf pos="VM">کھٕلونہٕ</wf>
		<wf pos="VAUX">چُھ</wf>
		<wf pos="JJ">موم</wf>
		<wf pos="CC">ہیٛو</wf>
		<wf pos="JJ" sense_id="1">نَرَم</wf>
		<wf pos="SYM">۔</wf>
</sentence>
<sentence s_id="10">
		<wf pos="NN">کُلچہٕ</wf>
		<wf pos="NN">لَکچہٕ</wf>
		<wf pos="VM">لَکچہٕ</wf>
		<wf pos="NN">لَنٛجہٕ</wf>
		<wf pos="VAUX">چھےٚ</wf>
		<wf pos="JJ" sense_id="4">نَرَم</wf>
		<wf pos="VM">آسان</wf>
		<wf pos="SYM">۔</wf>
</sentence>
<sentence s_id="11">
		<wf pos="NN">سیمَر</wf>
		<wf pos="NN">سٕتھرُک</wf>
		<wf pos="NN">تٔکیہِ</wf>
		<wf pos="VAUX">چُھ</wf>
		<wf pos="INTF">واریاہ</wf>
		<wf pos="JJ" sense_id="1">نَرَم</wf>
		<wf pos="VM">آسان</wf>
		<wf pos="SYM">۔</wf>
</sentence>
<sentence s_id="12">
		<wf pos="NN">مٲدٕ</wf>
		<wf pos="PSP">سۭتۍ</wf>
		<wf pos="VM">بنیمٕژ</wf>
		<wf pos="RB">َاَکہِ</wf>
		<wf pos="NN">قٕسمٕچ</wf>
		<wf pos="NN">پوٗرۍ</wf>
		<wf pos="DEM">یۄس</wf>
		<wf pos="INTF">واریاہ</wf>
		<wf pos="JJ">تٔنۍ</wf>
		<wf pos="RP">تہِ</wf>
		<wf pos="JJ" sense_id="1">نَرَم</wf>
		<wf pos="VAUX">چھےٚ</wf>
		<wf pos="CC">آسان:موجٚ</wf>
		<wf pos="VAUX">چھِ</wf>
		<wf pos="NN">لَچُیی</wf>
		<wf pos="VM">بَناوان</wf>
		<wf pos="SYM">۔</wf>
</sentence>
<sentence s_id="13">
		<wf pos="JJ" sense_id="5">نَرَم</wf>
		<wf pos="NN">پَنہٕ</wf>
		<wf pos="PSP">سۭتۍ</wf>
		<wf pos="VM">بَنیومُت</wf>
		<wf pos="NN">کَپُر:پَشمیٖن</wf>
		<wf pos="VAUX">چُھ</wf>
		<wf pos="INTF">وارِیاہ</wf>
		<wf pos="JJ">گَرَم</wf>
		<wf pos="VM">آسان</wf>
		<wf pos="SYM">۔</wf>
</sentence>
<sentence s_id="14">
		<wf pos="QC">اَکہِ</wf>
		<wf pos="NN">قٕسمٕچ</wf>
		<wf pos="NN">شَکرنے:کُسِیار</wf>
		<wf pos="VAUX">چُھ</wf>
		<wf pos="VM">موٚٹ،</wf>
		<wf pos="JJ">سَفید</wf>
		<wf pos="CC">تہٕ</wf>
		<wf pos="JJ" sense_id="1">نَرَم</wf>
		<wf pos="VM">آسان</wf>
		<wf pos="SYM">۔</wf>
</sentence>
<sentence s_id="15">
		<wf pos="QC">اَکھ</wf>
		<wf pos="NN">راگٕنٛۍ:اَلہِیاہَس</wf>
		<wf pos="PSP">منٛز</wf>
		<wf pos="VAUX">چھِ</wf>
		<wf pos="PRP">سٲری</wf>
		<wf pos="JJ" sense_id="2">نَرَم</wf>
		<wf pos="NN">سۄر</wf>
		<wf pos="VM">لَگان</wf>
		<wf pos="SYM">۔</wf>
</sentence>
<sentence s_id="16">
		<wf pos="QC">اَکہِ</wf>
		<wf pos="NN">قٕسمُک</wf>
		<wf pos="NN">راگ:تارکٹوڈیَس</wf>
		<wf pos="PSP">منٛز</wf>
		<wf pos="VAUX">چھِ</wf>
		<wf pos="JJ" sense_id="2">نَرَم</wf>
		<wf pos="NN">سۄر</wf>
		<wf pos="VM">آسان</wf>
		<wf pos="SYM">۔</wf>
</sentence>
<sentence s_id="17">
		<wf pos="QC">اَکہِ</wf>
		<wf pos="NN">قٕسمُک</wf>
		<wf pos="NN">ییر:ملیٖدا</wf>
		<wf pos="VAUX">چُھ</wf>
		<wf pos="VM">آسان</wf>
		<wf pos="VM">کٔھسِتھ</wf>
		<wf pos="CC">تہٕ</wf>
		<wf pos="JJ" sense_id="3">نَرَم</wf>
		<wf pos="SYM">۔</wf>
</sentence>
<sentence s_id="18">
		<wf pos="QC">اَکہِ</wf>
		<wf pos="NN">قٕسمُک</wf>
		<wf pos="NN">سوٗتۍ</wf>
		<wf pos="NN">کَپُر</wf>
		<wf pos="DEM">یُس</wf>
		<wf pos="JJ" sense_id="2">نَرَم</wf>
		<wf pos="VAUX">چُھ</wf>
		<wf pos="NN">آسان:یہِ</wf>
		<wf pos="NN">کُرتہٕ</wf>
		<wf pos="VAUX">چُھ</wf>
		<wf pos="NN">پاپلیٖنُک</wf>
		<wf pos="VM">بَنیومُت</wf>
		<wf pos="SYM">۔</wf>
</sentence>
<sentence s_id="19">
		<wf pos="DEM">یُس</wf>
		<wf pos="INTF">واریاہ</wf>
		<wf pos="JJ" sense_id="1">نَرَم</wf>
		<wf pos="NNP">آسہِ:تیٚمِس</wf>
		<wf pos="JJ" sense_id="1">نَرَم</wf>
		<wf pos="NNP">مِزاز</wf>
		<wf pos="NN">شَخصَس</wf>
		<wf pos="VAUX">ٲسۍ</wf>
		<wf pos="PRP">سٲری</wf>
		<wf pos="NN">عزت</wf>
		<wf pos="VM">کَران</wf>
		<wf pos="SYM">۔</wf>
</sentence>
<sentence s_id="20">
		<wf pos="NNPC">یٲرِ</wf>
		<wf pos="NNP">کُلہِ</wf>
		<wf pos="PSP">کہِ</wf>
		<wf pos="JJ" sense_id="1">نَرَم</wf>
		<wf pos="NN">لٔکرِ</wf>
		<wf pos="PSP">پٮ۪ٹھ</wf>
		<wf pos="VM">کَڑنہٕ</wf>
		<wf pos="NNC">ییٚنہٕ</wf>
		<wf pos="PSP">وول</wf>
		<wf pos="NN">تیٖل:یارِ</wf>
		<wf pos="NN">تیٖل</wf>
		<wf pos="VAUX">چُھ</wf>
		<wf pos="NN">دَگ</wf>
		<wf pos="VM">ژٔلراونہٕ</wf>
		<wf pos="PSP">خٲطرٕ</wf>
		<wf pos="VM">اِستعمال</wf>
		<wf pos="VAUX">یوان</wf>
		<wf pos="VM">کَرنہٕ</wf>
		<wf pos="SYM">۔</wf>
</sentence>
<sentence s_id="21">
		<wf pos="NN">دِسمبر</wf>
		<wf pos="PSP">کِس</wf>
		<wf pos="NN">رٮ۪تَس</wf>
		<wf pos="PSP">مَنٛز</wf>
		<wf pos="JJ" sense_id="3">نَرَم</wf>
		<wf pos="JJ" sense_id="3">نَرَم</wf>
		<wf pos="NN">تاپھ</wf>
		<wf pos="VAUX">اوس</wf>
		<wf pos="PRP">مےٚ</wf>
		<wf pos="JJ">خۄش</wf>
		<wf pos="VM">کَران</wf>
		<wf pos="CC">تہٕ</wf>
		<wf pos="CC">زَنتہٕ</wf>
		<wf pos="DEM">یۄہے</wf>
		<wf pos="NN">تاپھ</wf>
		<wf pos="VM">مٔلۍ</wf>
		<wf pos="VM">ہٮ۪نہٕ</wf>
		<wf pos="PSP">باپَتھ</wf>
		<wf pos="CC">تہٕ</wf>
		<wf pos="VM">مٔلۍ</wf>
		<wf pos="PSP">ہٮ۪تھ</wf>
		<wf pos="VM">چھاونہٕ</wf>
		<wf pos="PSP">باپَتھ</wf>
		<wf pos="PRP">بہٕ</wf>
		<wf pos="RB">اور</wf>
		<wf pos="VM">آمُت</wf>
		<wf pos="VAUX">اوسُس</wf>
		<wf pos="SYM">۔</wf>
</sentence>
<sentence s_id="22">
		<wf pos="PRP">سُہ</wf>
		<wf pos="VAUX">چُھ</wf>
		<wf pos="JJ">تَھدِ</wf>
		<wf pos="NN">قٔبیٖلُک</wf>
		<wf pos="VM">آسنہٕ</wf>
		<wf pos="PSP">باووٚجوٗد</wf>
		<wf pos="JJ">واریاہ</wf>
		<wf pos="JJ" sense_id="3">نَرَم</wf>
		<wf pos="SYM">۔</wf>
</sentence>
<sentence s_id="23">
		<wf pos="NNP">ڈَیافارَم</wf>
		<wf pos="VAUX">چُھہ</wf>
		<wf pos="JJ">واریاہ</wf>
		<wf pos="JJ" sense_id="3">نَرَم</wf>
		<wf pos="VM">آسان</wf>
		<wf pos="SYM">۔</wf>
</sentence>
<sentence s_id="24">
		<wf pos="JJ" sense_id="3">نَرَم</wf>
		<wf pos="VM">أڈِج</wf>
		<wf pos="DEM">یۄس</wf>
		<wf pos="JJ">جوڑَن،نَستہٕ</wf>
		<wf pos="NN">کَنَس</wf>
		<wf pos="NN">بیترِ</wf>
		<wf pos="PSP">نِش</wf>
		<wf pos="VM">لَبنہٕ</wf>
		<wf pos="VM">چھٕ</wf>
		<wf pos="NN">یِوان:ٹَکھہٕ</wf>
		<wf pos="NNP">ٹٔچ</wf>
		<wf pos="VAUX">چھےٚ</wf>
		<wf pos="QC">ترٛٮ۪ن</wf>
		<wf pos="NN">قٕسمَن</wf>
		<wf pos="PSP">ہٕنٛز</wf>
		<wf pos="VM">آسان</wf>
		<wf pos="SYM">۔</wf>
</sentence>
<sentence s_id="25">
		<wf pos="NNC">رَمیش</wf>
		<wf pos="VAUX">چُھ</wf>
		<wf pos="JJ" sense_id="3">نَرَم</wf>
		<wf pos="NN">مِزازُک</wf>
		<wf pos="NN">نَفَر</wf>
		<wf pos="SYM">۔</wf>
</sentence>
<sentence s_id="26">
		<wf pos="DEM">یہِ</wf>
		<wf pos="NN">لوٗر</wf>
		<wf pos="VAUX">چھٚے</wf>
		<wf pos="JJ" sense_id="3">نَرَم</wf>
		<wf pos="SYM">۔</wf>
</sentence>
<sentence s_id="27">
		<wf pos="PRP">سُہ</wf>
		<wf pos="VAUX">چُھ</wf>
		<wf pos="JJ">تَھدِ</wf>
		<wf pos="NN">قٔبیٖلُک</wf>
		<wf pos="VM">آسنہٕ</wf>
		<wf pos="PSP">باووٚجوٗد</wf>
		<wf pos="JJ">واریاہ</wf>
		<wf pos="JJ" sense_id="3">نَرَم</wf>
		<wf pos="SYM">۔</wf>
</sentence>
<sentence s_id="28">
		<wf pos="VM">روہِتُن</wf>
		<wf pos="JJ" sense_id="3">نَرَم</wf>
		<wf pos="NNP">مِزاز</wf>
		<wf pos="VAUX">چُھ</wf>
		<wf pos="JJ">سارنٕے</wf>
		<wf pos="NN">پَسَنٛد</wf>
		<wf pos="SYM">۔</wf>
</sentence>
<sentence s_id="29">
		<wf pos="QC">اَکہِ</wf>
		<wf pos="NN">قٕسمٕچ</wf>
		<wf pos="NN">رَبڑی</wf>
		<wf pos="DEM">یۄس</wf>
		<wf pos="JJ" sense_id="3">نَرَم</wf>
		<wf pos="VAUX">چھِ</wf>
		<wf pos="NN">آسان:شُر</wf>
		<wf pos="VAUX">اوس</wf>
		<wf pos="INTF">بَڑٕ</wf>
		<wf pos="NN">مایہِ</wf>
		<wf pos="PSP">سان</wf>
		<wf pos="NN">بَسونٛدی</wf>
		<wf pos="VM">کھٮ۪وان</wf>
		<wf pos="SYM">۔</wf>
</sentence>
<sentence s_id="30">
		<wf pos="INTF">واریاہ</wf>
		<wf pos="JJ">اَصٕل</wf>
		<wf pos="CC">تہٕ</wf>
		<wf pos="JJ" sense_id="3">نَرَم</wf>
		<wf pos="RB">طٔبِیَتہٕ</wf>
		<wf pos="PRP">وول:وَسی</wf>
		<wf pos="NN">دِلہٕ</wf>
		<wf pos="PSP">وٲلۍ</wf>
		<wf pos="NNPC">پٔنٛڈِت</wf>
		<wf pos="NNP">جیٛیَن</wf>
		<wf pos="NN">کھوٗل</wf>
		<wf pos="JJ">بوڑ</wf>
		<wf pos="NN">سٔکوٗل</wf>
		<wf pos="SYM">۔</wf>
</sentence>
<sentence s_id="31">
		<wf pos="NNP">ڈَیافارَم</wf>
		<wf pos="VAUX">چُھہ</wf>
		<wf pos="JJ">واریاہ</wf>
		<wf pos="JJ" sense_id="3">نَرَم</wf>
		<wf pos="VM">آسان</wf>
		<wf pos="SYM">۔</wf>
</sentence>
<sentence s_id="32">
		<wf pos="QC">اَکہِ</wf>
		<wf pos="NN">قٔسمُک</wf>
		<wf pos="NN">کَپُر</wf>
		<wf pos="DEM">یُس</wf>
		<wf pos="NN">گَرٕم</wf>
		<wf pos="NN">کَپرَس</wf>
		<wf pos="PSP">تَلہٕ</wf>
		<wf pos="NN">اَستَر</wf>
		<wf pos="PSP">بَدلہٕ</wf>
		<wf pos="VM">لَگان</wf>
		<wf pos="NNP">چُھ:پَنیلا</wf>
		<wf pos="VAUX">چُھ</wf>
		<wf pos="JJ">رَنٛگہٕ</wf>
		<wf pos="NN">دار،</wf>
		<wf pos="JJ" sense_id="3">نَرَم</wf>
		<wf pos="VM">،</wf>
		<wf pos="RP">تہِ</wf>
		<wf pos="NN">چَمکیٖلہٕ</wf>
		<wf pos="VM">آسان</wf>
		<wf pos="SYM">۔</wf>
</sentence>
<sentence s_id="33">
		<wf pos="NNP">آسام</wf>
		<wf pos="NN">پرٛدیشَس</wf>
		<wf pos="PSP">منٛز</wf>
		<wf pos="NN">میلَن</wf>
		<wf pos="PSP">وول</wf>
		<wf pos="QC">اَکھ</wf>
		<wf pos="JJ">کُل:نَتمی</wf>
		<wf pos="PSP">سٕنٛز</wf>
		<wf pos="NN">لٔکٕر</wf>
		<wf pos="VAUX">چھےٚ</wf>
		<wf pos="JJ" sense_id="3">نَرَم</wf>
		<wf pos="VM">،</wf>
		<wf pos="NN">دٔر</wf>
		<wf pos="VM">،</wf>
		<wf pos="CC">تہٕ</wf>
		<wf pos="NN">وۄزٕجۍ</wf>
		<wf pos="VM">آسان</wf>
		<wf pos="SYM">۔</wf>
</sentence>
<sentence s_id="34">
		<wf pos="QC">اَکہِ</wf>
		<wf pos="NN">قٔسمُک</wf>
		<wf pos="VM">ییروٗ</wf>
		<wf pos="NN">کَپُر</wf>
		<wf pos="DEM">یُس</wf>
		<wf pos="JJ">موٚٹ</wf>
		<wf pos="RP">تہِ</wf>
		<wf pos="JJ" sense_id="3">نَرَم</wf>
		<wf pos="VM">آسان</wf>
		<wf pos="NN">چُھ:تۭرِ</wf>
		<wf pos="PSP">منٛز</wf>
		<wf pos="VAUX">چِھ</wf>
		<wf pos="PRP">کینٛہہ</wf>
		<wf pos="NN">لُکھ</wf>
		<wf pos="NN">بَناتٕکۍ</wf>
		<wf pos="NN">پَلو</wf>
		<wf pos="VM">لاگان</wf>
		<wf pos="SYM">۔</wf>
</sentence>
<sentence s_id="35">
		<wf pos="NN">بھارتٕٕکِس</wf>
		<wf pos="JJ">جٔنوٗبی</wf>
		<wf pos="NN">عَلاقَس</wf>
		<wf pos="PSP">منٛز</wf>
		<wf pos="NN">میلَن</wf>
		<wf pos="PSP">وول</wf>
		<wf pos="QC">اَکھ</wf>
		<wf pos="JJ">کُل:ناورٲچۍ</wf>
		<wf pos="NN">لٔکٕر</wf>
		<wf pos="VAUX">چھےٚ</wf>
		<wf pos="NNPC">سَفید</wf>
		<wf pos="NNP">،</wf>
		<wf pos="JJ" sense_id="3">نَرَم</wf>
		<wf pos="RP">تہِ</wf>
		<wf pos="JJ">مَظبوٗط</wf>
		<wf pos="VM">آسان</wf>
		<wf pos="SYM">۔</wf>
</sentence>
<sentence s_id="36">
		<wf pos="JJ" sense_id="3">نَرَم</wf>
		<wf pos="NN">اِنسان</wf>
		<wf pos="VAUX">چُھ</wf>
		<wf pos="VM">وَنۍ</wf>
		<wf pos="NN">گامَس</wf>
		<wf pos="PSP">مَنٛز</wf>
		<wf pos="VM">اَمُن</wf>
		<wf pos="NN">پَسَنٛد</wf>
		<wf pos="NN">زِنٛدٕگی</wf>
		<wf pos="NN">بَسَر</wf>
		<wf pos="VM">کَران</wf>
		<wf pos="SYM">۔</wf>
</sentence>
<sentence s_id="37">
		<wf pos="QC">اَکھ</wf>
		<wf pos="NN">لۄکُٹ</wf>
		<wf pos="NN">کُل</wf>
		<wf pos="VM">ییٚمِچۍ</wf>
		<wf pos="NN">لٔکٕر</wf>
		<wf pos="JJ" sense_id="2">نَرَم</wf>
		<wf pos="CC">تہٕ</wf>
		<wf pos="NN">چَمکیٖلہٕ</wf>
		<wf pos="VAUX">چھےٚ</wf>
		<wf pos="NN">آسان:تُنٛبڑی</wf>
		<wf pos="PSP">ہٕنٛدۍ</wf>
		<wf pos="NN">پَنہٕ</wf>
		<wf pos="NN">ؤتھٕر</wf>
		<wf pos="VAUX">چِھ</wf>
		<wf pos="NN">جانورَن</wf>
		<wf pos="PSP">ہٕنٛدِس</wf>
		<wf pos="NNC">کھٮ۪نَس</wf>
		<wf pos="PSP">خٲطرٕ</wf>
		<wf pos="VM">لَگان</wf>
		<wf pos="SYM">۔</wf>
</sentence>
<sentence s_id="38">
		<wf pos="QC">اَکہِ</wf>
		<wf pos="NN">قٔسمُک</wf>
		<wf pos="NN">لۄکُٹ</wf>
		<wf pos="VM">کُل:پولٲچۍ</wf>
		<wf pos="NN">لکٕر</wf>
		<wf pos="VAUX">چھےٚ</wf>
		<wf pos="JJ">سفید</wf>
		<wf pos="RP">تہِ</wf>
		<wf pos="JJ" sense_id="3">نَرَم</wf>
		<wf pos="VM">آسان</wf>
		<wf pos="SYM">۔</wf>
</sentence>
<sentence s_id="39">
		<wf pos="QC">اَکہِ</wf>
		<wf pos="NNP">قٔسمٕچۍ</wf>
		<wf pos="JJ" sense_id="3">نَرَم</wf>
		<wf pos="NN">میٚژ:روسلی</wf>
		<wf pos="VAUX">چھےٚ</wf>
		<wf pos="JJ">واریاہ</wf>
		<wf pos="POW">زرخیز</wf>
		<wf pos="VM">آسان</wf>
		<wf pos="SYM">۔</wf>
</sentence>
<sentence s_id="40">
		<wf pos="QC">اَکہِ</wf>
		<wf pos="NN">قٔسمُک</wf>
		<wf pos="NN">کَپُر:لَنَکلاٹ</wf>
		<wf pos="VAUX">چُھ</wf>
		<wf pos="JJ" sense_id="3">نَرَم</wf>
		<wf pos="VM">آسان</wf>
		<wf pos="SYM">۔</wf>
</sentence>
<sentence s_id="41">
		<wf pos="QC">اَکہِ</wf>
		<wf pos="NN">قٔسمُک</wf>
		<wf pos="JJ">رِشِم:تَندوٗری</wf>
		<wf pos="VAUX">چُھ</wf>
		<wf pos="NN">حَلقہٕ</wf>
		<wf pos="CC">تہٕ</wf>
		<wf pos="JJ" sense_id="1">نَرَم</wf>
		<wf pos="VM">آسان</wf>
		<wf pos="SYM">۔</wf>
</sentence>
<sentence s_id="42">
		<wf pos="QC">اَکہِ</wf>
		<wf pos="NN">قٔسمُک</wf>
		<wf pos="NN">بوریکٕس:تیلی</wf>
		<wf pos="RB">بوریکٕس</wf>
		<wf pos="VAUX">چُھ</wf>
		<wf pos="JJ" sense_id="3">نَرَم</wf>
		<wf pos="VM">آسان</wf>
		<wf pos="SYM">۔</wf>
</sentence>
<sentence s_id="43">
		<wf pos="QC">اَکہِ</wf>
		<wf pos="NN">قٔسمُک</wf>
		<wf pos="NN">کَپُر:سٔلیٖطہ</wf>
		<wf pos="VAUX">چُھ</wf>
		<wf pos="QC">اکہِ</wf>
		<wf pos="NN">قٔسمُک</wf>
		<wf pos="JJ" sense_id="3">نَرَم</wf>
		<wf pos="NN">کَپُر</wf>
		<wf pos="SYM">۔</wf>
</sentence>
<sentence s_id="44">
		<wf pos="QC">اَکھ</wf>
		<wf pos="JJ">بوٚڈ</wf>
		<wf pos="NN">کُل</wf>
		<wf pos="VM">ییٚمِچۍ</wf>
		<wf pos="NN">لٔکٕر</wf>
		<wf pos="JJ" sense_id="3">نَرَم</wf>
		<wf pos="RP">تہِ</wf>
		<wf pos="NNP">دالچیٖن</wf>
		<wf pos="NNP">رَنٛگٕچۍ</wf>
		<wf pos="VM">آسان</wf>
		<wf pos="NN">چھےٚ:سَردی</wf>
		<wf pos="PSP">منٛز</wf>
		<wf pos="VAUX">چِھ</wf>
		<wf pos="NNC">دھولی</wf>
		<wf pos="NN">کُلِس</wf>
		<wf pos="NN">پَنہٕ</wf>
		<wf pos="NN">ؤتھٕر</wf>
		<wf pos="VM">پٮ۪وان</wf>
		<wf pos="SYM">۔</wf>
</sentence>
<sentence s_id="135">
		<wf pos="QC">اَکہِ</wf>
		<wf pos="NN">قٔسمُک</wf>
		<wf pos="JJ">واریاہ</wf>
		<wf pos="JJ" sense_id="3">نَرَم</wf>
		<wf pos="PRP">ییر:تٔمِس</wf>
		<wf pos="VAUX">چھےٚ</wf>
		<wf pos="NNP">مٔریٖنو</wf>
		<wf pos="NNP">وُولٕچۍ</wf>
		<wf pos="PSP">بِنیان</wf>
		<wf pos="VM">لٲگِتھ</wf>
		<wf pos="SYM">۔</wf>
</sentence>
<sentence s_id="136">
		<wf pos="QC">اَکہِ</wf>
		<wf pos="NN">قٔسمُک</wf>
		<wf pos="JJ" sense_id="4">نَرَم</wf>
		<wf pos="VM">کَپُر:فَلالان</wf>
		<wf pos="VAUX">چُھ</wf>
		<wf pos="VM">آسان</wf>
		<wf pos="NN">ییرُک</wf>
		<wf pos="VM">بَنیوٗمُت</wf>
		<wf pos="SYM">۔</wf>
</sentence>
<sentence s_id="137">
		<wf pos="QC">اَکہِ</wf>
		<wf pos="NNP">قٔسمٕچۍ</wf>
		<wf pos="JJ" sense_id="4">نَرَم</wf>
		<wf pos="RP">تہِ</wf>
		<wf pos="NN">پِشِجۍ</wf>
		<wf pos="NN">کٔنۍ:سِلکٔھڑی</wf>
		<wf pos="PSP">سۭتۍ</wf>
		<wf pos="VAUX">چِھ</wf>
		<wf pos="NN">بانہٕ</wf>
		<wf pos="VM">،</wf>
		<wf pos="CC">تہٕ</wf>
		<wf pos="NN">زیوَر</wf>
		<wf pos="VM">بَناونہٕ</wf>
		<wf pos="VAUX">یِوان</wf>
		<wf pos="SYM">۔</wf>
</sentence>
<sentence s_id="138">
		<wf pos="QC">اَکہِ</wf>
		<wf pos="NN">قٔسمُک</wf>
		<wf pos="JJ">آسمٲنی</wf>
		<wf pos="NN">أنٛز:پتوخٲس</wf>
		<wf pos="VAUX">چِھ</wf>
		<wf pos="NNPC">سفید</wf>
		<wf pos="NNP">،</wf>
		<wf pos="JJ" sense_id="3">نَرَم</wf>
		<wf pos="CC">تہٕ</wf>
		<wf pos="PSP">پِشِلۍ</wf>
		<wf pos="INTF">پَخ</wf>
		<wf pos="VM">آسان</wf>
		<wf pos="SYM">۔</wf>
</sentence>
<sentence s_id="139">
		<wf pos="QC">اَکھ</wf>
		<wf pos="JJ">سَفید</wf>
		<wf pos="JJ" sense_id="3">نَرَم</wf>
		<wf pos="NNP">دھاتُک</wf>
		<wf pos="NN">عُنصَر:لینٛتھٕنَمَس</wf>
		<wf pos="PSP">منٛز</wf>
		<wf pos="VAUX">چُھ</wf>
		<wf pos="NN">اٮ۪ٹمَن</wf>
		<wf pos="PSP">ہُنٛد</wf>
		<wf pos="NN">تعداد</wf>
		<wf pos="NN">سَتوَنٛزاہ</wf>
		<wf pos="VM">آسان</wf>
		<wf pos="SYM">۔</wf>
</sentence>
<sentence s_id="140">
		<wf pos="QC">اَکھ</wf>
		<wf pos="NNP">دھاتُک</wf>
		<wf pos="NN">عُنصَر:گوڈولِیٖنِٮَ۪م</wf>
		<wf pos="VAUX">چُھ</wf>
		<wf pos="JJ" sense_id="3">نَرَم</wf>
		<wf pos="VM">آسان</wf>
		<wf pos="SYM">۔</wf>
</sentence>
<sentence s_id="141">
		<wf pos="QC">اَکھ</wf>
		<wf pos="NNP">دھاتُک</wf>
		<wf pos="NNP">عُنصَر:اَبرٚٮَ۪م</wf>
		<wf pos="VAUX">چُھ</wf>
		<wf pos="JJ" sense_id="3">نَرَم</wf>
		<wf pos="VM">آسان</wf>
		<wf pos="SYM">۔</wf>
</sentence>
<sentence s_id="142">
		<wf pos="QC">اَکھ</wf>
		<wf pos="JJ" sense_id="3">نَرَم</wf>
		<wf pos="NNP">دھاتُک</wf>
		<wf pos="NN">عُنصَر:بورِٮَ۪مَس</wf>
		<wf pos="PSP">منٛز</wf>
		<wf pos="VAUX">چُھ</wf>
		<wf pos="NN">اٮ۪ٹمَن</wf>
		<wf pos="PSP">ہُنٛد</wf>
		<wf pos="NN">تعداد</wf>
		<wf pos="NN">شُوَنٛزاہ</wf>
		<wf pos="VM">آسان</wf>
		<wf pos="SYM">۔</wf>
</sentence>
<sentence s_id="143">
		<wf pos="QC">اَکھ</wf>
		<wf pos="NN">سَمَنٛدٔرۍ</wf>
		<wf pos="NN">کیٚمٮ۪ن</wf>
		<wf pos="PSP">ہٕنٛز</wf>
		<wf pos="NN">زٲژ</wf>
		<wf pos="DEM">یِمَن</wf>
		<wf pos="JJ" sense_id="3">نَرَم</wf>
		<wf pos="POW">أڈِجَن</wf>
		<wf pos="PSP">ہُنٛد</wf>
		<wf pos="NN">ڈانٛچہٕ</wf>
		<wf pos="VAUX">چُھ</wf>
		<wf pos="NN">آسان:سُپونٛچ</wf>
		<wf pos="VAUX">چُھ</wf>
		<wf pos="NN">پانُیل</wf>
		<wf pos="NN">چیٖز</wf>
		<wf pos="NN">جَزٕب</wf>
		<wf pos="VM">کَران</wf>
		<wf pos="CC">تہٕ</wf>
		<wf pos="VM">چیٖرنَس</wf>
		<wf pos="PSP">پٮ۪ٹھ</wf>
		<wf pos="VAUX">چُھ</wf>
		<wf pos="PRP">سُہ</wf>
		<wf pos="RB">واپَس</wf>
		<wf pos="VM">ترٛاوان</wf>
		<wf pos="SYM">۔</wf>
</sentence>

</contextfile>