<?xml version='1.0' encoding='utf-8'?>
<contextfile filename="وایُن" fileno="103">
<sentence s_id="1">
		<wf pos="PRP">تیٚمِس</wf>
		<wf pos="VAUX">چُھ</wf>
		<wf pos="NN">نال</wf>
		<wf pos="VM" sense_id="1">وایُن</wf>
		<wf pos="JJ">خۄش</wf>
		<wf pos="VM">کَران</wf>
		<wf pos="SYM">۔</wf>
</sentence>
<sentence s_id="2">
		<wf pos="PRP">یُس</wf>
		<wf pos="NEG">نہٕ</wf>
		<wf pos="VM">گٮ۪ونَس</wf>
		<wf pos="PRP">مَںٛز</wf>
		<wf pos="NN">تالہِ</wf>
		<wf pos="PSP">ہُنٛد</wf>
		<wf pos="NN">خَیال</wf>
		<wf pos="VAUX">آسہِ</wf>
		<wf pos="PRP">تھاوان:سُہ</wf>
		<wf pos="VAUX">چُھ</wf>
		<wf pos="NN">بےٚتال</wf>
		<wf pos="NN">موسیٖقی</wf>
		<wf pos="NN">کار</wf>
		<wf pos="PRP">أمِس</wf>
		<wf pos="VAUX">چُھ</wf>
		<wf pos="JJ">صرِف</wf>
		<wf pos="NN">ڈول</wf>
		<wf pos="VM" sense_id="1">وایُن</wf>
		<wf pos="RDP">تَگان</wf>
		<wf pos="SYM">۔</wf>
</sentence>
<sentence s_id="3">
		<wf pos="NN">مٔنٛدرَس</wf>
		<wf pos="PSP">منٛز</wf>
		<wf pos="VAUX">چُھ</wf>
		<wf pos="NN">گٮ۪وُن</wf>
		<wf pos="CC">تہٕ</wf>
		<wf pos="VM" sense_id="1">وایُن</wf>
		<wf pos="NN">دۄشوے</wf>
		<wf pos="VM">چَلان</wf>
		<wf pos="SYM">۔</wf>
</sentence>
<sentence s_id="4">
		<wf pos="QC">اَکھ</wf>
		<wf pos="NN">انٛگریٖز</wf>
		<wf pos="PRP">باجہٕ:تٔمۍ</wf>
		<wf pos="VAUX">چُھ</wf>
		<wf pos="NN">آرگَن</wf>
		<wf pos="VM" sense_id="1">وایُن</wf>
		<wf pos="VM">ہیٚچھمُت</wf>
		<wf pos="SYM">۔</wf>
</sentence>
<sentence s_id="5">
		<wf pos="QC">کھاہ</wf>
		<wf pos="JJ">سروٚن</wf>
		<wf pos="NN">کھنُن:زٔمیٖندار</wf>
		<wf pos="VAUX">چُھ</wf>
		<wf pos="NN">زمیٖنَس</wf>
		<wf pos="VM" sense_id="1">وایُن</wf>
		<wf pos="VM">کران</wf>
		<wf pos="SYM">۔</wf>
</sentence>
<sentence s_id="6">
		<wf pos="NNP">بسنتی</wf>
		<wf pos="VM">پیٚیہِ</wf>
		<wf pos="PRP">تِم</wf>
		<wf pos="QC">برؤنۍ</wf>
		<wf pos="NN">ٹاس</wf>
		<wf pos="VM">یاد</wf>
		<wf pos="DEM">یِم</wf>
		<wf pos="PRP">سۄ</wf>
		<wf pos="VM">رَبہِ</wf>
		<wf pos="NN">دۄگلن</wf>
		<wf pos="VM">بناوان</wf>
		<wf pos="VAUX">ٲس</wf>
		<wf pos="DEM">یِم</wf>
		<wf pos="NN">دۄگل</wf>
		<wf pos="NNC">وٮ۪سن</wf>
		<wf pos="VM">لایان</wf>
		<wf pos="VAUX">ٲس</wf>
		<wf pos="DEM">اتھ</wf>
		<wf pos="PSP">پٮ۪ٹھ</wf>
		<wf pos="NN">آسس</wf>
		<wf pos="NN">مسلمان</wf>
		<wf pos="NNC">کورِ</wf>
		<wf pos="NN">وُٹکر</wf>
		<wf pos="NN">ووہو</wf>
		<wf pos="VM">کڑان</wf>
		<wf pos="CC">تہٕ</wf>
		<wf pos="NNP">بسنتی</wf>
		<wf pos="VAUX">ٲس</wf>
		<wf pos="RB">دوٗر</wf>
		<wf pos="NN">بِہَتھ</wf>
		<wf pos="NN">ژَرِ</wf>
		<wf pos="NN">پوٚپ</wf>
		<wf pos="VM" sense_id="2">وایان</wf>
		<wf pos="SYM">۔</wf>
</sentence>
<sentence s_id="7">
		<wf pos="RB">یپٲرۍ</wf>
		<wf pos="VAUX">اوس</wf>
		<wf pos="NN">سجاد</wf>
		<wf pos="RB">وُنکس</wf>
		<wf pos="PSP">تام</wf>
		<wf pos="JJ">جوشہِ</wf>
		<wf pos="POW">بورُت</wf>
		<wf pos="JJ">جنگی</wf>
		<wf pos="NN">بٲتھ</wf>
		<wf pos="NN">گٮ۪ونس</wf>
		<wf pos="PSP">سۭتۍ</wf>
		<wf pos="JJ">مس</wf>
		<wf pos="PRP">سُہ</wf>
		<wf pos="VAUX">اوس</wf>
		<wf pos="DEM">اَتھ</wf>
		<wf pos="PSP">سۭتۍ</wf>
		<wf pos="PSP">سۭتۍ</wf>
		<wf pos="PRP">پنُن</wf>
		<wf pos="NN">گلاسہٕ</wf>
		<wf pos="VM" sense_id="2">وایان</wf>
		<wf pos="CC">تہٕ</wf>
		<wf pos="NN">نظر</wf>
		<wf pos="VAUX">ٲسٕس</wf>
		<wf pos="NNP">محبوٗبہ</wf>
		<wf pos="PSP">سٕندِس</wf>
		<wf pos="JJ">ہرنہٕ</wf>
		<wf pos="NN">بدنس</wf>
		<wf pos="PSP">کن</wf>
		<wf pos="SYM">۔</wf>
</sentence>
<sentence s_id="8">
		<wf pos="NNP">مایسُمہِ</wf>
		<wf pos="PSP">ہٕندۍ</wf>
		<wf pos="RB">لفنگہٕ</wf>
		<wf pos="DEM">یِم</wf>
		<wf pos="NN">کوٗر</wf>
		<wf pos="VM">وُچھتھ</wf>
		<wf pos="NN">سیٖٹی</wf>
		<wf pos="VM" sense_id="2">وایان</wf>
		<wf pos="CC">تہٕ</wf>
		<wf pos="JJ">فلمی</wf>
		<wf pos="NN">بٲتھ</wf>
		<wf pos="VM">گٮ۪وان</wf>
		<wf pos="VAUX">ٲسۍ،</wf>
		<wf pos="VM">پکان</wf>
		<wf pos="VM">پکان</wf>
		<wf pos="JJ">ٲکھتھ</wf>
		<wf pos="NN">پھیٚکس</wf>
		<wf pos="VAUX">پھیوٚک</wf>
		<wf pos="VM">رلٲوان</wf>
		<wf pos="VAUX">ٲسۍ</wf>
		<wf pos="DEM">یِمن</wf>
		<wf pos="QC">اکی</wf>
		<wf pos="NN">روبہٕ</wf>
		<wf pos="NN">مٕتھٕر</wf>
		<wf pos="VAUX">اوس</wf>
		<wf pos="JJ">پشپٕنہِ</wf>
		<wf pos="VM">لگان</wf>
		<wf pos="SYM">۔</wf>
</sentence>
<sentence s_id="9">
		<wf pos="NN">میٖنِیس</wf>
		<wf pos="NN">بٲیِس</wf>
		<wf pos="VAUX">چھےٚ</wf>
		<wf pos="QC">اَکھ</wf>
		<wf pos="NN">لۄکُٹ</wf>
		<wf pos="PRP">سارن،سُہ</wf>
		<wf pos="VAUX">چُھ</wf>
		<wf pos="VM">دوہِیہِ</wf>
		<wf pos="DEM">یہِ</wf>
		<wf pos="VM" sense_id="2">وایان</wf>
		<wf pos="SYM">۔</wf>
</sentence>
<sentence s_id="10">
		<wf pos="CC">ہرگاہ</wf>
		<wf pos="NN">اوٚبرن</wf>
		<wf pos="CC">تہٕ</wf>
		<wf pos="NN">روٗدن</wf>
		<wf pos="RB">پَسرٕ</wf>
		<wf pos="CC">آسوَ</wf>
		<wf pos="RB">أنۍ</wf>
		<wf pos="POW">مٕتۍ</wf>
		<wf pos="RB">تیٚلہِ</wf>
		<wf pos="VAUX">چھِ</wf>
		<wf pos="NN">شرُۍ</wf>
		<wf pos="NN">نقدتہٕ</wf>
		<wf pos="VM">جِنس</wf>
		<wf pos="VM">سوٚمٮ۪ران</wf>
		<wf pos="VM">سوٚمٮ۪ران</wf>
		<wf pos="NN">گٔر</wf>
		<wf pos="VM" sense_id="2">وایان</wf>
		<wf pos="VM" sense_id="2">وایان</wf>
		<wf pos="CC">تہٕ</wf>
		<wf pos="NN">دوَمٮ۪ٲلۍ</wf>
		<wf pos="VM">کران</wf>
		<wf pos="VM">کرَان</wf>
		<wf pos="DEM">یہِ</wf>
		<wf pos="NN">پَد</wf>
		<wf pos="VM">آسان</wf>
		<wf pos="VM">وَنان</wf>
		<wf pos="NN">أسہِ</wf>
		<wf pos="VM">کٔرۍ</wf>
		<wf pos="NN">گوناہ</wf>
		<wf pos="NN">توبہٕ</wf>
		<wf pos="NN">تقسیٖر</wf>
		<wf pos="VAUX">آسِہ</wf>
		<wf pos="NNP">کیٚہو</wf>
		<wf pos="NN">کوٚریو</wf>
		<wf pos="NN">خُدایو</wf>
		<wf pos="JJ">سونے</wf>
		<wf pos="NN">بوزتو</wf>
		<wf pos="NN">خدایو</wf>
		<wf pos="CC">یا</wf>
		<wf pos="NNP">شیخ</wf>
		<wf pos="NN">سَناہ</wf>
		<wf pos="DEM">اوٚبُر</wf>
		<wf pos="NN">کرفنا</wf>
		<wf pos="SYM">۔</wf>
</sentence>
<sentence s_id="11">
		<wf pos="CC">ہرگاہ</wf>
		<wf pos="NN">اوٚبرن</wf>
		<wf pos="CC">تہٕ</wf>
		<wf pos="NN">روٗدن</wf>
		<wf pos="RB">پَسرٕ</wf>
		<wf pos="CC">آسوَ</wf>
		<wf pos="RB">أنۍ</wf>
		<wf pos="POW">مٕتۍ</wf>
		<wf pos="RB">تیٚلہِ</wf>
		<wf pos="VAUX">چھِ</wf>
		<wf pos="NN">شرُۍ</wf>
		<wf pos="NN">نقدتہٕ</wf>
		<wf pos="VM">جِنس</wf>
		<wf pos="VM">سوٚمٮ۪ران</wf>
		<wf pos="VM">سوٚمٮ۪ران</wf>
		<wf pos="JJ">گٔرودایان</wf>
		<wf pos="VM" sense_id="2">وایان</wf>
		<wf pos="CC">تہٕ</wf>
		<wf pos="NN">وَمٮ۪ٲلۍ</wf>
		<wf pos="VM">کران</wf>
		<wf pos="VM">کرَان</wf>
		<wf pos="DEM">یہِ</wf>
		<wf pos="NN">پَد</wf>
		<wf pos="VM">آسان</wf>
		<wf pos="VM">وَنان</wf>
		<wf pos="NN">سہِ</wf>
		<wf pos="VM">کٔرۍ</wf>
		<wf pos="NN">گوناہ</wf>
		<wf pos="NN">توبہٕ</wf>
		<wf pos="NN">تقسیٖر</wf>
		<wf pos="VAUX">آسِہ</wf>
		<wf pos="NNP">کیٚہو</wf>
		<wf pos="NN">کوٚریو</wf>
		<wf pos="NN">خُدایو</wf>
		<wf pos="JJ">سونے</wf>
		<wf pos="NN">بوزتو</wf>
		<wf pos="NN">خدایو</wf>
		<wf pos="CC">یا</wf>
		<wf pos="NNP">شیخ</wf>
		<wf pos="NN">سَناہ</wf>
		<wf pos="DEM">اوٚبُر</wf>
		<wf pos="NN">کرفنا</wf>
		<wf pos="SYM">۔</wf>
</sentence>
<sentence s_id="12">
		<wf pos="JJ">پرٛان</wf>
		<wf pos="NN">دور</wf>
		<wf pos="VAUX">ٲسۍ</wf>
		<wf pos="NN">رَباب</wf>
		<wf pos="NN">وایَن</wf>
		<wf pos="PSP">وٲلۍ</wf>
		<wf pos="CC">بےٚ</wf>
		<wf pos="NN">تال</wf>
		<wf pos="VM">گٔژِھِتھ</wf>
		<wf pos="NN">رَباب</wf>
		<wf pos="VM" sense_id="2">وایان</wf>
		<wf pos="SYM">۔</wf>
</sentence>
<sentence s_id="13">
		<wf pos="NNP">بَگوان</wf>
		<wf pos="NNP">شِو</wf>
		<wf pos="VAUX">اوس</wf>
		<wf pos="NN">کیلاشَس</wf>
		<wf pos="PSP">پٮ۪ٹھ</wf>
		<wf pos="VM">بِہِتھ</wf>
		<wf pos="NN">اَنالَمبی</wf>
		<wf pos="VM" sense_id="2">وایان</wf>
		<wf pos="SYM">۔</wf>
</sentence>
<sentence s_id="14">
		<wf pos="POW">صَنٛدوٗق</wf>
		<wf pos="PSP">ہیو</wf>
		<wf pos="QC">اَکھ</wf>
		<wf pos="NN">باجہٕ</wf>
		<wf pos="DEM">یُس</wf>
		<wf pos="NN">اُنٛگجو</wf>
		<wf pos="PSP">سۭتۍ</wf>
		<wf pos="VM" sense_id="2">وایان</wf>
		<wf pos="PRP">چھِ:سُہ</wf>
		<wf pos="VAUX">چُھ</wf>
		<wf pos="NN">ہارمونِیَم</wf>
		<wf pos="VM" sense_id="2">وایان</wf>
		<wf pos="SYM">۔</wf>
</sentence>
<sentence s_id="15">
		<wf pos="NN">شام</wf>
		<wf pos="VAUX">چُھ</wf>
		<wf pos="NEG">نَے</wf>
		<wf pos="VM" sense_id="2">وایان</wf>
		<wf pos="SYM">۔</wf>
</sentence>
<sentence s_id="16">
		<wf pos="NN">اَکہٕ</wf>
		<wf pos="NN">قٕسمُک</wf>
		<wf pos="NNP">بوٚد</wf>
		<wf pos="NN">ڈول:عیٖد</wf>
		<wf pos="PSP">ہِنٛدِس</wf>
		<wf pos="NN">موقعس</wf>
		<wf pos="PSP">پٮ۪ٹھ</wf>
		<wf pos="VAUX">اوس</wf>
		<wf pos="PRP">سُہ</wf>
		<wf pos="JJ">بوٚڈ</wf>
		<wf pos="NN">ڈول</wf>
		<wf pos="VM" sense_id="2">وایان</wf>
		<wf pos="SYM">۔</wf>
</sentence>
<sentence s_id="17">
		<wf pos="DEM">یہِ</wf>
		<wf pos="NN">دانٛد</wf>
		<wf pos="VAUX">چُھ</wf>
		<wf pos="NN">ہَردَرٕم</wf>
		<wf pos="VM">،</wf>
		<wf pos="NN">زٔمیٖن</wf>
		<wf pos="VM" sense_id="2">وایان</wf>
		<wf pos="VM" sense_id="2">وایان</wf>
		<wf pos="VAUX">چُھ</wf>
		<wf pos="DEM">یہِ</wf>
		<wf pos="POW">پھِرۍ</wf>
		<wf pos="POW">پھِرۍ</wf>
		<wf pos="VM">بیٚہوان</wf>
		<wf pos="SYM">۔</wf>
</sentence>
<sentence s_id="18">
		<wf pos="PRP">سُہ</wf>
		<wf pos="NN">شَنٛکھ</wf>
		<wf pos="DEM">ییٚمُیک</wf>
		<wf pos="JJ">گوٚل</wf>
		<wf pos="NN">دٔچٕھنۍ</wf>
		<wf pos="VM">کِنۍ</wf>
		<wf pos="VM">آسہِ:پٔنٛڈِتھ</wf>
		<wf pos="RP">جی</wf>
		<wf pos="VAUX">اوس</wf>
		<wf pos="NN">ریوَتھ</wf>
		<wf pos="VM" sense_id="2">وایان</wf>
		<wf pos="SYM">۔</wf>
</sentence>
<sentence s_id="19">
		<wf pos="PRP">سُہ</wf>
		<wf pos="DEM">یُس</wf>
		<wf pos="NN">ٹَھپھ</wf>
		<wf pos="VM" sense_id="2">وایان</wf>
		<wf pos="PRP">آسہِ:سُہ</wf>
		<wf pos="VAUX">چُھ</wf>
		<wf pos="QC">اَکھ</wf>
		<wf pos="NN">اَصل</wf>
		<wf pos="RB">ٹھپھ</wf>
		<wf pos="NN">وایَن</wf>
		<wf pos="PSP">وول</wf>
		<wf pos="SYM">۔</wf>
</sentence>
<sentence s_id="20">
		<wf pos="QC">مٲشہٕ</wf>
		<wf pos="JJ">کوٚٹ</wf>
		<wf pos="VAUX">اوس</wf>
		<wf pos="NN">زٔمیٖن</wf>
		<wf pos="VM" sense_id="2">وایان</wf>
		<wf pos="SYM">۔</wf>
</sentence>
<sentence s_id="21">
		<wf pos="NN">بَطُخ</wf>
		<wf pos="VAUX">چُھ</wf>
		<wf pos="NN">آبَس</wf>
		<wf pos="PSP">منٛز</wf>
		<wf pos="NNPC">ژھرانٛٹ</wf>
		<wf pos="VM" sense_id="2">وایان</wf>
		<wf pos="SYM">۔</wf>
</sentence>
<sentence s_id="22">
		<wf pos="PRP">سُہ</wf>
		<wf pos="DEM">یُس</wf>
		<wf pos="NN">سِتار</wf>
		<wf pos="VM" sense_id="2">وایان</wf>
		<wf pos="PRP">آسہِ:میٛون</wf>
		<wf pos="JJ">بوٚڈ</wf>
		<wf pos="NN">بوے</wf>
		<wf pos="VAUX">چُھ</wf>
		<wf pos="QC">اَکھ</wf>
		<wf pos="JJ">اَصٕل</wf>
		<wf pos="NN">سِتار</wf>
		<wf pos="VM" sense_id="1">وایَن</wf>
		<wf pos="PSP">وول</wf>
		<wf pos="SYM">۔</wf>
</sentence>
<sentence s_id="23">
		<wf pos="PRP">سُہ</wf>
		<wf pos="DEM">یُس</wf>
		<wf pos="VM">سَرود</wf>
		<wf pos="VM" sense_id="2">وایان</wf>
		<wf pos="VM">آسہِ:سَرود</wf>
		<wf pos="VM" sense_id="1">وایَن</wf>
		<wf pos="PSP">وٲلۍ</wf>
		<wf pos="VM">کٔر</wf>
		<wf pos="PRP">سارنٕے</wf>
		<wf pos="PSP">ہٕنٛز</wf>
		<wf pos="NN">شابٲشی</wf>
		<wf pos="VM">حٲصِل</wf>
		<wf pos="VM">سَرود</wf>
		<wf pos="VM">وٲیِتھ</wf>
		<wf pos="SYM">۔</wf>
</sentence>
<sentence s_id="24">
		<wf pos="PRP">سُہ</wf>
		<wf pos="DEM">یُس</wf>
		<wf pos="NN">تاس</wf>
		<wf pos="VM" sense_id="2">وایان</wf>
		<wf pos="NN">آسہِ:تاس</wf>
		<wf pos="NNP">وایَس</wf>
		<wf pos="PSP">وٲلۍ</wf>
		<wf pos="NN">ووے</wf>
		<wf pos="NN">تاس</wf>
		<wf pos="INTF">تیوٗتاہ</wf>
		<wf pos="JJ">زورِ</wf>
		<wf pos="CC">زِ</wf>
		<wf pos="PRP">سُہ</wf>
		<wf pos="VAUX">آو</wf>
		<wf pos="RB">پٔھٹِتھ</wf>
		<wf pos="SYM">۔</wf>
</sentence>
<sentence s_id="25">
		<wf pos="PRP">سُہ</wf>
		<wf pos="DEM">یُس</wf>
		<wf pos="NN">مٔنٛجیٖرٕ</wf>
		<wf pos="VM" sense_id="2">وایان</wf>
		<wf pos="NN">آسہِ:کیٖرتَن</wf>
		<wf pos="NN">وِزِ</wf>
		<wf pos="VAUX">ٲسۍ</wf>
		<wf pos="QC">زٕ</wf>
		<wf pos="NN">مٔنٛجیٖرِ</wf>
		<wf pos="VM" sense_id="1">وایَن</wf>
		<wf pos="PSP">وٲلۍ</wf>
		<wf pos="NN">مٔنٛجیٖرٕ</wf>
		<wf pos="VM" sense_id="2">وایان</wf>
		<wf pos="SYM">۔</wf>
</sentence>
<sentence s_id="26">
		<wf pos="PRP">سُہ</wf>
		<wf pos="DEM">یُس</wf>
		<wf pos="NN">رَباب</wf>
		<wf pos="VM" sense_id="2">وایان</wf>
		<wf pos="NN">آسہِ:موسیٖقی</wf>
		<wf pos="PSP">ہِنٛدِ</wf>
		<wf pos="NN">جٔشنَس</wf>
		<wf pos="PSP">دوران</wf>
		<wf pos="VAUX">ٲسۍ</wf>
		<wf pos="NN">رَباب</wf>
		<wf pos="VM" sense_id="1">وایَن</wf>
		<wf pos="PSP">وٲلۍ</wf>
		<wf pos="NN">بےٚتال</wf>
		<wf pos="VM">گٔژِھِتھ</wf>
		<wf pos="NN">رَباب</wf>
		<wf pos="VM" sense_id="2">وایان</wf>
		<wf pos="SYM">۔</wf>
</sentence>
<sentence s_id="27">
		<wf pos="VM">رسکھان</wf>
		<wf pos="PSP">سنٛز</wf>
		<wf pos="NN">خٲیش</wf>
		<wf pos="VAUX">آسہٕ</wf>
		<wf pos="DEM">زِ</wf>
		<wf pos="CC">اگر</wf>
		<wf pos="PRP">تٔمِس</wf>
		<wf pos="NN">جانور</wf>
		<wf pos="PSP">سُند</wf>
		<wf pos="NN">جنم</wf>
		<wf pos="VM">میلہِ</wf>
		<wf pos="PRP">سُہ</wf>
		<wf pos="VAUX">بسہے</wf>
		<wf pos="NNP">ناکلی</wf>
		<wf pos="NN">کُلِس</wf>
		<wf pos="PSP">پیٹھ</wf>
		<wf pos="DEM">یتھ</wf>
		<wf pos="NNPC">بٔنہ</wf>
		<wf pos="NNP">کٔنِہ</wf>
		<wf pos="NNPC">کرِشن</wf>
		<wf pos="NNP">آوس</wf>
		<wf pos="NN">نٔے</wf>
		<wf pos="VM" sense_id="2">وایان</wf>
		<wf pos="SYM">۔</wf>
</sentence>
<sentence s_id="28">
		<wf pos="NN">تبردارس</wf>
		<wf pos="VM">ووت</wf>
		<wf pos="QC">اوٚڈ</wf>
		<wf pos="NN">گٲںٛٹہٕ</wf>
		<wf pos="DEM">اتھ</wf>
		<wf pos="NN">زِنۍ</wf>
		<wf pos="NN">مٔنٛڈِس</wf>
		<wf pos="NN">لیٚتٕر</wf>
		<wf pos="VM" sense_id="2">وایان</wf>
		<wf pos="SYM">۔</wf>
</sentence>
<sentence s_id="29">
		<wf pos="VM">واینہٕ</wf>
		<wf pos="VAUX">آمتِس</wf>
		<wf pos="NN">کَھہَس</wf>
		<wf pos="PSP">منٛز</wf>
		<wf pos="VM">میٚژٕ</wf>
		<wf pos="NNP">لَم</wf>
		<wf pos="VM">پھٕٹراونُک</wf>
		<wf pos="QC">اَکھ</wf>
		<wf pos="NN">آلہٕ:زٔمیٖن</wf>
		<wf pos="POW">دار</wf>
		<wf pos="VAUX">اوس</wf>
		<wf pos="NN">کَھہَس</wf>
		<wf pos="PSP">منٛز</wf>
		<wf pos="NN">یَبہٕ</wf>
		<wf pos="VM">ژٔٹ</wf>
		<wf pos="VM" sense_id="2">وایان</wf>
		<wf pos="SYM">۔</wf>
</sentence>
<sentence s_id="30">
		<wf pos="QC">اَکھ</wf>
		<wf pos="NN">باجہٕ:دِنیش</wf>
		<wf pos="VAUX">چُھ</wf>
		<wf pos="NN">تالبین</wf>
		<wf pos="VM" sense_id="2">وایان</wf>
		<wf pos="SYM">۔</wf>
</sentence>
<sentence s_id="31">
		<wf pos="JJ">شُرۍٲسۍ</wf>
		<wf pos="PRP">برِٛنٛدۍ</wf>
		<wf pos="VM" sense_id="1">وایان</wf>
		<wf pos="VM" sense_id="1">وایان</wf>
		<wf pos="VM">پکان</wf>
		<wf pos="SYM">۔</wf>
</sentence>
<sentence s_id="32">
		<wf pos="PRP">سُہ</wf>
		<wf pos="VAUX">چُھ</wf>
		<wf pos="NN">ڈول</wf>
		<wf pos="VM" sense_id="1">وایان</wf>
		<wf pos="SYM">۔</wf>
</sentence>
<sentence s_id="33">
		<wf pos="NN">کوٚمُیل</wf>
		<wf pos="VAUX">اوس</wf>
		<wf pos="NN">کَھہَس</wf>
		<wf pos="PSP">منٛز</wf>
		<wf pos="NN">زٔمیٖن</wf>
		<wf pos="VM" sense_id="1">وایان</wf>
		<wf pos="SYM">۔</wf>
</sentence>
<sentence s_id="34">
		<wf pos="NNPC">رام</wf>
		<wf pos="VAUX">چُھ</wf>
		<wf pos="NNPC">سُویٖمِنٛگ</wf>
		<wf pos="NN">پوٗلَس</wf>
		<wf pos="PSP">منٛز</wf>
		<wf pos="RB">ژھرٛانٛٹھ</wf>
		<wf pos="VM" sense_id="2">وایان</wf>
		<wf pos="SYM">۔</wf>
</sentence>
<sentence s_id="35">
		<wf pos="NN">خانٛدرٕ</wf>
		<wf pos="NN">وِزِ</wf>
		<wf pos="VAUX">ٲس</wf>
		<wf pos="NN">بِگُل</wf>
		<wf pos="VM">بَجاوَن</wf>
		<wf pos="PSP">وٲلۍ</wf>
		<wf pos="NN">وِزِ</wf>
		<wf pos="NN">وِزِِ</wf>
		<wf pos="NN">بِگُل</wf>
		<wf pos="VM" sense_id="1">وایان</wf>
		<wf pos="SYM">۔</wf>
</sentence>
<sentence s_id="36">
		<wf pos="PRP">سُہ</wf>
		<wf pos="DEM">یُس</wf>
		<wf pos="NN">سیتار</wf>
		<wf pos="VM" sense_id="2">وایان</wf>
		<wf pos="JJ">آسہِ:سیتار</wf>
		<wf pos="NN">وایَن</wf>
		<wf pos="PSP">وول</wf>
		<wf pos="VAUX">اوس</wf>
		<wf pos="NN">سیتار</wf>
		<wf pos="VM" sense_id="2">وایان</wf>
		<wf pos="SYM">۔</wf>
</sentence>
<sentence s_id="37">
		<wf pos="NN">آبَس</wf>
		<wf pos="PSP">منٛز</wf>
		<wf pos="PSP">ڈٕنٛگۍ</wf>
		<wf pos="VM">لَگٲوِتھ</wf>
		<wf pos="NN">گاڈٕ</wf>
		<wf pos="NN">رَٹَن</wf>
		<wf pos="PSP">وول</wf>
		<wf pos="QC">اَکھ</wf>
		<wf pos="JJ">ٲبی</wf>
		<wf pos="JJ">جانٛوَر:سَرَس</wf>
		<wf pos="PSP">منٛز</wf>
		<wf pos="VAUX">چِھ</wf>
		<wf pos="JJ">پِنٛدٕ</wf>
		<wf pos="RB">ژھرٛانٛٹھ</wf>
		<wf pos="VM" sense_id="1">وایان</wf>
		<wf pos="SYM">۔</wf>
</sentence>
<sentence s_id="38">
		<wf pos="NNC">پھۄکہٕ</wf>
		<wf pos="PSP">سۭتۍ</wf>
		<wf pos="VM">واینہٕ</wf>
		<wf pos="VM">یِنہٕ</wf>
		<wf pos="PSP">وول</wf>
		<wf pos="QC">اَکھ</wf>
		<wf pos="NN">باجہٕ:شُر</wf>
		<wf pos="VAUX">اوس</wf>
		<wf pos="NEG">پوٗں</wf>
		<wf pos="PRP">پوٗں</wf>
		<wf pos="NN">باجہٕ</wf>
		<wf pos="VM" sense_id="2">وایان</wf>
		<wf pos="SYM">۔</wf>
</sentence>
<sentence s_id="39">
		<wf pos="PRP">سُہ</wf>
		<wf pos="VAUX">چُھ</wf>
		<wf pos="NN">گِتار</wf>
		<wf pos="VM" sense_id="2">وایان</wf>
		<wf pos="SYM">۔</wf>
</sentence>
<sentence s_id="40">
		<wf pos="QC">اَکہِ</wf>
		<wf pos="NN">قٕسمُک</wf>
		<wf pos="PRP">ڈول:سُہ</wf>
		<wf pos="VAUX">چُھ</wf>
		<wf pos="JJ">توٚمبوٗر</wf>
		<wf pos="VM" sense_id="2">وایان</wf>
		<wf pos="SYM">۔</wf>
</sentence>
<sentence s_id="41">
		<wf pos="NN">پُرانَن</wf>
		<wf pos="PSP">ہِنٛدۍ</wf>
		<wf pos="PSP">مُطٲبِق</wf>
		<wf pos="VM">بَگوان</wf>
		<wf pos="NNP">شِو</wf>
		<wf pos="PSP">سُنٛد</wf>
		<wf pos="NNP">سیٛتار:بَگوان</wf>
		<wf pos="NNP">شِو</wf>
		<wf pos="VAUX">اوس</wf>
		<wf pos="NN">کیلاشَس</wf>
		<wf pos="PSP">پٮ۪ٹھ</wf>
		<wf pos="VM">بِہِتھ</wf>
		<wf pos="NN">اَنالَمبی</wf>
		<wf pos="VM" sense_id="2">وایان</wf>
		<wf pos="SYM">۔</wf>
</sentence>
<sentence s_id="42">
		<wf pos="QC">اَکھ</wf>
		<wf pos="NN">باجہٕ</wf>
		<wf pos="DEM">یُس</wf>
		<wf pos="NNC">پھۄکہٕ</wf>
		<wf pos="PSP">سۭتۍ</wf>
		<wf pos="VM" sense_id="2">وایان</wf>
		<wf pos="PRP">چھِ:سُہ</wf>
		<wf pos="VAUX">اوس</wf>
		<wf pos="NN">سِنٛگی</wf>
		<wf pos="VM" sense_id="2">وایان</wf>
		<wf pos="SYM">۔</wf>
</sentence>
<sentence s_id="43">
		<wf pos="QC">اَکہِ</wf>
		<wf pos="NN">قٕسمٕچ</wf>
		<wf pos="NNP">ڈَپھلی</wf>
		<wf pos="DEM">یَتھ</wf>
		<wf pos="PSP">منٛز</wf>
		<wf pos="NNP">ٹیٖنوٗ</wf>
		<wf pos="NN">کَھنٛجہٕ</wf>
		<wf pos="VAUX">چھِ</wf>
		<wf pos="VM">آسان</wf>
		<wf pos="NNP">لٲگِتھ:سادوٗ</wf>
		<wf pos="NNPC">بابا</wf>
		<wf pos="VAUX">اوس</wf>
		<wf pos="NNP">بَجَن</wf>
		<wf pos="VM">گٮ۪ونہٕ</wf>
		<wf pos="NN">وِزِ</wf>
		<wf pos="NN">کَھنٛجری</wf>
		<wf pos="VM" sense_id="1">وایان</wf>
		<wf pos="SYM">۔</wf>
</sentence>
<sentence s_id="44">
		<wf pos="PRP">سُہ</wf>
		<wf pos="NN">ڈول</wf>
		<wf pos="PRP">یُس</wf>
		<wf pos="NN">لۄکُٹ</wf>
		<wf pos="NN">آسہِ:خانٛدرِ</wf>
		<wf pos="NN">وِزِ</wf>
		<wf pos="VAUX">چھےٚ</wf>
		<wf pos="NN">زَنانہٕ</wf>
		<wf pos="NN">لۄکُٹ</wf>
		<wf pos="NN">ڈول</wf>
		<wf pos="VM" sense_id="2">وایان</wf>
		<wf pos="SYM">۔</wf>
</sentence>
<sentence s_id="45">
		<wf pos="PRP">ژےٚ</wf>
		<wf pos="JJ">پزی</wf>
		<wf pos="NEG">نہٕ</wf>
		<wf pos="NN">دٔرِیاوس</wf>
		<wf pos="PSP">منٛز</wf>
		<wf pos="NN">وَسُن</wf>
		<wf pos="CC">تکیازِ</wf>
		<wf pos="PRP">ژےٚ</wf>
		<wf pos="VAUX">چھے</wf>
		<wf pos="NEG">نہٕ</wf>
		<wf pos="NN">ژھرانٛٹھٕےرام</wf>
		<wf pos="VAUX">چُھ</wf>
		<wf pos="NN">دٔریابَس</wf>
		<wf pos="PSP">منٛز</wf>
		<wf pos="RB">ژھرٛانٛٹھ</wf>
		<wf pos="VM" sense_id="2">وایان</wf>
		<wf pos="SYM">۔</wf>
</sentence>
<sentence s_id="46">
		<wf pos="PRP">سُہ</wf>
		<wf pos="VAUX">چُھ</wf>
		<wf pos="NEG">سۄرنَے</wf>
		<wf pos="VM" sense_id="1">وایان</wf>
		<wf pos="SYM">۔</wf>
</sentence>
<sentence s_id="47">
		<wf pos="PRP">سُہ</wf>
		<wf pos="VAUX">چُھ</wf>
		<wf pos="NN">تَبلہٕ</wf>
		<wf pos="VM" sense_id="2">وایان</wf>
		<wf pos="SYM">۔</wf>
</sentence>
<sentence s_id="48">
		<wf pos="NNC">رَمیش</wf>
		<wf pos="VAUX">چُھ</wf>
		<wf pos="JJ">توٗتی</wf>
		<wf pos="VM" sense_id="1">وایان</wf>
		<wf pos="SYM">۔</wf>
</sentence>
<sentence s_id="49">
		<wf pos="NNPC">رحمان</wf>
		<wf pos="NN">کاکہٕ</wf>
		<wf pos="VAUX">چُھ</wf>
		<wf pos="RB">ٹریٚکٹَر</wf>
		<wf pos="PSP">سۭتۍ</wf>
		<wf pos="NN">کَھہَس</wf>
		<wf pos="NN">دانٛد</wf>
		<wf pos="VM" sense_id="1">وایان</wf>
		<wf pos="SYM">۔</wf>
</sentence>
<sentence s_id="50">
		<wf pos="QC">اَکہِ</wf>
		<wf pos="NN">قٔسمُک</wf>
		<wf pos="NNP">بَطُک:مَرال</wf>
		<wf pos="PSP">سٕنٛز</wf>
		<wf pos="QC">اَکھ</wf>
		<wf pos="JJ">جوٗری</wf>
		<wf pos="VAUX">چھےٚ</wf>
		<wf pos="NN">آبَس</wf>
		<wf pos="PSP">منٛز</wf>
		<wf pos="RB">سرٛانٛٹھ</wf>
		<wf pos="VM" sense_id="2">وایان</wf>
		<wf pos="SYM">۔</wf>
</sentence>
<sentence s_id="51">
		<wf pos="PRP">سُہ</wf>
		<wf pos="VAUX">چُھ</wf>
		<wf pos="NN">نَمہٕ</wf>
		<wf pos="PSP">سۭتۍ</wf>
		<wf pos="NN">سٮ۪تار</wf>
		<wf pos="VM" sense_id="2">وایان</wf>
		<wf pos="SYM">۔</wf>
</sentence>
<sentence s_id="52">
		<wf pos="NNPC">بُڑِ</wf>
		<wf pos="NNP">بب</wf>
		<wf pos="VAUX">اوس</wf>
		<wf pos="NN">لۄکچارس</wf>
		<wf pos="PSP">منٛز</wf>
		<wf pos="NNP">ٹونٛکلی</wf>
		<wf pos="VM" sense_id="2">وایان</wf>
		<wf pos="SYM">۔</wf>
</sentence>
<sentence s_id="53">
		<wf pos="NNP">گورو</wf>
		<wf pos="VAUX">چُھ</wf>
		<wf pos="NN">دندک</wf>
		<wf pos="VM" sense_id="2">وایان</wf>
		<wf pos="SYM">۔</wf>
</sentence>
<sentence s_id="54">
		<wf pos="JJ">لَکٕٹ</wf>
		<wf pos="NN">ژٔٹ:زٔمیٖندار</wf>
		<wf pos="VAUX">اوس</wf>
		<wf pos="NN">زمیٖنَس</wf>
		<wf pos="PSP">منٛز</wf>
		<wf pos="NN">یَبہٕ</wf>
		<wf pos="VM">ژٔٹ</wf>
		<wf pos="VM" sense_id="2">وایان</wf>
		<wf pos="SYM">۔</wf>
</sentence>
<sentence s_id="55">
		<wf pos="NN">زٔمیٖن</wf>
		<wf pos="POW">دار</wf>
		<wf pos="VAUX">چھُ</wf>
		<wf pos="NN">زٔمیٖنس</wf>
		<wf pos="NN">دانٛد</wf>
		<wf pos="VM" sense_id="1">وایان</wf>
		<wf pos="SYM">۔</wf>
</sentence>
<sentence s_id="56">
		<wf pos="NN">خش</wf>
		<wf pos="VM">کرنہٕ</wf>
		<wf pos="NN">وقتہٕ</wf>
		<wf pos="VAUX">چُھ</wf>
		<wf pos="NNC">کَٹہٕ</wf>
		<wf pos="PSP">سٕنزِ</wf>
		<wf pos="JJ">گردنہِ</wf>
		<wf pos="NN">شراکھ</wf>
		<wf pos="VM" sense_id="1">وایان</wf>
		<wf pos="VAUX">یوان</wf>
		<wf pos="SYM">۔</wf>
</sentence>
<sentence s_id="57">
		<wf pos="DEM">یَتھ</wf>
		<wf pos="QC">ترٛے</wf>
		<wf pos="QC">تارٕ</wf>
		<wf pos="NN">آسَن:روہَن</wf>
		<wf pos="VAUX">چُھ</wf>
		<wf pos="QC">ترٛے</wf>
		<wf pos="QC">تارٕ</wf>
		<wf pos="PSP">وول</wf>
		<wf pos="NN">باجہٕ</wf>
		<wf pos="VM" sense_id="2">وایان</wf>
		<wf pos="SYM">۔</wf>
</sentence>
<sentence s_id="58">
		<wf pos="QC">سَتھ</wf>
		<wf pos="NN">تارٕ</wf>
		<wf pos="PSP">وول</wf>
		<wf pos="NNPC">ویٖنا:موہَن</wf>
		<wf pos="VAUX">چُھ</wf>
		<wf pos="NNP">پَریٖوادِنا</wf>
		<wf pos="VM" sense_id="2">وایان</wf>
		<wf pos="SYM">۔</wf>
</sentence>
<sentence s_id="59">
		<wf pos="QC">اَکہِ</wf>
		<wf pos="NN">قٕسمٕچ</wf>
		<wf pos="NNPC">ویٖنا:موہَن</wf>
		<wf pos="VAUX">چُھ</wf>
		<wf pos="NNPC">کَوِلاسِکا</wf>
		<wf pos="VM" sense_id="2">وایان</wf>
		<wf pos="SYM">۔</wf>
</sentence>
<sentence s_id="60">
		<wf pos="QC">اَکہِ</wf>
		<wf pos="NN">قٕسمُک</wf>
		<wf pos="NN">لۄکُٹ</wf>
		<wf pos="NNC">ڈَف:رَمیش</wf>
		<wf pos="VAUX">چُھ</wf>
		<wf pos="NN">رَبانا</wf>
		<wf pos="VM" sense_id="2">وایان</wf>
		<wf pos="SYM">۔</wf>
</sentence>
<sentence s_id="61">
		<wf pos="QC">اَکہِ</wf>
		<wf pos="NN">قٕسمٕچ</wf>
		<wf pos="NN">ویٖنا:رامسیوَک</wf>
		<wf pos="VAUX">چُھ</wf>
		<wf pos="NN">رامویٖنا</wf>
		<wf pos="VM" sense_id="2">وایان</wf>
		<wf pos="SYM">۔</wf>
</sentence>
<sentence s_id="62">
		<wf pos="QC">اَکہِ</wf>
		<wf pos="NN">قٕسمُک</wf>
		<wf pos="NN">لۄکُٹ</wf>
		<wf pos="NN">ڈول:کرِٛشنا</wf>
		<wf pos="VAUX">چُھ</wf>
		<wf pos="NN">اِکاری</wf>
		<wf pos="VM" sense_id="2">وایان</wf>
		<wf pos="SYM">۔</wf>
</sentence>
<sentence s_id="63">
		<wf pos="RB">پوٚت</wf>
		<wf pos="NN">کالُک</wf>
		<wf pos="QC">اَکھ</wf>
		<wf pos="JJ">باجہِ:پوٚت</wf>
		<wf pos="NN">کالہٕ</wf>
		<wf pos="VAUX">ٲسۍ</wf>
		<wf pos="NN">لُک</wf>
		<wf pos="NN">ڈُنٛکر</wf>
		<wf pos="RP">تہِ</wf>
		<wf pos="VM" sense_id="1">وایان</wf>
		<wf pos="SYM">۔</wf>
</sentence>
<sentence s_id="64">
		<wf pos="QC">اَکہِ</wf>
		<wf pos="NN">قٕسمُک</wf>
		<wf pos="NNP">باجہِ:مَہیش</wf>
		<wf pos="VAUX">چُھ</wf>
		<wf pos="JJ">کَلاپوٗر</wf>
		<wf pos="VM" sense_id="2">وایان</wf>
		<wf pos="SYM">۔</wf>
</sentence>
<sentence s_id="65">
		<wf pos="QC">اَکہِ</wf>
		<wf pos="NN">قٕسمٕچ</wf>
		<wf pos="NNP">ویٖنا:مَہیش</wf>
		<wf pos="VAUX">چُھ</wf>
		<wf pos="NN">ٹَنٛسری</wf>
		<wf pos="VM" sense_id="1">وایان</wf>
		<wf pos="SYM">۔</wf>
</sentence>
<sentence s_id="66">
		<wf pos="NN">ڈھولَس</wf>
		<wf pos="PSP">ہیوٗ</wf>
		<wf pos="CC">مَگر</wf>
		<wf pos="DEM">تَمہِ</wf>
		<wf pos="RP">کھۄتہٕ</wf>
		<wf pos="NN">لۄکُٹ</wf>
		<wf pos="NN">باجہِ:شام</wf>
		<wf pos="VAUX">اوس</wf>
		<wf pos="NN">ٹمکی</wf>
		<wf pos="VM" sense_id="2">وایان</wf>
		<wf pos="VM" sense_id="2">وایان</wf>
		<wf pos="PSP">منٛزٕ</wf>
		<wf pos="VM">ڈھول</wf>
		<wf pos="RP">تہِ</wf>
		<wf pos="VM" sense_id="2">وایان</wf>
		<wf pos="SYM">۔</wf>
</sentence>
<sentence s_id="67">
		<wf pos="PRP">سُہ</wf>
		<wf pos="DEM">یُس</wf>
		<wf pos="NN">تنٛبوٗرٕ</wf>
		<wf pos="VAUX">آسہِ</wf>
		<wf pos="NN">وایان:تنٛبوٗرٕ</wf>
		<wf pos="VM" sense_id="1">وایَن</wf>
		<wf pos="PSP">وول</wf>
		<wf pos="VAUX">چُھ</wf>
		<wf pos="NN">تنٛبوٗرٕ</wf>
		<wf pos="VM" sense_id="2">وایان</wf>
		<wf pos="SYM">۔</wf>
</sentence>
<sentence s_id="68">
		<wf pos="PRP">سُہ</wf>
		<wf pos="NN">دان</wf>
		<wf pos="NN">زمیٖن</wf>
		<wf pos="DEM">یَتھ</wf>
		<wf pos="NN">فصٕل</wf>
		<wf pos="VM">آسیٚکھ</wf>
		<wf pos="NN">لوٚنمُت:دانٛدٕ</wf>
		<wf pos="PSP">وول</wf>
		<wf pos="VAUX">چُھ</wf>
		<wf pos="VM" sense_id="2">وایان</wf>
		<wf pos="NN">وِگڑٕ</wf>
		<wf pos="NN">زمیٖن</wf>
		<wf pos="SYM">۔</wf>
</sentence>
<sentence s_id="69">
		<wf pos="NN">دانٛدٕ</wf>
		<wf pos="NN">ہوڑِ</wf>
		<wf pos="VM">ثٲتۍ</wf>
		<wf pos="NN">زمیٖن</wf>
		<wf pos="VM">واینٕچ</wf>
		<wf pos="NN">کٲم:راموٗ</wf>
		<wf pos="VAUX">چُھ</wf>
		<wf pos="NN">دانٛد</wf>
		<wf pos="VM" sense_id="2">وایان</wf>
		<wf pos="SYM">۔</wf>
</sentence>
<sentence s_id="70">
		<wf pos="QC">اَکہِ</wf>
		<wf pos="NN">قٕسمُک</wf>
		<wf pos="NN">سیتار:گَجانن</wf>
		<wf pos="VAUX">چُھ</wf>
		<wf pos="NN">سوردھری</wf>
		<wf pos="VM" sense_id="2">وایان</wf>
		<wf pos="SYM">۔</wf>
</sentence>
<sentence s_id="71">
		<wf pos="JJ">سفید</wf>
		<wf pos="CC">تہٕ</wf>
		<wf pos="VM">کرٛہُن</wf>
		<wf pos="CC">یا</wf>
		<wf pos="JJ">سفید</wf>
		<wf pos="CC">تہٕ</wf>
		<wf pos="JJ">وۄزلہِ</wf>
		<wf pos="NN">رنٛگُک:گرٛوٗس</wf>
		<wf pos="VAUX">چُھ</wf>
		<wf pos="NN">ہارٮ۪و</wf>
		<wf pos="NNP">دانٛدو</wf>
		<wf pos="PSP">سۭتۍ</wf>
		<wf pos="NN">کھہس</wf>
		<wf pos="PSP">منٛز</wf>
		<wf pos="NN">ہل</wf>
		<wf pos="VM" sense_id="1">وایان</wf>
		<wf pos="SYM">۔</wf>
</sentence>
<sentence s_id="72">
		<wf pos="NN">زٲوجہِ</wf>
		<wf pos="NNP">تونٛتہِ</wf>
		<wf pos="PSP">وول</wf>
		<wf pos="QC">اَکھ</wf>
		<wf pos="JJ">ٲبی</wf>
		<wf pos="NN">جانٛاوار:جیٖلَس</wf>
		<wf pos="PSP">منٛز</wf>
		<wf pos="VAUX">چُھ</wf>
		<wf pos="QC">اکھ</wf>
		<wf pos="NN">گََروال</wf>
		<wf pos="RB">ژھرانٛٹھ</wf>
		<wf pos="VM" sense_id="1">وایان</wf>
		<wf pos="SYM">۔</wf>
</sentence>
<sentence s_id="73">
		<wf pos="PSP">پوٚنٛز</wf>
		<wf pos="VM">نَژناوَن</wf>
		<wf pos="PSP">وول</wf>
		<wf pos="PSP">بٲزۍ</wf>
		<wf pos="JJ">گَر:مَدٲرۍ</wf>
		<wf pos="VAUX">چُھ</wf>
		<wf pos="NN">ڈابٕر</wf>
		<wf pos="VM" sense_id="2">وایان</wf>
		<wf pos="CC">تہٕ</wf>
		<wf pos="VAUX">چُھ</wf>
		<wf pos="PRP">پٔنٛزِس</wf>
		<wf pos="VM">نژنٛاوان</wf>
		<wf pos="SYM">۔</wf>
</sentence>
<sentence s_id="74">
		<wf pos="NN">اَکہٕ</wf>
		<wf pos="NN">قٕسمُک</wf>
		<wf pos="NN">بَتُک:جھیٖلہِ</wf>
		<wf pos="PSP">منٛز</wf>
		<wf pos="VAUX">چھِ</wf>
		<wf pos="NNPC">ذٕ</wf>
		<wf pos="NNPC">نیٖلسر</wf>
		<wf pos="NNPC">ژھرانٛٹ</wf>
		<wf pos="VM" sense_id="2">وایان</wf>
		<wf pos="SYM">۔</wf>
</sentence>
<sentence s_id="75">
		<wf pos="PRP">سُہ</wf>
		<wf pos="NN">آلہٕ</wf>
		<wf pos="DEM">ییٚمہِ</wf>
		<wf pos="PSP">سۭتۍ</wf>
		<wf pos="NN">آواز</wf>
		<wf pos="JJ">ؤسی</wf>
		<wf pos="VM">گٔژِتھ</wf>
		<wf pos="VAUX">چھےٚ</wf>
		<wf pos="RB">دوٗر</wf>
		<wf pos="PSP">تانۍ</wf>
		<wf pos="NN">واتان:گامَن</wf>
		<wf pos="PSP">منٛز</wf>
		<wf pos="VAUX">چھِ</wf>
		<wf pos="NN">لُکھ</wf>
		<wf pos="NN">شادٮ۪ن</wf>
		<wf pos="PSP">پٮ۪ٹھ</wf>
		<wf pos="NN">بونٛپوٗ</wf>
		<wf pos="VM" sense_id="1">وایان</wf>
		<wf pos="SYM">۔</wf>
</sentence>
<sentence s_id="76">
		<wf pos="RB">سرٛانٛٹھ</wf>
		<wf pos="NNP">واینٕٕچۍ</wf>
		<wf pos="RB">کٲم:سرٛانٛٹھ</wf>
		<wf pos="NN">واٮَ۪ن</wf>
		<wf pos="PSP">وول</wf>
		<wf pos="VAUX">چُھ</wf>
		<wf pos="NN">سَمنٛدَرَس</wf>
		<wf pos="PSP">منٛز</wf>
		<wf pos="RB">سرٛانٛٹھ</wf>
		<wf pos="VM" sense_id="2">وایان</wf>
		<wf pos="SYM">۔</wf>
</sentence>
<sentence s_id="77">
		<wf pos="QC">اَکھ</wf>
		<wf pos="JJ">اوٚسطوٗری</wf>
		<wf pos="NN">ویٖنا:برٛہتی</wf>
		<wf pos="VAUX">اوس</wf>
		<wf pos="NNP">وِشواوسوٗ</wf>
		<wf pos="NN">ناوُک</wf>
		<wf pos="NN">اِنسان</wf>
		<wf pos="NNP">خۄدا</wf>
		<wf pos="VM" sense_id="1">وایان</wf>
		<wf pos="SYM">۔</wf>
</sentence>
<sentence s_id="78">
		<wf pos="QC">اَکہِ</wf>
		<wf pos="NN">قٕسمُک</wf>
		<wf pos="NNP">تاس:مَہیش</wf>
		<wf pos="VAUX">اوس</wf>
		<wf pos="NN">نَنٛد</wf>
		<wf pos="VM" sense_id="2">وایان</wf>
		<wf pos="SYM">۔</wf>
</sentence>
<sentence s_id="79">
		<wf pos="VM">گاوِ</wf>
		<wf pos="PSP">ہِنٛدِ</wf>
		<wf pos="DEM">بٕتھۍ</wf>
		<wf pos="NN">شَکلہِ</wf>
		<wf pos="QC">اَکھ</wf>
		<wf pos="NN">شَنٛکھ:پُزٲر</wf>
		<wf pos="VAUX">چُھ</wf>
		<wf pos="NN">گومُکھی</wf>
		<wf pos="VM" sense_id="1">وایان</wf>
		<wf pos="SYM">۔</wf>
</sentence>
<sentence s_id="80">
		<wf pos="PSP">سارٔنٛگۍ،</wf>
		<wf pos="JJ">سِتار</wf>
		<wf pos="NN">بیترِ</wf>
		<wf pos="PSP">ہِنٛدۍ</wf>
		<wf pos="RB">پٲٹھۍ</wf>
		<wf pos="QC">اَکھ</wf>
		<wf pos="NN">ساز</wf>
		<wf pos="DEM">یَتھ</wf>
		<wf pos="PSP">پٮ۪ٹھ</wf>
		<wf pos="NN">مور</wf>
		<wf pos="PSP">سٕنٛز</wf>
		<wf pos="NN">شَکٕل</wf>
		<wf pos="VM">دِتھ</wf>
		<wf pos="VAUX">چھِ</wf>
		<wf pos="NN">آسان:منوہر</wf>
		<wf pos="VAUX">چُھ</wf>
		<wf pos="NN">تاوٗس</wf>
		<wf pos="VM" sense_id="2">وایان</wf>
		<wf pos="SYM">۔</wf>
</sentence>
<sentence s_id="81">
		<wf pos="NN">موسیٖقی</wf>
		<wf pos="PSP">مَنٛز</wf>
		<wf pos="NN">اَشٹٕتالُک</wf>
		<wf pos="QC">اکھ</wf>
		<wf pos="NN">قٕسٕم:موسیٖقی</wf>
		<wf pos="NN">کار</wf>
		<wf pos="VAUX">چُھ</wf>
		<wf pos="NN">دوج</wf>
		<wf pos="VM" sense_id="2">وایان</wf>
		<wf pos="SYM">۔</wf>
</sentence>
<sentence s_id="82">
		<wf pos="NN">موسیٖقی</wf>
		<wf pos="PSP">منٛز</wf>
		<wf pos="NN">ٲٹھو</wf>
		<wf pos="VM">لٔیوٚو</wf>
		<wf pos="PSP">منٛز</wf>
		<wf pos="VM">اَکھ:بَجاوَن</wf>
		<wf pos="PSP">وول</wf>
		<wf pos="VAUX">چُھ</wf>
		<wf pos="NN">گروٗڈِ</wf>
		<wf pos="NN">لٔے</wf>
		<wf pos="VM" sense_id="2">وایان</wf>
		<wf pos="SYM">۔</wf>
</sentence>
<sentence s_id="83">
		<wf pos="NN">لٔے</wf>
		<wf pos="VM">دِنُک</wf>
		<wf pos="QC">اَکھ</wf>
		<wf pos="NN">باجہٕ:رَتَن</wf>
		<wf pos="VAUX">چُھ</wf>
		<wf pos="NN">گَن</wf>
		<wf pos="VM" sense_id="2">وایان</wf>
		<wf pos="SYM">۔</wf>
</sentence>
<sentence s_id="84">
		<wf pos="PRP">سُہ</wf>
		<wf pos="RB">ژھرانٛٹھ</wf>
		<wf pos="NN">وایَن</wf>
		<wf pos="PSP">وول</wf>
		<wf pos="VAUX">چُھ</wf>
		<wf pos="NN">دۄہ</wf>
		<wf pos="RB">دِش</wf>
		<wf pos="QC">دۄن</wf>
		<wf pos="NN">گَنٛٹَن</wf>
		<wf pos="RB">ژھرانٛٹھ</wf>
		<wf pos="VM" sense_id="1">وایان</wf>
		<wf pos="SYM">۔</wf>
</sentence>
<sentence s_id="85">
		<wf pos="QC">اَکھ</wf>
		<wf pos="JJ">ہِنٛدُستٲنۍ</wf>
		<wf pos="NN">سازُک</wf>
		<wf pos="NNC">سامان:رمیش</wf>
		<wf pos="VAUX">چُھ</wf>
		<wf pos="NN">کمایچا</wf>
		<wf pos="VM" sense_id="1">وایان</wf>
		<wf pos="SYM">۔</wf>
</sentence>
<sentence s_id="86">
		<wf pos="QC">اَکہِ</wf>
		<wf pos="NN">قٕسمُک</wf>
		<wf pos="NN">چمڑُک</wf>
		<wf pos="NN">سازٕکۍ</wf>
		<wf pos="NN">سامان</wf>
		<wf pos="DEM">یُس</wf>
		<wf pos="NN">لٔکرِ</wf>
		<wf pos="PSP">سۭتۍ</wf>
		<wf pos="VAUX">چُھ</wf>
		<wf pos="NNC">وٲینہٕ</wf>
		<wf pos="NN">یِوان:گُبگُبی</wf>
		<wf pos="VM" sense_id="2">وایان</wf>
		<wf pos="VAUX">چُھ</wf>
		<wf pos="NN">نَندی</wf>
		<wf pos="NN">دانٛدٕ</wf>
		<wf pos="PSP">وول</wf>
		<wf pos="VM">یِوان</wf>
		<wf pos="SYM">۔</wf>
</sentence>
<sentence s_id="87">
		<wf pos="NN">موسوٗقی</wf>
		<wf pos="PSP">ہِنٛز</wf>
		<wf pos="QC">اَکھ</wf>
		<wf pos="NN">لے</wf>
		<wf pos="DEM">یَتھ</wf>
		<wf pos="PSP">منٛز</wf>
		<wf pos="QC">منٛداہ</wf>
		<wf pos="JJ">لے</wf>
		<wf pos="NN">ماترا</wf>
		<wf pos="CC">تہٕ</wf>
		<wf pos="JJ">ژوٚر</wf>
		<wf pos="NN">ہِصہٕ</wf>
		<wf pos="VM">آسان</wf>
		<wf pos="PRP">چھِ:سُہ</wf>
		<wf pos="VAUX">چُھ</wf>
		<wf pos="NN">ایٖتال</wf>
		<wf pos="VM" sense_id="1">وایان</wf>
		<wf pos="SYM">۔</wf>
</sentence>
<sentence s_id="88">
		<wf pos="NN">کٹَن</wf>
		<wf pos="PSP">تَل</wf>
		<wf pos="VAUX">چھُس</wf>
		<wf pos="NN">مۄختہٕ</wf>
		<wf pos="VM">جیٚرِتھ</wf>
		<wf pos="NN">بالہٕ</wf>
		<wf pos="NN">ہوٚر</wf>
		<wf pos="CC">تہٕ</wf>
		<wf pos="CC">کنہٕ</wf>
		<wf pos="NN">وس</wf>
		<wf pos="RDP">گرٛایہِ</wf>
		<wf pos="VM">ماران</wf>
		<wf pos="CC">کنہٕ</wf>
		<wf pos="NN">دوٗرن</wf>
		<wf pos="CC">تہٕ</wf>
		<wf pos="NN">نَستہِ</wf>
		<wf pos="NN">رۄنگِس</wf>
		<wf pos="VAUX">چھَس</wf>
		<wf pos="QC">زٕ</wf>
		<wf pos="PRP">ژٕ</wf>
		<wf pos="VM">وۄتھان</wf>
		<wf pos="VM">ۂرنہٕ</wf>
		<wf pos="NN">چیٚشمہٕ</wf>
		<wf pos="VAUX">چھَس</wf>
		<wf pos="NN">سۄرمہٕ</wf>
		<wf pos="NN">ٹارٮ۪ن</wf>
		<wf pos="PSP">تَل</wf>
		<wf pos="VM">وۄتلان</wf>
		<wf pos="CC">تہٕ</wf>
		<wf pos="VM">بۄڈان</wf>
		<wf pos="PSP">مٲنزِ</wf>
		<wf pos="NN">نَم</wf>
		<wf pos="VAUX">چھِس</wf>
		<wf pos="NNP">پر</wf>
		<wf pos="VM">ٮ۪زلان</wf>
		<wf pos="VM">آسان</wf>
		<wf pos="JJ">وہرِ</wf>
		<wf pos="NN">بٲج</wf>
		<wf pos="VAUX">چھِس</wf>
		<wf pos="NN">ڈول</wf>
		<wf pos="CC">تہٕ</wf>
		<wf pos="RB">ڈُم</wf>
		<wf pos="RDP">ڈُم</wf>
		<wf pos="VM" sense_id="1">وایان</wf>
		<wf pos="VM" sense_id="1">وایان</wf>
		<wf pos="VM">نَژٕناوان</wf>
		<wf pos="NN">لانژھ</wf>
		<wf pos="VAUX">چُھ</wf>
		<wf pos="VM">نَژان</wf>
		<wf pos="VM">نَژان</wf>
		<wf pos="CC">تہٕ</wf>
		<wf pos="NN">نٔخرٕ</wf>
		<wf pos="VM">کرَان</wf>
		<wf pos="NN">شُرٮ۪ن</wf>
		<wf pos="VM">اَسناوان</wf>
		<wf pos="VM">اَسناوان</wf>
		<wf pos="NN">نیٖلہٕ</wf>
		<wf pos="VM">کران</wf>
		<wf pos="NN">یٔزمن</wf>
		<wf pos="NN">بٲے</wf>
		<wf pos="VM">مُبارکھ</wf>
		<wf pos="VM">وَنان</wf>
		<wf pos="VM">وَنان</wf>
		<wf pos="VAUX">چُھ</wf>
		<wf pos="QC">لانژھ</wf>
		<wf pos="QF">آلُژھ</wf>
		<wf pos="VM">تُلان</wf>
		<wf pos="CC">تہٕ</wf>
		<wf pos="NN">وَبرِ</wf>
		<wf pos="VM">بٲج</wf>
		<wf pos="VAUX">چھِس</wf>
		<wf pos="SYM">‘‘</wf>
		<wf pos="DEM">گاریے</wf>
		<wf pos="NN">گاریے’’</wf>
		<wf pos="VM">وَنان</wf>
		<wf pos="NN">لَیہِ</wf>
		<wf pos="VM">اَنان</wf>
		<wf pos="CC">تہٕ</wf>
		<wf pos="NN">لانژھ</wf>
		<wf pos="VAUX">چُھ</wf>
		<wf pos="VM">نَژان</wf>
		<wf pos="CC">تہٕ</wf>
		<wf pos="DEM">یِہ</wf>
		<wf pos="NN">پد</wf>
		<wf pos="VM">شوٚروٗع</wf>
		<wf pos="VM">کرَان</wf>
		<wf pos="SYM">۔</wf>
</sentence>
<sentence s_id="75">
		<wf pos="RB">ی،تھٕ</wf>
		<wf pos="POW">پٲٹھۍ</wf>
		<wf pos="NN">خاندرپک</wf>
		<wf pos="NN">سنز</wf>
		<wf pos="NN">توُمل</wf>
		<wf pos="VM">ژھٹنہٕ</wf>
		<wf pos="PSP">سۭتۍ</wf>
		<wf pos="VM">لگان</wf>
		<wf pos="VAUX">چُھ</wf>
		<wf pos="RB">یِتھَے</wf>
		<wf pos="POW">پٲٹھۍ</wf>
		<wf pos="VAUX">چھُہ</wf>
		<wf pos="NN">نوٚفلُک</wf>
		<wf pos="NN">سنز</wf>
		<wf pos="NN">سَسہٕ</wf>
		<wf pos="NN">رسہٕ</wf>
		<wf pos="PSP">سۭتۍ</wf>
		<wf pos="VM">لگان</wf>
		<wf pos="NN">گۄڈگۄڈٕ</wf>
		<wf pos="VAUX">چھِ</wf>
		<wf pos="NN">محلہٕ</wf>
		<wf pos="PSP">وٲلۍ</wf>
		<wf pos="NN">ژُوتَن</wf>
		<wf pos="PSP">پٮ۪ٹھ</wf>
		<wf pos="NN">سَسہٕ</wf>
		<wf pos="NN">رس</wf>
		<wf pos="VM">کران</wf>
		<wf pos="RB">لۄکٹٕۍ</wf>
		<wf pos="RDP">بٔڈۍ</wf>
		<wf pos="VAUX">چھِ</wf>
		<wf pos="PRP">کُنِہ</wf>
		<wf pos="NN">مٔشدِ</wf>
		<wf pos="CC">یا</wf>
		<wf pos="NN">استانٕچ</wf>
		<wf pos="VM">گٔروایان</wf>
		<wf pos="VM" sense_id="1">وایان</wf>
		<wf pos="JJ">گرم</wf>
		<wf pos="RB">پتہٕ</wf>
		<wf pos="NN">گرٕ</wf>
		<wf pos="VM">توٚمُل،</wf>
		<wf pos="NN">تیٖل</wf>
		<wf pos="CC">تہٕ</wf>
		<wf pos="NN">زُیُن</wf>
		<wf pos="NN">بیترِ</wf>
		<wf pos="VM">سۄمٮ۪راوان</wf>
		<wf pos="NN">ژُوتن</wf>
		<wf pos="PSP">پٮ۪ٹھ</wf>
		<wf pos="NN">ترامِہ</wf>
		<wf pos="VM">تھاوان</wf>
		<wf pos="NN">تہم</wf>
		<wf pos="NN">وَتِہ</wf>
		<wf pos="VM">پکہم</wf>
		<wf pos="NN">ونٮ۪ن</wf>
		<wf pos="NN">چندم</wf>
		<wf pos="VM">رٔٹۍ</wf>
		<wf pos="JJ">رٔٹۍ،</wf>
		<wf pos="NN">اگادِ</wf>
		<wf pos="NN">گٔژھۍ،</wf>
		<wf pos="NN">گرِٹاساہ</wf>
		<wf pos="QF">ٹاساہ</wf>
		<wf pos="RDP">کٔڈۍ</wf>
		<wf pos="JJ">کڈۍ</wf>
		<wf pos="NN">پونسہٕ</wf>
		<wf pos="NN">جماہ</wf>
		<wf pos="VM">کرَان</wf>
		<wf pos="CC">ہرگاہ</wf>
		<wf pos="NN">اوٚبرن</wf>
		<wf pos="CC">تہٕ</wf>
		<wf pos="NN">روٗدن</wf>
		<wf pos="RB">پَسرٕ</wf>
		<wf pos="CC">آسوَ</wf>
		<wf pos="RB">أنۍ</wf>
		<wf pos="POW">مٕتۍ</wf>
		<wf pos="RB">تیٚلہِ</wf>
		<wf pos="VAUX">چھِ</wf>
		<wf pos="NN">شرُۍ</wf>
		<wf pos="NN">نقدتہٕ</wf>
		<wf pos="VM">جِنس</wf>
		<wf pos="VM">سوٚمٮ۪ران</wf>
		<wf pos="VM">سوٚمٮ۪ران</wf>
		<wf pos="JJ">گٔرودایان</wf>
		<wf pos="VM" sense_id="2">وایان</wf>
		<wf pos="CC">تہٕ</wf>
		<wf pos="NN">وَمٮ۪ٲلۍ</wf>
		<wf pos="VM">کران</wf>
		<wf pos="VM">کرَان</wf>
		<wf pos="DEM">یہِ</wf>
		<wf pos="NN">پَد</wf>
		<wf pos="VM">آسان</wf>
		<wf pos="VM">وَنان</wf>
		<wf pos="SYM">:</wf>
		<wf pos="SYM">۔</wf>
</sentence>
sentence s_id="76">
		<wf pos="JJ">پرٛان</wf>
		<wf pos="NN">دور</wf>
		<wf pos="VAUX">ٲسۍ</wf>
		<wf pos="NN">رَباب</wf>
		<wf pos="NN">وایَن</wf>
		<wf pos="PSP">وٲلۍ</wf>
		<wf pos="CC">بےٚ</wf>
		<wf pos="NN">تال</wf>
		<wf pos="VM">گٔژِھِتھ</wf>
		<wf pos="NN">رَباب</wf>
		<wf pos="VM" sense_id="2">وایان</wf>
		<wf pos="SYM">۔</wf>
</sentence>
<sentence s_id="77">
		<wf pos="PRP">میٚہ</wf>
		<wf pos="VAUX">چُھ</wf>
		<wf pos="NN">تانپوٗرٕ</wf>
		<wf pos="VM">بَجاوُن</wf>
		<wf pos="JJ">خۄش</wf>
		<wf pos="VM">کَران</wf>
		<wf pos="SYM">۔</wf>
</sentence>
<sentence s_id="78">
		<wf pos="PRP">میٚہ</wf>
		<wf pos="VAUX">چُھ</wf>
		<wf pos="NN">تانپوٗرٕ</wf>
		<wf pos="VM">بَجاوُن</wf>
		<wf pos="JJ">خۄش</wf>
		<wf pos="VM">کَران</wf>
		<wf pos="SYM">۔</wf>
</sentence>
<sentence s_id="79">
		<wf pos="NN">سوہن</wf>
		<wf pos="VAUX">چُھ</wf>
		<wf pos="NN">پَکھاوَج</wf>
		<wf pos="VM">بَجاوُن</wf>
		<wf pos="VM">ہیٚچھان</wf>
		<wf pos="SYM">۔</wf>
</sentence>
<sentence s_id="80">
		<wf pos="QC">اَکہِ</wf>
		<wf pos="NN">قٕسمُک</wf>
		<wf pos="NN">سیتار:گَجانن</wf>
		<wf pos="VAUX">چُھ</wf>
		<wf pos="NN">سوردھری</wf>
		<wf pos="VM" sense_id="2">وایان</wf>
		<wf pos="SYM">۔</wf>
</sentence>
<sentence s_id="81">
		<wf pos="JJ">سفید</wf>
		<wf pos="CC">تہٕ</wf>
		<wf pos="VM">کرٛہُن</wf>
		<wf pos="CC">یا</wf>
		<wf pos="JJ">سفید</wf>
		<wf pos="CC">تہٕ</wf>
		<wf pos="JJ">وۄزلہِ</wf>
		<wf pos="NN">رنٛگُک:گرٛوٗس</wf>
		<wf pos="VAUX">چُھ</wf>
		<wf pos="NN">ہارٮ۪و</wf>
		<wf pos="NNP">دانٛدو</wf>
		<wf pos="PSP">سۭتۍ</wf>
		<wf pos="NN">کھہس</wf>
		<wf pos="PSP">منٛز</wf>
		<wf pos="NN">ہل</wf>
		<wf pos="VM" sense_id="2">وایان</wf>
		<wf pos="SYM">۔</wf>
</sentence>
<sentence s_id="82">
		<wf pos="NN">زٲوجہِ</wf>
		<wf pos="NNP">تونٛتہِ</wf>
		<wf pos="PSP">وول</wf>
		<wf pos="QC">اَکھ</wf>
		<wf pos="JJ">ٲبی</wf>
		<wf pos="NN">جانٛاوار:جیٖلَس</wf>
		<wf pos="PSP">منٛز</wf>
		<wf pos="VAUX">چُھ</wf>
		<wf pos="QC">اکھ</wf>
		<wf pos="NN">گََروال</wf>
		<wf pos="RB">ژھرانٛٹھ</wf>
		<wf pos="VM" sense_id="1">وایان</wf>
		<wf pos="SYM">۔</wf>
</sentence>
<sentence s_id="83">
		<wf pos="PSP">پوٚنٛز</wf>
		<wf pos="VM">نَژناوَن</wf>
		<wf pos="PSP">وول</wf>
		<wf pos="PSP">بٲزۍ</wf>
		<wf pos="JJ">گَر:مَدٲرۍ</wf>
		<wf pos="VAUX">چُھ</wf>
		<wf pos="NN">ڈابٕر</wf>
		<wf pos="VM" sense_id="2">وایان</wf>
		<wf pos="CC">تہٕ</wf>
		<wf pos="VAUX">چُھ</wf>
		<wf pos="PRP">پٔنٛزِس</wf>
		<wf pos="VM">نژنٛاوان</wf>
		<wf pos="SYM">۔</wf>
</sentence>
<sentence s_id="84">
		<wf pos="NN">اَکہٕ</wf>
		<wf pos="NN">قٕسمُک</wf>
		<wf pos="NN">بَتُک:جھیٖلہِ</wf>
		<wf pos="PSP">منٛز</wf>
		<wf pos="VAUX">چھِ</wf>
		<wf pos="NNPC">ذٕ</wf>
		<wf pos="NNPC">نیٖلسر</wf>
		<wf pos="NNPC">ژھرانٛٹ</wf>
		<wf pos="VM" sense_id="2">وایان</wf>
		<wf pos="SYM">۔</wf>
</sentence>
</contextfile>