<?xml version="1.0" encoding="utf-8" ?>
<contextfile filename="وَتھ" fileno="6">
	<sentence s_id="1">
		<wf pos="NNP">بارہموٗلہ</wf>
		<wf pos="PSP">پٮ۪ٹھ</wf>
		<wf pos="VAUX">چِھ</wf>
		<wf pos="QC">اکھ</wf>
		<wf pos="NN" sense_id="1">وَتھ</wf>
		<wf pos="NNP">شہر</wf>
		<wf pos="PSP">کُن</wf>
		<wf pos="VM">گژُھان</wf>
		<wf pos="NN">بیاکھ</wf>
		<wf pos="NNP">اوڈی</wf>
		<wf pos="PSP">کُن</wf>
		<wf pos="DEM">تہٕ</wf>
		<wf pos="NN">بیاکھ</wf>
		<wf pos="QC">اکھ</wf>
		<wf pos="VAUX">چِھ</wf>
		<wf pos="NNP">کوپوۄر</wf>
		<wf pos="PSP">کُن</wf>
		<wf pos="VM">گژُھان</wf>
		<wf pos="SYM">۔</wf>
	</sentence>
	<sentence s_id="2">
		<wf pos="CC">ہرگاہ</wf>
		<wf pos="NN">جوتشِہ</wf>
		<wf pos="PSP">موٗجوٗب</wf>
		<wf pos="DEM">یِہ</wf>
		<wf pos="NN">پو٘تُھر</wf>
		<wf pos="NN">منگتہٕ</wf>
		<wf pos="VM">دِنَس</wf>
		<wf pos="PRP">پنٕنۍ</wf>
		<wf pos="PRP">کینٛہہ</wf>
		<wf pos="NN">وو٘جوٗہاتھ</wf>
		<wf pos="VAUX">چِھ</wf>
		<wf pos="CC">مگر</wf>
		<wf pos="JJ">سمٲجی</wf>
		<wf pos="RB">طور</wf>
		<wf pos="VAUX">چُھ</wf>
		<wf pos="DEM">یی</wf>
		<wf pos="VM">باسان</wf>
		<wf pos="DEM">زِ</wf>
		<wf pos="PRP">سٲنۍ</wf>
		<wf pos="NN">سماجن</wf>
		<wf pos="VAUX">چھی٘ہ</wf>
		<wf pos="DEM">یہِ</wf>
		<wf pos="NN">پۄتھرن</wf>
		<wf pos="NN">پۄتھٕر</wf>
		<wf pos="VM">پراونٕچ</wf>
		<wf pos="QC">اَکھ</wf>
		<wf pos="NN" sense_id="2">وَتھ</wf>
		<wf pos="VM">تھٲومٕژ</wf>
		<wf pos="SYM">۔</wf>
	</sentence>
	<sentence s_id="3">
		<wf pos="NN">خاندرٕکۍ</wf>
		<wf pos="VAUX">چِھ</wf>
		<wf pos="PRP">اَسہِ</wf>
		<wf pos="QC">زٕ</wf>
		<wf pos="NN">وَجَہ</wf>
		<wf pos="VM">بوزنہٕ</wf>
		<wf pos="VM">یِوان</wf>
		<wf pos="QC">اَکھ</wf>
		<wf pos="DEM">یہِ</wf>
		<wf pos="CC">زِ</wf>
		<wf pos="DEM">اَمہِ</wf>
		<wf pos="PSP">سۭتۍ</wf>
		<wf pos="VAUX">چُھ</wf>
		<wf pos="NN">اِنسانَن</wf>
		<wf pos="PRP">پَننِس</wf>
		<wf pos="NN">شَہَوتَس</wf>
		<wf pos="NN">گَنڈ</wf>
		<wf pos="VM">دِیُتمُت،</wf>
		<wf pos="CC">تہٕ</wf>
		<wf pos="RB">یِتھٕ</wf>
		<wf pos="PSP">کٔنۍ</wf>
		<wf pos="VAUX">چُھ</wf>
		<wf pos="PRP">تٔمۍ</wf>
		<wf pos="PSP">سٕنٛدِس</wf>
		<wf pos="DEM">اَتھ</wf>
		<wf pos="NN">حٮ۪سَس</wf>
		<wf pos="VM">پانہٕناوٕنۍ</wf>
		<wf pos="PSP">لایَق</wf>
		<wf pos="NN" sense_id="2">وَتھ</wf>
		<wf pos="PSP">ہِش</wf>
		<wf pos="NN">لٔبمٕژ</wf>
		<wf pos="QC">دوٚیُم</wf>
		<wf pos="DEM">یہِ</wf>
		<wf pos="CC">زِ</wf>
		<wf pos="DEM">اَمہِ</wf>
		<wf pos="PSP">سۭتۍ</wf>
		<wf pos="VAUX">چُھ</wf>
		<wf pos="VM">پٲدٕ</wf>
		<wf pos="VAUX">سَپدَن</wf>
		<wf pos="PSP">وٲلِس</wf>
		<wf pos="NN">بَچَس</wf>
		<wf pos="NN">سماجَس</wf>
		<wf pos="PSP">منٛز</wf>
		<wf pos="QC">اَکھ</wf>
		<wf pos="JJ">شوٗبہِدار</wf>
		<wf pos="NN">مُقام</wf>
		<wf pos="VM">میوٗلمُت</wf>
		<wf pos="CC">تہٕ</wf>
		<wf pos="NNC">مٲلِس</wf>
		<wf pos="NN">ماجہِ</wf>
		<wf pos="VAUX">چِھ</wf>
		<wf pos="NN">شُرۍ</wf>
		<wf pos="PSP">سٕنٛزِ</wf>
		<wf pos="NN">ذِمہٕوٲری</wf>
		<wf pos="PSP">ہُنٛد</wf>
		<wf pos="NN">احساس</wf>
		<wf pos="VAUX">سپُدمُت</wf>
		<wf pos="SYM">۔</wf>
	</sentence>
	<sentence s_id="4">
		<wf pos="JJ">رنگدار</wf>
		<wf pos="NN">کشہِ</wf>
		<wf pos="CC">تہٕ</wf>
		<wf pos="NN">چوٗنہٕ</wf>
		<wf pos="PSP">سۭتۍ</wf>
		<wf pos="VAUX">چھیٚہ</wf>
		<wf pos="VM">یِوان</wf>
		<wf pos="JJ">سٲرٕے</wf>
		<wf pos="NN" sense_id="1">وَتھ</wf>
		<wf pos="VM">سَجاونہٕ</wf>
		<wf pos="SYM">۔</wf>
	</sentence>
	<sentence s_id="5">
		<wf pos="CC">اگر</wf>
		<wf pos="NN">لۄکچارَس</wf>
		<wf pos="PSP">منٛز</wf>
		<wf pos="NN">بچِہ</wf>
		<wf pos="PRP">کانٛہہ</wf>
		<wf pos="NN">غلطی</wf>
		<wf pos="VAUX">کرِ</wf>
		<wf pos="CC">تہٕ</wf>
		<wf pos="NN">موج</wf>
		<wf pos="VAUX">کرٮ۪س</wf>
		<wf pos="DEM">اَتھ</wf>
		<wf pos="PSP">پٮ۪ٹھ</wf>
		<wf pos="NN">ٹاٹھنِیار</wf>
		<wf pos="CC">تہٕ</wf>
		<wf pos="DEM">سُہ</wf>
		<wf pos="NN">بچِہ</wf>
		<wf pos="VAUX">چُھ</wf>
		<wf pos="DEM">تٔژِھۍ</wf>
		<wf pos="NN" sense_id="3">وَتھ</wf>
		<wf pos="PSP">پٮ۪ٹھ</wf>
		<wf pos="RB">برٛۄنٛہہ</wf>
		<wf pos="PSP">کن</wf>
		<wf pos="VM">پَکان</wf>
		<wf pos="DEM">یی٘مِہ</wf>
		<wf pos="PSP">سۭتۍ</wf>
		<wf pos="PRP">پَنٕنۍ</wf>
		<wf pos="NN">زنٛدٕگی</wf>
		<wf pos="JJ">خراب</wf>
		<wf pos="VM">کران</wf>
		<wf pos="VAUX">چُھ</wf>
		<wf pos="SYM">۔</wf>
	</sentence>
	<sentence s_id="6">
		<wf pos="DEM">اَتھ</wf>
		<wf pos="RB">برعکس</wf>
		<wf pos="CC">اگر</wf>
		<wf pos="QC">ﺃکس</wf>
		<wf pos="NN">بَچَس</wf>
		<wf pos="JJ">اَصٕل</wf>
		<wf pos="NN" sense_id="3">وَتھ</wf>
		<wf pos="VAUX">ہاوِ</wf>
		<wf pos="CC">تہٕ</wf>
		<wf pos="PRP">سُہ</wf>
		<wf pos="NN">بَچِہ</wf>
		<wf pos="VAUX">گَژِھ</wf>
		<wf pos="RB">ہمیشہ</wf>
		<wf pos="RDP">ہمیشہ</wf>
		<wf pos="JJ">کامیاب</wf>
		<wf pos="CC">تہٕ</wf>
		<wf pos="JJ">کامران</wf>
		<wf pos="SYM">۔</wf>
	</sentence>
	<sentence s_id="7">
		<wf pos="RB">خٲر</wf>
		<wf pos="DEM">یِہ</wf>
		<wf pos="VAUX">چُھ</wf>
		<wf pos="NN">بَچَس</wf>
		<wf pos="PRP">پَنُن</wf>
		<wf pos="NN">قٕسمَتھ</wf>
		<wf pos="DEM">زِ</wf>
		<wf pos="PRP">تٔمِس</wf>
		<wf pos="JJ">کژھ</wf>
		<wf pos="NN" sense_id="3">وَتھ</wf>
		<wf pos="VM">ہاوِ</wf>
		<wf pos="NN">موج</wf>
		<wf pos="SYM">۔</wf>
	</sentence>
	<sentence s_id="8">
		<wf pos="NN">موج</wf>
		<wf pos="NEG">چَھنہٕ</wf>
		<wf pos="PRP">کٲنٛسِہ</wf>
		<wf pos="NN">بَچَس</wf>
		<wf pos="JJ">خَراب</wf>
		<wf pos="VAUX">آسان</wf>
		<wf pos="NEG">نَہ</wf>
		<wf pos="VAUX">چَھ</wf>
		<wf pos="PRP">سۄ</wf>
		<wf pos="VAUX">یَژھان</wf>
		<wf pos="DEM">زِ</wf>
		<wf pos="PRP">تٔم</wf>
		<wf pos="PSP">سُنٛد</wf>
		<wf pos="NN">بَچہٕ</wf>
		<wf pos="VAUX">گو٘ژھ</wf>
		<wf pos="JJ">خَراب</wf>
		<wf pos="NN" sense_id="3">وَتھ</wf>
		<wf pos="VAUX">رٹُُن</wf>
		<wf pos="NN">فَرَق</wf>
		<wf pos="VAUX">چھَ</wf>
		<wf pos="QF:?">یِژٕے</wf>
		<wf pos="VM">آسان</wf>
		<wf pos="DEM">زِ</wf>
		<wf pos="CC">اگر</wf>
		<wf pos="NN">بَچَس</wf>
		<wf pos="NN">مول</wf>
		<wf pos="NN">غلطی</wf>
		<wf pos="VM">کرنَس</wf>
		<wf pos="PSP">پٮ۪ٹھ</wf>
		<wf pos="PRP">کینٛہہ</wf>
		<wf pos="VM">وَنان</wf>
		<wf pos="VAUX">چُھ</wf>
		<wf pos="CC">تہٕ</wf>
		<wf pos="DEM">تٔمِس</wf>
		<wf pos="NN">بَچَس</wf>
		<wf pos="VAUX">چِھ</wf>
		<wf pos="NN">موج</wf>
		<wf pos="NN">اَتھٕرو٘ٹ</wf>
		<wf pos="VM">کران</wf>
		<wf pos="DEM">یی٘مہِ</wf>
		<wf pos="PSP">سۭتۍ</wf>
		<wf pos="PRP">تَس</wf>
		<wf pos="NN">بَچَس</wf>
		<wf pos="RB">پَتہٕ</wf>
		<wf pos="JJ">بَد</wf>
		<wf pos="NN">ہَوا</wf>
		<wf pos="VAUX">چُھ</wf>
		<wf pos="VM">لگان</wf>
		<wf pos="SYM">۔</wf>
	</sentence>
	<sentence s_id="9">
		<wf pos="DEM">یِہ</wf>
		<wf pos="JJ">سورُے</wf>
		<wf pos="PRP">کینٛہہ</wf>
		<wf pos="VM">وُچِھتھ</wf>
		<wf pos="VAUX">ہٚکو</wf>
		<wf pos="PRP">ﺃسۍ</wf>
		<wf pos="DEM">یِہ</wf>
		<wf pos="VM">ؤنِتھ</wf>
		<wf pos="CC">زِ</wf>
		<wf pos="NN">موج</wf>
		<wf pos="VAUX">چھی٘ہ</wf>
		<wf pos="PRP">سۄ</wf>
		<wf pos="NN">کردار</wf>
		<wf pos="VM">نِباوان</wf>
		<wf pos="PRP">ﺃکس</wf>
		<wf pos="NN">بَچِہ</wf>
		<wf pos="PSP">سٕنٛزِ</wf>
		<wf pos="NN">زِنٛدٕگی</wf>
		<wf pos="PSP">مَنٛز</wf>
		<wf pos="DEM">یی٘مِہ</wf>
		<wf pos="PSP">سۭتۍ</wf>
		<wf pos="PRP">تٔمۍ</wf>
		<wf pos="PSP">سٕنٛز</wf>
		<wf pos="NN">زِنٛدٕگی</wf>
		<wf pos="VAUX">ہٚکہ</wf>
		<wf pos="JJ">اَصٕل</wf>
		<wf pos="NN" sense_id="3">وَتھ</wf>
		<wf pos="RP">تِہ</wf>
		<wf pos="VM">لٔبِتھ</wf>
		<wf pos="CC">تہٕ</wf>
		<wf pos="JJ">خَراب</wf>
		<wf pos="RP">تِہ</wf>
		<wf pos="VAUX">گٔژِھتھ</wf>
		<wf pos="SYM">۔</wf>
	</sentence>
	<sentence s_id="10">
		<wf pos="CC">تِکیٛازِ</wf>
		<wf pos="DEM">یہِ</wf>
		<wf pos="VAUX">چُھ</wf>
		<wf pos="VM">وُچھنہٕ</wf>
		<wf pos="VAUX">آمُت</wf>
		<wf pos="DEM">زِ</wf>
		<wf pos="NN">موج</wf>
		<wf pos="VAUX">چِھ</wf>
		<wf pos="NN">بَچِہ</wf>
		<wf pos="PSP">سٕنٛدِ</wf>
		<wf pos="PSP">خٲطرٕ</wf>
		<wf pos="QO">گۄڈنیُک</wf>
		<wf pos="NN">درسگاہ</wf>
		<wf pos="CC">تہٕ</wf>
		<wf pos="NN">ماجہِ</wf>
		<wf pos="PSP">ہٕنٛدِس</wf>
		<wf pos="DEM">اتھ</wf>
		<wf pos="NN">درٕسگاہَس</wf>
		<wf pos="PSP">مَنٛز</wf>
		<wf pos="VAUX">چِھ</wf>
		<wf pos="PRP">ﺃمِس</wf>
		<wf pos="NN">بچس</wf>
		<wf pos="PRP">سۄ</wf>
		<wf pos="QC">اَکھ</wf>
		<wf pos="NN">تعلیم</wf>
		<wf pos="VAUX">یِوان</wf>
		<wf pos="VM">دِنہٕ</wf>
		<wf pos="DEM">یی٘مہِ</wf>
		<wf pos="PSP">سۭتۍ</wf>
		<wf pos="DEM">یہِ</wf>
		<wf pos="NN">بَچِہ</wf>
		<wf pos="NN">زِنٛدٕگی</wf>
		<wf pos="PSP">ہٕنٛز</wf>
		<wf pos="NN" sense_id="3">وَتھ</wf>
		<wf pos="VM">لَبان</wf>
		<wf pos="VAUX">چُھ</wf>
		<wf pos="SYM">۔</wf>
	</sentence>
	<sentence s_id="11">
		<wf pos="NN">بَچَس</wf>
		<wf pos="PSP">خٲطرٕ</wf>
		<wf pos="VAUX">چُھ</wf>
		<wf pos="DEM">یِہ</wf>
		<wf pos="RP">تِہ</wf>
		<wf pos="JJ">ضو٘روٗری</wf>
		<wf pos="DEM">زِ</wf>
		<wf pos="CC">اَگر</wf>
		<wf pos="NN">موج</wf>
		<wf pos="JJ">غلط</wf>
		<wf pos="NN" sense_id="3">وَتھ</wf>
		<wf pos="VM">ہاوٮ۪س</wf>
		<wf pos="CC">تہٕ</wf>
		<wf pos="NN">بچہِ</wf>
		<wf pos="VM">لَبہِ</wf>
		<wf pos="JJ">غلطٕے,</wf>
		<wf pos="SYM">۔</wf>
	</sentence>
	<sentence s_id="12">
		<wf pos="CC">اگر</wf>
		<wf pos="NN">موج</wf>
		<wf pos="JJ">ٹھیٖک</wf>
		<wf pos="NN" sense_id="3">وَتھ</wf>
		<wf pos="VM">ہاوٮ۪س</wf>
		<wf pos="CC">تہٕ</wf>
		<wf pos="INTJ:?">اِنشاءاللہ</wf>
		<wf pos="NN">بچہِ</wf>
		<wf pos="RP">تہِ</wf>
		<wf pos="VAUX">گَژِھ</wf>
		<wf pos="RB">ہمیشہ</wf>
		<wf pos="JJ">کامیاب</wf>
		<wf pos="SYM">۔</wf>
	</sentence>
	<sentence s_id="13">
		<wf pos="DEM">سۄ</wf>
		<wf pos="NN">گٔر</wf>
		<wf pos="VM">آیہِ</wf>
		<wf pos="PRP">بہٕ</wf>
		<wf pos="VM">سَپُدس</wf>
		<wf pos="JJ">چھوکہلَد</wf>
		<wf pos="PRP">بہٕ</wf>
		<wf pos="VM">سپدُس</wf>
		<wf pos="INTF">بےحد</wf>
		<wf pos="JJ">زخمی</wf>
		<wf pos="PRP">بہٕ</wf>
		<wf pos="VM">بچوس</wf>
		<wf pos="RB">کتھپٲٹھۍ</wf>
		<wf pos="PRP">بہٕ</wf>
		<wf pos="VAUX">آوس</wf>
		<wf pos="NN">ہسپتال</wf>
		<wf pos="VM">واتناونہٕ</wf>
		<wf pos="PRP">میانہِ</wf>
		<wf pos="QC">زٕ</wf>
		<wf pos="NN">زنگہ</wf>
		<wf pos="VM">آیہِ</wf>
		<wf pos="PRP">مےٚ</wf>
		<wf pos="PSP">نِش</wf>
		<wf pos="JJ">جُدا</wf>
		<wf pos="VM">کرنہٕ</wf>
		<wf pos="RB">بَس</wf>
		<wf pos="NN">أچھن</wf>
		<wf pos="VM">رود</wf>
		<wf pos="NEG">نہٕ</wf>
		<wf pos="NN">گاش</wf>
		<wf pos="DEM">سُہ</wf>
		<wf pos="NN">گاش</wf>
		<wf pos="DEM">یُس</wf>
		<wf pos="PRP">مےٚ</wf>
		<wf pos="VM">زوٗلزان</wf>
		<wf pos="VAUX">اوس</wf>
		<wf pos="DEM">تَمہِ</wf>
		<wf pos="NN">روشنی</wf>
		<wf pos="VM">ہیوٚت</wf>
		<wf pos="NN">لوٚب</wf>
		<wf pos="DEM">یۄسہٕ</wf>
		<wf pos="PRP">میٲنۍ</wf>
		<wf pos="NN" sense_id="1">وَتھ</wf>
		<wf pos="VM">شیران</wf>
		<wf pos="VAUX">ٲس</wf>
		<wf pos="SYM">۔</wf>
	</sentence>
	<sentence s_id="14">
		<wf pos="NNP">مونالِزایہِ</wf>
		<wf pos="VM">بدلٲو</wf>
		<wf pos="NN" sense_id="3">وَتھ</wf>
		<wf pos="PRP">بہٕ</wf>
		<wf pos="VM">آس</wf>
		<wf pos="NN">گَٹہِ</wf>
		<wf pos="PSP">منٛز</wf>
		<wf pos="VM">ہٮ۪نہٕ</wf>
		<wf pos="PRP">مےٚ</wf>
		<wf pos="VAUX">اوس</wf>
		<wf pos="NEG">نہٕ</wf>
		<wf pos="PRP">زانہہ</wf>
		<wf pos="VM">سوٗنچمُت</wf>
		<wf pos="DEM">یِمہٕ</wf>
		<wf pos="NN">أچھ</wf>
		<wf pos="QC">زٕ</wf>
		<wf pos="VM">آسَن</wf>
		<wf pos="RB">فقط</wf>
		<wf pos="PRP">میٲنِس</wf>
		<wf pos="NN">شریٖرس</wf>
		<wf pos="PSP">سۭتۍ</wf>
		<wf pos="PRP">میٲنِس</wf>
		<wf pos="NN">جِسمَس</wf>
		<wf pos="PSP">سۭتۍ</wf>
		<wf pos="NN">مۄحبَتھ</wf>
		<wf pos="VM">کران</wf>
		<wf pos="INJ">اُف</wf>
		<wf pos="SYM">۔</wf>
	</sentence>
	<sentence s_id="15">
		<wf pos="JJ">سیٲسی</wf>
		<wf pos="NN">تجزیہ</wf>
		<wf pos="POW">نگارن</wf>
		<wf pos="PSP">ہُند</wf>
		<wf pos="NN">خیال</wf>
		<wf pos="VAUX">چُھ</wf>
		<wf pos="CC">زِ</wf>
		<wf pos="NN">جمٲژن</wf>
		<wf pos="PSP">ہٕندۍ</wf>
		<wf pos="JJ">زِٹھٕۍ</wf>
		<wf pos="VAUX">ٲسۍ</wf>
		<wf pos="RB">برمحل</wf>
		<wf pos="POW">پٲٹھۍ</wf>
		<wf pos="PRP">تِمن</wf>
		<wf pos="NN">علاقن</wf>
		<wf pos="PSP">پٮ۪ٹھٕہ</wf>
		<wf pos="VM">تُلنٕہ</wf>
		<wf pos="PSP">آمٕتۍ</wf>
		<wf pos="RB">ییٚتِہ</wf>
		<wf pos="PRP">تِم</wf>
		<wf pos="PRP">پننِہ</wf>
		<wf pos="NNC">اثر</wf>
		<wf pos="NN">رٕسوخٕہ</wf>
		<wf pos="PSP">سۭتۍ</wf>
		<wf pos="VM">سپٕننۍ</wf>
		<wf pos="NN">ناو</wf>
		<wf pos="NN">بِٹھس</wf>
		<wf pos="VM">لٲگِتھ</wf>
		<wf pos="VAUX">ہٮ۪کٕہ</wf>
		<wf pos="POW">ہَن</wf>
		<wf pos="CC">تٕہ</wf>
		<wf pos="PRP">پانس</wf>
		<wf pos="PSP">سۭتۍ</wf>
		<wf pos="PRP">پننٮ۪ن</wf>
		<wf pos="PRP">بیَین</wf>
		<wf pos="NN">ناون</wf>
		<wf pos="RP">تِہ</wf>
		<wf pos="NN">بِٹھس</wf>
		<wf pos="PSP">کن</wf>
		<wf pos="NN" sense_id="1">وَتھ</wf>
		<wf pos="VAUX">ہٮ۪کٕہ</wf>
		<wf pos="POW">ہَن</wf>
		<wf pos="VM">ہَٲیتھ</wf>
		<wf pos="SYM">۔</wf>
	</sentence>
	<sentence s_id="16">
		<wf pos="CC">مگر</wf>
		<wf pos="DEM">یہِ</wf>
		<wf pos="NN">ۂہَر</wf>
		<wf pos="VAUX">چُھوٕ</wf>
		<wf pos="PRP">تۄہِہ</wf>
		<wf pos="VM">ڈالان</wf>
		<wf pos="DEM">یہِ</wf>
		<wf pos="NN">کروٕ</wf>
		<wf pos="PRP">تۄہِہ</wf>
		<wf pos="NN">خراب</wf>
		<wf pos="DEM">یہِ</wf>
		<wf pos="NN">ڈالوٕ</wf>
		<wf pos="NN" sense_id="3">وَتھ</wf>
		<wf pos="PRP">کنہِ</wf>
		<wf pos="NN">کامہِ</wf>
		<wf pos="PSP">ہُند</wf>
		<wf pos="VAUX">تھاوِوٕ</wf>
		<wf pos="NEG">نہٕ</wf>
		<wf pos="SYM">۔</wf>
	</sentence>
	<sentence s_id="17">
		<wf pos="NN">کۄکرس</wf>
		<wf pos="RP">تہِ</wf>
		<wf pos="VM">توٚر</wf>
		<wf pos="NN">فِکرِ</wf>
		<wf pos="NN">قصٕہ</wf>
		<wf pos="WQ">کیاہ</wf>
		<wf pos="VM">آسہٕ</wf>
		<wf pos="PRP">تٔمۍ</wf>
		<wf pos="RP">تہِ</wf>
		<wf pos="VM">رٔٹ</wf>
		<wf pos="NN">کۄکرٮ۪ن</wf>
		<wf pos="PSP">ہنزٕے</wf>
		<wf pos="NN" sense_id="3">وَتھ</wf>
		<wf pos="SYM">۔</wf>
	</sentence>
	<sentence s_id="18">
		<wf pos="RB">پَتہٕ</wf>
		<wf pos="VAUX">کٔھژ</wf>
		<wf pos="PRP">سۄ</wf>
		<wf pos="NN">پَٹرِ</wf>
		<wf pos="PSP">پٿٹھ</wf>
		<wf pos="CC">تہٕ</wf>
		<wf pos="CC">بےٚ</wf>
		<wf pos="NNPC">شوٗنٛکۍ</wf>
		<wf pos="PSP">پٲٹھۍ</wf>
		<wf pos="VAUX">ٲس</wf>
		<wf pos="PRP">کستام</wf>
		<wf pos="VM">گاران</wf>
		<wf pos="PRP">پننِس</wf>
		<wf pos="JJ">پُراسرار</wf>
		<wf pos="NN">دُشمَن</wf>
		<wf pos="PSP">سُنٛد</wf>
		<wf pos="PRP">کانٛہہ</wf>
		<wf pos="NN">پَے</wf>
		<wf pos="VM">کڑُن</wf>
		<wf pos="VAUX">یَژھان</wf>
		<wf pos="CC">مگر</wf>
		<wf pos="PRP">سُہ</wf>
		<wf pos="VM">پرزٕناونَس</wf>
		<wf pos="VAUX">ٲس</wf>
		<wf pos="NEG">نہٕ</wf>
		<wf pos="PRP">کانٛہہ</wf>
		<wf pos="NN" sense_id="2">وَتھ</wf>
		<wf pos="SYM">۔</wf>
	</sentence>
	<sentence s_id="19">
		<wf pos="PRP">کینٛژَن</wf>
		<wf pos="NN">دۄہَن</wf>
		<wf pos="RB">اَتہِ</wf>
		<wf pos="NN">قرار</wf>
		<wf pos="VM">کَرنہٕ</wf>
		<wf pos="RB">پَتہٕ</wf>
		<wf pos="VM">درٛاو</wf>
		<wf pos="NN">قٲفِلہٕ</wf>
		<wf pos="NNP">شُپۍ</wf>
		<wf pos="POW">یَن</wf>
		<wf pos="VM">کُن</wf>
		<wf pos="NNP">کٔشیٖرِ</wf>
		<wf pos="VM">وُچِھتھ</wf>
		<wf pos="VAUX">گٔیہِ</wf>
		<wf pos="NNPC">نوٗر</wf>
		<wf pos="NNP">جہاں</wf>
		<wf pos="NNP">،شیرخان</wf>
		<wf pos="VM">موٚٹُھس</wf>
		<wf pos="CC">تہٕ</wf>
		<wf pos="VM">وۄلنَس</wf>
		<wf pos="RB">یِتھ</wf>
		<wf pos="VM">لٔج</wf>
		<wf pos="NN">پادشاہَس</wf>
		<wf pos="PSP">سۭتۍ</wf>
		<wf pos="NN">درٛۄکژٕ</wf>
		<wf pos="PSP">کَرنہِ</wf>
		<wf pos="NN">رٮ۪تہٕ</wf>
		<wf pos="POW">کول</wf>
		<wf pos="VM">ہیوٚتُن</wf>
		<wf pos="VM">سورُن</wf>
		<wf pos="CC">تہٕ</wf>
		<wf pos="JJ">شٲہی</wf>
		<wf pos="NN">قٲفِلَن</wf>
		<wf pos="VAUX">ہیٚژ</wf>
		<wf pos="NNP">لاہورٕچ</wf>
		<wf pos="NN" sense_id="1">وَتھ</wf>
		<wf pos="SYM">۔</wf>
	</sentence>
	<sentence s_id="20">
		<wf pos="NNC">لُکہٕ</wf>
		<wf pos="NN">اَرساتھ</wf>
		<wf pos="RB">سَمٮ۪و</wf>
		<wf pos="PRP">تَس</wf>
		<wf pos="RB">أنٛدۍ</wf>
		<wf pos="RDP">أندۍ</wf>
		<wf pos="PRP">تَس</wf>
		<wf pos="VAUX">روٗز</wf>
		<wf pos="NEG">نہٕ</wf>
		<wf pos="NN">قَدَم</wf>
		<wf pos="VM">کَڑنَس</wf>
		<wf pos="PSP">سوٚمب</wf>
		<wf pos="NN" sense_id="1">وَتھ</wf>
		<wf pos="RB">یَپٲرۍ</wf>
		<wf pos="VM">وُچھان</wf>
		<wf pos="RB">،تپٲرۍ</wf>
		<wf pos="NN">لوٗکہ</wf>
		<wf pos="VM">ہجوٗم</wf>
		<wf pos="PRP">تَس</wf>
		<wf pos="VM">گوو</wf>
		<wf pos="VM">دَم</wf>
		<wf pos="NN">عٲرَق</wf>
		<wf pos="VM">ییوٚتنَس</wf>
		<wf pos="VM">دِگنہِ</wf>
		<wf pos="NN">وَسُن</wf>
		<wf pos="SYM">۔</wf>
	</sentence>
	<sentence s_id="21">
		<wf pos="PRP">سُہ</wf>
		<wf pos="VAUX">اوس</wf>
		<wf pos="RB">جلدی</wf>
		<wf pos="NN" sense_id="3">وَتھ</wf>
		<wf pos="VM">بدلاوٕنۍ</wf>
		<wf pos="SYM">۔</wf>
	</sentence>
<sentence s_id="22">
		<wf pos="NN">مٲلۍ</wf>
		<wf pos="JJ">یٔتیٖم</wf>
		<wf pos="NN">شُرٮ۪ن</wf>
		<wf pos="NEG">چُھنہٕ</wf>
		<wf pos="PRP">کانٛہہ</wf>
		<wf pos="NN" sense_id="3">وَتھ</wf>
		<wf pos="NN">ہاوُک</wf>
		<wf pos="VM">آسان</wf>
		<wf pos="SYM">۔</wf>
	</sentence>
	<sentence s_id="23">
		<wf pos="NN">أصوٗل</wf>
		<wf pos="JJ">پَرَستہٕ</wf>
		<wf pos="NN">نَفرٕے</wf>
		<wf pos="VAUX">ہٮیٚکہِ</wf>
		<wf pos="NN">سماجس</wf>
		<wf pos="QC">اَکھ</wf>
		<wf pos="JJ">سہی</wf>
		<wf pos="NN" sense_id="3">وَتھ</wf>
		<wf pos="VM">ہٲوِتھ</wf>
		<wf pos="SYM">۔</wf>
	</sentence>
	<sentence s_id="24">
		<wf pos="DEM">یِژھ</wf>
		<wf pos="PRP">کانٛہہ</wf>
		<wf pos="NN" sense_id="2">وَتھ</wf>
		<wf pos="VM">کٔڑِو</wf>
		<wf pos="DEM">ییٚمہِ</wf>
		<wf pos="PSP">سۭتۍ</wf>
		<wf pos="DEM">یہِ</wf>
		<wf pos="NN">کٲم</wf>
		<wf pos="NN">آرامہٕ</wf>
		<wf pos="PSP">سان</wf>
		<wf pos="VAUX">گَژھہِ</wf>
		<wf pos="SYM">۔</wf>
	</sentence>
	<sentence s_id="25">
		<wf pos="JJ">گاشہٕ</wf>
		<wf pos="POW">دار</wf>
		<wf pos="NN">اِنسانَس</wf>
		<wf pos="NN">کَتھ</wf>
		<wf pos="VAUX">چھےٚ</wf>
		<wf pos="NN" sense_id="1">وَتھ</wf>
		<wf pos="VM">ہاوٕنۍ</wf>
		<wf pos="SYM">۔</wf>
	</sentence>
	<sentence s_id="26">
		<wf pos="NNP">شام</wf>
		<wf pos="VAUX">چُھ</wf>
		<wf pos="JJ">رٲوۍ</wf>
		<wf pos="POW">مٕتِس</wf>
		<wf pos="NN">نَفرَس</wf>
		<wf pos="NN" sense_id="1">وَتھ</wf>
		<wf pos="VM">ہاوان</wf>
		<wf pos="SYM">۔</wf>
	</sentence>
	<sentence s_id="27">
		<wf pos="PRP">اَسہِ</wf>
		<wf pos="VAUX">پَزِ</wf>
		<wf pos="JJ">ذٲتی</wf>
		<wf pos="NN">لَڑاین</wf>
		<wf pos="PSP">ہٕنٛزِ</wf>
		<wf pos="QC">اَکھ</wf>
		<wf pos="CC">پُر</wf>
		<wf pos="NN">اِنصاف</wf>
		<wf pos="NN" sense_id="2">وَتھ</wf>
		<wf pos="VM">کَڑٕنۍ</wf>
		<wf pos="SYM">۔</wf>
	</sentence>
	<sentence s_id="28">
		<wf pos="NNP">میٛانہِ</wf>
		<wf pos="NN">پَریشٲنی</wf>
		<wf pos="PSP">ہِنٛز</wf>
		<wf pos="NN" sense_id="2">وَتھ</wf>
		<wf pos="VM">درٛایہِ</wf>
		<wf pos="SYM">۔</wf>
	</sentence>
	<sentence s_id="29">
		<wf pos="JJ">بَد</wf>
		<wf pos="NN">اِخلٲقی</wf>
		<wf pos="NEG">چھَنہٕ</wf>
		<wf pos="NN">سَماجَس</wf>
		<wf pos="PSP">منٛز</wf>
		<wf pos="NN">تَسلیٖم</wf>
		<wf pos="VM">کَرنہٕ</wf>
		<wf pos="PSP">یِوان</wf>
		<wf pos="PRP">ٲمۍ</wf>
		<wf pos="PSP">سٲتۍ</wf>
		<wf pos="VAUX">چُھ</wf>
		<wf pos="NN">انسانس</wf>
		<wf pos="NN" sense_id="3">وَتھ</wf>
		<wf pos="VM">ڑلان</wf>
		<wf pos="SYM">۔</wf>
	</sentence>
	<sentence s_id="30">
		<wf pos="PRP">سُہ</wf>
		<wf pos="VAUX">چھےٚ</wf>
		<wf pos="NN">شَخصَس</wf>
		<wf pos="NN">پاتالٕچ</wf>
		<wf pos="NN" sense_id="3">وَتھ</wf>
		<wf pos="VM">ہاوان</wf>
		<wf pos="SYM">۔</wf>
	</sentence>
	<sentence s_id="31">
		<wf pos="PRP">سُہ</wf>
		<wf pos="VAUX">اوس</wf>
		<wf pos="PRP">اَسہِ</wf>
		<wf pos="RB">برٛونٛٹھ</wf>
		<wf pos="RDP">برٛونٛٹھ</wf>
		<wf pos="VM">پَکان</wf>
		<wf pos="NN" sense_id="1">وَتھ</wf>
		<wf pos="VM">ہاونہٕ</wf>
		<wf pos="PSP">خٲطرٕ</wf>
		<wf pos="SYM">۔</wf>
	</sentence>
	<sentence s_id="32">
		<wf pos="RB">آزٕ</wf>
		<wf pos="POW">کَل</wf>
		<wf pos="PSP">کِس</wf>
		<wf pos="NN">سَماجَس</wf>
		<wf pos="PSP">منٛز</wf>
		<wf pos="JJ">آَصٕل</wf>
		<wf pos="NN" sense_id="3">وَتھ</wf>
		<wf pos="NN">ہاوکٮ۪ن</wf>
		<wf pos="PSP">ہِنٛزِ</wf>
		<wf pos="NN">کٔمی</wf>
		<wf pos="PSP">سۭتۍ</wf>
		<wf pos="VM">ہٮ۪تِنۍ</wf>
		<wf pos="JJ">نَوجوان</wf>
		<wf pos="NN">وَتہٕ</wf>
		<wf pos="VM">ڈَلٕنۍ</wf>
		<wf pos="SYM">۔</wf>
	</sentence>
	<sentence s_id="33">
		<wf pos="DEM">یہِ</wf>
		<wf pos="VAUX">چُھ</wf>
		<wf pos="JJ">پیچیٖدٕ</wf>
		<wf pos="NN">معاملہٕ</wf>
		<wf pos="DEM">اَمِچ</wf>
		<wf pos="NN" sense_id="2">وَتھ</wf>
		<wf pos="VM">کَڑٕنۍ</wf>
		<wf pos="VAUX">چھٚے</wf>
		<wf pos="JJ">مُشکِل</wf>
		<wf pos="SYM">۔</wf>
	</sentence>
	<sentence s_id="34">
		<wf pos="NN" sense_id="1">وَتھ</wf>
		<wf pos="JJ">بَنٛد</wf>
		<wf pos="VM">آسنہٕ</wf>
		<wf pos="PSP">کِنۍ</wf>
		<wf pos="VAUX">پیوٚو</wf>
		<wf pos="PRP">اَسہِ</wf>
		<wf pos="NN">گٲنٛٹہٕ</wf>
		<wf pos="QF">وادَن</wf>
		<wf pos="VM">رُکُن</wf>
		<wf pos="SYM">۔</wf>
	</sentence>
	<sentence s_id="35">
		<wf pos="NN">جَنٛگلَس</wf>
		<wf pos="PSP">منٛز</wf>
		<wf pos="NN" sense_id="1">وَتھ</wf>
		<wf pos="VM">راونہٕ</wf>
		<wf pos="RB">پَتہٕ</wf>
		<wf pos="VM">ژھٲنٛڑ</wf>
		<wf pos="NN">اَسہٕ</wf>
		<wf pos="DEM">سُہٕ</wf>
		<wf pos="NN">کَمپاس</wf>
		<wf pos="PSP">سۭتۍ</wf>
		<wf pos="SYM">۔</wf>
	</sentence>
	<sentence s_id="36">
		<wf pos="DEM">یَتھ</wf>
		<wf pos="NN">مٔنٛدرَس</wf>
		<wf pos="PSP">تام</wf>
		<wf pos="VM">واتنٕچ</wf>
		<wf pos="NN" sense_id="1">وَتھ</wf>
		<wf pos="VAUX">چھےٚ</wf>
		<wf pos="JJ">ۂج</wf>
		<wf pos="SYM">۔</wf>
	</sentence>
	<sentence s_id="37">
		<wf pos="DEM">یہٕ</wf>
		<wf pos="NN" sense_id="1">وَتھ</wf>
		<wf pos="VAUX">چھےٚ</wf>
		<wf pos="RB">سیوٚد</wf>
		<wf pos="PRP">میٛون</wf>
		<wf pos="NN">گَرٕ</wf>
		<wf pos="PSP">تام</wf>
		<wf pos="VM">واتان</wf>
		<wf pos="SYM">۔</wf>
	</sentence>
	<sentence s_id="38">
		<wf pos="NN">آسمانَس</wf>
		<wf pos="PSP">پٮ۪ٹھ</wf>
		<wf pos="NN">زون</wf>
		<wf pos="VM">آسنہٕ</wf>
		<wf pos="PSP">کِنۍ</wf>
		<wf pos="VAUX">چھےٚ</wf>
		<wf pos="NN" sense_id="1">وَتھ</wf>
		<wf pos="VM">بوزنہٕ</wf>
		<wf pos="PSP">یِوان</wf>
		<wf pos="SYM">۔</wf>
	</sentence>
	<sentence s_id="39">
		<wf pos="RB">واریاہ</wf>
		<wf pos="JJ">زیٛادٕ</wf>
		<wf pos="JJ">اَنٛنہٕ</wf>
		<wf pos="POW">گوٚٹ</wf>
		<wf pos="VM">آسنہٕ</wf>
		<wf pos="PSP">کِنۍ</wf>
		<wf pos="VM">ہٮ۪چنہٕ</wf>
		<wf pos="PRP">مےٚ</wf>
		<wf pos="NN" sense_id="1">وَتھ</wf>
		<wf pos="VM">لٔبِتھ</wf>
		<wf pos="SYM">۔</wf>
	</sentence>
	<sentence s_id="40">
		<wf pos="JJ">زیٖٹھ</wf>
		<wf pos="NN" sense_id="1">وَتھ</wf>
		<wf pos="NN">طَے</wf>
		<wf pos="VM">کران</wf>
		<wf pos="RDP">کران</wf>
		<wf pos="JJ">تھٔکۍ</wf>
		<wf pos="NN">بَچہٕ</wf>
		<wf pos="SYM">۔</wf>
	</sentence>
	<sentence s_id="41">
		<wf pos="JJ">رِتۍ</wf>
		<wf pos="NN">اِنسان</wf>
		<wf pos="VAUX">چھے</wf>
		<wf pos="NN">سَماجس</wf>
		<wf pos="RB">پٔز</wf>
		<wf pos="NN" sense_id="3">وَتھ</wf>
		<wf pos="VM">ہاوَن</wf>
		<wf pos="PSP">وٲلۍ</wf>
		<wf pos="VM">آسان</wf>
		<wf pos="SYM">۔</wf>
	</sentence>
	<sentence s_id="42">
		<wf pos="NN">بَدلاو</wf>
		<wf pos="NN">اَنَن</wf>
		<wf pos="PSP">وٲلی</wf>
		<wf pos="VAUX">چھہِ</wf>
		<wf pos="JJ">سَیٲسی</wf>
		<wf pos="CC">یا</wf>
		<wf pos="JJ">سَمٲجی</wf>
		<wf pos="NN">بَدلاو</wf>
		<wf pos="VM">أنِتھ</wf>
		<wf pos="NN">سَماجَس</wf>
		<wf pos="QC">اَکھ</wf>
		<wf pos="JJ">نٔو</wf>
		<wf pos="NN" sense_id="3">وَتھ</wf>
		<wf pos="VM">ہاوان</wf>
		<wf pos="SYM">۔</wf>
	</sentence>
	<sentence s_id="43">
		<wf pos="PRP">سُہ</wf>
		<wf pos="VAUX">چُھ</wf>
		<wf pos="JJ">پَریشان</wf>
		<wf pos="NN">نَفرَن</wf>
		<wf pos="NN" sense_id="3">وَتھ</wf>
		<wf pos="VM">ہاوان</wf>
		<wf pos="SYM">۔</wf>
	</sentence>
	<sentence s_id="44">
		<wf pos="JJ">انپڑ</wf>
		<wf pos="NN">نَفرَس</wf>
		<wf pos="VAUX">چُھ</wf>
		<wf pos="JJ">رِژ</wf>
		<wf pos="NN" sense_id="3">وَتھ</wf>
		<wf pos="VM">ژھٲنٛڑنَس</wf>
		<wf pos="PSP">منٛز</wf>
		<wf pos="NN">پریشٲنی</wf>
		<wf pos="VM">گَژھآن</wf>
		<wf pos="SYM">۔</wf>
	</sentence>
	<sentence s_id="45">
		<wf pos="DEM">یہٕ</wf>
		<wf pos="NN" sense_id="1">وَتھ</wf>
		<wf pos="VAUX">چھےٚ</wf>
		<wf pos="RB">واریاہ</wf>
		<wf pos="JJ">کٔھج</wf>
		<wf pos="SYM">۔</wf>
	</sentence>
	<sentence s_id="46">
		<wf pos="NN">أکِس</wf>
		<wf pos="JJ">اَصٕل</wf>
		<wf pos="NN" sense_id="3">وَتھ</wf>
		<wf pos="VM">ہاوَن</wf>
		<wf pos="PSP">وٲلۍ</wf>
		<wf pos="PSP">سٕنٛدِس</wf>
		<wf pos="NN">صَدارتَس</wf>
		<wf pos="PSP">منٛز</wf>
		<wf pos="VM">پٔکۍ</wf>
		<wf pos="PRP">أس</wf>
		<wf pos="RB">برٛونٛہہ</wf>
		<wf pos="SYM">۔</wf>
	</sentence>
	<sentence s_id="47">
		<wf pos="NN">پرٛوفیسر</wf>
		<wf pos="VAUX">ہٮ۪کہٕ</wf>
		<wf pos="NN">نَوجَوانَن</wf>
		<wf pos="JJ">اَصٕل</wf>
		<wf pos="NN" sense_id="3">وَتھ</wf>
		<wf pos="VM">ہٲوِتھ</wf>
		<wf pos="SYM">۔</wf>
	</sentence>
	<sentence s_id="48">
		<wf pos="PRP">سُہ</wf>
		<wf pos="VAUX">چُھ</wf>
		<wf pos="NN">لُکَن</wf>
		<wf pos="NN" sense_id="3">وَتھ</wf>
		<wf pos="VM">ڈالان</wf>
		<wf pos="SYM">۔</wf>
	</sentence>
	<sentence s_id="49">
		<wf pos="NN">ڈاکٕوو</wf>
		<wf pos="VAUX">ٲس</wf>
		<wf pos="NN" sense_id="1">وَتھ</wf>
		<wf pos="VM">رٔٹِتھ</wf>
		<wf pos="PSP">تھٲومٕژ</wf>
		<wf pos="SYM">۔</wf>
	</sentence>
	<sentence s_id="50">
		<wf pos="NN">پہاڑَن</wf>
		<wf pos="PSP">ہٕنٛز</wf>
		<wf pos="NN" sense_id="1">وَتھ</wf>
		<wf pos="VAUX">چھِ</wf>
		<wf pos="RB">واریاہ</wf>
		<wf pos="JJ">موٚڈ</wf>
		<wf pos="POW">دار</wf>
		<wf pos="VM">آسان</wf>
		<wf pos="SYM">۔</wf>
	</sentence>
	<sentence s_id="51">
		<wf pos="NN">سڑکِہ</wf>
		<wf pos="NN">کِنارَس</wf>
		<wf pos="PSP">پٮ۪ٹھ</wf>
		<wf pos="VAUX">چھِ</wf>
		<wf pos="NN" sense_id="1">وَتھ</wf>
		<wf pos="VM">ہاونہٕ</wf>
		<wf pos="PSP">خٲطرٕ</wf>
		<wf pos="NN">اِشارٕ</wf>
		<wf pos="POW">دِوُن</wf>
		<wf pos="VM">بنٲیِتھ</wf>
		<wf pos="SYM">۔</wf>
	</sentence>
	<sentence s_id="52">
		<wf pos="JJ">نٔوِس</wf>
		<wf pos="NN">شہرَس</wf>
		<wf pos="PSP">منٛز</wf>
		<wf pos="VM">رٲو</wf>
		<wf pos="PRP">تَس</wf>
		<wf pos="NN" sense_id="1">وَتھ</wf>
		<wf pos="CC">تہٕ</wf>
		<wf pos="VM">ووت</wf>
		<wf pos="NN">سِٹیشَن</wf>
		<wf pos="SYM">۔</wf>
	</sentence>
	<sentence s_id="53">
		<wf pos="NN">شہرَس</wf>
		<wf pos="PSP">منٛز</wf>
		<wf pos="VM">یِتھ</wf>
		<wf pos="VM">رٲو</wf>
		<wf pos="PRP">تَس</wf>
		<wf pos="NN" sense_id="3">وَتھ</wf>
		<wf pos="CC">تہٕ</wf>
		<wf pos="VM">لٲجٕنۍ</wf>
		<wf pos="NN">ژوٗر</wf>
		<wf pos="VM">کَرٕنۍ</wf>
		<wf pos="SYM">۔</wf>
	</sentence>
	<sentence s_id="54">
		<wf pos="PRP">اَسہِ</wf>
		<wf pos="VAUX">پَزِ</wf>
		<wf pos="DEM">یَمہِ</wf>
		<wf pos="NN">گۄناہگٲری</wf>
		<wf pos="PSP">نِش</wf>
		<wf pos="VM">بَچٕتھ</wf>
		<wf pos="JJ">اَصٕل</wf>
		<wf pos="NN" sense_id="3">وَتھ</wf>
		<wf pos="VM">ژھانٛڑٕنۍ</wf>
		<wf pos="SYM">۔</wf>
	</sentence>
	<sentence s_id="55">
		<wf pos="JJ">گۄناہ</wf>
		<wf pos="POW">گار</wf>
		<wf pos="NN">اِنسانَس</wf>
		<wf pos="VAUX">پَزٕ</wf>
		<wf pos="NN">اَصلٕچ</wf>
		<wf pos="NN" sense_id="3">وَتھ</wf>
		<wf pos="VM">ہاوٕنۍ</wf>
		<wf pos="SYM">۔</wf>
	</sentence>
	<sentence s_id="56">
		<wf pos="PRP">تِمَن</wf>
		<wf pos="PSP">ہٕنٛز</wf>
		<wf pos="DEM">یہِ</wf>
		<wf pos="NN" sense_id="2">وَتھ</wf>
		<wf pos="VAUX">ہٮ۪کہِ</wf>
		<wf pos="JJ">زٲتی</wf>
		<wf pos="NN">مُرَوَتھ</wf>
		<wf pos="PSP">خٲطرٕ</wf>
		<wf pos="NN">مَدَدگار</wf>
		<wf pos="VM">ٲسِتھ</wf>
		<wf pos="SYM">۔</wf>
	</sentence>
	<sentence s_id="57">
		<wf pos="PRP">تٔمۍ</wf>
		<wf pos="VM">کٔر</wf>
		<wf pos="PRP">مےٚ</wf>
		<wf pos="NN">ٹینہِ</wf>
		<wf pos="VAUX">سۭتۍ</wf>
		<wf pos="NN" sense_id="1">وَتھ</wf>
		<wf pos="JJ">بَنٛد</wf>
		<wf pos="SYM">۔</wf>
	</sentence>
	<sentence s_id="58">
		<wf pos="PRP">سہُ</wf>
		<wf pos="VAUX">چُھ</wf>
		<wf pos="DEM">یَتھ</wf>
		<wf pos="NN">مُشکِلَس</wf>
		<wf pos="NN" sense_id="2">وَتھ</wf>
		<wf pos="VM">ژھانٛڑان</wf>
		<wf pos="SYM">۔</wf>
	</sentence>
	<sentence s_id="59">
		<wf pos="DEM">یہٕ</wf>
		<wf pos="NN" sense_id="1">وَتھ</wf>
		<wf pos="VAUX">چھےٚ</wf>
		<wf pos="NN">دٔریابَس</wf>
		<wf pos="RB">اَپارِ</wf>
		<wf pos="POW">یَپور</wf>
		<wf pos="VM">تَران</wf>
		<wf pos="SYM">۔</wf>
	</sentence>
	<sentence s_id="60">
		<wf pos="PRP">کانٛہہ</wf>
		<wf pos="RP">تہِ</wf>
		<wf pos="NN">کٲم</wf>
		<wf pos="VM">کرنس</wf>
		<wf pos="VAUX">گَژھِ</wf>
		<wf pos="JJ">آسان</wf>
		<wf pos="NN" sense_id="2">وَتھ</wf>
		<wf pos="VM">ژھانٛڑنۍ</wf>
		<wf pos="SYM">۔</wf>
	</sentence>
	<sentence s_id="61">
		<wf pos="DEM">ییٚمہِ</wf>
		<wf pos="NN">کامہِ</wf>
		<wf pos="PSP">ہٕنٛزِ</wf>
		<wf pos="DEM">کانٛہہ</wf>
		<wf pos="NN" sense_id="2">وَتھ</wf>
		<wf pos="VM">آےٚ</wf>
		<wf pos="NEG">نہِ</wf>
		<wf pos="PRP">مےٚ</wf>
		<wf pos="JJ">پَسَنٛد</wf>
		<wf pos="SYM">۔</wf>
	</sentence>
	<sentence s_id="62">
		<wf pos="PRP">اَسہِ</wf>
		<wf pos="PSP">نِش</wf>
		<wf pos="NEG">چَھنہٕ</wf>
		<wf pos="RB">وُنۍ</wf>
		<wf pos="PSP">کٮ۪س</wf>
		<wf pos="PRP">کانٛہہ</wf>
		<wf pos="NN" sense_id="2">وَتھ</wf>
		<wf pos="SYM">۔</wf>
	</sentence>
	<sentence s_id="63">
		<wf pos="DEM">یہِ</wf>
		<wf pos="NN" sense_id="1">وَتھ</wf>
		<wf pos="WQ">کوٚت</wf>
		<wf pos="VAUX">چھےٚ</wf>
		<wf pos="VM">گَژھان؟</wf>
		<wf pos="SYM">۔</wf>
	</sentence>
	<sentence s_id="64">
		<wf pos="NNP">پُلیٖسن</wf>
		<wf pos="VAUX">آسہٕ</wf>
		<wf pos="RB">نٮ۪بَر</wf>
		<wf pos="VM">نیرنٕچہِ</wf>
		<wf pos="NN" sense_id="1">وَتھ</wf>
		<wf pos="JJ">بَنٛد</wf>
		<wf pos="VM">کرمژٕ</wf>
		<wf pos="SYM">۔</wf>
	</sentence>
	<sentence s_id="65">
		<wf pos="DEM">یہِ</wf>
		<wf pos="VAUX">چُھ</wf>
		<wf pos="PRP">سانہِ</wf>
		<wf pos="NN">گامٕچ</wf>
		<wf pos="JJ">اَصلی</wf>
		<wf pos="NN" sense_id="1">وَتھ</wf>
		<wf pos="SYM">۔</wf>
	</sentence>
	<sentence s_id="66">
		<wf pos="DEM">یہِ</wf>
		<wf pos="NN" sense_id="1">وَتھ</wf>
		<wf pos="VAUX">چھےٚ</wf>
		<wf pos="JJ">تَنٛگ</wf>
		<wf pos="SYM">۔</wf>
	</sentence>
	<sentence s_id="67">
		<wf pos="PRP">کُنٛتہِ</wf>
		<wf pos="NN">کٲم</wf>
		<wf pos="VM">کَرٕنہِ</wf>
		<wf pos="PSP">خٲطرٕ</wf>
		<wf pos="VAUX">گَژھِ</wf>
		<wf pos="JJ">صحیٖح</wf>
		<wf pos="NN" sense_id="3">وَتھ</wf>
		<wf pos="VM">ژھانٛڑنۍ</wf>
		<wf pos="SYM">۔</wf>
	</sentence>
	<sentence s_id="68">
		<wf pos="NN">بچن</wf>
		<wf pos="JJ">صحیٖح</wf>
		<wf pos="NN" sense_id="2">وَتھ</wf>
		<wf pos="VM">ہاوٕنۍ</wf>
		<wf pos="VAUX">چُھ</wf>
		<wf pos="RB">واریاہ</wf>
		<wf pos="JJ">ضروٗری</wf>
		<wf pos="SYM">۔</wf>
	</sentence>
	<sentence s_id="69">
		<wf pos="JJ">پس</wf>
		<wf pos="POW">پایہِ</wf>
		<wf pos="NN">زمیٖندار</wf>
		<wf pos="VAUX">چُھ</wf>
		<wf pos="PRP">کُانہہ</wf>
		<wf pos="NN" sense_id="2">وَتھ</wf>
		<wf pos="JJ">زندٕ</wf>
		<wf pos="NN">روزنہِ</wf>
		<wf pos="PSP">خٲطرٕ</wf>
		<wf pos="VM">ژھانٛڑان</wf>
		<wf pos="SYM">۔</wf>
	</sentence>
	<sentence s_id="70">
		<wf pos="NN">اَگَر</wf>
		<wf pos="PSP">نہِ</wf>
		<wf pos="NN">مُشکِلات</wf>
		<wf pos="JJ">واضح</wf>
		<wf pos="VM">آسَن</wf>
		<wf pos="INTF">تیٖتِس</wf>
		<wf pos="NN">کالَس</wf>
		<wf pos="VM">نیرِ</wf>
		<wf pos="NEG">نہٕ</wf>
		<wf pos="PRP">تِمَن</wf>
		<wf pos="PRP">کانٛہہ</wf>
		<wf pos="NN" sense_id="2">وَتھ</wf>
		<wf pos="SYM">۔</wf>
	</sentence>
	<sentence s_id="71">
		<wf pos="NNP">کٔشیٖرِ</wf>
		<wf pos="PSP">ہٕنٛدِس</wf>
		<wf pos="NN">مِسلَس</wf>
		<wf pos="NN" sense_id="2">وَتھ</wf>
		<wf pos="VM">ژھانٛڈنہٕ</wf>
		<wf pos="PSP">خٲطرٕ</wf>
		<wf pos="VAUX">چُھ</wf>
		<wf pos="NNP">ہِنٛدۍ</wf>
		<wf pos="NNP">پاک</wf>
		<wf pos="NN">سَمجوتہٕ</wf>
		<wf pos="JJ">ضَروٗری</wf>
		<wf pos="SYM">۔</wf>
	</sentence>
	<sentence s_id="72">
		<wf pos="JJ">یِژھہٕ</wf>
		<wf pos="RB">مَشورٕ</wf>
		<wf pos="POW">روٚس</wf>
		<wf pos="NN">کَتھو</wf>
		<wf pos="PSP">سۭتۍ</wf>
		<wf pos="VM">ہٮ۪کنہٕ</wf>
		<wf pos="DEM">ییٚمہِ</wf>
		<wf pos="JJ">مُشکِل</wf>
		<wf pos="NN">مَسلُٕچ</wf>
		<wf pos="NN" sense_id="2">وَتھ</wf>
		<wf pos="VM">نیٖرِتھ</wf>
		<wf pos="SYM">۔</wf>
	</sentence>
	<sentence s_id="73">
		<wf pos="NNP">شام</wf>
		<wf pos="VAUX">چُھ</wf>
		<wf pos="JJ">معاشی</wf>
		<wf pos="NN">مَسلُن</wf>
		<wf pos="NN" sense_id="2">وَتھ</wf>
		<wf pos="VM">ژھانٛڑنَس</wf>
		<wf pos="PSP">مَںٛز</wf>
		<wf pos="PRP">تُہٕنٛز</wf>
		<wf pos="NN">مدّد</wf>
		<wf pos="VAUX">یَژھان</wf>
		<wf pos="SYM">۔</wf>
	</sentence>
	<sentence s_id="74">
		<wf pos="DEM">یتھ</wf>
		<wf pos="NN">مَسلس</wf>
		<wf pos="NN" sense_id="2">وَتھ</wf>
		<wf pos="VM">کَڑنہٕ</wf>
		<wf pos="PSP">خٲطرٕ</wf>
		<wf pos="VAUX">چھےٚ</wf>
		<wf pos="NN">کٔمیٖٹی</wf>
		<wf pos="VM">بَناونہٕ</wf>
		<wf pos="PSP">آمٕژ</wf>
		<wf pos="SYM">۔</wf>
	</sentence>
	<sentence s_id="75">
		<wf pos="JJ">گَریلوٗ</wf>
		<wf pos="NN">مَسلَن</wf>
		<wf pos="VAUX">پَزِ</wf>
		<wf pos="NN">گَرسٕے</wf>
		<wf pos="PSP">منٛز</wf>
		<wf pos="PRP">کانٛہہ</wf>
		<wf pos="NN" sense_id="2">وَتھ</wf>
		<wf pos="VM">کَڑنۍ</wf>
		<wf pos="SYM">۔</wf>
	</sentence>
	<sentence s_id="76">
		<wf pos="JJ">گَریلوٗ</wf>
		<wf pos="NN">مَسلَن</wf>
		<wf pos="NN" sense_id="2">وَتھ</wf>
		<wf pos="VM">کَڑنہِ</wf>
		<wf pos="PSP">خٲطرٕ</wf>
		<wf pos="VAUX">آو</wf>
		<wf pos="QC">اَکھ</wf>
		<wf pos="NN">سٮ۪مِنار</wf>
		<wf pos="NN">مُنَقد</wf>
		<wf pos="VM">کَرنہٕ</wf>
		<wf pos="SYM">۔</wf>
	</sentence>
	<sentence s_id="77">
		<wf pos="PRP">تُہۍ</wf>
		<wf pos="VM">ؤنِو</wf>
		<wf pos="PRP">پَنٕنۍ</wf>
		<wf pos="NN">پَریشٲنی</wf>
		<wf pos="NN">تیٚمیچ</wf>
		<wf pos="NN" sense_id="2">وَتھ</wf>
		<wf pos="VM">کَڑنہٕ</wf>
		<wf pos="PSP">خٲطرٕ</wf>
		<wf pos="NN">یِیہٕ</wf>
		<wf pos="NN">کوٗشِش</wf>
		<wf pos="VM">کَرنہٕ</wf>
		<wf pos="SYM">۔</wf>
	</sentence>
	<sentence s_id="78">
		<wf pos="PRP">سُہ</wf>
		<wf pos="VAUX">چُھ</wf>
		<wf pos="PRP">پَنٛنٮ۪ن</wf>
		<wf pos="NN">پَریشٲنِین</wf>
		<wf pos="NN" sense_id="2">وَتھ</wf>
		<wf pos="VM">ژھانٛڑنہٕ</wf>
		<wf pos="PSP">خٲطرٕ</wf>
		<wf pos="NN">أکِس</wf>
		<wf pos="JJ">اَصٕل</wf>
		<wf pos="NN">مَشوَردانَس</wf>
		<wf pos="PSP">نِش</wf>
		<wf pos="NN">صَلاح</wf>
		<wf pos="RDP">مَشورٕ</wf>
		<wf pos="VM">کَران</wf>
		<wf pos="SYM">۔</wf>
	</sentence>
	<sentence s_id="79">
		<wf pos="JJ">ہَٹدَرمی</wf>
		<wf pos="PSP">سۭتۍ</wf>
		<wf pos="VAUX">چُھ</wf>
		<wf pos="NEG">نہٕ</wf>
		<wf pos="PRP">کانٛہہ</wf>
		<wf pos="NN" sense_id="2">وَتھ</wf>
		<wf pos="VM">نیران</wf>
		<wf pos="SYM">۔</wf>
	</sentence>
	<sentence s_id="80">
		<wf pos="JJ">سِتَم</wf>
		<wf pos="POW">زَد</wf>
		<wf pos="NN">قومٕکۍ</wf>
		<wf pos="NN">مَسلٕچ</wf>
		<wf pos="VAUX">چھہٕ</wf>
		<wf pos="RB">وٕنہِ</wf>
		<wf pos="PRP">کانٛہہ</wf>
		<wf pos="NN" sense_id="2">وَتھ</wf>
		<wf pos="VM">کَڑنٔے</wf>
		<wf pos="SYM">۔</wf>
	</sentence>
	<sentence s_id="81">
		<wf pos="NN">پریشٲنی</wf>
		<wf pos="PSP">ہٕنٛدِس</wf>
		<wf pos="NN">وجہَس</wf>
		<wf pos="PSP">پٮ۪ٹھ</wf>
		<wf pos="NN">دیان</wf>
		<wf pos="VM">دِتھ</wf>
		<wf pos="VM">ژھٲنٛڈِو</wf>
		<wf pos="NN">اَمیچ</wf>
		<wf pos="NN" sense_id="2">وَتھ</wf>
		<wf pos="SYM">۔</wf>
	</sentence>
	<sentence s_id="82">
		<wf pos="DEM">سٲری</wf>
		<wf pos="JJ">افریٖکاہٕکۍ</wf>
		<wf pos="NN">مٕلٕک</wf>
		<wf pos="VAUX">چھِ</wf>
		<wf pos="NNP">بوتسوانٲی</wf>
		<wf pos="PSP">یِکۍ</wf>
		<wf pos="NN">مَسلچٕ</wf>
		<wf pos="NN" sense_id="2">وَتھ</wf>
		<wf pos="VM">ژھٲنٛڈِنَس</wf>
		<wf pos="PSP">منٛز</wf>
		<wf pos="VM">لٔگۍمٕتۍ</wf>
		<wf pos="SYM">۔</wf>
	</sentence>
	<sentence s_id="83">
		<wf pos="NNP">نَواب</wf>
		<wf pos="VAUX">اوس</wf>
		<wf pos="RB">دۄدِش</wf>
		<wf pos="NN">راتھ</wf>
		<wf pos="PSP">کُیتھ</wf>
		<wf pos="JJ">چور</wf>
		<wf pos="NN">مَحَل</wf>
		<wf pos="VM">گَژھنہٕ</wf>
		<wf pos="PSP">خٲطرٕ</wf>
		<wf pos="NN" sense_id="1">وَتھ</wf>
		<wf pos="VM">ژھانٛڑان</wf>
		<wf pos="SYM">۔</wf>
	</sentence>
	<sentence s_id="84">
		<wf pos="DEM">یہِ</wf>
		<wf pos="NN" sense_id="1">وَتھ</wf>
		<wf pos="VAUX">چُھ</wf>
		<wf pos="NN">بَس</wf>
		<wf pos="NN">اڈس</wf>
		<wf pos="PSP">مںٛز</wf>
		<wf pos="VM">واتان</wf>
		<wf pos="SYM">۔</wf>
	</sentence>
	<sentence s_id="85">
		<wf pos="DEM">یہِ</wf>
		<wf pos="NN" sense_id="1">وَتھ</wf>
		<wf pos="VAUX">چھےٚ</wf>
		<wf pos="JJ">کٕچ</wf>
		<wf pos="SYM">۔</wf>
	</sentence>
	<sentence s_id="86">
		<wf pos="NN">تعلیٖمہِ</wf>
		<wf pos="VM">سۭتھ</wf>
		<wf pos="RDP">سۭتھ</wf>
		<wf pos="VAUX">پَزیٚو</wf>
		<wf pos="PRP">توہِہ</wf>
		<wf pos="NN">صنتہِ</wf>
		<wf pos="PSP">ہٕنٛزِ</wf>
		<wf pos="NN" sense_id="3">وَتھ</wf>
		<wf pos="RP">تہِ</wf>
		<wf pos="VM">رٹِن</wf>
		<wf pos="SYM">۔</wf>
	</sentence>
	<sentence s_id="87">
		<wf pos="VM">ژھٲنٛڑ</wf>
		<wf pos="NN" sense_id="1">وَتھ</wf>
		<wf pos="NN">کَمپاس</wf>
		<wf pos="PSP">سۭتۍ</wf>
		<wf pos="SYM">۔</wf>
	</sentence>
	<sentence s_id="88">
		<wf pos="VM">ژھٲنٛڑ</wf>
		<wf pos="NN" sense_id="1">وَتھ</wf>
		<wf pos="RB">جلدیٖ</wf>
		<wf pos="RDP">جلدیٖ</wf>
		<wf pos="SYM">۔</wf>
	</sentence>
</contextfile>