<?xml version="1.0" encoding="utf-8" ?>
<contextfile fileno="84" filename="ؤسِتھ">
	<sentence s_id="1">
		<wf pos="DEM">اَتھ</wf>
		<wf pos="NN">ووڑس</wf>
		<wf pos="SYM">س</wf>
		<wf pos="VAUX">چُھ</wf>
		<wf pos="NN">انسانن</wf>
		<wf pos="NN">زٮ۪نہٕ</wf>
		<wf pos="PSP">پٮ۪ٹھہٕ</wf>
		<wf pos="VM">مرنَس</wf>
		<wf pos="PSP">تام</wf>
		<wf pos="RB">تِتھٕ</wf>
		<wf pos="POW">پٲٹھۍ</wf>
		<wf pos="VM">باگنےکٔرمٕژ</wf>
		<wf pos="RB">یِتھہٕ</wf>
		<wf pos="POW">پٲٹھۍ</wf>
		<wf pos="DEM">یہِ</wf>
		<wf pos="PRP">پانہٕ</wf>
		<wf pos="NN">ہَنہ</wf>
		<wf pos="VM">ہَنہِ</wf>
		<wf pos="VM">پھانھلِتھ</wf>
		<wf pos="NN">اکِہ</wf>
		<wf pos="PSP">مٔنٛزۍ</wf>
		<wf pos="NN">لہٕ</wf>
		<wf pos="PSP">پٮ۪ٹھٕ</wf>
		<wf pos="PRP">بیٚیِس</wf>
		<wf pos="PSP">مٔنزۍ</wf>
		<wf pos="NN">لَس</wf>
		<wf pos="VM">واتان</wf>
		<wf pos="VAUX">چُھ</wf>
		<wf pos="NNC">شُرۍ</wf>
		<wf pos="NN">لٲزۍ</wf>
		<wf pos="PSP">پٮ۪ٹھہٕ</wf>
		<wf pos="VAUX">لۄکچارس،</wf>
		<wf pos="NN">لۄکچار</wf>
		<wf pos="PSP">پٮ۪ٹھہٕ</wf>
		<wf pos="NNP">جوٲنی،</wf>
		<wf pos="NN">جوٲنی</wf>
		<wf pos="PSP">پٮ۪ٹھہٕ</wf>
		<wf pos="JJ" sense_id="1">ؤسِتھ</wf>
		<wf pos="NN">سزنرس</wf>
		<wf pos="NN">شریٚپتھِ</wf>
		<wf pos="VM">میٚژِگژھان</wf>
		<wf pos="NN">میٚژ</wf>
		<wf pos="SYM">۔</wf>
	</sentence>
	<sentence s_id="2">
		<wf pos="PRP">یُس</wf>
		<wf pos="NEG">نہٕ</wf>
		<wf pos="NN">دوٚر</wf>
		<wf pos="VM">آسہِ</wf>
		<wf pos="CC">تہٕ</wf>
		<wf pos="PRP">بیٚیِہ</wf>
		<wf pos="NN">دَباوٕ</wf>
		<wf pos="PSP">سۭتۍ</wf>
		<wf pos="JJ" sense_id="2">ؤسِتھ</wf>
		<wf pos="NN">گَژھہِ:یہِ</wf>
		<wf pos="VAUX">چھِ</wf>
		<wf pos="JJ">نَرَم</wf>
		<wf pos="NN">اَمب</wf>
		<wf pos="SYM">۔</wf>
	</sentence>
	<sentence s_id="3">
		<wf pos="PRP">سۄ</wf>
		<wf pos="VAUX">چُھ</wf>
		<wf pos="JJ" sense_id="3">ؤسِتھ</wf>
		<wf pos="NN">خانٛدانَس</wf>
		<wf pos="PSP">منٛز</wf>
		<wf pos="VM">زامُت</wf>
		<wf pos="SYM">۔</wf>
	</sentence>
	<sentence s_id="4">
		<wf pos="PRP">سُہ</wf>
		<wf pos="VAUX">چُھ</wf>
		<wf pos="JJ" sense_id="3">ؤسِتھ</wf>
		<wf pos="NN">قٔبیٖلُک</wf>
		<wf pos="NN">نَفَر</wf>
		<wf pos="SYM">۔</wf>
	</sentence>
	<sentence s_id="5">
		<wf pos="NNP">رامبن</wf>
		<wf pos="PSP">نِشہِ</wf>
		<wf pos="VAUX">گٔیہِ</wf>
		<wf pos="NN">کھمبر</wf>
		<wf pos="JJ" sense_id="4">ؤسِتھ</wf>
		<wf pos="VM">یِنہٕ</wf>
		<wf pos="PSP">سۭتۍ</wf>
		<wf pos="NN">وتھ</wf>
		<wf pos="NN">بنٛد</wf>
		<wf pos="CC">تہٕ</wf>
		<wf pos="PRP">اسہِ</wf>
		<wf pos="VM">پیوٚو</wf>
		<wf pos="NN">راتس</wf>
		<wf pos="NN">ہوٹلس</wf>
		<wf pos="PSP">منٛز</wf>
		<wf pos="VM">رُکُن</wf>
		<wf pos="SYM">۔</wf>
	</sentence>
	<sentence s_id="6">
		<wf pos="JJ" sense_id="3">ؤسِتھ</wf>
		<wf pos="NN">زٲژ</wf>
		<wf pos="PSP">ہٕنٛزِ</wf>
		<wf pos="NN">کورِ</wf>
		<wf pos="PSP">سۭتۍ</wf>
		<wf pos="NN">خانٛدَر</wf>
		<wf pos="VM">کَرنہٕ</wf>
		<wf pos="RB">پَتہٕ</wf>
		<wf pos="VAUX">آو</wf>
		<wf pos="NNPC">مَنٛگَل</wf>
		<wf pos="NN">گَرِ</wf>
		<wf pos="VM">کٔڑِتھ</wf>
		<wf pos="VM">ژھٕننہٕ</wf>
		<wf pos="SYM">۔</wf>
	</sentence>
	<sentence s_id="7">
		<wf pos="NN">روٗدَس</wf>
		<wf pos="PSP">منٛز</wf>
		<wf pos="JJ" sense_id="4">ؤسِتھ</wf>
		<wf pos="VAUX">گٲمتِس</wf>
		<wf pos="NN">مَکانَس</wf>
		<wf pos="VM">پیٚیہِ</wf>
		<wf pos="JJ">نٔو</wf>
		<wf pos="NN">بُنیاد</wf>
		<wf pos="VM">کھالٕنۍ</wf>
		<wf pos="SYM">۔</wf>
	</sentence>
	<sentence s_id="8">
		<wf pos="NN">دٔریاب</wf>
		<wf pos="VAUX">چھِ</wf>
		<wf pos="NN">پَہاڑو</wf>
		<wf pos="PSP">پٮ۪ٹھ</wf>
		<wf pos="JJ" sense_id="1">ؤسِتھ</wf>
		<wf pos="NN">سوٚدرَس</wf>
		<wf pos="PSP">منٛز</wf>
		<wf pos="VM">مِلان</wf>
		<wf pos="SYM">۔</wf>
	</sentence>
	<sentence s_id="9">
		<wf pos="NN">بیٚہنہٕ</wf>
		<wf pos="PSP">سۭتۍ</wf>
		<wf pos="VAUX">چُھ</wf>
		<wf pos="DEM">یہِ</wf>
		<wf pos="NN">سوفہٕ</wf>
		<wf pos="INTF">واریاہ</wf>
		<wf pos="RB">بۄن</wf>
		<wf pos="JJ" sense_id="2">ؤسِتھ</wf>
		<wf pos="VM">گَژھان</wf>
		<wf pos="SYM">۔</wf>
	</sentence>
	<sentence s_id="10">
		<wf pos="NN">شیرَن</wf>
		<wf pos="PSP">ہٕنٛدِ</wf>
		<wf pos="NN">قۭمتُک</wf>
		<wf pos="RB">لگاتار</wf>
		<wf pos="JJ" sense_id="5">ؤسِتھ</wf>
		<wf pos="VM">گَژھنُک</wf>
		<wf pos="NN">وجہہ</wf>
		<wf pos="VAUX">چُھ</wf>
		<wf pos="NN">معلوٗم</wf>
		<wf pos="VM">کَرنہٕ</wf>
		<wf pos="VAUX">یوان</wf>
		<wf pos="SYM">۔</wf>
	</sentence>
	<sentence s_id="11">
		<wf pos="QC">دُہہ</wf>
		<wf pos="NN">کِس</wf>
		<wf pos="NN">وَقتَس</wf>
		<wf pos="PSP">منٛز</wf>
		<wf pos="JJ" sense_id="1">ؤسِتھ</wf>
		<wf pos="VM">یِنہٕ</wf>
		<wf pos="PSP">وول</wf>
		<wf pos="NN">تارُک</wf>
		<wf pos="SYM">۔</wf>
	</sentence>
	<sentence s_id="12">
		<wf pos="DEM">یُس</wf>
		<wf pos="JJ">معموٗلی</wf>
		<wf pos="NN">ژٲژِ</wf>
		<wf pos="PSP">ہُںٛد</wf>
		<wf pos="JJ">آسہِ:غریٖبی</wf>
		<wf pos="NN">مَںٛز</wf>
		<wf pos="VAUX">چھِ</wf>
		<wf pos="JJ" sense_id="1">ؤسِتھ</wf>
		<wf pos="VM">تۄملَسٕے</wf>
		<wf pos="NN">زَڑ</wf>
		<wf pos="VM">کَڑان</wf>
		<wf pos="SYM">۔</wf>
	</sentence>
	<sentence s_id="13">
		<wf pos="NN">زمیٖن</wf>
		<wf pos="VM">دَسنہٕ</wf>
		<wf pos="VM">یِنہٕ</wf>
		<wf pos="PSP">کہِ</wf>
		<wf pos="NN">وَجہہ</wf>
		<wf pos="VAUX">گٔیہِ</wf>
		<wf pos="NN">عمارَت</wf>
		<wf pos="JJ" sense_id="3">ؤسِتھ</wf>
		<wf pos="SYM">۔</wf>
	</sentence>
	<sentence s_id="14">
		<wf pos="JJ" sense_id="4">ؤسِتھ</wf>
		<wf pos="NN">موضوٗعَس</wf>
		<wf pos="PSP">پٮ۪ٹھ</wf>
		<wf pos="NEG">مہٕ</wf>
		<wf pos="VM">راورٲوِو</wf>
		<wf pos="PRP">پَنُن</wf>
		<wf pos="NN">وَق</wf>
		<wf pos="SYM">۔</wf>
	</sentence>
	<sentence s_id="15">
		<wf pos="JJ">بوٚڈ</wf>
		<wf pos="NN">ڈانٛچہِ</wf>
		<wf pos="DEM">یَتھ</wf>
		<wf pos="PSP">پٮ۪ٹھ</wf>
		<wf pos="VM">بِہِت</wf>
		<wf pos="JJ">کٲرۍگَر</wf>
		<wf pos="NN">کٲم</wf>
		<wf pos="VAUX">چھِ</wf>
		<wf pos="NN">کَران:خامہٕ</wf>
		<wf pos="PSP">پٮ۪ٹھٕ</wf>
		<wf pos="JJ" sense_id="5">ؤسِتھ</wf>
		<wf pos="NN">کَرِ</wf>
		<wf pos="NN">کٲرۍگَرَن</wf>
		<wf pos="RB">کَتھٕ</wf>
		<wf pos="SYM">۔</wf>
	</sentence>
	<sentence s_id="16">
		<wf pos="PRP">یُس</wf>
		<wf pos="JJ" sense_id="4">ؤسِتھ</wf>
		<wf pos="NN">خانٛدانَس</wf>
		<wf pos="PSP">منٛز</wf>
		<wf pos="VAUX">آسہِ</wf>
		<wf pos="VM">زامُت:ؤسِتھ</wf>
		<wf pos="NN">خانٛدانُک</wf>
		<wf pos="NN">شَخٕص</wf>
		<wf pos="NN">بَنیو</wf>
		<wf pos="VAUX">پَنٛنیو</wf>
		<wf pos="NN">عملو</wf>
		<wf pos="PSP">سۭتۍ</wf>
		<wf pos="JJ">تَھدِ</wf>
		<wf pos="NN">پایُک</wf>
		<wf pos="SYM">۔</wf>
	</sentence>
	<sentence s_id="17">
		<wf pos="PRP">یُس</wf>
		<wf pos="VM">ؤسِِتھ</wf>
		<wf pos="VAUX">آسہِ</wf>
		<wf pos="NN">آمُت:پَہاڑو</wf>
		<wf pos="PSP">پٮ۪ٹھٕ</wf>
		<wf pos="JJ" sense_id="3">ؤسِتھ</wf>
		<wf pos="NN">پَسیو</wf>
		<wf pos="PSP">سۭتۍ</wf>
		<wf pos="VAUX">گٔے</wf>
		<wf pos="DEM">یہِ</wf>
		<wf pos="JJ">پَپٲڑی</wf>
		<wf pos="NN">وَتھ</wf>
		<wf pos="JJ">بَنٛد</wf>
		<wf pos="SYM">۔</wf>
	</sentence>
	<sentence s_id="18">
		<wf pos="NN">تتہ</wf>
		<wf pos="NN">پادشاہ</wf>
		<wf pos="NEG">نے</wf>
		<wf pos="NN">گدا</wf>
		<wf pos="NN">زبان</wf>
		<wf pos="CC">و</wf>
		<wf pos="NN">بیانہٕ</wf>
		<wf pos="PSP">کٮ۪و</wf>
		<wf pos="PRP">کینژَو</wf>
		<wf pos="PSP">کھۅندٮ۪و</wf>
		<wf pos="RB">ورٲے</wf>
		<wf pos="VAUX">چھے</wf>
		<wf pos="NNP">کٲشِر</wf>
		<wf pos="NNPC">منطق</wf>
		<wf pos="NNP">الطیر</wf>
		<wf pos="PRP">سٲنۍ</wf>
		<wf pos="QC">اکھ</wf>
		<wf pos="JJ">ابتدٲیی</wf>
		<wf pos="NN">مثنوی</wf>
		<wf pos="VM">آسنہٕ</wf>
		<wf pos="PSP">باوجود</wf>
		<wf pos="CC">تہ</wf>
		<wf pos="NN">رَچھِ</wf>
		<wf pos="VM">کرنس</wf>
		<wf pos="PSP">لایق</wf>
		<wf pos="NN">ارزتھ،اَتھ</wf>
		<wf pos="VM">منزچھِ</wf>
		<wf pos="DEM">ییمہ</wf>
		<wf pos="NN">قسمٕکۍ</wf>
		<wf pos="VM">کٍتۍ</wf>
		<wf pos="NN">شعر</wf>
		<wf pos="RB">از</wf>
		<wf pos="PSP">تام</wf>
		<wf pos="JJ">بے</wf>
		<wf pos="NN">مثال</wf>
		<wf pos="VM">پھول</wf>
		<wf pos="VAUX">ٲسِتھ</wf>
		<wf pos="NN">ہیول</wf>
		<wf pos="VM">سپنکھ</wf>
		<wf pos="JJ">کھل</wf>
		<wf pos="VM">بنکھ</wf>
		<wf pos="NN">قطرٕکِس</wf>
		<wf pos="JJ">دٔرۍیاوٕسٕے</wf>
		<wf pos="NN">وٲصِل</wf>
		<wf pos="VM">بنکھ</wf>
		<wf pos="NN">حالہٕ</wf>
		<wf pos="RB">تَلے</wf>
		<wf pos="VM">روٗد</wf>
		<wf pos="RB">کتے</wf>
		<wf pos="NN">راتھ</wf>
		<wf pos="NN">دۅہ</wf>
		<wf pos="VM">کنہ</wf>
		<wf pos="NN">پھٔلۍ</wf>
		<wf pos="POW">سٕے</wf>
		<wf pos="PSP">پٮ۪ٹھ</wf>
		<wf pos="JJ" sense_id="1">ؤسِتھ</wf>
		<wf pos="PSP">زن</wf>
		<wf pos="VAUX">آو</wf>
		<wf pos="NN">کۅہ</wf>
		<wf pos="CC">اماپوز</wf>
		<wf pos="JJ">نۅم</wf>
		<wf pos="NN">شعر</wf>
		<wf pos="VAUX">چھِ</wf>
		<wf pos="CC">یاتہٕ</wf>
		<wf pos="JJ">بے</wf>
		<wf pos="NN">مانہ</wf>
		<wf pos="CC">،نتہٕ</wf>
		<wf pos="NN">ثقیل،</wf>
		<wf pos="VM">آے</wf>
		<wf pos="NN">سلیمان</wf>
		<wf pos="PSP">ہٮ۪تھ</wf>
		<wf pos="NNC">اَسہ</wf>
		<wf pos="NN">ماسٲرۍیے</wf>
		<wf pos="NNPC">سانہ</wf>
		<wf pos="VM">واتنٕچ</wf>
		<wf pos="DEM">تَتھ</wf>
		<wf pos="NN">تاں</wf>
		<wf pos="PRP">کینہہ</wf>
		<wf pos="NEG">چھنہٕ</wf>
		<wf pos="VAUX">سَے</wf>
		<wf pos="NN">مو</wf>
		<wf pos="CC">زِ</wf>
		<wf pos="NN">ضعیف</wf>
		<wf pos="VAUX">ٲسۍ</wf>
		<wf pos="NN">گٔمٕتۍدرچاہ</wf>
		<wf pos="VAUX">چھِ</wf>
		<wf pos="VM">بند</wf>
		<wf pos="RB">کتہ</wf>
		<wf pos="NN">طاقت</wf>
		<wf pos="PRP">أسۍ</wf>
		<wf pos="VM">اَنو</wf>
		<wf pos="NNPC">با</wf>
		<wf pos="NNPC">آں</wf>
		<wf pos="NNPC">بُلند</wf>
		<wf pos="NNPC">قصہ</wf>
		<wf pos="NNPC">با</wf>
		<wf pos="NNP">القصہ</wf>
		<wf pos="PSP">ؤلۍ</wf>
		<wf pos="QF">ؤلۍ</wf>
		<wf pos="RDP">ژے</wf>
		<wf pos="VM">أنِتھ</wf>
		<wf pos="NN">خۅش</wf>
		<wf pos="NN">خبر</wf>
		<wf pos="RP">حضرت</wf>
		<wf pos="NN">سُلیمانس</wf>
		<wf pos="NN">دِژٕتھ</wf>
		<wf pos="NNPC">محمود</wf>
		<wf pos="NNP">گٲمی</wf>
		<wf pos="NEG">چھُنہٕ</wf>
		<wf pos="JJ">صوٗفی</wf>
		<wf pos="NN">شٲعرن</wf>
		<wf pos="PSP">ہٕنز</wf>
		<wf pos="NN">گیجہ</wf>
		<wf pos="VM">گنڈنہٕ</wf>
		<wf pos="VAUX">آمُت</wf>
		<wf pos="CC">اماپوز</wf>
		<wf pos="NNP">تسٕنزن</wf>
		<wf pos="NN">کینژَن</wf>
		<wf pos="NN">مثنوی</wf>
		<wf pos="POW">ین</wf>
		<wf pos="PSP">ہٕندۍ</wf>
		<wf pos="NN">موضوع</wf>
		<wf pos="VAUX">چھِ</wf>
		<wf pos="JJ">خٲلِص</wf>
		<wf pos="JJ">صوٗفی</wf>
		<wf pos="NN">فلسفس</wf>
		<wf pos="VM">سٍتۍ</wf>
		<wf pos="NN">واٹھ</wf>
		<wf pos="VM">تھاوان</wf>
		<wf pos="NN">مثالے</wf>
		<wf pos="NNPC">پۂلۍ</wf>
		<wf pos="NNP">نامہٕ</wf>
		<wf pos="NNP">،منصوٗر</wf>
		<wf pos="NNP">نامہٕ</wf>
		<wf pos="NN">بیترِ</wf>
		<wf pos="NN">منصوٗرنامہٕ</wf>
		<wf pos="VAUX">چھُ</wf>
		<wf pos="NN">محمودس</wf>
		<wf pos="SYM">۔</wf>
	</sentence>
	<sentence s_id="19">
		<wf pos="NN">فقروفنا</wf>
		<wf pos="NN">اتہ</wf>
		<wf pos="NN">کتیو</wf>
		<wf pos="NN">ویژِ</wf>
		<wf pos="VM">ونُن</wf>
		<wf pos="RB">چوں</wf>
		<wf pos="CC">و</wf>
		<wf pos="RB">چرا</wf>
		<wf pos="NNC">عالمِ</wf>
		<wf pos="NN">امثالٕکۍ</wf>
		<wf pos="NN">احباب</wf>
		<wf pos="DEM">یِم</wf>
		<wf pos="NN">حکمتھاہ</wf>
		<wf pos="NN">تصویر</wf>
		<wf pos="VM">چھی</wf>
		<wf pos="NN">برآب</wf>
		<wf pos="PRP">تِم</wf>
		<wf pos="NEG">نے</wf>
		<wf pos="JJ">ویژی</wf>
		<wf pos="NN">تتہ</wf>
		<wf pos="NN">بندٕ</wf>
		<wf pos="VM">ونُن</wf>
		<wf pos="NEG">نے</wf>
		<wf pos="NNP">خدا</wf>
		<wf pos="NEG">نے</wf>
		<wf pos="JJ">ویژی</wf>
		<wf pos="NN">تتہ</wf>
		<wf pos="NN">پادشاہ</wf>
		<wf pos="NEG">نے</wf>
		<wf pos="NN">گدا</wf>
		<wf pos="NN">زبان</wf>
		<wf pos="CC">و</wf>
		<wf pos="NN">بیانہٕ</wf>
		<wf pos="PSP">کٮ۪و</wf>
		<wf pos="PRP">کینژَو</wf>
		<wf pos="PSP">کھۅندٮ۪و</wf>
		<wf pos="RB">ورٲے</wf>
		<wf pos="VAUX">چھے</wf>
		<wf pos="NNP">کٲشِر</wf>
		<wf pos="NNPC">منطق</wf>
		<wf pos="NNP">الطیر</wf>
		<wf pos="PRP">سٲنۍ</wf>
		<wf pos="QC">اکھ</wf>
		<wf pos="JJ">ابتدٲیی</wf>
		<wf pos="NN">مثنوی</wf>
		<wf pos="VM">آسنہٕ</wf>
		<wf pos="PSP">باوجود</wf>
		<wf pos="CC">تہ</wf>
		<wf pos="NN">رَچھِ</wf>
		<wf pos="VM">کرنس</wf>
		<wf pos="PSP">لایق</wf>
		<wf pos="NN">ارزتھ،اَتھ</wf>
		<wf pos="VM">منزچھِ</wf>
		<wf pos="DEM">ییمہ</wf>
		<wf pos="NN">قسمٕکۍ</wf>
		<wf pos="VM">کٍتۍ</wf>
		<wf pos="NN">شعر</wf>
		<wf pos="RB">از</wf>
		<wf pos="PSP">تام</wf>
		<wf pos="JJ">بے</wf>
		<wf pos="NN">مثال</wf>
		<wf pos="VM">پھول</wf>
		<wf pos="VAUX">ٲسِتھ</wf>
		<wf pos="NN">ہیول</wf>
		<wf pos="VM">سپنکھ</wf>
		<wf pos="JJ">کھل</wf>
		<wf pos="VM">بنکھ</wf>
		<wf pos="NN">قطرٕکِس</wf>
		<wf pos="JJ">دٔرۍیاوٕسٕے</wf>
		<wf pos="NN">وٲصِل</wf>
		<wf pos="VM">بنکھ</wf>
		<wf pos="NN">حالہٕ</wf>
		<wf pos="RB">تَلے</wf>
		<wf pos="VM">روٗد</wf>
		<wf pos="RB">کتے</wf>
		<wf pos="NN">راتھ</wf>
		<wf pos="NN">دۅہ</wf>
		<wf pos="VM">کنہ</wf>
		<wf pos="NN">پھٔلۍ</wf>
		<wf pos="POW">سٕے</wf>
		<wf pos="PSP">پٮ۪ٹھ</wf>
		<wf pos="JJ" sense_id="1">ؤسِتھ</wf>
		<wf pos="PSP">زن</wf>
		<wf pos="VAUX">آو</wf>
		<wf pos="NN">کۅہ</wf>
		<wf pos="CC">اماپوز</wf>
		<wf pos="JJ">نۅم</wf>
		<wf pos="NN">شعر</wf>
		<wf pos="VAUX">چھِ</wf>
		<wf pos="CC">یاتہٕ</wf>
		<wf pos="JJ">بے</wf>
		<wf pos="NNPC">مانہ</wf>
		<wf pos="NNPC">،نتہٕ</wf>
		<wf pos="NNP">ثقیل</wf>
		<wf pos="VM">آے</wf>
		<wf pos="NN">سلیمان</wf>
		<wf pos="PSP">ہٮ۪تھ</wf>
		<wf pos="NNC">اَسہ</wf>
		<wf pos="NN">ماسٲرۍیے</wf>
		<wf pos="NNPC">سانہ</wf>
		<wf pos="VM">واتنٕچ</wf>
		<wf pos="DEM">تَتھ</wf>
		<wf pos="NN">تاں</wf>
		<wf pos="PRP">کینہہ</wf>
		<wf pos="NEG">چھنہٕ</wf>
		<wf pos="VAUX">سَے</wf>
		<wf pos="NN">مو</wf>
		<wf pos="CC">زِ</wf>
		<wf pos="NN">ضعیف</wf>
		<wf pos="VAUX">ٲسۍ</wf>
		<wf pos="NN">گٔمٕتۍدرچاہ</wf>
		<wf pos="VAUX">چھِ</wf>
		<wf pos="VM">بند</wf>
		<wf pos="RB">کتہ</wf>
		<wf pos="NN">طاقت</wf>
		<wf pos="PRP">أسۍ</wf>
		<wf pos="VM">اَنو</wf>
		<wf pos="NNPC">با</wf>
		<wf pos="NNPC">آں</wf>
		<wf pos="NNPC">بُلند</wf>
		<wf pos="NNPC">قصہ</wf>
		<wf pos="NNPC">با</wf>
		<wf pos="NNP">القصہ</wf>
		<wf pos="PSP">ؤلۍ</wf>
		<wf pos="QF">ؤلۍ</wf>
		<wf pos="RDP">ژے</wf>
		<wf pos="VM">أنِتھ</wf>
		<wf pos="NN">خۅش</wf>
		<wf pos="NN">خبر</wf>
		<wf pos="RP">حضرت</wf>
		<wf pos="NN">سُلیمانس</wf>
		<wf pos="NN">دِژٕتھ</wf>
		<wf pos="NNPC">محمود</wf>
		<wf pos="NNP">گٲمی</wf>
		<wf pos="NEG">چھُنہٕ</wf>
		<wf pos="JJ">صوٗفی</wf>
		<wf pos="NN">شٲعرن</wf>
		<wf pos="PSP">ہٕنز</wf>
		<wf pos="NN">گیجہ</wf>
		<wf pos="VM">گنڈنہٕ</wf>
		<wf pos="VAUX">آمُت</wf>
		<wf pos="CC">اماپوز</wf>
		<wf pos="NNP">تسٕنزن</wf>
		<wf pos="NN">کینژَن</wf>
		<wf pos="NN">مثنوی</wf>
		<wf pos="POW">ین</wf>
		<wf pos="PSP">ہٕندۍ</wf>
		<wf pos="NN">موضوع</wf>
		<wf pos="VAUX">چھِ</wf>
		<wf pos="JJ">خٲلِص</wf>
		<wf pos="JJ">صوٗفی</wf>
		<wf pos="NN">فلسفس</wf>
		<wf pos="VM">سٍتۍ</wf>
		<wf pos="NN">واٹھ</wf>
		<wf pos="VM">تھاوان</wf>
		<wf pos="NN">مثالے</wf>
		<wf pos="NNPC">پۂلۍ</wf>
		<wf pos="NNP">نامہٕ</wf>
		<wf pos="NNP">،منصوٗر</wf>
		<wf pos="NNP">نامہٕ</wf>
		<wf pos="NN">بیترِ</wf>
		<wf pos="NN">منصوٗرنامہٕ</wf>
		<wf pos="VAUX">چھُ</wf>
		<wf pos="NN">محمودس</wf>
		<wf pos="SYM">۔</wf>
	</sentence>
	<sentence s_id="20">
		<wf pos="NN">فقروفنا</wf>
		<wf pos="NN">اتہ</wf>
		<wf pos="NN">کتیو</wf>
		<wf pos="NN">ویژِ</wf>
		<wf pos="VM">ونُن</wf>
		<wf pos="RB">چوں</wf>
		<wf pos="CC">و</wf>
		<wf pos="RB">چرا</wf>
		<wf pos="NNC">عالمِ</wf>
		<wf pos="NN">امثالٕکۍ</wf>
		<wf pos="NN">احباب</wf>
		<wf pos="DEM">یِم</wf>
		<wf pos="NN">حکمتھاہ</wf>
		<wf pos="NN">تصویر</wf>
		<wf pos="VM">چھی</wf>
		<wf pos="NN">برآب</wf>
		<wf pos="PRP">تِم</wf>
		<wf pos="NEG">نے</wf>
		<wf pos="JJ">ویژی</wf>
		<wf pos="NN">تتہ</wf>
		<wf pos="NN">بندٕ</wf>
		<wf pos="VM">ونُن</wf>
		<wf pos="NEG">نے</wf>
		<wf pos="NNP">خدا</wf>
		<wf pos="NEG">نے</wf>
		<wf pos="JJ">ویژی</wf>
		<wf pos="NN">تتہ</wf>
		<wf pos="NN">پادشاہ</wf>
		<wf pos="NEG">نے</wf>
		<wf pos="NN">گدا</wf>
		<wf pos="NN">زبان</wf>
		<wf pos="CC">و</wf>
		<wf pos="NN">بیانہٕ</wf>
		<wf pos="PSP">کٮ۪و</wf>
		<wf pos="PRP">کینژَو</wf>
		<wf pos="PSP">کھۅندٮ۪و</wf>
		<wf pos="RB">ورٲے</wf>
		<wf pos="VAUX">چھے</wf>
		<wf pos="NNP">کٲشِر</wf>
		<wf pos="NNPC">منطق</wf>
		<wf pos="NNP">الطیر</wf>
		<wf pos="PRP">سٲنۍ</wf>
		<wf pos="QC">اکھ</wf>
		<wf pos="JJ">ابتدٲیی</wf>
		<wf pos="NN">مثنوی</wf>
		<wf pos="VM">آسنہٕ</wf>
		<wf pos="PSP">باوجود</wf>
		<wf pos="CC">تہ</wf>
		<wf pos="NN">رَچھِ</wf>
		<wf pos="VM">کرنس</wf>
		<wf pos="PSP">لایق</wf>
		<wf pos="NN">ارزتھ،اَتھ</wf>
		<wf pos="VM">منزچھِ</wf>
		<wf pos="DEM">ییمہ</wf>
		<wf pos="NN">قسمٕکۍ</wf>
		<wf pos="VM">کٍتۍ</wf>
		<wf pos="NN">شعر</wf>
		<wf pos="RB">از</wf>
		<wf pos="PSP">تام</wf>
		<wf pos="JJ">بے</wf>
		<wf pos="NN">مثال</wf>
		<wf pos="VM">پھول</wf>
		<wf pos="VAUX">ٲسِتھ</wf>
		<wf pos="NN">ہیول</wf>
		<wf pos="VM">سپنکھ</wf>
		<wf pos="JJ">کھل</wf>
		<wf pos="VM">بنکھ</wf>
		<wf pos="NN">قطرٕکِس</wf>
		<wf pos="JJ">دٔرۍیاوٕسٕے</wf>
		<wf pos="NN">وٲصِل</wf>
		<wf pos="VM">بنکھ</wf>
		<wf pos="NN">حالہٕ</wf>
		<wf pos="RB">تَلے</wf>
		<wf pos="VM">روٗد</wf>
		<wf pos="RB">کتے</wf>
		<wf pos="NN">راتھ</wf>
		<wf pos="NN">دۅہ</wf>
		<wf pos="VM">کنہ</wf>
		<wf pos="NN">پھٔلۍ</wf>
		<wf pos="POW">سٕے</wf>
		<wf pos="PSP">پٮ۪ٹھ</wf>
		<wf pos="JJ" sense_id="1">ؤسِتھ</wf>
		<wf pos="PSP">زن</wf>
		<wf pos="VAUX">آو</wf>
		<wf pos="NN">کۅہ</wf>
		<wf pos="CC">اماپوز</wf>
		<wf pos="JJ">نۅم</wf>
		<wf pos="NN">شعر</wf>
		<wf pos="VAUX">چھِ</wf>
		<wf pos="CC">یاتہٕ</wf>
		<wf pos="JJ">بے</wf>
		<wf pos="NNPC">مانہ</wf>
		<wf pos="NNPC">،نتہٕ</wf>
		<wf pos="NNP">ثقیل</wf>
		<wf pos="VM">آے</wf>
		<wf pos="NN">سلیمان</wf>
		<wf pos="PSP">ہٮ۪تھ</wf>
		<wf pos="NNC">اَسہ</wf>
		<wf pos="NN">ماسٲرۍیے</wf>
		<wf pos="NNPC">سانہ</wf>
		<wf pos="VM">واتنٕچ</wf>
		<wf pos="DEM">تَتھ</wf>
		<wf pos="NN">تاں</wf>
		<wf pos="PRP">کینہہ</wf>
		<wf pos="NEG">چھنہٕ</wf>
		<wf pos="VAUX">سَے</wf>
		<wf pos="NN">مو</wf>
		<wf pos="CC">زِ</wf>
		<wf pos="NN">ضعیف</wf>
		<wf pos="VAUX">ٲسۍ</wf>
		<wf pos="NN">گٔمٕتۍدرچاہ</wf>
		<wf pos="VAUX">چھِ</wf>
		<wf pos="VM">بند</wf>
		<wf pos="RB">کتہ</wf>
		<wf pos="NN">طاقت</wf>
		<wf pos="PRP">أسۍ</wf>
		<wf pos="VM">اَنو</wf>
		<wf pos="NNPC">با</wf>
		<wf pos="NNPC">آں</wf>
		<wf pos="NNPC">بُلند</wf>
		<wf pos="NNPC">قصہ</wf>
		<wf pos="NNPC">با</wf>
		<wf pos="NNP">القصہ</wf>
		<wf pos="PSP">ؤلۍ</wf>
		<wf pos="QF">ؤلۍ</wf>
		<wf pos="RDP">ژے</wf>
		<wf pos="VM">أنِتھ</wf>
		<wf pos="NN">خۅش</wf>
		<wf pos="NN">خبر</wf>
		<wf pos="RP">حضرت</wf>
		<wf pos="NN">سُلیمانس</wf>
		<wf pos="NN">دِژٕتھ</wf>
		<wf pos="NNPC">محمود</wf>
		<wf pos="NNP">گٲمی</wf>
		<wf pos="NEG">چھُنہٕ</wf>
		<wf pos="JJ">صوٗفی</wf>
		<wf pos="NN">شٲعرن</wf>
		<wf pos="PSP">ہٕنز</wf>
		<wf pos="NN">گیجہ</wf>
		<wf pos="VM">گنڈنہٕ</wf>
		<wf pos="VAUX">آمُت</wf>
		<wf pos="CC">اماپوز</wf>
		<wf pos="NNP">تسٕنزن</wf>
		<wf pos="NN">کینژَن</wf>
		<wf pos="NN">مثنوی</wf>
		<wf pos="POW">ین</wf>
		<wf pos="PSP">ہٕندۍ</wf>
		<wf pos="NN">موضوع</wf>
		<wf pos="VAUX">چھِ</wf>
		<wf pos="JJ">خٲلِص</wf>
		<wf pos="JJ">صوٗفی</wf>
		<wf pos="NN">فلسفس</wf>
		<wf pos="VM">سٍتۍ</wf>
		<wf pos="NN">واٹھ</wf>
		<wf pos="VM">تھاوان</wf>
		<wf pos="NN">مثالے</wf>
		<wf pos="NNPC">پۂلۍ</wf>
		<wf pos="NNP">نامہٕ</wf>
		<wf pos="NNP">،منصوٗر</wf>
		<wf pos="NNP">نامہٕ</wf>
		<wf pos="NN">بیترِ</wf>
		<wf pos="NN">منصوٗرنامہٕ</wf>
		<wf pos="VAUX">چھُ</wf>
		<wf pos="NN">محمودس</wf>
		<wf pos="SYM">۔</wf>
	</sentence>
	<sentence s_id="21">
		<wf pos="NN">ہوا</wf>
		<wf pos="RB">وِسان</wf>
		<wf pos="PRP">چُھنہ</wf>
		<wf pos="NN">میٲنس</wf>
		<wf pos="VAUX">وچھس</wf>
		<wf pos="JJ" sense_id="2">ؤسِتھ</wf>
		<wf pos="VAUX">نحقے</wf>
		<wf pos="SYM">۔</wf>
	</sentence>
	<sentence s_id="22">
		<wf pos="NN">حالہٕ</wf>
		<wf pos="RB">تَلے</wf>
		<wf pos="VM">روٗد</wf>
		<wf pos="RB">کتے</wf>
		<wf pos="NN">راتھ</wf>
		<wf pos="NN">دۅہ</wf>
		<wf pos="VM">کنہ</wf>
		<wf pos="NN">پھٔلۍ</wf>
		<wf pos="POW">سٕے</wf>
		<wf pos="PSP">پٮ۪ٹھ</wf>
		<wf pos="JJ" sense_id="1">ؤسِتھ</wf>
		<wf pos="PSP">زن</wf>
		<wf pos="VAUX">آو</wf>
		<wf pos="NN">کۅہ</wf>
		<wf pos="SYM">۔</wf>
	</sentence>
	<sentence s_id="23">
		<wf pos="NN">شہابہٕ</wf>
		<wf pos="JJ" sense_id="3">ؤسِتھ</wf>
		<wf pos="RB">یِنہٕ</wf>
		<wf pos="PSP">سۭتۍ</wf>
		<wf pos="VM">ؤژھ</wf>
		<wf pos="INTF">واریاہ</wf>
		<wf pos="JJ">ہَڑبٔڑی</wf>
		<wf pos="SYM">۔</wf>
	</sentence>
<?xml version="1.0" encoding="utf-8" ?>
<contextfile fileno="84" filename="ؤسِتھ">
	<sentence s_id="1">
		<wf pos="DEM">اَتھ</wf>
		<wf pos="NN">ووڑس</wf>
		<wf pos="SYM">س</wf>
		<wf pos="VAUX">چُھ</wf>
		<wf pos="NN">انسانن</wf>
		<wf pos="NN">زٮ۪نہٕ</wf>
		<wf pos="PSP">پٮ۪ٹھہٕ</wf>
		<wf pos="VM">مرنَس</wf>
		<wf pos="PSP">تام</wf>
		<wf pos="RB">تِتھٕ</wf>
		<wf pos="POW">پٲٹھۍ</wf>
		<wf pos="VM">باگنےکٔرمٕژ</wf>
		<wf pos="RB">یِتھہٕ</wf>
		<wf pos="POW">پٲٹھۍ</wf>
		<wf pos="DEM">یہِ</wf>
		<wf pos="PRP">پانہٕ</wf>
		<wf pos="NN">ہَنہ</wf>
		<wf pos="VM">ہَنہِ</wf>
		<wf pos="VM">پھانھلِتھ</wf>
		<wf pos="NN">اکِہ</wf>
		<wf pos="PSP">مٔنٛزۍ</wf>
		<wf pos="NN">لہٕ</wf>
		<wf pos="PSP">پٮ۪ٹھٕ</wf>
		<wf pos="PRP">بیٚیِس</wf>
		<wf pos="PSP">مٔنزۍ</wf>
		<wf pos="NN">لَس</wf>
		<wf pos="VM">واتان</wf>
		<wf pos="VAUX">چُھ</wf>
		<wf pos="NNC">شُرۍ</wf>
		<wf pos="NN">لٲزۍ</wf>
		<wf pos="PSP">پٮ۪ٹھہٕ</wf>
		<wf pos="VAUX">لۄکچارس،</wf>
		<wf pos="NN">لۄکچار</wf>
		<wf pos="PSP">پٮ۪ٹھہٕ</wf>
		<wf pos="NNP">جوٲنی،</wf>
		<wf pos="NN">جوٲنی</wf>
		<wf pos="PSP">پٮ۪ٹھہٕ</wf>
		<wf pos="JJ" sense_id="1">ؤسِتھ</wf>
		<wf pos="NN">سزنرس</wf>
		<wf pos="NN">شریٚپتھِ</wf>
		<wf pos="VM">میٚژِگژھان</wf>
		<wf pos="NN">میٚژ</wf>
		<wf pos="SYM">۔</wf>
	</sentence>
	<sentence s_id="2">
		<wf pos="PRP">یُس</wf>
		<wf pos="NEG">نہٕ</wf>
		<wf pos="NN">دوٚر</wf>
		<wf pos="VM">آسہِ</wf>
		<wf pos="CC">تہٕ</wf>
		<wf pos="PRP">بیٚیِہ</wf>
		<wf pos="NN">دَباوٕ</wf>
		<wf pos="PSP">سۭتۍ</wf>
		<wf pos="JJ" sense_id="2">ؤسِتھ</wf>
		<wf pos="NN">گَژھہِ:یہِ</wf>
		<wf pos="VAUX">چھِ</wf>
		<wf pos="JJ">نَرَم</wf>
		<wf pos="NN">اَمب</wf>
		<wf pos="SYM">۔</wf>
	</sentence>
	<sentence s_id="3">
		<wf pos="PRP">سۄ</wf>
		<wf pos="VAUX">چُھ</wf>
		<wf pos="JJ" sense_id="3">ؤسِتھ</wf>
		<wf pos="NN">خانٛدانَس</wf>
		<wf pos="PSP">منٛز</wf>
		<wf pos="VM">زامُت</wf>
		<wf pos="SYM">۔</wf>
	</sentence>
	<sentence s_id="4">
		<wf pos="PRP">سُہ</wf>
		<wf pos="VAUX">چُھ</wf>
		<wf pos="JJ" sense_id="3">ؤسِتھ</wf>
		<wf pos="NN">قٔبیٖلُک</wf>
		<wf pos="NN">نَفَر</wf>
		<wf pos="SYM">۔</wf>
	</sentence>
	<sentence s_id="5">
		<wf pos="NNP">رامبن</wf>
		<wf pos="PSP">نِشہِ</wf>
		<wf pos="VAUX">گٔیہِ</wf>
		<wf pos="NN">کھمبر</wf>
		<wf pos="JJ" sense_id="4">ؤسِتھ</wf>
		<wf pos="VM">یِنہٕ</wf>
		<wf pos="PSP">سۭتۍ</wf>
		<wf pos="NN">وتھ</wf>
		<wf pos="NN">بنٛد</wf>
		<wf pos="CC">تہٕ</wf>
		<wf pos="PRP">اسہِ</wf>
		<wf pos="VM">پیوٚو</wf>
		<wf pos="NN">راتس</wf>
		<wf pos="NN">ہوٹلس</wf>
		<wf pos="PSP">منٛز</wf>
		<wf pos="VM">رُکُن</wf>
		<wf pos="SYM">۔</wf>
	</sentence>
	<sentence s_id="6">
		<wf pos="JJ" sense_id="3">ؤسِتھ</wf>
		<wf pos="NN">زٲژ</wf>
		<wf pos="PSP">ہٕنٛزِ</wf>
		<wf pos="NN">کورِ</wf>
		<wf pos="PSP">سۭتۍ</wf>
		<wf pos="NN">خانٛدَر</wf>
		<wf pos="VM">کَرنہٕ</wf>
		<wf pos="RB">پَتہٕ</wf>
		<wf pos="VAUX">آو</wf>
		<wf pos="NNPC">مَنٛگَل</wf>
		<wf pos="NN">گَرِ</wf>
		<wf pos="VM">کٔڑِتھ</wf>
		<wf pos="VM">ژھٕننہٕ</wf>
		<wf pos="SYM">۔</wf>
	</sentence>
	<sentence s_id="7">
		<wf pos="NN">روٗدَس</wf>
		<wf pos="PSP">منٛز</wf>
		<wf pos="JJ" sense_id="4">ؤسِتھ</wf>
		<wf pos="VAUX">گٲمتِس</wf>
		<wf pos="NN">مَکانَس</wf>
		<wf pos="VM">پیٚیہِ</wf>
		<wf pos="JJ">نٔو</wf>
		<wf pos="NN">بُنیاد</wf>
		<wf pos="VM">کھالٕنۍ</wf>
		<wf pos="SYM">۔</wf>
	</sentence>
	<sentence s_id="8">
		<wf pos="NN">دٔریاب</wf>
		<wf pos="VAUX">چھِ</wf>
		<wf pos="NN">پَہاڑو</wf>
		<wf pos="PSP">پٮ۪ٹھ</wf>
		<wf pos="JJ" sense_id="1">ؤسِتھ</wf>
		<wf pos="NN">سوٚدرَس</wf>
		<wf pos="PSP">منٛز</wf>
		<wf pos="VM">مِلان</wf>
		<wf pos="SYM">۔</wf>
	</sentence>
	<sentence s_id="9">
		<wf pos="NN">بیٚہنہٕ</wf>
		<wf pos="PSP">سۭتۍ</wf>
		<wf pos="VAUX">چُھ</wf>
		<wf pos="DEM">یہِ</wf>
		<wf pos="NN">سوفہٕ</wf>
		<wf pos="INTF">واریاہ</wf>
		<wf pos="RB">بۄن</wf>
		<wf pos="JJ" sense_id="2">ؤسِتھ</wf>
		<wf pos="VM">گَژھان</wf>
		<wf pos="SYM">۔</wf>
	</sentence>
	<sentence s_id="10">
		<wf pos="NN">شیرَن</wf>
		<wf pos="PSP">ہٕنٛدِ</wf>
		<wf pos="NN">قۭمتُک</wf>
		<wf pos="RB">لگاتار</wf>
		<wf pos="JJ" sense_id="5">ؤسِتھ</wf>
		<wf pos="VM">گَژھنُک</wf>
		<wf pos="NN">وجہہ</wf>
		<wf pos="VAUX">چُھ</wf>
		<wf pos="NN">معلوٗم</wf>
		<wf pos="VM">کَرنہٕ</wf>
		<wf pos="VAUX">یوان</wf>
		<wf pos="SYM">۔</wf>
	</sentence>
	<sentence s_id="11">
		<wf pos="QC">دُہہ</wf>
		<wf pos="NN">کِس</wf>
		<wf pos="NN">وَقتَس</wf>
		<wf pos="PSP">منٛز</wf>
		<wf pos="JJ" sense_id="1">ؤسِتھ</wf>
		<wf pos="VM">یِنہٕ</wf>
		<wf pos="PSP">وول</wf>
		<wf pos="NN">تارُک</wf>
		<wf pos="SYM">۔</wf>
	</sentence>
	<sentence s_id="12">
		<wf pos="DEM">یُس</wf>
		<wf pos="JJ">معموٗلی</wf>
		<wf pos="NN">ژٲژِ</wf>
		<wf pos="PSP">ہُںٛد</wf>
		<wf pos="JJ">آسہِ:غریٖبی</wf>
		<wf pos="NN">مَںٛز</wf>
		<wf pos="VAUX">چھِ</wf>
		<wf pos="JJ" sense_id="1">ؤسِتھ</wf>
		<wf pos="VM">تۄملَسٕے</wf>
		<wf pos="NN">زَڑ</wf>
		<wf pos="VM">کَڑان</wf>
		<wf pos="SYM">۔</wf>
	</sentence>
	<sentence s_id="13">
		<wf pos="NN">زمیٖن</wf>
		<wf pos="VM">دَسنہٕ</wf>
		<wf pos="VM">یِنہٕ</wf>
		<wf pos="PSP">کہِ</wf>
		<wf pos="NN">وَجہہ</wf>
		<wf pos="VAUX">گٔیہِ</wf>
		<wf pos="NN">عمارَت</wf>
		<wf pos="JJ" sense_id="3">ؤسِتھ</wf>
		<wf pos="SYM">۔</wf>
	</sentence>
	<sentence s_id="14">
		<wf pos="JJ" sense_id="4">ؤسِتھ</wf>
		<wf pos="NN">موضوٗعَس</wf>
		<wf pos="PSP">پٮ۪ٹھ</wf>
		<wf pos="NEG">مہٕ</wf>
		<wf pos="VM">راورٲوِو</wf>
		<wf pos="PRP">پَنُن</wf>
		<wf pos="NN">وَق</wf>
		<wf pos="SYM">۔</wf>
	</sentence>
	<sentence s_id="15">
		<wf pos="JJ">بوٚڈ</wf>
		<wf pos="NN">ڈانٛچہِ</wf>
		<wf pos="DEM">یَتھ</wf>
		<wf pos="PSP">پٮ۪ٹھ</wf>
		<wf pos="VM">بِہِت</wf>
		<wf pos="JJ">کٲرۍگَر</wf>
		<wf pos="NN">کٲم</wf>
		<wf pos="VAUX">چھِ</wf>
		<wf pos="NN">کَران:خامہٕ</wf>
		<wf pos="PSP">پٮ۪ٹھٕ</wf>
		<wf pos="JJ" sense_id="5">ؤسِتھ</wf>
		<wf pos="NN">کَرِ</wf>
		<wf pos="NN">کٲرۍگَرَن</wf>
		<wf pos="RB">کَتھٕ</wf>
		<wf pos="SYM">۔</wf>
	</sentence>
	<sentence s_id="16">
		<wf pos="PRP">یُس</wf>
		<wf pos="JJ" sense_id="4">ؤسِتھ</wf>
		<wf pos="NN">خانٛدانَس</wf>
		<wf pos="PSP">منٛز</wf>
		<wf pos="VAUX">آسہِ</wf>
		<wf pos="VM">زامُت:ؤسِتھ</wf>
		<wf pos="NN">خانٛدانُک</wf>
		<wf pos="NN">شَخٕص</wf>
		<wf pos="NN">بَنیو</wf>
		<wf pos="VAUX">پَنٛنیو</wf>
		<wf pos="NN">عملو</wf>
		<wf pos="PSP">سۭتۍ</wf>
		<wf pos="JJ">تَھدِ</wf>
		<wf pos="NN">پایُک</wf>
		<wf pos="SYM">۔</wf>
	</sentence>
	<sentence s_id="17">
		<wf pos="PRP">یُس</wf>
		<wf pos="VM">ؤسِِتھ</wf>
		<wf pos="VAUX">آسہِ</wf>
		<wf pos="NN">آمُت:پَہاڑو</wf>
		<wf pos="PSP">پٮ۪ٹھٕ</wf>
		<wf pos="JJ" sense_id="3">ؤسِتھ</wf>
		<wf pos="NN">پَسیو</wf>
		<wf pos="PSP">سۭتۍ</wf>
		<wf pos="VAUX">گٔے</wf>
		<wf pos="DEM">یہِ</wf>
		<wf pos="JJ">پَپٲڑی</wf>
		<wf pos="NN">وَتھ</wf>
		<wf pos="JJ">بَنٛد</wf>
		<wf pos="SYM">۔</wf>
	</sentence>
	<sentence s_id="18">
		<wf pos="NN">تتہ</wf>
		<wf pos="NN">پادشاہ</wf>
		<wf pos="NEG">نے</wf>
		<wf pos="NN">گدا</wf>
		<wf pos="NN">زبان</wf>
		<wf pos="CC">و</wf>
		<wf pos="NN">بیانہٕ</wf>
		<wf pos="PSP">کٮ۪و</wf>
		<wf pos="PRP">کینژَو</wf>
		<wf pos="PSP">کھۅندٮ۪و</wf>
		<wf pos="RB">ورٲے</wf>
		<wf pos="VAUX">چھے</wf>
		<wf pos="NNP">کٲشِر</wf>
		<wf pos="NNPC">منطق</wf>
		<wf pos="NNP">الطیر</wf>
		<wf pos="PRP">سٲنۍ</wf>
		<wf pos="QC">اکھ</wf>
		<wf pos="JJ">ابتدٲیی</wf>
		<wf pos="NN">مثنوی</wf>
		<wf pos="VM">آسنہٕ</wf>
		<wf pos="PSP">باوجود</wf>
		<wf pos="CC">تہ</wf>
		<wf pos="NN">رَچھِ</wf>
		<wf pos="VM">کرنس</wf>
		<wf pos="PSP">لایق</wf>
		<wf pos="NN">ارزتھ،اَتھ</wf>
		<wf pos="VM">منزچھِ</wf>
		<wf pos="DEM">ییمہ</wf>
		<wf pos="NN">قسمٕکۍ</wf>
		<wf pos="VM">کٍتۍ</wf>
		<wf pos="NN">شعر</wf>
		<wf pos="RB">از</wf>
		<wf pos="PSP">تام</wf>
		<wf pos="JJ">بے</wf>
		<wf pos="NN">مثال</wf>
		<wf pos="VM">پھول</wf>
		<wf pos="VAUX">ٲسِتھ</wf>
		<wf pos="NN">ہیول</wf>
		<wf pos="VM">سپنکھ</wf>
		<wf pos="JJ">کھل</wf>
		<wf pos="VM">بنکھ</wf>
		<wf pos="NN">قطرٕکِس</wf>
		<wf pos="JJ">دٔرۍیاوٕسٕے</wf>
		<wf pos="NN">وٲصِل</wf>
		<wf pos="VM">بنکھ</wf>
		<wf pos="NN">حالہٕ</wf>
		<wf pos="RB">تَلے</wf>
		<wf pos="VM">روٗد</wf>
		<wf pos="RB">کتے</wf>
		<wf pos="NN">راتھ</wf>
		<wf pos="NN">دۅہ</wf>
		<wf pos="VM">کنہ</wf>
		<wf pos="NN">پھٔلۍ</wf>
		<wf pos="POW">سٕے</wf>
		<wf pos="PSP">پٮ۪ٹھ</wf>
		<wf pos="JJ" sense_id="1">ؤسِتھ</wf>
		<wf pos="PSP">زن</wf>
		<wf pos="VAUX">آو</wf>
		<wf pos="NN">کۅہ</wf>
		<wf pos="CC">اماپوز</wf>
		<wf pos="JJ">نۅم</wf>
		<wf pos="NN">شعر</wf>
		<wf pos="VAUX">چھِ</wf>
		<wf pos="CC">یاتہٕ</wf>
		<wf pos="JJ">بے</wf>
		<wf pos="NN">مانہ</wf>
		<wf pos="CC">،نتہٕ</wf>
		<wf pos="NN">ثقیل،</wf>
		<wf pos="VM">آے</wf>
		<wf pos="NN">سلیمان</wf>
		<wf pos="PSP">ہٮ۪تھ</wf>
		<wf pos="NNC">اَسہ</wf>
		<wf pos="NN">ماسٲرۍیے</wf>
		<wf pos="NNPC">سانہ</wf>
		<wf pos="VM">واتنٕچ</wf>
		<wf pos="DEM">تَتھ</wf>
		<wf pos="NN">تاں</wf>
		<wf pos="PRP">کینہہ</wf>
		<wf pos="NEG">چھنہٕ</wf>
		<wf pos="VAUX">سَے</wf>
		<wf pos="NN">مو</wf>
		<wf pos="CC">زِ</wf>
		<wf pos="NN">ضعیف</wf>
		<wf pos="VAUX">ٲسۍ</wf>
		<wf pos="NN">گٔمٕتۍدرچاہ</wf>
		<wf pos="VAUX">چھِ</wf>
		<wf pos="VM">بند</wf>
		<wf pos="RB">کتہ</wf>
		<wf pos="NN">طاقت</wf>
		<wf pos="PRP">أسۍ</wf>
		<wf pos="VM">اَنو</wf>
		<wf pos="NNPC">با</wf>
		<wf pos="NNPC">آں</wf>
		<wf pos="NNPC">بُلند</wf>
		<wf pos="NNPC">قصہ</wf>
		<wf pos="NNPC">با</wf>
		<wf pos="NNP">القصہ</wf>
		<wf pos="PSP">ؤلۍ</wf>
		<wf pos="QF">ؤلۍ</wf>
		<wf pos="RDP">ژے</wf>
		<wf pos="VM">أنِتھ</wf>
		<wf pos="NN">خۅش</wf>
		<wf pos="NN">خبر</wf>
		<wf pos="RP">حضرت</wf>
		<wf pos="NN">سُلیمانس</wf>
		<wf pos="NN">دِژٕتھ</wf>
		<wf pos="NNPC">محمود</wf>
		<wf pos="NNP">گٲمی</wf>
		<wf pos="NEG">چھُنہٕ</wf>
		<wf pos="JJ">صوٗفی</wf>
		<wf pos="NN">شٲعرن</wf>
		<wf pos="PSP">ہٕنز</wf>
		<wf pos="NN">گیجہ</wf>
		<wf pos="VM">گنڈنہٕ</wf>
		<wf pos="VAUX">آمُت</wf>
		<wf pos="CC">اماپوز</wf>
		<wf pos="NNP">تسٕنزن</wf>
		<wf pos="NN">کینژَن</wf>
		<wf pos="NN">مثنوی</wf>
		<wf pos="POW">ین</wf>
		<wf pos="PSP">ہٕندۍ</wf>
		<wf pos="NN">موضوع</wf>
		<wf pos="VAUX">چھِ</wf>
		<wf pos="JJ">خٲلِص</wf>
		<wf pos="JJ">صوٗفی</wf>
		<wf pos="NN">فلسفس</wf>
		<wf pos="VM">سٍتۍ</wf>
		<wf pos="NN">واٹھ</wf>
		<wf pos="VM">تھاوان</wf>
		<wf pos="NN">مثالے</wf>
		<wf pos="NNPC">پۂلۍ</wf>
		<wf pos="NNP">نامہٕ</wf>
		<wf pos="NNP">،منصوٗر</wf>
		<wf pos="NNP">نامہٕ</wf>
		<wf pos="NN">بیترِ</wf>
		<wf pos="NN">منصوٗرنامہٕ</wf>
		<wf pos="VAUX">چھُ</wf>
		<wf pos="NN">محمودس</wf>
		<wf pos="SYM">۔</wf>
	</sentence>
	<sentence s_id="19">
		<wf pos="NN">فقروفنا</wf>
		<wf pos="NN">اتہ</wf>
		<wf pos="NN">کتیو</wf>
		<wf pos="NN">ویژِ</wf>
		<wf pos="VM">ونُن</wf>
		<wf pos="RB">چوں</wf>
		<wf pos="CC">و</wf>
		<wf pos="RB">چرا</wf>
		<wf pos="NNC">عالمِ</wf>
		<wf pos="NN">امثالٕکۍ</wf>
		<wf pos="NN">احباب</wf>
		<wf pos="DEM">یِم</wf>
		<wf pos="NN">حکمتھاہ</wf>
		<wf pos="NN">تصویر</wf>
		<wf pos="VM">چھی</wf>
		<wf pos="NN">برآب</wf>
		<wf pos="PRP">تِم</wf>
		<wf pos="NEG">نے</wf>
		<wf pos="JJ">ویژی</wf>
		<wf pos="NN">تتہ</wf>
		<wf pos="NN">بندٕ</wf>
		<wf pos="VM">ونُن</wf>
		<wf pos="NEG">نے</wf>
		<wf pos="NNP">خدا</wf>
		<wf pos="NEG">نے</wf>
		<wf pos="JJ">ویژی</wf>
		<wf pos="NN">تتہ</wf>
		<wf pos="NN">پادشاہ</wf>
		<wf pos="NEG">نے</wf>
		<wf pos="NN">گدا</wf>
		<wf pos="NN">زبان</wf>
		<wf pos="CC">و</wf>
		<wf pos="NN">بیانہٕ</wf>
		<wf pos="PSP">کٮ۪و</wf>
		<wf pos="PRP">کینژَو</wf>
		<wf pos="PSP">کھۅندٮ۪و</wf>
		<wf pos="RB">ورٲے</wf>
		<wf pos="VAUX">چھے</wf>
		<wf pos="NNP">کٲشِر</wf>
		<wf pos="NNPC">منطق</wf>
		<wf pos="NNP">الطیر</wf>
		<wf pos="PRP">سٲنۍ</wf>
		<wf pos="QC">اکھ</wf>
		<wf pos="JJ">ابتدٲیی</wf>
		<wf pos="NN">مثنوی</wf>
		<wf pos="VM">آسنہٕ</wf>
		<wf pos="PSP">باوجود</wf>
		<wf pos="CC">تہ</wf>
		<wf pos="NN">رَچھِ</wf>
		<wf pos="VM">کرنس</wf>
		<wf pos="PSP">لایق</wf>
		<wf pos="NN">ارزتھ،اَتھ</wf>
		<wf pos="VM">منزچھِ</wf>
		<wf pos="DEM">ییمہ</wf>
		<wf pos="NN">قسمٕکۍ</wf>
		<wf pos="VM">کٍتۍ</wf>
		<wf pos="NN">شعر</wf>
		<wf pos="RB">از</wf>
		<wf pos="PSP">تام</wf>
		<wf pos="JJ">بے</wf>
		<wf pos="NN">مثال</wf>
		<wf pos="VM">پھول</wf>
		<wf pos="VAUX">ٲسِتھ</wf>
		<wf pos="NN">ہیول</wf>
		<wf pos="VM">سپنکھ</wf>
		<wf pos="JJ">کھل</wf>
		<wf pos="VM">بنکھ</wf>
		<wf pos="NN">قطرٕکِس</wf>
		<wf pos="JJ">دٔرۍیاوٕسٕے</wf>
		<wf pos="NN">وٲصِل</wf>
		<wf pos="VM">بنکھ</wf>
		<wf pos="NN">حالہٕ</wf>
		<wf pos="RB">تَلے</wf>
		<wf pos="VM">روٗد</wf>
		<wf pos="RB">کتے</wf>
		<wf pos="NN">راتھ</wf>
		<wf pos="NN">دۅہ</wf>
		<wf pos="VM">کنہ</wf>
		<wf pos="NN">پھٔلۍ</wf>
		<wf pos="POW">سٕے</wf>
		<wf pos="PSP">پٮ۪ٹھ</wf>
		<wf pos="JJ" sense_id="1">ؤسِتھ</wf>
		<wf pos="PSP">زن</wf>
		<wf pos="VAUX">آو</wf>
		<wf pos="NN">کۅہ</wf>
		<wf pos="CC">اماپوز</wf>
		<wf pos="JJ">نۅم</wf>
		<wf pos="NN">شعر</wf>
		<wf pos="VAUX">چھِ</wf>
		<wf pos="CC">یاتہٕ</wf>
		<wf pos="JJ">بے</wf>
		<wf pos="NNPC">مانہ</wf>
		<wf pos="NNPC">،نتہٕ</wf>
		<wf pos="NNP">ثقیل</wf>
		<wf pos="VM">آے</wf>
		<wf pos="NN">سلیمان</wf>
		<wf pos="PSP">ہٮ۪تھ</wf>
		<wf pos="NNC">اَسہ</wf>
		<wf pos="NN">ماسٲرۍیے</wf>
		<wf pos="NNPC">سانہ</wf>
		<wf pos="VM">واتنٕچ</wf>
		<wf pos="DEM">تَتھ</wf>
		<wf pos="NN">تاں</wf>
		<wf pos="PRP">کینہہ</wf>
		<wf pos="NEG">چھنہٕ</wf>
		<wf pos="VAUX">سَے</wf>
		<wf pos="NN">مو</wf>
		<wf pos="CC">زِ</wf>
		<wf pos="NN">ضعیف</wf>
		<wf pos="VAUX">ٲسۍ</wf>
		<wf pos="NN">گٔمٕتۍدرچاہ</wf>
		<wf pos="VAUX">چھِ</wf>
		<wf pos="VM">بند</wf>
		<wf pos="RB">کتہ</wf>
		<wf pos="NN">طاقت</wf>
		<wf pos="PRP">أسۍ</wf>
		<wf pos="VM">اَنو</wf>
		<wf pos="NNPC">با</wf>
		<wf pos="NNPC">آں</wf>
		<wf pos="NNPC">بُلند</wf>
		<wf pos="NNPC">قصہ</wf>
		<wf pos="NNPC">با</wf>
		<wf pos="NNP">القصہ</wf>
		<wf pos="PSP">ؤلۍ</wf>
		<wf pos="QF">ؤلۍ</wf>
		<wf pos="RDP">ژے</wf>
		<wf pos="VM">أنِتھ</wf>
		<wf pos="NN">خۅش</wf>
		<wf pos="NN">خبر</wf>
		<wf pos="RP">حضرت</wf>
		<wf pos="NN">سُلیمانس</wf>
		<wf pos="NN">دِژٕتھ</wf>
		<wf pos="NNPC">محمود</wf>
		<wf pos="NNP">گٲمی</wf>
		<wf pos="NEG">چھُنہٕ</wf>
		<wf pos="JJ">صوٗفی</wf>
		<wf pos="NN">شٲعرن</wf>
		<wf pos="PSP">ہٕنز</wf>
		<wf pos="NN">گیجہ</wf>
		<wf pos="VM">گنڈنہٕ</wf>
		<wf pos="VAUX">آمُت</wf>
		<wf pos="CC">اماپوز</wf>
		<wf pos="NNP">تسٕنزن</wf>
		<wf pos="NN">کینژَن</wf>
		<wf pos="NN">مثنوی</wf>
		<wf pos="POW">ین</wf>
		<wf pos="PSP">ہٕندۍ</wf>
		<wf pos="NN">موضوع</wf>
		<wf pos="VAUX">چھِ</wf>
		<wf pos="JJ">خٲلِص</wf>
		<wf pos="JJ">صوٗفی</wf>
		<wf pos="NN">فلسفس</wf>
		<wf pos="VM">سٍتۍ</wf>
		<wf pos="NN">واٹھ</wf>
		<wf pos="VM">تھاوان</wf>
		<wf pos="NN">مثالے</wf>
		<wf pos="NNPC">پۂلۍ</wf>
		<wf pos="NNP">نامہٕ</wf>
		<wf pos="NNP">،منصوٗر</wf>
		<wf pos="NNP">نامہٕ</wf>
		<wf pos="NN">بیترِ</wf>
		<wf pos="NN">منصوٗرنامہٕ</wf>
		<wf pos="VAUX">چھُ</wf>
		<wf pos="NN">محمودس</wf>
		<wf pos="SYM">۔</wf>
	</sentence>
	<sentence s_id="20">
		<wf pos="NN">فقروفنا</wf>
		<wf pos="NN">اتہ</wf>
		<wf pos="NN">کتیو</wf>
		<wf pos="NN">ویژِ</wf>
		<wf pos="VM">ونُن</wf>
		<wf pos="RB">چوں</wf>
		<wf pos="CC">و</wf>
		<wf pos="RB">چرا</wf>
		<wf pos="NNC">عالمِ</wf>
		<wf pos="NN">امثالٕکۍ</wf>
		<wf pos="NN">احباب</wf>
		<wf pos="DEM">یِم</wf>
		<wf pos="NN">حکمتھاہ</wf>
		<wf pos="NN">تصویر</wf>
		<wf pos="VM">چھی</wf>
		<wf pos="NN">برآب</wf>
		<wf pos="PRP">تِم</wf>
		<wf pos="NEG">نے</wf>
		<wf pos="JJ">ویژی</wf>
		<wf pos="NN">تتہ</wf>
		<wf pos="NN">بندٕ</wf>
		<wf pos="VM">ونُن</wf>
		<wf pos="NEG">نے</wf>
		<wf pos="NNP">خدا</wf>
		<wf pos="NEG">نے</wf>
		<wf pos="JJ">ویژی</wf>
		<wf pos="NN">تتہ</wf>
		<wf pos="NN">پادشاہ</wf>
		<wf pos="NEG">نے</wf>
		<wf pos="NN">گدا</wf>
		<wf pos="NN">زبان</wf>
		<wf pos="CC">و</wf>
		<wf pos="NN">بیانہٕ</wf>
		<wf pos="PSP">کٮ۪و</wf>
		<wf pos="PRP">کینژَو</wf>
		<wf pos="PSP">کھۅندٮ۪و</wf>
		<wf pos="RB">ورٲے</wf>
		<wf pos="VAUX">چھے</wf>
		<wf pos="NNP">کٲشِر</wf>
		<wf pos="NNPC">منطق</wf>
		<wf pos="NNP">الطیر</wf>
		<wf pos="PRP">سٲنۍ</wf>
		<wf pos="QC">اکھ</wf>
		<wf pos="JJ">ابتدٲیی</wf>
		<wf pos="NN">مثنوی</wf>
		<wf pos="VM">آسنہٕ</wf>
		<wf pos="PSP">باوجود</wf>
		<wf pos="CC">تہ</wf>
		<wf pos="NN">رَچھِ</wf>
		<wf pos="VM">کرنس</wf>
		<wf pos="PSP">لایق</wf>
		<wf pos="NN">ارزتھ،اَتھ</wf>
		<wf pos="VM">منزچھِ</wf>
		<wf pos="DEM">ییمہ</wf>
		<wf pos="NN">قسمٕکۍ</wf>
		<wf pos="VM">کٍتۍ</wf>
		<wf pos="NN">شعر</wf>
		<wf pos="RB">از</wf>
		<wf pos="PSP">تام</wf>
		<wf pos="JJ">بے</wf>
		<wf pos="NN">مثال</wf>
		<wf pos="VM">پھول</wf>
		<wf pos="VAUX">ٲسِتھ</wf>
		<wf pos="NN">ہیول</wf>
		<wf pos="VM">سپنکھ</wf>
		<wf pos="JJ">کھل</wf>
		<wf pos="VM">بنکھ</wf>
		<wf pos="NN">قطرٕکِس</wf>
		<wf pos="JJ">دٔرۍیاوٕسٕے</wf>
		<wf pos="NN">وٲصِل</wf>
		<wf pos="VM">بنکھ</wf>
		<wf pos="NN">حالہٕ</wf>
		<wf pos="RB">تَلے</wf>
		<wf pos="VM">روٗد</wf>
		<wf pos="RB">کتے</wf>
		<wf pos="NN">راتھ</wf>
		<wf pos="NN">دۅہ</wf>
		<wf pos="VM">کنہ</wf>
		<wf pos="NN">پھٔلۍ</wf>
		<wf pos="POW">سٕے</wf>
		<wf pos="PSP">پٮ۪ٹھ</wf>
		<wf pos="JJ" sense_id="1">ؤسِتھ</wf>
		<wf pos="PSP">زن</wf>
		<wf pos="VAUX">آو</wf>
		<wf pos="NN">کۅہ</wf>
		<wf pos="CC">اماپوز</wf>
		<wf pos="JJ">نۅم</wf>
		<wf pos="NN">شعر</wf>
		<wf pos="VAUX">چھِ</wf>
		<wf pos="CC">یاتہٕ</wf>
		<wf pos="JJ">بے</wf>
		<wf pos="NNPC">مانہ</wf>
		<wf pos="NNPC">،نتہٕ</wf>
		<wf pos="NNP">ثقیل</wf>
		<wf pos="VM">آے</wf>
		<wf pos="NN">سلیمان</wf>
		<wf pos="PSP">ہٮ۪تھ</wf>
		<wf pos="NNC">اَسہ</wf>
		<wf pos="NN">ماسٲرۍیے</wf>
		<wf pos="NNPC">سانہ</wf>
		<wf pos="VM">واتنٕچ</wf>
		<wf pos="DEM">تَتھ</wf>
		<wf pos="NN">تاں</wf>
		<wf pos="PRP">کینہہ</wf>
		<wf pos="NEG">چھنہٕ</wf>
		<wf pos="VAUX">سَے</wf>
		<wf pos="NN">مو</wf>
		<wf pos="CC">زِ</wf>
		<wf pos="NN">ضعیف</wf>
		<wf pos="VAUX">ٲسۍ</wf>
		<wf pos="NN">گٔمٕتۍدرچاہ</wf>
		<wf pos="VAUX">چھِ</wf>
		<wf pos="VM">بند</wf>
		<wf pos="RB">کتہ</wf>
		<wf pos="NN">طاقت</wf>
		<wf pos="PRP">أسۍ</wf>
		<wf pos="VM">اَنو</wf>
		<wf pos="NNPC">با</wf>
		<wf pos="NNPC">آں</wf>
		<wf pos="NNPC">بُلند</wf>
		<wf pos="NNPC">قصہ</wf>
		<wf pos="NNPC">با</wf>
		<wf pos="NNP">القصہ</wf>
		<wf pos="PSP">ؤلۍ</wf>
		<wf pos="QF">ؤلۍ</wf>
		<wf pos="RDP">ژے</wf>
		<wf pos="VM">أنِتھ</wf>
		<wf pos="NN">خۅش</wf>
		<wf pos="NN">خبر</wf>
		<wf pos="RP">حضرت</wf>
		<wf pos="NN">سُلیمانس</wf>
		<wf pos="NN">دِژٕتھ</wf>
		<wf pos="NNPC">محمود</wf>
		<wf pos="NNP">گٲمی</wf>
		<wf pos="NEG">چھُنہٕ</wf>
		<wf pos="JJ">صوٗفی</wf>
		<wf pos="NN">شٲعرن</wf>
		<wf pos="PSP">ہٕنز</wf>
		<wf pos="NN">گیجہ</wf>
		<wf pos="VM">گنڈنہٕ</wf>
		<wf pos="VAUX">آمُت</wf>
		<wf pos="CC">اماپوز</wf>
		<wf pos="NNP">تسٕنزن</wf>
		<wf pos="NN">کینژَن</wf>
		<wf pos="NN">مثنوی</wf>
		<wf pos="POW">ین</wf>
		<wf pos="PSP">ہٕندۍ</wf>
		<wf pos="NN">موضوع</wf>
		<wf pos="VAUX">چھِ</wf>
		<wf pos="JJ">خٲلِص</wf>
		<wf pos="JJ">صوٗفی</wf>
		<wf pos="NN">فلسفس</wf>
		<wf pos="VM">سٍتۍ</wf>
		<wf pos="NN">واٹھ</wf>
		<wf pos="VM">تھاوان</wf>
		<wf pos="NN">مثالے</wf>
		<wf pos="NNPC">پۂلۍ</wf>
		<wf pos="NNP">نامہٕ</wf>
		<wf pos="NNP">،منصوٗر</wf>
		<wf pos="NNP">نامہٕ</wf>
		<wf pos="NN">بیترِ</wf>
		<wf pos="NN">منصوٗرنامہٕ</wf>
		<wf pos="VAUX">چھُ</wf>
		<wf pos="NN">محمودس</wf>
		<wf pos="SYM">۔</wf>
	</sentence>
	<sentence s_id="21">
		<wf pos="NN">ہوا</wf>
		<wf pos="RB">وِسان</wf>
		<wf pos="PRP">چُھنہ</wf>
		<wf pos="NN">میٲنس</wf>
		<wf pos="VAUX">وچھس</wf>
		<wf pos="JJ" sense_id="2">ؤسِتھ</wf>
		<wf pos="VAUX">نحقے</wf>
		<wf pos="SYM">۔</wf>
	</sentence>
	<sentence s_id="22">
		<wf pos="NN">حالہٕ</wf>
		<wf pos="RB">تَلے</wf>
		<wf pos="VM">روٗد</wf>
		<wf pos="RB">کتے</wf>
		<wf pos="NN">راتھ</wf>
		<wf pos="NN">دۅہ</wf>
		<wf pos="VM">کنہ</wf>
		<wf pos="NN">پھٔلۍ</wf>
		<wf pos="POW">سٕے</wf>
		<wf pos="PSP">پٮ۪ٹھ</wf>
		<wf pos="JJ" sense_id="1">ؤسِتھ</wf>
		<wf pos="PSP">زن</wf>
		<wf pos="VAUX">آو</wf>
		<wf pos="NN">کۅہ</wf>
		<wf pos="SYM">۔</wf>
	</sentence>
	<sentence s_id="23">
		<wf pos="NN">شہابہٕ</wf>
		<wf pos="JJ" sense_id="3">ؤسِتھ</wf>
		<wf pos="RB">یِنہٕ</wf>
		<wf pos="PSP">سۭتۍ</wf>
		<wf pos="VM">ؤژھ</wf>
		<wf pos="INTF">واریاہ</wf>
		<wf pos="JJ">ہَڑبٔڑی</wf>
		<wf pos="SYM">۔</wf>
	</sentence>
<?xml version="1.0" encoding="utf-8" ?>
<contextfile fileno="84" filename="ؤسِتھ">
	<sentence s_id="1">
		<wf pos="DEM">اَتھ</wf>
		<wf pos="NN">ووڑس</wf>
		<wf pos="SYM">س</wf>
		<wf pos="VAUX">چُھ</wf>
		<wf pos="NN">انسانن</wf>
		<wf pos="NN">زٮ۪نہٕ</wf>
		<wf pos="PSP">پٮ۪ٹھہٕ</wf>
		<wf pos="VM">مرنَس</wf>
		<wf pos="PSP">تام</wf>
		<wf pos="RB">تِتھٕ</wf>
		<wf pos="POW">پٲٹھۍ</wf>
		<wf pos="VM">باگنےکٔرمٕژ</wf>
		<wf pos="RB">یِتھہٕ</wf>
		<wf pos="POW">پٲٹھۍ</wf>
		<wf pos="DEM">یہِ</wf>
		<wf pos="PRP">پانہٕ</wf>
		<wf pos="NN">ہَنہ</wf>
		<wf pos="VM">ہَنہِ</wf>
		<wf pos="VM">پھانھلِتھ</wf>
		<wf pos="NN">اکِہ</wf>
		<wf pos="PSP">مٔنٛزۍ</wf>
		<wf pos="NN">لہٕ</wf>
		<wf pos="PSP">پٮ۪ٹھٕ</wf>
		<wf pos="PRP">بیٚیِس</wf>
		<wf pos="PSP">مٔنزۍ</wf>
		<wf pos="NN">لَس</wf>
		<wf pos="VM">واتان</wf>
		<wf pos="VAUX">چُھ</wf>
		<wf pos="NNC">شُرۍ</wf>
		<wf pos="NN">لٲزۍ</wf>
		<wf pos="PSP">پٮ۪ٹھہٕ</wf>
		<wf pos="VAUX">لۄکچارس،</wf>
		<wf pos="NN">لۄکچار</wf>
		<wf pos="PSP">پٮ۪ٹھہٕ</wf>
		<wf pos="NNP">جوٲنی،</wf>
		<wf pos="NN">جوٲنی</wf>
		<wf pos="PSP">پٮ۪ٹھہٕ</wf>
		<wf pos="JJ" sense_id="1">ؤسِتھ</wf>
		<wf pos="NN">سزنرس</wf>
		<wf pos="NN">شریٚپتھِ</wf>
		<wf pos="VM">میٚژِگژھان</wf>
		<wf pos="NN">میٚژ</wf>
		<wf pos="SYM">۔</wf>
	</sentence>
	<sentence s_id="2">
		<wf pos="PRP">یُس</wf>
		<wf pos="NEG">نہٕ</wf>
		<wf pos="NN">دوٚر</wf>
		<wf pos="VM">آسہِ</wf>
		<wf pos="CC">تہٕ</wf>
		<wf pos="PRP">بیٚیِہ</wf>
		<wf pos="NN">دَباوٕ</wf>
		<wf pos="PSP">سۭتۍ</wf>
		<wf pos="JJ" sense_id="2">ؤسِتھ</wf>
		<wf pos="NN">گَژھہِ:یہِ</wf>
		<wf pos="VAUX">چھِ</wf>
		<wf pos="JJ">نَرَم</wf>
		<wf pos="NN">اَمب</wf>
		<wf pos="SYM">۔</wf>
	</sentence>
	<sentence s_id="3">
		<wf pos="PRP">سۄ</wf>
		<wf pos="VAUX">چُھ</wf>
		<wf pos="JJ" sense_id="3">ؤسِتھ</wf>
		<wf pos="NN">خانٛدانَس</wf>
		<wf pos="PSP">منٛز</wf>
		<wf pos="VM">زامُت</wf>
		<wf pos="SYM">۔</wf>
	</sentence>
	<sentence s_id="4">
		<wf pos="PRP">سُہ</wf>
		<wf pos="VAUX">چُھ</wf>
		<wf pos="JJ" sense_id="3">ؤسِتھ</wf>
		<wf pos="NN">قٔبیٖلُک</wf>
		<wf pos="NN">نَفَر</wf>
		<wf pos="SYM">۔</wf>
	</sentence>
	<sentence s_id="5">
		<wf pos="NNP">رامبن</wf>
		<wf pos="PSP">نِشہِ</wf>
		<wf pos="VAUX">گٔیہِ</wf>
		<wf pos="NN">کھمبر</wf>
		<wf pos="JJ" sense_id="4">ؤسِتھ</wf>
		<wf pos="VM">یِنہٕ</wf>
		<wf pos="PSP">سۭتۍ</wf>
		<wf pos="NN">وتھ</wf>
		<wf pos="NN">بنٛد</wf>
		<wf pos="CC">تہٕ</wf>
		<wf pos="PRP">اسہِ</wf>
		<wf pos="VM">پیوٚو</wf>
		<wf pos="NN">راتس</wf>
		<wf pos="NN">ہوٹلس</wf>
		<wf pos="PSP">منٛز</wf>
		<wf pos="VM">رُکُن</wf>
		<wf pos="SYM">۔</wf>
	</sentence>
	<sentence s_id="6">
		<wf pos="JJ" sense_id="3">ؤسِتھ</wf>
		<wf pos="NN">زٲژ</wf>
		<wf pos="PSP">ہٕنٛزِ</wf>
		<wf pos="NN">کورِ</wf>
		<wf pos="PSP">سۭتۍ</wf>
		<wf pos="NN">خانٛدَر</wf>
		<wf pos="VM">کَرنہٕ</wf>
		<wf pos="RB">پَتہٕ</wf>
		<wf pos="VAUX">آو</wf>
		<wf pos="NNPC">مَنٛگَل</wf>
		<wf pos="NN">گَرِ</wf>
		<wf pos="VM">کٔڑِتھ</wf>
		<wf pos="VM">ژھٕننہٕ</wf>
		<wf pos="SYM">۔</wf>
	</sentence>
	<sentence s_id="7">
		<wf pos="NN">روٗدَس</wf>
		<wf pos="PSP">منٛز</wf>
		<wf pos="JJ" sense_id="4">ؤسِتھ</wf>
		<wf pos="VAUX">گٲمتِس</wf>
		<wf pos="NN">مَکانَس</wf>
		<wf pos="VM">پیٚیہِ</wf>
		<wf pos="JJ">نٔو</wf>
		<wf pos="NN">بُنیاد</wf>
		<wf pos="VM">کھالٕنۍ</wf>
		<wf pos="SYM">۔</wf>
	</sentence>
	<sentence s_id="8">
		<wf pos="NN">دٔریاب</wf>
		<wf pos="VAUX">چھِ</wf>
		<wf pos="NN">پَہاڑو</wf>
		<wf pos="PSP">پٮ۪ٹھ</wf>
		<wf pos="JJ" sense_id="1">ؤسِتھ</wf>
		<wf pos="NN">سوٚدرَس</wf>
		<wf pos="PSP">منٛز</wf>
		<wf pos="VM">مِلان</wf>
		<wf pos="SYM">۔</wf>
	</sentence>
	<sentence s_id="9">
		<wf pos="NN">بیٚہنہٕ</wf>
		<wf pos="PSP">سۭتۍ</wf>
		<wf pos="VAUX">چُھ</wf>
		<wf pos="DEM">یہِ</wf>
		<wf pos="NN">سوفہٕ</wf>
		<wf pos="INTF">واریاہ</wf>
		<wf pos="RB">بۄن</wf>
		<wf pos="JJ" sense_id="2">ؤسِتھ</wf>
		<wf pos="VM">گَژھان</wf>
		<wf pos="SYM">۔</wf>
	</sentence>
	<sentence s_id="10">
		<wf pos="NN">شیرَن</wf>
		<wf pos="PSP">ہٕنٛدِ</wf>
		<wf pos="NN">قۭمتُک</wf>
		<wf pos="RB">لگاتار</wf>
		<wf pos="JJ" sense_id="5">ؤسِتھ</wf>
		<wf pos="VM">گَژھنُک</wf>
		<wf pos="NN">وجہہ</wf>
		<wf pos="VAUX">چُھ</wf>
		<wf pos="NN">معلوٗم</wf>
		<wf pos="VM">کَرنہٕ</wf>
		<wf pos="VAUX">یوان</wf>
		<wf pos="SYM">۔</wf>
	</sentence>
	<sentence s_id="11">
		<wf pos="QC">دُہہ</wf>
		<wf pos="NN">کِس</wf>
		<wf pos="NN">وَقتَس</wf>
		<wf pos="PSP">منٛز</wf>
		<wf pos="JJ" sense_id="1">ؤسِتھ</wf>
		<wf pos="VM">یِنہٕ</wf>
		<wf pos="PSP">وول</wf>
		<wf pos="NN">تارُک</wf>
		<wf pos="SYM">۔</wf>
	</sentence>
	<sentence s_id="12">
		<wf pos="DEM">یُس</wf>
		<wf pos="JJ">معموٗلی</wf>
		<wf pos="NN">ژٲژِ</wf>
		<wf pos="PSP">ہُںٛد</wf>
		<wf pos="JJ">آسہِ:غریٖبی</wf>
		<wf pos="NN">مَںٛز</wf>
		<wf pos="VAUX">چھِ</wf>
		<wf pos="JJ" sense_id="1">ؤسِتھ</wf>
		<wf pos="VM">تۄملَسٕے</wf>
		<wf pos="NN">زَڑ</wf>
		<wf pos="VM">کَڑان</wf>
		<wf pos="SYM">۔</wf>
	</sentence>
	<sentence s_id="13">
		<wf pos="NN">زمیٖن</wf>
		<wf pos="VM">دَسنہٕ</wf>
		<wf pos="VM">یِنہٕ</wf>
		<wf pos="PSP">کہِ</wf>
		<wf pos="NN">وَجہہ</wf>
		<wf pos="VAUX">گٔیہِ</wf>
		<wf pos="NN">عمارَت</wf>
		<wf pos="JJ" sense_id="3">ؤسِتھ</wf>
		<wf pos="SYM">۔</wf>
	</sentence>
	<sentence s_id="14">
		<wf pos="JJ" sense_id="4">ؤسِتھ</wf>
		<wf pos="NN">موضوٗعَس</wf>
		<wf pos="PSP">پٮ۪ٹھ</wf>
		<wf pos="NEG">مہٕ</wf>
		<wf pos="VM">راورٲوِو</wf>
		<wf pos="PRP">پَنُن</wf>
		<wf pos="NN">وَق</wf>
		<wf pos="SYM">۔</wf>
	</sentence>
	<sentence s_id="15">
		<wf pos="JJ">بوٚڈ</wf>
		<wf pos="NN">ڈانٛچہِ</wf>
		<wf pos="DEM">یَتھ</wf>
		<wf pos="PSP">پٮ۪ٹھ</wf>
		<wf pos="VM">بِہِت</wf>
		<wf pos="JJ">کٲرۍگَر</wf>
		<wf pos="NN">کٲم</wf>
		<wf pos="VAUX">چھِ</wf>
		<wf pos="NN">کَران:خامہٕ</wf>
		<wf pos="PSP">پٮ۪ٹھٕ</wf>
		<wf pos="JJ" sense_id="5">ؤسِتھ</wf>
		<wf pos="NN">کَرِ</wf>
		<wf pos="NN">کٲرۍگَرَن</wf>
		<wf pos="RB">کَتھٕ</wf>
		<wf pos="SYM">۔</wf>
	</sentence>
	<sentence s_id="16">
		<wf pos="PRP">یُس</wf>
		<wf pos="JJ" sense_id="4">ؤسِتھ</wf>
		<wf pos="NN">خانٛدانَس</wf>
		<wf pos="PSP">منٛز</wf>
		<wf pos="VAUX">آسہِ</wf>
		<wf pos="VM">زامُت:ؤسِتھ</wf>
		<wf pos="NN">خانٛدانُک</wf>
		<wf pos="NN">شَخٕص</wf>
		<wf pos="NN">بَنیو</wf>
		<wf pos="VAUX">پَنٛنیو</wf>
		<wf pos="NN">عملو</wf>
		<wf pos="PSP">سۭتۍ</wf>
		<wf pos="JJ">تَھدِ</wf>
		<wf pos="NN">پایُک</wf>
		<wf pos="SYM">۔</wf>
	</sentence>
	<sentence s_id="17">
		<wf pos="PRP">یُس</wf>
		<wf pos="VM">ؤسِِتھ</wf>
		<wf pos="VAUX">آسہِ</wf>
		<wf pos="NN">آمُت:پَہاڑو</wf>
		<wf pos="PSP">پٮ۪ٹھٕ</wf>
		<wf pos="JJ" sense_id="3">ؤسِتھ</wf>
		<wf pos="NN">پَسیو</wf>
		<wf pos="PSP">سۭتۍ</wf>
		<wf pos="VAUX">گٔے</wf>
		<wf pos="DEM">یہِ</wf>
		<wf pos="JJ">پَپٲڑی</wf>
		<wf pos="NN">وَتھ</wf>
		<wf pos="JJ">بَنٛد</wf>
		<wf pos="SYM">۔</wf>
	</sentence>
	<sentence s_id="18">
		<wf pos="NN">تتہ</wf>
		<wf pos="NN">پادشاہ</wf>
		<wf pos="NEG">نے</wf>
		<wf pos="NN">گدا</wf>
		<wf pos="NN">زبان</wf>
		<wf pos="CC">و</wf>
		<wf pos="NN">بیانہٕ</wf>
		<wf pos="PSP">کٮ۪و</wf>
		<wf pos="PRP">کینژَو</wf>
		<wf pos="PSP">کھۅندٮ۪و</wf>
		<wf pos="RB">ورٲے</wf>
		<wf pos="VAUX">چھے</wf>
		<wf pos="NNP">کٲشِر</wf>
		<wf pos="NNPC">منطق</wf>
		<wf pos="NNP">الطیر</wf>
		<wf pos="PRP">سٲنۍ</wf>
		<wf pos="QC">اکھ</wf>
		<wf pos="JJ">ابتدٲیی</wf>
		<wf pos="NN">مثنوی</wf>
		<wf pos="VM">آسنہٕ</wf>
		<wf pos="PSP">باوجود</wf>
		<wf pos="CC">تہ</wf>
		<wf pos="NN">رَچھِ</wf>
		<wf pos="VM">کرنس</wf>
		<wf pos="PSP">لایق</wf>
		<wf pos="NN">ارزتھ،اَتھ</wf>
		<wf pos="VM">منزچھِ</wf>
		<wf pos="DEM">ییمہ</wf>
		<wf pos="NN">قسمٕکۍ</wf>
		<wf pos="VM">کٍتۍ</wf>
		<wf pos="NN">شعر</wf>
		<wf pos="RB">از</wf>
		<wf pos="PSP">تام</wf>
		<wf pos="JJ">بے</wf>
		<wf pos="NN">مثال</wf>
		<wf pos="VM">پھول</wf>
		<wf pos="VAUX">ٲسِتھ</wf>
		<wf pos="NN">ہیول</wf>
		<wf pos="VM">سپنکھ</wf>
		<wf pos="JJ">کھل</wf>
		<wf pos="VM">بنکھ</wf>
		<wf pos="NN">قطرٕکِس</wf>
		<wf pos="JJ">دٔرۍیاوٕسٕے</wf>
		<wf pos="NN">وٲصِل</wf>
		<wf pos="VM">بنکھ</wf>
		<wf pos="NN">حالہٕ</wf>
		<wf pos="RB">تَلے</wf>
		<wf pos="VM">روٗد</wf>
		<wf pos="RB">کتے</wf>
		<wf pos="NN">راتھ</wf>
		<wf pos="NN">دۅہ</wf>
		<wf pos="VM">کنہ</wf>
		<wf pos="NN">پھٔلۍ</wf>
		<wf pos="POW">سٕے</wf>
		<wf pos="PSP">پٮ۪ٹھ</wf>
		<wf pos="JJ" sense_id="1">ؤسِتھ</wf>
		<wf pos="PSP">زن</wf>
		<wf pos="VAUX">آو</wf>
		<wf pos="NN">کۅہ</wf>
		<wf pos="CC">اماپوز</wf>
		<wf pos="JJ">نۅم</wf>
		<wf pos="NN">شعر</wf>
		<wf pos="VAUX">چھِ</wf>
		<wf pos="CC">یاتہٕ</wf>
		<wf pos="JJ">بے</wf>
		<wf pos="NN">مانہ</wf>
		<wf pos="CC">،نتہٕ</wf>
		<wf pos="NN">ثقیل،</wf>
		<wf pos="VM">آے</wf>
		<wf pos="NN">سلیمان</wf>
		<wf pos="PSP">ہٮ۪تھ</wf>
		<wf pos="NNC">اَسہ</wf>
		<wf pos="NN">ماسٲرۍیے</wf>
		<wf pos="NNPC">سانہ</wf>
		<wf pos="VM">واتنٕچ</wf>
		<wf pos="DEM">تَتھ</wf>
		<wf pos="NN">تاں</wf>
		<wf pos="PRP">کینہہ</wf>
		<wf pos="NEG">چھنہٕ</wf>
		<wf pos="VAUX">سَے</wf>
		<wf pos="NN">مو</wf>
		<wf pos="CC">زِ</wf>
		<wf pos="NN">ضعیف</wf>
		<wf pos="VAUX">ٲسۍ</wf>
		<wf pos="NN">گٔمٕتۍدرچاہ</wf>
		<wf pos="VAUX">چھِ</wf>
		<wf pos="VM">بند</wf>
		<wf pos="RB">کتہ</wf>
		<wf pos="NN">طاقت</wf>
		<wf pos="PRP">أسۍ</wf>
		<wf pos="VM">اَنو</wf>
		<wf pos="NNPC">با</wf>
		<wf pos="NNPC">آں</wf>
		<wf pos="NNPC">بُلند</wf>
		<wf pos="NNPC">قصہ</wf>
		<wf pos="NNPC">با</wf>
		<wf pos="NNP">القصہ</wf>
		<wf pos="PSP">ؤلۍ</wf>
		<wf pos="QF">ؤلۍ</wf>
		<wf pos="RDP">ژے</wf>
		<wf pos="VM">أنِتھ</wf>
		<wf pos="NN">خۅش</wf>
		<wf pos="NN">خبر</wf>
		<wf pos="RP">حضرت</wf>
		<wf pos="NN">سُلیمانس</wf>
		<wf pos="NN">دِژٕتھ</wf>
		<wf pos="NNPC">محمود</wf>
		<wf pos="NNP">گٲمی</wf>
		<wf pos="NEG">چھُنہٕ</wf>
		<wf pos="JJ">صوٗفی</wf>
		<wf pos="NN">شٲعرن</wf>
		<wf pos="PSP">ہٕنز</wf>
		<wf pos="NN">گیجہ</wf>
		<wf pos="VM">گنڈنہٕ</wf>
		<wf pos="VAUX">آمُت</wf>
		<wf pos="CC">اماپوز</wf>
		<wf pos="NNP">تسٕنزن</wf>
		<wf pos="NN">کینژَن</wf>
		<wf pos="NN">مثنوی</wf>
		<wf pos="POW">ین</wf>
		<wf pos="PSP">ہٕندۍ</wf>
		<wf pos="NN">موضوع</wf>
		<wf pos="VAUX">چھِ</wf>
		<wf pos="JJ">خٲلِص</wf>
		<wf pos="JJ">صوٗفی</wf>
		<wf pos="NN">فلسفس</wf>
		<wf pos="VM">سٍتۍ</wf>
		<wf pos="NN">واٹھ</wf>
		<wf pos="VM">تھاوان</wf>
		<wf pos="NN">مثالے</wf>
		<wf pos="NNPC">پۂلۍ</wf>
		<wf pos="NNP">نامہٕ</wf>
		<wf pos="NNP">،منصوٗر</wf>
		<wf pos="NNP">نامہٕ</wf>
		<wf pos="NN">بیترِ</wf>
		<wf pos="NN">منصوٗرنامہٕ</wf>
		<wf pos="VAUX">چھُ</wf>
		<wf pos="NN">محمودس</wf>
		<wf pos="SYM">۔</wf>
	</sentence>
	<sentence s_id="19">
		<wf pos="NN">فقروفنا</wf>
		<wf pos="NN">اتہ</wf>
		<wf pos="NN">کتیو</wf>
		<wf pos="NN">ویژِ</wf>
		<wf pos="VM">ونُن</wf>
		<wf pos="RB">چوں</wf>
		<wf pos="CC">و</wf>
		<wf pos="RB">چرا</wf>
		<wf pos="NNC">عالمِ</wf>
		<wf pos="NN">امثالٕکۍ</wf>
		<wf pos="NN">احباب</wf>
		<wf pos="DEM">یِم</wf>
		<wf pos="NN">حکمتھاہ</wf>
		<wf pos="NN">تصویر</wf>
		<wf pos="VM">چھی</wf>
		<wf pos="NN">برآب</wf>
		<wf pos="PRP">تِم</wf>
		<wf pos="NEG">نے</wf>
		<wf pos="JJ">ویژی</wf>
		<wf pos="NN">تتہ</wf>
		<wf pos="NN">بندٕ</wf>
		<wf pos="VM">ونُن</wf>
		<wf pos="NEG">نے</wf>
		<wf pos="NNP">خدا</wf>
		<wf pos="NEG">نے</wf>
		<wf pos="JJ">ویژی</wf>
		<wf pos="NN">تتہ</wf>
		<wf pos="NN">پادشاہ</wf>
		<wf pos="NEG">نے</wf>
		<wf pos="NN">گدا</wf>
		<wf pos="NN">زبان</wf>
		<wf pos="CC">و</wf>
		<wf pos="NN">بیانہٕ</wf>
		<wf pos="PSP">کٮ۪و</wf>
		<wf pos="PRP">کینژَو</wf>
		<wf pos="PSP">کھۅندٮ۪و</wf>
		<wf pos="RB">ورٲے</wf>
		<wf pos="VAUX">چھے</wf>
		<wf pos="NNP">کٲشِر</wf>
		<wf pos="NNPC">منطق</wf>
		<wf pos="NNP">الطیر</wf>
		<wf pos="PRP">سٲنۍ</wf>
		<wf pos="QC">اکھ</wf>
		<wf pos="JJ">ابتدٲیی</wf>
		<wf pos="NN">مثنوی</wf>
		<wf pos="VM">آسنہٕ</wf>
		<wf pos="PSP">باوجود</wf>
		<wf pos="CC">تہ</wf>
		<wf pos="NN">رَچھِ</wf>
		<wf pos="VM">کرنس</wf>
		<wf pos="PSP">لایق</wf>
		<wf pos="NN">ارزتھ،اَتھ</wf>
		<wf pos="VM">منزچھِ</wf>
		<wf pos="DEM">ییمہ</wf>
		<wf pos="NN">قسمٕکۍ</wf>
		<wf pos="VM">کٍتۍ</wf>
		<wf pos="NN">شعر</wf>
		<wf pos="RB">از</wf>
		<wf pos="PSP">تام</wf>
		<wf pos="JJ">بے</wf>
		<wf pos="NN">مثال</wf>
		<wf pos="VM">پھول</wf>
		<wf pos="VAUX">ٲسِتھ</wf>
		<wf pos="NN">ہیول</wf>
		<wf pos="VM">سپنکھ</wf>
		<wf pos="JJ">کھل</wf>
		<wf pos="VM">بنکھ</wf>
		<wf pos="NN">قطرٕکِس</wf>
		<wf pos="JJ">دٔرۍیاوٕسٕے</wf>
		<wf pos="NN">وٲصِل</wf>
		<wf pos="VM">بنکھ</wf>
		<wf pos="NN">حالہٕ</wf>
		<wf pos="RB">تَلے</wf>
		<wf pos="VM">روٗد</wf>
		<wf pos="RB">کتے</wf>
		<wf pos="NN">راتھ</wf>
		<wf pos="NN">دۅہ</wf>
		<wf pos="VM">کنہ</wf>
		<wf pos="NN">پھٔلۍ</wf>
		<wf pos="POW">سٕے</wf>
		<wf pos="PSP">پٮ۪ٹھ</wf>
		<wf pos="JJ" sense_id="1">ؤسِتھ</wf>
		<wf pos="PSP">زن</wf>
		<wf pos="VAUX">آو</wf>
		<wf pos="NN">کۅہ</wf>
		<wf pos="CC">اماپوز</wf>
		<wf pos="JJ">نۅم</wf>
		<wf pos="NN">شعر</wf>
		<wf pos="VAUX">چھِ</wf>
		<wf pos="CC">یاتہٕ</wf>
		<wf pos="JJ">بے</wf>
		<wf pos="NNPC">مانہ</wf>
		<wf pos="NNPC">،نتہٕ</wf>
		<wf pos="NNP">ثقیل</wf>
		<wf pos="VM">آے</wf>
		<wf pos="NN">سلیمان</wf>
		<wf pos="PSP">ہٮ۪تھ</wf>
		<wf pos="NNC">اَسہ</wf>
		<wf pos="NN">ماسٲرۍیے</wf>
		<wf pos="NNPC">سانہ</wf>
		<wf pos="VM">واتنٕچ</wf>
		<wf pos="DEM">تَتھ</wf>
		<wf pos="NN">تاں</wf>
		<wf pos="PRP">کینہہ</wf>
		<wf pos="NEG">چھنہٕ</wf>
		<wf pos="VAUX">سَے</wf>
		<wf pos="NN">مو</wf>
		<wf pos="CC">زِ</wf>
		<wf pos="NN">ضعیف</wf>
		<wf pos="VAUX">ٲسۍ</wf>
		<wf pos="NN">گٔمٕتۍدرچاہ</wf>
		<wf pos="VAUX">چھِ</wf>
		<wf pos="VM">بند</wf>
		<wf pos="RB">کتہ</wf>
		<wf pos="NN">طاقت</wf>
		<wf pos="PRP">أسۍ</wf>
		<wf pos="VM">اَنو</wf>
		<wf pos="NNPC">با</wf>
		<wf pos="NNPC">آں</wf>
		<wf pos="NNPC">بُلند</wf>
		<wf pos="NNPC">قصہ</wf>
		<wf pos="NNPC">با</wf>
		<wf pos="NNP">القصہ</wf>
		<wf pos="PSP">ؤلۍ</wf>
		<wf pos="QF">ؤلۍ</wf>
		<wf pos="RDP">ژے</wf>
		<wf pos="VM">أنِتھ</wf>
		<wf pos="NN">خۅش</wf>
		<wf pos="NN">خبر</wf>
		<wf pos="RP">حضرت</wf>
		<wf pos="NN">سُلیمانس</wf>
		<wf pos="NN">دِژٕتھ</wf>
		<wf pos="NNPC">محمود</wf>
		<wf pos="NNP">گٲمی</wf>
		<wf pos="NEG">چھُنہٕ</wf>
		<wf pos="JJ">صوٗفی</wf>
		<wf pos="NN">شٲعرن</wf>
		<wf pos="PSP">ہٕنز</wf>
		<wf pos="NN">گیجہ</wf>
		<wf pos="VM">گنڈنہٕ</wf>
		<wf pos="VAUX">آمُت</wf>
		<wf pos="CC">اماپوز</wf>
		<wf pos="NNP">تسٕنزن</wf>
		<wf pos="NN">کینژَن</wf>
		<wf pos="NN">مثنوی</wf>
		<wf pos="POW">ین</wf>
		<wf pos="PSP">ہٕندۍ</wf>
		<wf pos="NN">موضوع</wf>
		<wf pos="VAUX">چھِ</wf>
		<wf pos="JJ">خٲلِص</wf>
		<wf pos="JJ">صوٗفی</wf>
		<wf pos="NN">فلسفس</wf>
		<wf pos="VM">سٍتۍ</wf>
		<wf pos="NN">واٹھ</wf>
		<wf pos="VM">تھاوان</wf>
		<wf pos="NN">مثالے</wf>
		<wf pos="NNPC">پۂلۍ</wf>
		<wf pos="NNP">نامہٕ</wf>
		<wf pos="NNP">،منصوٗر</wf>
		<wf pos="NNP">نامہٕ</wf>
		<wf pos="NN">بیترِ</wf>
		<wf pos="NN">منصوٗرنامہٕ</wf>
		<wf pos="VAUX">چھُ</wf>
		<wf pos="NN">محمودس</wf>
		<wf pos="SYM">۔</wf>
	</sentence>
	<sentence s_id="20">
		<wf pos="NN">فقروفنا</wf>
		<wf pos="NN">اتہ</wf>
		<wf pos="NN">کتیو</wf>
		<wf pos="NN">ویژِ</wf>
		<wf pos="VM">ونُن</wf>
		<wf pos="RB">چوں</wf>
		<wf pos="CC">و</wf>
		<wf pos="RB">چرا</wf>
		<wf pos="NNC">عالمِ</wf>
		<wf pos="NN">امثالٕکۍ</wf>
		<wf pos="NN">احباب</wf>
		<wf pos="DEM">یِم</wf>
		<wf pos="NN">حکمتھاہ</wf>
		<wf pos="NN">تصویر</wf>
		<wf pos="VM">چھی</wf>
		<wf pos="NN">برآب</wf>
		<wf pos="PRP">تِم</wf>
		<wf pos="NEG">نے</wf>
		<wf pos="JJ">ویژی</wf>
		<wf pos="NN">تتہ</wf>
		<wf pos="NN">بندٕ</wf>
		<wf pos="VM">ونُن</wf>
		<wf pos="NEG">نے</wf>
		<wf pos="NNP">خدا</wf>
		<wf pos="NEG">نے</wf>
		<wf pos="JJ">ویژی</wf>
		<wf pos="NN">تتہ</wf>
		<wf pos="NN">پادشاہ</wf>
		<wf pos="NEG">نے</wf>
		<wf pos="NN">گدا</wf>
		<wf pos="NN">زبان</wf>
		<wf pos="CC">و</wf>
		<wf pos="NN">بیانہٕ</wf>
		<wf pos="PSP">کٮ۪و</wf>
		<wf pos="PRP">کینژَو</wf>
		<wf pos="PSP">کھۅندٮ۪و</wf>
		<wf pos="RB">ورٲے</wf>
		<wf pos="VAUX">چھے</wf>
		<wf pos="NNP">کٲشِر</wf>
		<wf pos="NNPC">منطق</wf>
		<wf pos="NNP">الطیر</wf>
		<wf pos="PRP">سٲنۍ</wf>
		<wf pos="QC">اکھ</wf>
		<wf pos="JJ">ابتدٲیی</wf>
		<wf pos="NN">مثنوی</wf>
		<wf pos="VM">آسنہٕ</wf>
		<wf pos="PSP">باوجود</wf>
		<wf pos="CC">تہ</wf>
		<wf pos="NN">رَچھِ</wf>
		<wf pos="VM">کرنس</wf>
		<wf pos="PSP">لایق</wf>
		<wf pos="NN">ارزتھ،اَتھ</wf>
		<wf pos="VM">منزچھِ</wf>
		<wf pos="DEM">ییمہ</wf>
		<wf pos="NN">قسمٕکۍ</wf>
		<wf pos="VM">کٍتۍ</wf>
		<wf pos="NN">شعر</wf>
		<wf pos="RB">از</wf>
		<wf pos="PSP">تام</wf>
		<wf pos="JJ">بے</wf>
		<wf pos="NN">مثال</wf>
		<wf pos="VM">پھول</wf>
		<wf pos="VAUX">ٲسِتھ</wf>
		<wf pos="NN">ہیول</wf>
		<wf pos="VM">سپنکھ</wf>
		<wf pos="JJ">کھل</wf>
		<wf pos="VM">بنکھ</wf>
		<wf pos="NN">قطرٕکِس</wf>
		<wf pos="JJ">دٔرۍیاوٕسٕے</wf>
		<wf pos="NN">وٲصِل</wf>
		<wf pos="VM">بنکھ</wf>
		<wf pos="NN">حالہٕ</wf>
		<wf pos="RB">تَلے</wf>
		<wf pos="VM">روٗد</wf>
		<wf pos="RB">کتے</wf>
		<wf pos="NN">راتھ</wf>
		<wf pos="NN">دۅہ</wf>
		<wf pos="VM">کنہ</wf>
		<wf pos="NN">پھٔلۍ</wf>
		<wf pos="POW">سٕے</wf>
		<wf pos="PSP">پٮ۪ٹھ</wf>
		<wf pos="JJ" sense_id="1">ؤسِتھ</wf>
		<wf pos="PSP">زن</wf>
		<wf pos="VAUX">آو</wf>
		<wf pos="NN">کۅہ</wf>
		<wf pos="CC">اماپوز</wf>
		<wf pos="JJ">نۅم</wf>
		<wf pos="NN">شعر</wf>
		<wf pos="VAUX">چھِ</wf>
		<wf pos="CC">یاتہٕ</wf>
		<wf pos="JJ">بے</wf>
		<wf pos="NNPC">مانہ</wf>
		<wf pos="NNPC">،نتہٕ</wf>
		<wf pos="NNP">ثقیل</wf>
		<wf pos="VM">آے</wf>
		<wf pos="NN">سلیمان</wf>
		<wf pos="PSP">ہٮ۪تھ</wf>
		<wf pos="NNC">اَسہ</wf>
		<wf pos="NN">ماسٲرۍیے</wf>
		<wf pos="NNPC">سانہ</wf>
		<wf pos="VM">واتنٕچ</wf>
		<wf pos="DEM">تَتھ</wf>
		<wf pos="NN">تاں</wf>
		<wf pos="PRP">کینہہ</wf>
		<wf pos="NEG">چھنہٕ</wf>
		<wf pos="VAUX">سَے</wf>
		<wf pos="NN">مو</wf>
		<wf pos="CC">زِ</wf>
		<wf pos="NN">ضعیف</wf>
		<wf pos="VAUX">ٲسۍ</wf>
		<wf pos="NN">گٔمٕتۍدرچاہ</wf>
		<wf pos="VAUX">چھِ</wf>
		<wf pos="VM">بند</wf>
		<wf pos="RB">کتہ</wf>
		<wf pos="NN">طاقت</wf>
		<wf pos="PRP">أسۍ</wf>
		<wf pos="VM">اَنو</wf>
		<wf pos="NNPC">با</wf>
		<wf pos="NNPC">آں</wf>
		<wf pos="NNPC">بُلند</wf>
		<wf pos="NNPC">قصہ</wf>
		<wf pos="NNPC">با</wf>
		<wf pos="NNP">القصہ</wf>
		<wf pos="PSP">ؤلۍ</wf>
		<wf pos="QF">ؤلۍ</wf>
		<wf pos="RDP">ژے</wf>
		<wf pos="VM">أنِتھ</wf>
		<wf pos="NN">خۅش</wf>
		<wf pos="NN">خبر</wf>
		<wf pos="RP">حضرت</wf>
		<wf pos="NN">سُلیمانس</wf>
		<wf pos="NN">دِژٕتھ</wf>
		<wf pos="NNPC">محمود</wf>
		<wf pos="NNP">گٲمی</wf>
		<wf pos="NEG">چھُنہٕ</wf>
		<wf pos="JJ">صوٗفی</wf>
		<wf pos="NN">شٲعرن</wf>
		<wf pos="PSP">ہٕنز</wf>
		<wf pos="NN">گیجہ</wf>
		<wf pos="VM">گنڈنہٕ</wf>
		<wf pos="VAUX">آمُت</wf>
		<wf pos="CC">اماپوز</wf>
		<wf pos="NNP">تسٕنزن</wf>
		<wf pos="NN">کینژَن</wf>
		<wf pos="NN">مثنوی</wf>
		<wf pos="POW">ین</wf>
		<wf pos="PSP">ہٕندۍ</wf>
		<wf pos="NN">موضوع</wf>
		<wf pos="VAUX">چھِ</wf>
		<wf pos="JJ">خٲلِص</wf>
		<wf pos="JJ">صوٗفی</wf>
		<wf pos="NN">فلسفس</wf>
		<wf pos="VM">سٍتۍ</wf>
		<wf pos="NN">واٹھ</wf>
		<wf pos="VM">تھاوان</wf>
		<wf pos="NN">مثالے</wf>
		<wf pos="NNPC">پۂلۍ</wf>
		<wf pos="NNP">نامہٕ</wf>
		<wf pos="NNP">،منصوٗر</wf>
		<wf pos="NNP">نامہٕ</wf>
		<wf pos="NN">بیترِ</wf>
		<wf pos="NN">منصوٗرنامہٕ</wf>
		<wf pos="VAUX">چھُ</wf>
		<wf pos="NN">محمودس</wf>
		<wf pos="SYM">۔</wf>
	</sentence>
	<sentence s_id="21">
		<wf pos="NN">ہوا</wf>
		<wf pos="RB">وِسان</wf>
		<wf pos="PRP">چُھنہ</wf>
		<wf pos="NN">میٲنس</wf>
		<wf pos="VAUX">وچھس</wf>
		<wf pos="JJ" sense_id="2">ؤسِتھ</wf>
		<wf pos="VAUX">نحقے</wf>
		<wf pos="SYM">۔</wf>
	</sentence>
	<sentence s_id="22">
		<wf pos="NN">حالہٕ</wf>
		<wf pos="RB">تَلے</wf>
		<wf pos="VM">روٗد</wf>
		<wf pos="RB">کتے</wf>
		<wf pos="NN">راتھ</wf>
		<wf pos="NN">دۅہ</wf>
		<wf pos="VM">کنہ</wf>
		<wf pos="NN">پھٔلۍ</wf>
		<wf pos="POW">سٕے</wf>
		<wf pos="PSP">پٮ۪ٹھ</wf>
		<wf pos="JJ" sense_id="1">ؤسِتھ</wf>
		<wf pos="PSP">زن</wf>
		<wf pos="VAUX">آو</wf>
		<wf pos="NN">کۅہ</wf>
		<wf pos="SYM">۔</wf>
	</sentence>
	<sentence s_id="23">
		<wf pos="NN">شہابہٕ</wf>
		<wf pos="JJ" sense_id="3">ؤسِتھ</wf>
		<wf pos="RB">یِنہٕ</wf>
		<wf pos="PSP">سۭتۍ</wf>
		<wf pos="VM">ؤژھ</wf>
		<wf pos="INTF">واریاہ</wf>
		<wf pos="JJ">ہَڑبٔڑی</wf>
		<wf pos="SYM">۔</wf>
	</sentence>
<?xml version="1.0" encoding="utf-8" ?>
<contextfile fileno="84" filename="ؤسِتھ">
	<sentence s_id="1">
		<wf pos="DEM">اَتھ</wf>
		<wf pos="NN">ووڑس</wf>
		<wf pos="SYM">س</wf>
		<wf pos="VAUX">چُھ</wf>
		<wf pos="NN">انسانن</wf>
		<wf pos="NN">زٮ۪نہٕ</wf>
		<wf pos="PSP">پٮ۪ٹھہٕ</wf>
		<wf pos="VM">مرنَس</wf>
		<wf pos="PSP">تام</wf>
		<wf pos="RB">تِتھٕ</wf>
		<wf pos="POW">پٲٹھۍ</wf>
		<wf pos="VM">باگنےکٔرمٕژ</wf>
		<wf pos="RB">یِتھہٕ</wf>
		<wf pos="POW">پٲٹھۍ</wf>
		<wf pos="DEM">یہِ</wf>
		<wf pos="PRP">پانہٕ</wf>
		<wf pos="NN">ہَنہ</wf>
		<wf pos="VM">ہَنہِ</wf>
		<wf pos="VM">پھانھلِتھ</wf>
		<wf pos="NN">اکِہ</wf>
		<wf pos="PSP">مٔنٛزۍ</wf>
		<wf pos="NN">لہٕ</wf>
		<wf pos="PSP">پٮ۪ٹھٕ</wf>
		<wf pos="PRP">بیٚیِس</wf>
		<wf pos="PSP">مٔنزۍ</wf>
		<wf pos="NN">لَس</wf>
		<wf pos="VM">واتان</wf>
		<wf pos="VAUX">چُھ</wf>
		<wf pos="NNC">شُرۍ</wf>
		<wf pos="NN">لٲزۍ</wf>
		<wf pos="PSP">پٮ۪ٹھہٕ</wf>
		<wf pos="VAUX">لۄکچارس،</wf>
		<wf pos="NN">لۄکچار</wf>
		<wf pos="PSP">پٮ۪ٹھہٕ</wf>
		<wf pos="NNP">جوٲنی،</wf>
		<wf pos="NN">جوٲنی</wf>
		<wf pos="PSP">پٮ۪ٹھہٕ</wf>
		<wf pos="JJ" sense_id="1">ؤسِتھ</wf>
		<wf pos="NN">سزنرس</wf>
		<wf pos="NN">شریٚپتھِ</wf>
		<wf pos="VM">میٚژِگژھان</wf>
		<wf pos="NN">میٚژ</wf>
		<wf pos="SYM">۔</wf>
	</sentence>
	<sentence s_id="2">
		<wf pos="PRP">یُس</wf>
		<wf pos="NEG">نہٕ</wf>
		<wf pos="NN">دوٚر</wf>
		<wf pos="VM">آسہِ</wf>
		<wf pos="CC">تہٕ</wf>
		<wf pos="PRP">بیٚیِہ</wf>
		<wf pos="NN">دَباوٕ</wf>
		<wf pos="PSP">سۭتۍ</wf>
		<wf pos="JJ" sense_id="2">ؤسِتھ</wf>
		<wf pos="NN">گَژھہِ:یہِ</wf>
		<wf pos="VAUX">چھِ</wf>
		<wf pos="JJ">نَرَم</wf>
		<wf pos="NN">اَمب</wf>
		<wf pos="SYM">۔</wf>
	</sentence>
	<sentence s_id="3">
		<wf pos="PRP">سۄ</wf>
		<wf pos="VAUX">چُھ</wf>
		<wf pos="JJ" sense_id="3">ؤسِتھ</wf>
		<wf pos="NN">خانٛدانَس</wf>
		<wf pos="PSP">منٛز</wf>
		<wf pos="VM">زامُت</wf>
		<wf pos="SYM">۔</wf>
	</sentence>
	<sentence s_id="4">
		<wf pos="PRP">سُہ</wf>
		<wf pos="VAUX">چُھ</wf>
		<wf pos="JJ" sense_id="3">ؤسِتھ</wf>
		<wf pos="NN">قٔبیٖلُک</wf>
		<wf pos="NN">نَفَر</wf>
		<wf pos="SYM">۔</wf>
	</sentence>
	<sentence s_id="5">
		<wf pos="NNP">رامبن</wf>
		<wf pos="PSP">نِشہِ</wf>
		<wf pos="VAUX">گٔیہِ</wf>
		<wf pos="NN">کھمبر</wf>
		<wf pos="JJ" sense_id="4">ؤسِتھ</wf>
		<wf pos="VM">یِنہٕ</wf>
		<wf pos="PSP">سۭتۍ</wf>
		<wf pos="NN">وتھ</wf>
		<wf pos="NN">بنٛد</wf>
		<wf pos="CC">تہٕ</wf>
		<wf pos="PRP">اسہِ</wf>
		<wf pos="VM">پیوٚو</wf>
		<wf pos="NN">راتس</wf>
		<wf pos="NN">ہوٹلس</wf>
		<wf pos="PSP">منٛز</wf>
		<wf pos="VM">رُکُن</wf>
		<wf pos="SYM">۔</wf>
	</sentence>
	<sentence s_id="6">
		<wf pos="JJ" sense_id="3">ؤسِتھ</wf>
		<wf pos="NN">زٲژ</wf>
		<wf pos="PSP">ہٕنٛزِ</wf>
		<wf pos="NN">کورِ</wf>
		<wf pos="PSP">سۭتۍ</wf>
		<wf pos="NN">خانٛدَر</wf>
		<wf pos="VM">کَرنہٕ</wf>
		<wf pos="RB">پَتہٕ</wf>
		<wf pos="VAUX">آو</wf>
		<wf pos="NNPC">مَنٛگَل</wf>
		<wf pos="NN">گَرِ</wf>
		<wf pos="VM">کٔڑِتھ</wf>
		<wf pos="VM">ژھٕننہٕ</wf>
		<wf pos="SYM">۔</wf>
	</sentence>
	<sentence s_id="7">
		<wf pos="NN">روٗدَس</wf>
		<wf pos="PSP">منٛز</wf>
		<wf pos="JJ" sense_id="4">ؤسِتھ</wf>
		<wf pos="VAUX">گٲمتِس</wf>
		<wf pos="NN">مَکانَس</wf>
		<wf pos="VM">پیٚیہِ</wf>
		<wf pos="JJ">نٔو</wf>
		<wf pos="NN">بُنیاد</wf>
		<wf pos="VM">کھالٕنۍ</wf>
		<wf pos="SYM">۔</wf>
	</sentence>
	<sentence s_id="8">
		<wf pos="NN">دٔریاب</wf>
		<wf pos="VAUX">چھِ</wf>
		<wf pos="NN">پَہاڑو</wf>
		<wf pos="PSP">پٮ۪ٹھ</wf>
		<wf pos="JJ" sense_id="1">ؤسِتھ</wf>
		<wf pos="NN">سوٚدرَس</wf>
		<wf pos="PSP">منٛز</wf>
		<wf pos="VM">مِلان</wf>
		<wf pos="SYM">۔</wf>
	</sentence>
	<sentence s_id="9">
		<wf pos="NN">بیٚہنہٕ</wf>
		<wf pos="PSP">سۭتۍ</wf>
		<wf pos="VAUX">چُھ</wf>
		<wf pos="DEM">یہِ</wf>
		<wf pos="NN">سوفہٕ</wf>
		<wf pos="INTF">واریاہ</wf>
		<wf pos="RB">بۄن</wf>
		<wf pos="JJ" sense_id="2">ؤسِتھ</wf>
		<wf pos="VM">گَژھان</wf>
		<wf pos="SYM">۔</wf>
	</sentence>
	<sentence s_id="10">
		<wf pos="NN">شیرَن</wf>
		<wf pos="PSP">ہٕنٛدِ</wf>
		<wf pos="NN">قۭمتُک</wf>
		<wf pos="RB">لگاتار</wf>
		<wf pos="JJ" sense_id="5">ؤسِتھ</wf>
		<wf pos="VM">گَژھنُک</wf>
		<wf pos="NN">وجہہ</wf>
		<wf pos="VAUX">چُھ</wf>
		<wf pos="NN">معلوٗم</wf>
		<wf pos="VM">کَرنہٕ</wf>
		<wf pos="VAUX">یوان</wf>
		<wf pos="SYM">۔</wf>
	</sentence>
	<sentence s_id="11">
		<wf pos="QC">دُہہ</wf>
		<wf pos="NN">کِس</wf>
		<wf pos="NN">وَقتَس</wf>
		<wf pos="PSP">منٛز</wf>
		<wf pos="JJ" sense_id="1">ؤسِتھ</wf>
		<wf pos="VM">یِنہٕ</wf>
		<wf pos="PSP">وول</wf>
		<wf pos="NN">تارُک</wf>
		<wf pos="SYM">۔</wf>
	</sentence>
	<sentence s_id="12">
		<wf pos="DEM">یُس</wf>
		<wf pos="JJ">معموٗلی</wf>
		<wf pos="NN">ژٲژِ</wf>
		<wf pos="PSP">ہُںٛد</wf>
		<wf pos="JJ">آسہِ:غریٖبی</wf>
		<wf pos="NN">مَںٛز</wf>
		<wf pos="VAUX">چھِ</wf>
		<wf pos="JJ" sense_id="1">ؤسِتھ</wf>
		<wf pos="VM">تۄملَسٕے</wf>
		<wf pos="NN">زَڑ</wf>
		<wf pos="VM">کَڑان</wf>
		<wf pos="SYM">۔</wf>
	</sentence>
	<sentence s_id="13">
		<wf pos="NN">زمیٖن</wf>
		<wf pos="VM">دَسنہٕ</wf>
		<wf pos="VM">یِنہٕ</wf>
		<wf pos="PSP">کہِ</wf>
		<wf pos="NN">وَجہہ</wf>
		<wf pos="VAUX">گٔیہِ</wf>
		<wf pos="NN">عمارَت</wf>
		<wf pos="JJ" sense_id="3">ؤسِتھ</wf>
		<wf pos="SYM">۔</wf>
	</sentence>
	<sentence s_id="14">
		<wf pos="JJ" sense_id="4">ؤسِتھ</wf>
		<wf pos="NN">موضوٗعَس</wf>
		<wf pos="PSP">پٮ۪ٹھ</wf>
		<wf pos="NEG">مہٕ</wf>
		<wf pos="VM">راورٲوِو</wf>
		<wf pos="PRP">پَنُن</wf>
		<wf pos="NN">وَق</wf>
		<wf pos="SYM">۔</wf>
	</sentence>
	<sentence s_id="15">
		<wf pos="JJ">بوٚڈ</wf>
		<wf pos="NN">ڈانٛچہِ</wf>
		<wf pos="DEM">یَتھ</wf>
		<wf pos="PSP">پٮ۪ٹھ</wf>
		<wf pos="VM">بِہِت</wf>
		<wf pos="JJ">کٲرۍگَر</wf>
		<wf pos="NN">کٲم</wf>
		<wf pos="VAUX">چھِ</wf>
		<wf pos="NN">کَران:خامہٕ</wf>
		<wf pos="PSP">پٮ۪ٹھٕ</wf>
		<wf pos="JJ" sense_id="5">ؤسِتھ</wf>
		<wf pos="NN">کَرِ</wf>
		<wf pos="NN">کٲرۍگَرَن</wf>
		<wf pos="RB">کَتھٕ</wf>
		<wf pos="SYM">۔</wf>
	</sentence>
	<sentence s_id="16">
		<wf pos="PRP">یُس</wf>
		<wf pos="JJ" sense_id="4">ؤسِتھ</wf>
		<wf pos="NN">خانٛدانَس</wf>
		<wf pos="PSP">منٛز</wf>
		<wf pos="VAUX">آسہِ</wf>
		<wf pos="VM">زامُت:ؤسِتھ</wf>
		<wf pos="NN">خانٛدانُک</wf>
		<wf pos="NN">شَخٕص</wf>
		<wf pos="NN">بَنیو</wf>
		<wf pos="VAUX">پَنٛنیو</wf>
		<wf pos="NN">عملو</wf>
		<wf pos="PSP">سۭتۍ</wf>
		<wf pos="JJ">تَھدِ</wf>
		<wf pos="NN">پایُک</wf>
		<wf pos="SYM">۔</wf>
	</sentence>
	<sentence s_id="17">
		<wf pos="PRP">یُس</wf>
		<wf pos="VM">ؤسِِتھ</wf>
		<wf pos="VAUX">آسہِ</wf>
		<wf pos="NN">آمُت:پَہاڑو</wf>
		<wf pos="PSP">پٮ۪ٹھٕ</wf>
		<wf pos="JJ" sense_id="3">ؤسِتھ</wf>
		<wf pos="NN">پَسیو</wf>
		<wf pos="PSP">سۭتۍ</wf>
		<wf pos="VAUX">گٔے</wf>
		<wf pos="DEM">یہِ</wf>
		<wf pos="JJ">پَپٲڑی</wf>
		<wf pos="NN">وَتھ</wf>
		<wf pos="JJ">بَنٛد</wf>
		<wf pos="SYM">۔</wf>
	</sentence>
	<sentence s_id="18">
		<wf pos="NN">تتہ</wf>
		<wf pos="NN">پادشاہ</wf>
		<wf pos="NEG">نے</wf>
		<wf pos="NN">گدا</wf>
		<wf pos="NN">زبان</wf>
		<wf pos="CC">و</wf>
		<wf pos="NN">بیانہٕ</wf>
		<wf pos="PSP">کٮ۪و</wf>
		<wf pos="PRP">کینژَو</wf>
		<wf pos="PSP">کھۅندٮ۪و</wf>
		<wf pos="RB">ورٲے</wf>
		<wf pos="VAUX">چھے</wf>
		<wf pos="NNP">کٲشِر</wf>
		<wf pos="NNPC">منطق</wf>
		<wf pos="NNP">الطیر</wf>
		<wf pos="PRP">سٲنۍ</wf>
		<wf pos="QC">اکھ</wf>
		<wf pos="JJ">ابتدٲیی</wf>
		<wf pos="NN">مثنوی</wf>
		<wf pos="VM">آسنہٕ</wf>
		<wf pos="PSP">باوجود</wf>
		<wf pos="CC">تہ</wf>
		<wf pos="NN">رَچھِ</wf>
		<wf pos="VM">کرنس</wf>
		<wf pos="PSP">لایق</wf>
		<wf pos="NN">ارزتھ،اَتھ</wf>
		<wf pos="VM">منزچھِ</wf>
		<wf pos="DEM">ییمہ</wf>
		<wf pos="NN">قسمٕکۍ</wf>
		<wf pos="VM">کٍتۍ</wf>
		<wf pos="NN">شعر</wf>
		<wf pos="RB">از</wf>
		<wf pos="PSP">تام</wf>
		<wf pos="JJ">بے</wf>
		<wf pos="NN">مثال</wf>
		<wf pos="VM">پھول</wf>
		<wf pos="VAUX">ٲسِتھ</wf>
		<wf pos="NN">ہیول</wf>
		<wf pos="VM">سپنکھ</wf>
		<wf pos="JJ">کھل</wf>
		<wf pos="VM">بنکھ</wf>
		<wf pos="NN">قطرٕکِس</wf>
		<wf pos="JJ">دٔرۍیاوٕسٕے</wf>
		<wf pos="NN">وٲصِل</wf>
		<wf pos="VM">بنکھ</wf>
		<wf pos="NN">حالہٕ</wf>
		<wf pos="RB">تَلے</wf>
		<wf pos="VM">روٗد</wf>
		<wf pos="RB">کتے</wf>
		<wf pos="NN">راتھ</wf>
		<wf pos="NN">دۅہ</wf>
		<wf pos="VM">کنہ</wf>
		<wf pos="NN">پھٔلۍ</wf>
		<wf pos="POW">سٕے</wf>
		<wf pos="PSP">پٮ۪ٹھ</wf>
		<wf pos="JJ" sense_id="1">ؤسِتھ</wf>
		<wf pos="PSP">زن</wf>
		<wf pos="VAUX">آو</wf>
		<wf pos="NN">کۅہ</wf>
		<wf pos="CC">اماپوز</wf>
		<wf pos="JJ">نۅم</wf>
		<wf pos="NN">شعر</wf>
		<wf pos="VAUX">چھِ</wf>
		<wf pos="CC">یاتہٕ</wf>
		<wf pos="JJ">بے</wf>
		<wf pos="NN">مانہ</wf>
		<wf pos="CC">،نتہٕ</wf>
		<wf pos="NN">ثقیل،</wf>
		<wf pos="VM">آے</wf>
		<wf pos="NN">سلیمان</wf>
		<wf pos="PSP">ہٮ۪تھ</wf>
		<wf pos="NNC">اَسہ</wf>
		<wf pos="NN">ماسٲرۍیے</wf>
		<wf pos="NNPC">سانہ</wf>
		<wf pos="VM">واتنٕچ</wf>
		<wf pos="DEM">تَتھ</wf>
		<wf pos="NN">تاں</wf>
		<wf pos="PRP">کینہہ</wf>
		<wf pos="NEG">چھنہٕ</wf>
		<wf pos="VAUX">سَے</wf>
		<wf pos="NN">مو</wf>
		<wf pos="CC">زِ</wf>
		<wf pos="NN">ضعیف</wf>
		<wf pos="VAUX">ٲسۍ</wf>
		<wf pos="NN">گٔمٕتۍدرچاہ</wf>
		<wf pos="VAUX">چھِ</wf>
		<wf pos="VM">بند</wf>
		<wf pos="RB">کتہ</wf>
		<wf pos="NN">طاقت</wf>
		<wf pos="PRP">أسۍ</wf>
		<wf pos="VM">اَنو</wf>
		<wf pos="NNPC">با</wf>
		<wf pos="NNPC">آں</wf>
		<wf pos="NNPC">بُلند</wf>
		<wf pos="NNPC">قصہ</wf>
		<wf pos="NNPC">با</wf>
		<wf pos="NNP">القصہ</wf>
		<wf pos="PSP">ؤلۍ</wf>
		<wf pos="QF">ؤلۍ</wf>
		<wf pos="RDP">ژے</wf>
		<wf pos="VM">أنِتھ</wf>
		<wf pos="NN">خۅش</wf>
		<wf pos="NN">خبر</wf>
		<wf pos="RP">حضرت</wf>
		<wf pos="NN">سُلیمانس</wf>
		<wf pos="NN">دِژٕتھ</wf>
		<wf pos="NNPC">محمود</wf>
		<wf pos="NNP">گٲمی</wf>
		<wf pos="NEG">چھُنہٕ</wf>
		<wf pos="JJ">صوٗفی</wf>
		<wf pos="NN">شٲعرن</wf>
		<wf pos="PSP">ہٕنز</wf>
		<wf pos="NN">گیجہ</wf>
		<wf pos="VM">گنڈنہٕ</wf>
		<wf pos="VAUX">آمُت</wf>
		<wf pos="CC">اماپوز</wf>
		<wf pos="NNP">تسٕنزن</wf>
		<wf pos="NN">کینژَن</wf>
		<wf pos="NN">مثنوی</wf>
		<wf pos="POW">ین</wf>
		<wf pos="PSP">ہٕندۍ</wf>
		<wf pos="NN">موضوع</wf>
		<wf pos="VAUX">چھِ</wf>
		<wf pos="JJ">خٲلِص</wf>
		<wf pos="JJ">صوٗفی</wf>
		<wf pos="NN">فلسفس</wf>
		<wf pos="VM">سٍتۍ</wf>
		<wf pos="NN">واٹھ</wf>
		<wf pos="VM">تھاوان</wf>
		<wf pos="NN">مثالے</wf>
		<wf pos="NNPC">پۂلۍ</wf>
		<wf pos="NNP">نامہٕ</wf>
		<wf pos="NNP">،منصوٗر</wf>
		<wf pos="NNP">نامہٕ</wf>
		<wf pos="NN">بیترِ</wf>
		<wf pos="NN">منصوٗرنامہٕ</wf>
		<wf pos="VAUX">چھُ</wf>
		<wf pos="NN">محمودس</wf>
		<wf pos="SYM">۔</wf>
	</sentence>
	<sentence s_id="78">
		<wf pos="NN">فقروفنا</wf>
		<wf pos="NN">اتہ</wf>
		<wf pos="NN">کتیو</wf>
		<wf pos="NN">ویژِ</wf>
		<wf pos="VM">ونُن</wf>
		<wf pos="RB">چوں</wf>
		<wf pos="CC">و</wf>
		<wf pos="RB">چرا</wf>
		<wf pos="NNC">عالمِ</wf>
		<wf pos="NN">امثالٕکۍ</wf>
		<wf pos="NN">احباب</wf>
		<wf pos="DEM">یِم</wf>
		<wf pos="NN">حکمتھاہ</wf>
		<wf pos="NN">تصویر</wf>
		<wf pos="VM">چھی</wf>
		<wf pos="NN">برآب</wf>
		<wf pos="PRP">تِم</wf>
		<wf pos="NEG">نے</wf>
		<wf pos="JJ">ویژی</wf>
		<wf pos="NN">تتہ</wf>
		<wf pos="NN">بندٕ</wf>
		<wf pos="VM">ونُن</wf>
		<wf pos="NEG">نے</wf>
		<wf pos="NNP">خدا</wf>
		<wf pos="NEG">نے</wf>
		<wf pos="JJ">ویژی</wf>
		<wf pos="NN">تتہ</wf>
		<wf pos="NN">پادشاہ</wf>
		<wf pos="NEG">نے</wf>
		<wf pos="NN">گدا</wf>
		<wf pos="NN">زبان</wf>
		<wf pos="CC">و</wf>
		<wf pos="NN">بیانہٕ</wf>
		<wf pos="PSP">کٮ۪و</wf>
		<wf pos="PRP">کینژَو</wf>
		<wf pos="PSP">کھۅندٮ۪و</wf>
		<wf pos="RB">ورٲے</wf>
		<wf pos="VAUX">چھے</wf>
		<wf pos="NNP">کٲشِر</wf>
		<wf pos="NNPC">منطق</wf>
		<wf pos="NNP">الطیر</wf>
		<wf pos="PRP">سٲنۍ</wf>
		<wf pos="QC">اکھ</wf>
		<wf pos="JJ">ابتدٲیی</wf>
		<wf pos="NN">مثنوی</wf>
		<wf pos="VM">آسنہٕ</wf>
		<wf pos="PSP">باوجود</wf>
		<wf pos="CC">تہ</wf>
		<wf pos="NN">رَچھِ</wf>
		<wf pos="VM">کرنس</wf>
		<wf pos="PSP">لایق</wf>
		<wf pos="NN">ارزتھ،اَتھ</wf>
		<wf pos="VM">منزچھِ</wf>
		<wf pos="DEM">ییمہ</wf>
		<wf pos="NN">قسمٕکۍ</wf>
		<wf pos="VM">کٍتۍ</wf>
		<wf pos="NN">شعر</wf>
		<wf pos="RB">از</wf>
		<wf pos="PSP">تام</wf>
		<wf pos="JJ">بے</wf>
		<wf pos="NN">مثال</wf>
		<wf pos="VM">پھول</wf>
		<wf pos="VAUX">ٲسِتھ</wf>
		<wf pos="NN">ہیول</wf>
		<wf pos="VM">سپنکھ</wf>
		<wf pos="JJ">کھل</wf>
		<wf pos="VM">بنکھ</wf>
		<wf pos="NN">قطرٕکِس</wf>
		<wf pos="JJ">دٔرۍیاوٕسٕے</wf>
		<wf pos="NN">وٲصِل</wf>
		<wf pos="VM">بنکھ</wf>
		<wf pos="NN">حالہٕ</wf>
		<wf pos="RB">تَلے</wf>
		<wf pos="VM">روٗد</wf>
		<wf pos="RB">کتے</wf>
		<wf pos="NN">راتھ</wf>
		<wf pos="NN">دۅہ</wf>
		<wf pos="VM">کنہ</wf>
		<wf pos="NN">پھٔلۍ</wf>
		<wf pos="POW">سٕے</wf>
		<wf pos="PSP">پٮ۪ٹھ</wf>
		<wf pos="JJ" sense_id="1">ؤسِتھ</wf>
		<wf pos="PSP">زن</wf>
		<wf pos="VAUX">آو</wf>
		<wf pos="NN">کۅہ</wf>
		<wf pos="CC">اماپوز</wf>
		<wf pos="JJ">نۅم</wf>
		<wf pos="NN">شعر</wf>
		<wf pos="VAUX">چھِ</wf>
		<wf pos="CC">یاتہٕ</wf>
		<wf pos="JJ">بے</wf>
		<wf pos="NNPC">مانہ</wf>
		<wf pos="NNPC">،نتہٕ</wf>
		<wf pos="NNP">ثقیل</wf>
		<wf pos="VM">آے</wf>
		<wf pos="NN">سلیمان</wf>
		<wf pos="PSP">ہٮ۪تھ</wf>
		<wf pos="NNC">اَسہ</wf>
		<wf pos="NN">ماسٲرۍیے</wf>
		<wf pos="NNPC">سانہ</wf>
		<wf pos="VM">واتنٕچ</wf>
		<wf pos="DEM">تَتھ</wf>
		<wf pos="NN">تاں</wf>
		<wf pos="PRP">کینہہ</wf>
		<wf pos="NEG">چھنہٕ</wf>
		<wf pos="VAUX">سَے</wf>
		<wf pos="NN">مو</wf>
		<wf pos="CC">زِ</wf>
		<wf pos="NN">ضعیف</wf>
		<wf pos="VAUX">ٲسۍ</wf>
		<wf pos="NN">گٔمٕتۍدرچاہ</wf>
		<wf pos="VAUX">چھِ</wf>
		<wf pos="VM">بند</wf>
		<wf pos="RB">کتہ</wf>
		<wf pos="NN">طاقت</wf>
		<wf pos="PRP">أسۍ</wf>
		<wf pos="VM">اَنو</wf>
		<wf pos="NNPC">با</wf>
		<wf pos="NNPC">آں</wf>
		<wf pos="NNPC">بُلند</wf>
		<wf pos="NNPC">قصہ</wf>
		<wf pos="NNPC">با</wf>
		<wf pos="NNP">القصہ</wf>
		<wf pos="PSP">ؤلۍ</wf>
		<wf pos="QF">ؤلۍ</wf>
		<wf pos="RDP">ژے</wf>
		<wf pos="VM">أنِتھ</wf>
		<wf pos="NN">خۅش</wf>
		<wf pos="NN">خبر</wf>
		<wf pos="RP">حضرت</wf>
		<wf pos="NN">سُلیمانس</wf>
		<wf pos="NN">دِژٕتھ</wf>
		<wf pos="NNPC">محمود</wf>
		<wf pos="NNP">گٲمی</wf>
		<wf pos="NEG">چھُنہٕ</wf>
		<wf pos="JJ">صوٗفی</wf>
		<wf pos="NN">شٲعرن</wf>
		<wf pos="PSP">ہٕنز</wf>
		<wf pos="NN">گیجہ</wf>
		<wf pos="VM">گنڈنہٕ</wf>
		<wf pos="VAUX">آمُت</wf>
		<wf pos="CC">اماپوز</wf>
		<wf pos="NNP">تسٕنزن</wf>
		<wf pos="NN">کینژَن</wf>
		<wf pos="NN">مثنوی</wf>
		<wf pos="POW">ین</wf>
		<wf pos="PSP">ہٕندۍ</wf>
		<wf pos="NN">موضوع</wf>
		<wf pos="VAUX">چھِ</wf>
		<wf pos="JJ">خٲلِص</wf>
		<wf pos="JJ">صوٗفی</wf>
		<wf pos="NN">فلسفس</wf>
		<wf pos="VM">سٍتۍ</wf>
		<wf pos="NN">واٹھ</wf>
		<wf pos="VM">تھاوان</wf>
		<wf pos="NN">مثالے</wf>
		<wf pos="NNPC">پۂلۍ</wf>
		<wf pos="NNP">نامہٕ</wf>
		<wf pos="NNP">،منصوٗر</wf>
		<wf pos="NNP">نامہٕ</wf>
		<wf pos="NN">بیترِ</wf>
		<wf pos="NN">منصوٗرنامہٕ</wf>
		<wf pos="VAUX">چھُ</wf>
		<wf pos="NN">محمودس</wf>
		<wf pos="SYM">۔</wf>
	</sentence>
	<sentence s_id="79">
		<wf pos="NN">فقروفنا</wf>
		<wf pos="NN">اتہ</wf>
		<wf pos="NN">کتیو</wf>
		<wf pos="NN">ویژِ</wf>
		<wf pos="VM">ونُن</wf>
		<wf pos="RB">چوں</wf>
		<wf pos="CC">و</wf>
		<wf pos="RB">چرا</wf>
		<wf pos="NNC">عالمِ</wf>
		<wf pos="NN">امثالٕکۍ</wf>
		<wf pos="NN">احباب</wf>
		<wf pos="DEM">یِم</wf>
		<wf pos="NN">حکمتھاہ</wf>
		<wf pos="NN">تصویر</wf>
		<wf pos="VM">چھی</wf>
		<wf pos="NN">برآب</wf>
		<wf pos="PRP">تِم</wf>
		<wf pos="NEG">نے</wf>
		<wf pos="JJ">ویژی</wf>
		<wf pos="NN">تتہ</wf>
		<wf pos="NN">بندٕ</wf>
		<wf pos="VM">ونُن</wf>
		<wf pos="NEG">نے</wf>
		<wf pos="NNP">خدا</wf>
		<wf pos="NEG">نے</wf>
		<wf pos="JJ">ویژی</wf>
		<wf pos="NN">تتہ</wf>
		<wf pos="NN">پادشاہ</wf>
		<wf pos="NEG">نے</wf>
		<wf pos="NN">گدا</wf>
		<wf pos="NN">زبان</wf>
		<wf pos="CC">و</wf>
		<wf pos="NN">بیانہٕ</wf>
		<wf pos="PSP">کٮ۪و</wf>
		<wf pos="PRP">کینژَو</wf>
		<wf pos="PSP">کھۅندٮ۪و</wf>
		<wf pos="RB">ورٲے</wf>
		<wf pos="VAUX">چھے</wf>
		<wf pos="NNP">کٲشِر</wf>
		<wf pos="NNPC">منطق</wf>
		<wf pos="NNP">الطیر</wf>
		<wf pos="PRP">سٲنۍ</wf>
		<wf pos="QC">اکھ</wf>
		<wf pos="JJ">ابتدٲیی</wf>
		<wf pos="NN">مثنوی</wf>
		<wf pos="VM">آسنہٕ</wf>
		<wf pos="PSP">باوجود</wf>
		<wf pos="CC">تہ</wf>
		<wf pos="NN">رَچھِ</wf>
		<wf pos="VM">کرنس</wf>
		<wf pos="PSP">لایق</wf>
		<wf pos="NN">ارزتھ،اَتھ</wf>
		<wf pos="VM">منزچھِ</wf>
		<wf pos="DEM">ییمہ</wf>
		<wf pos="NN">قسمٕکۍ</wf>
		<wf pos="VM">کٍتۍ</wf>
		<wf pos="NN">شعر</wf>
		<wf pos="RB">از</wf>
		<wf pos="PSP">تام</wf>
		<wf pos="JJ">بے</wf>
		<wf pos="NN">مثال</wf>
		<wf pos="VM">پھول</wf>
		<wf pos="VAUX">ٲسِتھ</wf>
		<wf pos="NN">ہیول</wf>
		<wf pos="VM">سپنکھ</wf>
		<wf pos="JJ">کھل</wf>
		<wf pos="VM">بنکھ</wf>
		<wf pos="NN">قطرٕکِس</wf>
		<wf pos="JJ">دٔرۍیاوٕسٕے</wf>
		<wf pos="NN">وٲصِل</wf>
		<wf pos="VM">بنکھ</wf>
		<wf pos="NN">حالہٕ</wf>
		<wf pos="RB">تَلے</wf>
		<wf pos="VM">روٗد</wf>
		<wf pos="RB">کتے</wf>
		<wf pos="NN">راتھ</wf>
		<wf pos="NN">دۅہ</wf>
		<wf pos="VM">کنہ</wf>
		<wf pos="NN">پھٔلۍ</wf>
		<wf pos="POW">سٕے</wf>
		<wf pos="PSP">پٮ۪ٹھ</wf>
		<wf pos="JJ" sense_id="1">ؤسِتھ</wf>
		<wf pos="PSP">زن</wf>
		<wf pos="VAUX">آو</wf>
		<wf pos="NN">کۅہ</wf>
		<wf pos="CC">اماپوز</wf>
		<wf pos="JJ">نۅم</wf>
		<wf pos="NN">شعر</wf>
		<wf pos="VAUX">چھِ</wf>
		<wf pos="CC">یاتہٕ</wf>
		<wf pos="JJ">بے</wf>
		<wf pos="NNPC">مانہ</wf>
		<wf pos="NNPC">،نتہٕ</wf>
		<wf pos="NNP">ثقیل</wf>
		<wf pos="VM">آے</wf>
		<wf pos="NN">سلیمان</wf>
		<wf pos="PSP">ہٮ۪تھ</wf>
		<wf pos="NNC">اَسہ</wf>
		<wf pos="NN">ماسٲرۍیے</wf>
		<wf pos="NNPC">سانہ</wf>
		<wf pos="VM">واتنٕچ</wf>
		<wf pos="DEM">تَتھ</wf>
		<wf pos="NN">تاں</wf>
		<wf pos="PRP">کینہہ</wf>
		<wf pos="NEG">چھنہٕ</wf>
		<wf pos="VAUX">سَے</wf>
		<wf pos="NN">مو</wf>
		<wf pos="CC">زِ</wf>
		<wf pos="NN">ضعیف</wf>
		<wf pos="VAUX">ٲسۍ</wf>
		<wf pos="NN">گٔمٕتۍدرچاہ</wf>
		<wf pos="VAUX">چھِ</wf>
		<wf pos="VM">بند</wf>
		<wf pos="RB">کتہ</wf>
		<wf pos="NN">طاقت</wf>
		<wf pos="PRP">أسۍ</wf>
		<wf pos="VM">اَنو</wf>
		<wf pos="NNPC">با</wf>
		<wf pos="NNPC">آں</wf>
		<wf pos="NNPC">بُلند</wf>
		<wf pos="NNPC">قصہ</wf>
		<wf pos="NNPC">با</wf>
		<wf pos="NNP">القصہ</wf>
		<wf pos="PSP">ؤلۍ</wf>
		<wf pos="QF">ؤلۍ</wf>
		<wf pos="RDP">ژے</wf>
		<wf pos="VM">أنِتھ</wf>
		<wf pos="NN">خۅش</wf>
		<wf pos="NN">خبر</wf>
		<wf pos="RP">حضرت</wf>
		<wf pos="NN">سُلیمانس</wf>
		<wf pos="NN">دِژٕتھ</wf>
		<wf pos="NNPC">محمود</wf>
		<wf pos="NNP">گٲمی</wf>
		<wf pos="NEG">چھُنہٕ</wf>
		<wf pos="JJ">صوٗفی</wf>
		<wf pos="NN">شٲعرن</wf>
		<wf pos="PSP">ہٕنز</wf>
		<wf pos="NN">گیجہ</wf>
		<wf pos="VM">گنڈنہٕ</wf>
		<wf pos="VAUX">آمُت</wf>
		<wf pos="CC">اماپوز</wf>
		<wf pos="NNP">تسٕنزن</wf>
		<wf pos="NN">کینژَن</wf>
		<wf pos="NN">مثنوی</wf>
		<wf pos="POW">ین</wf>
		<wf pos="PSP">ہٕندۍ</wf>
		<wf pos="NN">موضوع</wf>
		<wf pos="VAUX">چھِ</wf>
		<wf pos="JJ">خٲلِص</wf>
		<wf pos="JJ">صوٗفی</wf>
		<wf pos="NN">فلسفس</wf>
		<wf pos="VM">سٍتۍ</wf>
		<wf pos="NN">واٹھ</wf>
		<wf pos="VM">تھاوان</wf>
		<wf pos="NN">مثالے</wf>
		<wf pos="NNPC">پۂلۍ</wf>
		<wf pos="NNP">نامہٕ</wf>
		<wf pos="NNP">،منصوٗر</wf>
		<wf pos="NNP">نامہٕ</wf>
		<wf pos="NN">بیترِ</wf>
		<wf pos="NN">منصوٗرنامہٕ</wf>
		<wf pos="VAUX">چھُ</wf>
		<wf pos="NN">محمودس</wf>
		<wf pos="SYM">۔</wf>
	</sentence>
	<sentence s_id="80">
		<wf pos="NN">ہوا</wf>
		<wf pos="RB">وِسان</wf>
		<wf pos="PRP">چُھنہ</wf>
		<wf pos="NN">میٲنس</wf>
		<wf pos="VAUX">وچھس</wf>
		<wf pos="JJ" sense_id="2">ؤسِتھ</wf>
		<wf pos="VAUX">نحقے</wf>
		<wf pos="SYM">۔</wf>
	</sentence>
	<sentence s_id="81">
		<wf pos="NN">حالہٕ</wf>
		<wf pos="RB">تَلے</wf>
		<wf pos="VM">روٗد</wf>
		<wf pos="RB">کتے</wf>
		<wf pos="NN">راتھ</wf>
		<wf pos="NN">دۅہ</wf>
		<wf pos="VM">کنہ</wf>
		<wf pos="NN">پھٔلۍ</wf>
		<wf pos="POW">سٕے</wf>
		<wf pos="PSP">پٮ۪ٹھ</wf>
		<wf pos="JJ" sense_id="1">ؤسِتھ</wf>
		<wf pos="PSP">زن</wf>
		<wf pos="VAUX">آو</wf>
		<wf pos="NN">کۅہ</wf>
		<wf pos="SYM">۔</wf>
	</sentence>
	<sentence s_id="82">
		<wf pos="NN">شہابہٕ</wf>
		<wf pos="JJ" sense_id="3">ؤسِتھ</wf>
		<wf pos="RB">یِنہٕ</wf>
		<wf pos="PSP">سۭتۍ</wf>
		<wf pos="VM">ؤژھ</wf>
		<wf pos="INTF">واریاہ</wf>
		<wf pos="JJ">ہَڑبٔڑی</wf>
		<wf pos="SYM">۔</wf>
	</sentence>
	<sentence s_id="83">
		<wf pos="DEM">اَتھ</wf>
		<wf pos="NN">ووڑس</wf>
		<wf pos="SYM">س</wf>
		<wf pos="VAUX">چُھ</wf>
		<wf pos="NN">انسانن</wf>
		<wf pos="NN">زٮ۪نہٕ</wf>
		<wf pos="PSP">پٮ۪ٹھہٕ</wf>
		<wf pos="VM">مرنَس</wf>
		<wf pos="PSP">تام</wf>
		<wf pos="RB">تِتھٕ</wf>
		<wf pos="POW">پٲٹھۍ</wf>
		<wf pos="VM">باگنےکٔرمٕژ</wf>
		<wf pos="RB">یِتھہٕ</wf>
		<wf pos="POW">پٲٹھۍ</wf>
		<wf pos="DEM">یہِ</wf>
		<wf pos="PRP">پانہٕ</wf>
		<wf pos="NN">ہَنہ</wf>
		<wf pos="VM">ہَنہِ</wf>
		<wf pos="VM">پھانھلِتھ</wf>
		<wf pos="NN">اکِہ</wf>
		<wf pos="PSP">مٔنٛزۍ</wf>
		<wf pos="NN">لہٕ</wf>
		<wf pos="PSP">پٮ۪ٹھٕ</wf>
		<wf pos="PRP">بیٚیِس</wf>
		<wf pos="PSP">مٔنزۍ</wf>
		<wf pos="NN">لَس</wf>
		<wf pos="VM">واتان</wf>
		<wf pos="VAUX">چُھ</wf>
		<wf pos="NNC">شُرۍ</wf>
		<wf pos="NN">لٲزۍ</wf>
		<wf pos="PSP">پٮ۪ٹھہٕ</wf>
		<wf pos="VAUX">لۄکچارس،</wf>
		<wf pos="NN">لۄکچار</wf>
		<wf pos="PSP">پٮ۪ٹھہٕ</wf>
		<wf pos="NNP">جوٲنی،</wf>
		<wf pos="NN">جوٲنی</wf>
		<wf pos="PSP">پٮ۪ٹھہٕ</wf>
		<wf pos="JJ" sense_id="1">ؤسِتھ</wf>
		<wf pos="NN">سزنرس</wf>
		<wf pos="NN">شریٚپتھِ</wf>
		<wf pos="VM">میٚژِگژھان</wf>
		<wf pos="NN">میٚژ</wf>
		<wf pos="SYM">۔</wf>
	</sentence>
	<sentence s_id="84">
		<wf pos="PRP">یُس</wf>
		<wf pos="NEG">نہٕ</wf>
		<wf pos="NN">دوٚر</wf>
		<wf pos="VM">آسہِ</wf>
		<wf pos="CC">تہٕ</wf>
		<wf pos="PRP">بیٚیِہ</wf>
		<wf pos="NN">دَباوٕ</wf>
		<wf pos="PSP">سۭتۍ</wf>
		<wf pos="JJ" sense_id="2">ؤسِتھ</wf>
		<wf pos="NN">گَژھہِ:یہِ</wf>
		<wf pos="VAUX">چھِ</wf>
		<wf pos="JJ">نَرَم</wf>
		<wf pos="NN">اَمب</wf>
		<wf pos="SYM">۔</wf>
	</sentence>

</contextfile>