<?xml version='1.0' encoding='utf-8'?>
<contextfile filename="وۄتُھن" fileno="102">
<sentence s_id="1">
		<wf pos="NNP">ایٖرانہٕ</wf>
		<wf pos="PSP">پٮ۪ٹھہٕ</wf>
		<wf pos="DEM">یِم</wf>
		<wf pos="NN">سادات،</wf>
		<wf pos="NN">مبلِغ،</wf>
		<wf pos="NN">عٲلِم</wf>
		<wf pos="CC">تہٕ</wf>
		<wf pos="NN">فٲضِل</wf>
		<wf pos="CC">تہٕ</wf>
		<wf pos="RB">باقٕے</wf>
		<wf pos="NN">پیشہِور</wf>
		<wf pos="RB">یوٚت</wf>
		<wf pos="PSP">وٲتۍ،</wf>
		<wf pos="PRP">تِمَو</wf>
		<wf pos="VM">اوٚن</wf>
		<wf pos="PRP">پانَس</wf>
		<wf pos="PSP">سۭتۍ</wf>
		<wf pos="JJ">نوٚو</wf>
		<wf pos="NNC">لَسُن</wf>
		<wf pos="NN">بَسُن،</wf>
		<wf pos="VM" sense_id="1">وۄتُھن</wf>
		<wf pos="NN">بِہُن</wf>
		<wf pos="CC">تہٕ</wf>
		<wf pos="NN">زندگی</wf>
		<wf pos="PSP">ہُنٛد</wf>
		<wf pos="JJ">ہر</wf>
		<wf pos="PRP">کانٛہہ</wf>
		<wf pos="NN">انہار</wf>
		<wf pos="DEM">أتھۍ</wf>
		<wf pos="NNP">ایرٲنی</wf>
		<wf pos="NN">سٲلابس</wf>
		<wf pos="PSP">سۭتۍ</wf>
		<wf pos="VM">وٲژ</wf>
		<wf pos="NNP">ایرٲنی</wf>
		<wf pos="NN">زبان</wf>
		<wf pos="RP">تہِ</wf>
		<wf pos="CC">تہٕ</wf>
		<wf pos="NNP">ایرٲنی</wf>
		<wf pos="NN">شٲعری</wf>
		<wf pos="RP">تہِ</wf>
		<wf pos="RB">یور</wf>
		<wf pos="DEM">ییٚمِکۍ</wf>
		<wf pos="NN">اثرات</wf>
		<wf pos="NNP">کٔشیٖرِ</wf>
		<wf pos="CC">تہٕ</wf>
		<wf pos="NNP">کٲشرِ</wf>
		<wf pos="PSP">خٲطرٕ</wf>
		<wf pos="INTF">سٮ۪ٹھاہ</wf>
		<wf pos="RB">دوٗر</wf>
		<wf pos="NN">رس</wf>
		<wf pos="VAUX">ٲسۍ</wf>
		<wf pos="SYM">۔</wf>
</sentence>
<sentence s_id="2">
		<wf pos="NN">اِنسان</wf>
		<wf pos="PSP">سُنٛد</wf>
		<wf pos="DEM">یَتھ</wf>
		<wf pos="NN">دُنۍیا</wf>
		<wf pos="PSP">ہَس</wf>
		<wf pos="PSP">مَنٛز</wf>
		<wf pos="VM">روزُن</wf>
		<wf pos="RB">،ییٚتِہ</wf>
		<wf pos="VM" sense_id="1">وۄتُھن</wf>
		<wf pos="NN">بِہُن</wf>
		<wf pos="CC">تہٕ</wf>
		<wf pos="RB">باقٕے</wf>
		<wf pos="NN">کامِہ</wf>
		<wf pos="NN">کار</wf>
		<wf pos="VM">کرنہٕ</wf>
		<wf pos="PSP">علاوٕ</wf>
		<wf pos="VAUX">چُھ</wf>
		<wf pos="QC">أکس</wf>
		<wf pos="NN">اِنسانَس</wf>
		<wf pos="PRP">پَننِہ</wf>
		<wf pos="NN">صحتُک</wf>
		<wf pos="RP">تِہ</wf>
		<wf pos="NN">خیال</wf>
		<wf pos="VM">تھاوُن</wf>
		<wf pos="VM">آسان</wf>
		<wf pos="NN">زِندگی</wf>
		<wf pos="JJ">صحت</wf>
		<wf pos="POW">مَنٛد</wf>
		<wf pos="CC">تہٕ</wf>
		<wf pos="JJ">صحت</wf>
		<wf pos="POW">یاب</wf>
		<wf pos="VM">تھاونہٕ</wf>
		<wf pos="PSP">خٲطرٕ</wf>
		<wf pos="VAUX">چُھ</wf>
		<wf pos="QC">أکس</wf>
		<wf pos="NN">اِنسانَس</wf>
		<wf pos="PRP">تِم</wf>
		<wf pos="NN">چیٖز</wf>
		<wf pos="JJ">ضوٚروٗری</wf>
		<wf pos="VM">آسان</wf>
		<wf pos="VM">کرٕنۍ</wf>
		<wf pos="DEM">یِم</wf>
		<wf pos="PRP">تٔمۍ</wf>
		<wf pos="PSP">سٕنٛدِس</wf>
		<wf pos="NN">صحتَس</wf>
		<wf pos="PRP">کانٛہہ</wf>
		<wf pos="RP">تِہ</wf>
		<wf pos="NN">زرٮ۪ر</wf>
		<wf pos="VM">واتناوَن</wf>
		<wf pos="NEG">نہٕ</wf>
		<wf pos="PRP">کینٛہہ</wf>
		<wf pos="CC">بٔلۍکہ</wf>
		<wf pos="VAUX">سَپدٮ۪س</wf>
		<wf pos="NN">ہُرٮ۪ر</wf>
		<wf pos="NN">صحتَس</wf>
		<wf pos="PSP">مَنٛز</wf>
		<wf pos="SYM">۔</wf>
</sentence>
<sentence s_id="3">
		<wf pos="NNP">ایٖرانہٕ</wf>
		<wf pos="PSP">پٮ۪ٹھہٕ</wf>
		<wf pos="DEM">یِم</wf>
		<wf pos="NN">سادات،</wf>
		<wf pos="NN">مبلِغ،</wf>
		<wf pos="NN">عٲلِم</wf>
		<wf pos="CC">تہٕ</wf>
		<wf pos="NN">فٲضِل</wf>
		<wf pos="CC">تہٕ</wf>
		<wf pos="RB">باقٕے</wf>
		<wf pos="NN">پیشہِور</wf>
		<wf pos="RB">یوٚت</wf>
		<wf pos="PSP">وٲتۍ،</wf>
		<wf pos="PRP">تِمَو</wf>
		<wf pos="VM">اوٚن</wf>
		<wf pos="PRP">پانَس</wf>
		<wf pos="PSP">سۭتۍ</wf>
		<wf pos="JJ">نوٚو</wf>
		<wf pos="NNC">لَسُن</wf>
		<wf pos="NN">بَسُن،</wf>
		<wf pos="VM" sense_id="1">وۄتُھن</wf>
		<wf pos="NN">بِہُن</wf>
		<wf pos="CC">تہٕ</wf>
		<wf pos="NN">زندگی</wf>
		<wf pos="PSP">ہُنٛد</wf>
		<wf pos="JJ">ہر</wf>
		<wf pos="PRP">کانٛہہ</wf>
		<wf pos="NN">انہار</wf>
		<wf pos="DEM">أتھۍ</wf>
		<wf pos="NNP">ایرٲنی</wf>
		<wf pos="NN">سٲلابس</wf>
		<wf pos="PSP">سۭتۍ</wf>
		<wf pos="VM">وٲژ</wf>
		<wf pos="NNP">ایرٲنی</wf>
		<wf pos="NN">زبان</wf>
		<wf pos="RP">تہِ</wf>
		<wf pos="CC">تہٕ</wf>
		<wf pos="NNP">ایرٲنی</wf>
		<wf pos="NN">شٲعری</wf>
		<wf pos="RP">تہِ</wf>
		<wf pos="RB">یور</wf>
		<wf pos="DEM">ییٚمِکۍ</wf>
		<wf pos="NN">اثرات</wf>
		<wf pos="NNP">کٔشیٖرِ</wf>
		<wf pos="CC">تہٕ</wf>
		<wf pos="NNP">کٲشرِ</wf>
		<wf pos="PSP">خٲطرٕ</wf>
		<wf pos="INTF">سٮ۪ٹھاہ</wf>
		<wf pos="RB">دوٗر</wf>
		<wf pos="NN">رس</wf>
		<wf pos="VAUX">ٲسۍ</wf>
		<wf pos="SYM">۔</wf>
</sentence>
<sentence s_id="4">
		<wf pos="NN">اِنسان</wf>
		<wf pos="PSP">سُنٛد</wf>
		<wf pos="DEM">یَتھ</wf>
		<wf pos="NN">دُنۍیا</wf>
		<wf pos="PSP">ہَس</wf>
		<wf pos="PSP">مَنٛز</wf>
		<wf pos="VM">روزُن</wf>
		<wf pos="RB">،ییٚتِہ</wf>
		<wf pos="VM" sense_id="1">وۄتُھن</wf>
		<wf pos="NN">بِہُن</wf>
		<wf pos="CC">تہٕ</wf>
		<wf pos="RB">باقٕے</wf>
		<wf pos="NN">کامِہ</wf>
		<wf pos="NN">کار</wf>
		<wf pos="VM">کرنہٕ</wf>
		<wf pos="PSP">علاوٕ</wf>
		<wf pos="VAUX">چُھ</wf>
		<wf pos="QC">أکس</wf>
		<wf pos="NN">اِنسانَس</wf>
		<wf pos="PRP">پَننِہ</wf>
		<wf pos="NN">صحتُک</wf>
		<wf pos="RP">تِہ</wf>
		<wf pos="NN">خیال</wf>
		<wf pos="VM">تھاوُن</wf>
		<wf pos="VM">آسان</wf>
		<wf pos="SYM">۔</wf>
</sentence>
<sentence s_id="5">
		<wf pos="NNP">ایٖرانہٕ</wf>
		<wf pos="PSP">پٮ۪ٹھہٕ</wf>
		<wf pos="DEM">یِم</wf>
		<wf pos="NN">سادات،</wf>
		<wf pos="NN">مبلِغ،</wf>
		<wf pos="NN">عٲلِم</wf>
		<wf pos="CC">تہٕ</wf>
		<wf pos="NN">فٲضِل</wf>
		<wf pos="CC">تہٕ</wf>
		<wf pos="RB">باقٕے</wf>
		<wf pos="NN">پیشہِور</wf>
		<wf pos="RB">یوٚت</wf>
		<wf pos="PSP">وٲتۍ،</wf>
		<wf pos="PRP">تِمَو</wf>
		<wf pos="VM">اوٚن</wf>
		<wf pos="PRP">پانَس</wf>
		<wf pos="PSP">سۭتۍ</wf>
		<wf pos="JJ">نوٚو</wf>
		<wf pos="NNC">لَسُن</wf>
		<wf pos="NN">بَسُن،</wf>
		<wf pos="VM" sense_id="2">وۄتُھن</wf>
		<wf pos="NN">بِہُن</wf>
		<wf pos="CC">تہٕ</wf>
		<wf pos="NN">زندگی</wf>
		<wf pos="PSP">ہُنٛد</wf>
		<wf pos="JJ">ہر</wf>
		<wf pos="PRP">کانٛہہ</wf>
		<wf pos="NN">انہار</wf>
		<wf pos="SYM">۔</wf>
</sentence>
<sentence s_id="6">
		<wf pos="NNP">ایٖرانہٕ</wf>
		<wf pos="PSP">پٮ۪ٹھہٕ</wf>
		<wf pos="DEM">یِم</wf>
		<wf pos="NN">سادات،</wf>
		<wf pos="NN">مبلِغ،</wf>
		<wf pos="NN">عٲلِم</wf>
		<wf pos="CC">تہٕ</wf>
		<wf pos="NN">فٲضِل</wf>
		<wf pos="CC">تہٕ</wf>
		<wf pos="RB">باقٕے</wf>
		<wf pos="NN">پیشہِور</wf>
		<wf pos="RB">یوٚت</wf>
		<wf pos="PSP">وٲتۍ،</wf>
		<wf pos="PRP">تِمَو</wf>
		<wf pos="VM">اوٚن</wf>
		<wf pos="PRP">پانَس</wf>
		<wf pos="PSP">سۭتۍ</wf>
		<wf pos="JJ">نوٚو</wf>
		<wf pos="NNC">لَسُن</wf>
		<wf pos="NN">بَسُن،</wf>
		<wf pos="VM" sense_id="3">وۄتُھن</wf>
		<wf pos="NN">بِہُن</wf>
		<wf pos="CC">تہٕ</wf>
		<wf pos="NN">زندگی</wf>
		<wf pos="PSP">ہُنٛد</wf>
		<wf pos="JJ">ہر</wf>
		<wf pos="PRP">کانٛہہ</wf>
		<wf pos="NN">انہار</wf>
		<wf pos="DEM">أتھۍ</wf>
		<wf pos="NNP">ایرٲنی</wf>
		<wf pos="NN">سٲلابس</wf>
		<wf pos="PSP">سۭتۍ</wf>
		<wf pos="VM">وٲژ</wf>
		<wf pos="NNP">ایرٲنی</wf>
		<wf pos="NN">زبان</wf>
		<wf pos="RP">تہِ</wf>
		<wf pos="CC">تہٕ</wf>
		<wf pos="NNP">ایرٲنی</wf>
		<wf pos="NN">شٲعری</wf>
		<wf pos="RP">تہِ</wf>
		<wf pos="RB">یور</wf>
		<wf pos="DEM">ییٚمِکۍ</wf>
		<wf pos="NN">اثرات</wf>
		<wf pos="NNP">کٔشیٖرِ</wf>
		<wf pos="CC">تہٕ</wf>
		<wf pos="NNP">کٲشرِ</wf>
		<wf pos="PSP">خٲطرٕ</wf>
		<wf pos="INTF">سٮ۪ٹھاہ</wf>
		<wf pos="RB">دوٗر</wf>
		<wf pos="NN">رس</wf>
		<wf pos="VAUX">ٲسۍ</wf>
		<wf pos="RB">گۄڈٕ</wf>
		<wf pos="RDP">گۄڈٕ</wf>
		<wf pos="VAUX">آسہٕ</wf>
		<wf pos="POW">ہن</wf>
		<wf pos="JJ">عام</wf>
		<wf pos="NN">لوٗکھ</wf>
		<wf pos="DEM">اَتھ</wf>
		<wf pos="JJ">نٔوِس</wf>
		<wf pos="NN">تہزیٖبس</wf>
		<wf pos="PRP">کینژھا</wf>
		<wf pos="VM">کھوٗژھۍمٕتۍ</wf>
		<wf pos="CC">تہٕ</wf>
		<wf pos="PRP">کینژھا</wf>
		<wf pos="PSP">تٔلۍ</wf>
		<wf pos="NN">ٹاری</wf>
		<wf pos="VM">وُچھان</wf>
		<wf pos="VAUX">روٗدۍمٕتۍ</wf>
		<wf pos="DEM">یہِ</wf>
		<wf pos="NN">تہزیٖب</wf>
		<wf pos="VM">کوٚر</wf>
		<wf pos="NEG">نہٕ</wf>
		<wf pos="PRP">تِمَو</wf>
		<wf pos="RB">سیٚدِ</wf>
		<wf pos="POW">سیوٚد</wf>
		<wf pos="VM">قوٚبوٗل</wf>
		<wf pos="DEM">اَتھ</wf>
		<wf pos="NN">تہزیٖبس</wf>
		<wf pos="VM">قوٚبوٗل</wf>
		<wf pos="VM">کرنس</wf>
		<wf pos="VM">لٔگۍ</wf>
		<wf pos="NN">لوکن</wf>
		<wf pos="NN">ؤرۍ</wf>
		<wf pos="QF">واد</wf>
		<wf pos="DEM">یوٚہے</wf>
		<wf pos="NN">وجہ</wf>
		<wf pos="VAUX">چُھ</wf>
		<wf pos="CC">زِ</wf>
		<wf pos="DEM">اَمہِ</wf>
		<wf pos="NN">دورٕچ</wf>
		<wf pos="RB">قریٖبن</wf>
		<wf pos="JJ">سٲرٕے</wf>
		<wf pos="NNP">کٲشِر</wf>
		<wf pos="NN">شٲعری</wf>
		<wf pos="VAUX">چھٚے</wf>
		<wf pos="NN">واکھن</wf>
		<wf pos="CC">تہٕ</wf>
		<wf pos="NN">وژنن</wf>
		<wf pos="PSP">منٛزے</wf>
		<wf pos="SYM">۔</wf>
</sentence>
<sentence s_id="7">
		<wf pos="PRP">سُہ</wf>
		<wf pos="NN">نیٚچوٗ</wf>
		<wf pos="DEM">ییٚمہِ</wf>
		<wf pos="PSP">سُنٛد</wf>
		<wf pos="VM" sense_id="1">وۄتُھن</wf>
		<wf pos="NN">بِہُن</wf>
		<wf pos="JJ">ٹھیٖک</wf>
		<wf pos="NN">آسنہٕ:نیٚچوٗ</wf>
		<wf pos="VAUX">ہٮ۪کہِ</wf>
		<wf pos="NN">کۄپوٗت</wf>
		<wf pos="VM">ٲسِتھ</wf>
		<wf pos="CC">مَگر</wf>
		<wf pos="NN">موج</wf>
		<wf pos="VM">ہٮ۪کنہٕ</wf>
		<wf pos="NN">کۄموج</wf>
		<wf pos="VM">ٲسِتھ</wf>
		<wf pos="SYM">۔</wf>
</sentence>
<sentence s_id="8">
		<wf pos="RB">دۄدِش</wf>
		<wf pos="NNP">جَلدٕۍ</wf>
		<wf pos="VM" sense_id="4">وۄتُھن</wf>
		<wf pos="VAUX">چُھ</wf>
		<wf pos="QC">تیٚمہِ</wf>
		<wf pos="PSP">سُنٛد</wf>
		<wf pos="PRP">معموٗلپرٛٮ۪تھ</wf>
		<wf pos="QC">دۄن</wf>
		<wf pos="NN">سٲرَس</wf>
		<wf pos="VM">گَژُھن</wf>
		<wf pos="VAUX">چُھ</wf>
		<wf pos="PRP">تٔمۍ</wf>
		<wf pos="PRP">سِنٛدِس</wf>
		<wf pos="NN">معموٗلَس</wf>
		<wf pos="PSP">منٛز</wf>
		<wf pos="SYM">۔</wf>
</sentence>
<sentence s_id="9">
		<wf pos="NN">آفتاب</wf>
		<wf pos="VM">کَھسنہٕ</wf>
		<wf pos="PRP">برٛوٚنٛہہ</wf>
		<wf pos="VAUX">گَژھِ</wf>
		<wf pos="NN">نِنٛدٕرِ</wf>
		<wf pos="VM" sense_id="1">وۄتُھن</wf>
		<wf pos="SYM">۔</wf>
</sentence>
<sentence s_id="10">
		<wf pos="JJ">شریٖف</wf>
		<wf pos="NN">لُکن</wf>
		<wf pos="PSP">سۭتۍ</wf>
		<wf pos="VAUX">گژھِ</wf>
		<wf pos="VM" sense_id="1">وۄتُھن</wf>
		<wf pos="NN">بِہُن</wf>
		<wf pos="VM">تھاوُن</wf>
		<wf pos="SYM">۔</wf>
</sentence>
<sentence s_id="11">
		<wf pos="PRP">بٕہ</wf>
		<wf pos="VM" sense_id="4">ؤتھِتھ</wf>
		<wf pos="NN">پرٛایِہ</wf>
		<wf pos="NN">کۄکٕر</wf>
		<wf pos="VM">ترٛٲوِتھ</wf>
		<wf pos="RDP">پُھٹۍ</wf>
		<wf pos="VM">مٕتٮ۪و</wf>
		<wf pos="JJ">کۄٹھٮ۪و</wf>
		<wf pos="NN">تھوٚد</wf>
		<wf pos="SYM">۔</wf>
</sentence>
<sentence s_id="12">
		<wf pos="PRP">مےٚ</wf>
		<wf pos="VAUX">اوس</wf>
		<wf pos="NN">کالُک</wf>
		<wf pos="NN">وُنیوٚنٛدُر</wf>
		<wf pos="NN">لِحاظا</wf>
		<wf pos="VM">گٔیس</wf>
		<wf pos="PRP">بہٕ</wf>
		<wf pos="RB">از</wf>
		<wf pos="RB">ژیٖرۍ</wf>
		<wf pos="NN">ہُشاربہٕ</wf>
		<wf pos="VM" sense_id="4">ؤتھِتھ</wf>
		<wf pos="NN">آزٕ</wf>
		<wf pos="QC">سَتھ</wf>
		<wf pos="NN">بَجے</wf>
		<wf pos="SYM">۔</wf>
</sentence>
<sentence s_id="13">
		<wf pos="NNP">کٔشیٖرِ</wf>
		<wf pos="PSP">منز</wf>
		<wf pos="VAUX">چُھ</wf>
		<wf pos="DEM">اَتھ</wf>
		<wf pos="NN">دۄہَس</wf>
		<wf pos="PSP">پٮ۪ٹھ</wf>
		<wf pos="PRP">پنُن</wf>
		<wf pos="QC">اَکھ</wf>
		<wf pos="JJ">خاص</wf>
		<wf pos="NN">رَسماہ</wf>
		<wf pos="NN">کالہٕ</wf>
		<wf pos="VAUX">چُھ</wf>
		<wf pos="VM">یِوان</wf>
		<wf pos="NN">تھال</wf>
		<wf pos="VM">بَرنہٕ</wf>
		<wf pos="DEM">اَتھ</wf>
		<wf pos="PSP">منز</wf>
		<wf pos="VAUX">چُھ</wf>
		<wf pos="NN">تٚومُل,</wf>
		<wf pos="NN">بَتہٕ,</wf>
		<wf pos="NN">دۄد,</wf>
		<wf pos="NN">نوٗن,</wf>
		<wf pos="NN">ٲنہٕ,</wf>
		<wf pos="NN">پٔترٕ,</wf>
		<wf pos="NNC">کرٗولہ</wf>
		<wf pos="NN">پچھ,</wf>
		<wf pos="JJ">تازٕ</wf>
		<wf pos="NN">پوش,</wf>
		<wf pos="NNC">دٛرمن</wf>
		<wf pos="NN">ژکھ</wf>
		<wf pos="CC">,تہٕ</wf>
		<wf pos="NNC">وَٹہٕ</wf>
		<wf pos="NN">رۄپَے</wf>
		<wf pos="VAUX">یِوان</wf>
		<wf pos="VM">تھاونہٕ</wf>
		<wf pos="NN">رۄپَے</wf>
		<wf pos="VAUX">چُھ</wf>
		<wf pos="VM">نِوان</wf>
		<wf pos="PRP">سُہ</wf>
		<wf pos="NN">بٲژ</wf>
		<wf pos="DEM">,یُس</wf>
		<wf pos="RB">گۄڈٕ</wf>
		<wf pos="VM" sense_id="4">ؤتھِان</wf>
		<wf pos="VAUX">گَژِھ</wf>
		<wf pos="CC">تہٕ</wf>
		<wf pos="RB">باقٕے</wf>
		<wf pos="NN">بٲژَن</wf>
		<wf pos="NN">تھال</wf>
		<wf pos="VM">ہاوِ</wf>
		<wf pos="SYM">۔</wf>
</sentence>
<sentence s_id="14">
		<wf pos="NNP">اوٚکدو</wf>
		<wf pos="VAUX">چُھ</wf>
		<wf pos="JJ">نوٚو</wf>
		<wf pos="NN">ؤری</wf>
		<wf pos="PSP">رٔنگۍ</wf>
		<wf pos="VM">مناونہٕ</wf>
		<wf pos="VAUX">یِوان</wf>
		<wf pos="DEM">اَمہِ</wf>
		<wf pos="NN">دۄہہٕ</wf>
		<wf pos="VAUX">چُھ</wf>
		<wf pos="QO">گۄڈنیُک</wf>
		<wf pos="NNP">نوراترٕ</wf>
		<wf pos="RP">تہِ</wf>
		<wf pos="VM">شروع</wf>
		<wf pos="VM">گژھان</wf>
		<wf pos="NNP">کٔشیٖرِ</wf>
		<wf pos="PSP">منز</wf>
		<wf pos="VAUX">چُھ</wf>
		<wf pos="DEM">اَتھ</wf>
		<wf pos="NN">دۄہَس</wf>
		<wf pos="PSP">پٮ۪ٹھ</wf>
		<wf pos="PRP">پنُن</wf>
		<wf pos="QC">اَکھ</wf>
		<wf pos="JJ">خاص</wf>
		<wf pos="NN">رَسماہ</wf>
		<wf pos="NN">کالہٕ</wf>
		<wf pos="VAUX">چُھ</wf>
		<wf pos="VM">یِوان</wf>
		<wf pos="NN">تھال</wf>
		<wf pos="VM">بَرنہٕ</wf>
		<wf pos="DEM">اَتھ</wf>
		<wf pos="PSP">منز</wf>
		<wf pos="VAUX">چُھ</wf>
		<wf pos="NN">تٚومُل,</wf>
		<wf pos="NN">بَتہٕ,</wf>
		<wf pos="NN">دۄد,</wf>
		<wf pos="NN">نوٗن,</wf>
		<wf pos="NN">ٲنہٕ,</wf>
		<wf pos="NN">پٔترٕ,</wf>
		<wf pos="NNC">کرٗولہ</wf>
		<wf pos="NN">پچھ,</wf>
		<wf pos="JJ">تازٕ</wf>
		<wf pos="NN">پوش,</wf>
		<wf pos="NNC">دٛرمن</wf>
		<wf pos="NN">ژکھ</wf>
		<wf pos="CC">,تہٕ</wf>
		<wf pos="NNC">وَٹہٕ</wf>
		<wf pos="NN">رۄپَے</wf>
		<wf pos="VAUX">یِوان</wf>
		<wf pos="VM">تھاونہٕ</wf>
		<wf pos="NN">صُبحَن</wf>
		<wf pos="VM" sense_id="3">ؤتھِتھ</wf>
		<wf pos="VAUX">چِھ</wf>
		<wf pos="PRP">سٲری</wf>
		<wf pos="NN">گَرِکۍ</wf>
		<wf pos="NN">بٲژ</wf>
		<wf pos="DEM">اَتھ</wf>
		<wf pos="NN">بُتھ</wf>
		<wf pos="VM">وُچھان</wf>
		<wf pos="NN">رۄپَے</wf>
		<wf pos="VAUX">چُھ</wf>
		<wf pos="VM">نِوان</wf>
		<wf pos="PRP">سُہ</wf>
		<wf pos="NN">بٲژ</wf>
		<wf pos="DEM">,یُس</wf>
		<wf pos="RB">گۄڈٕ</wf>
		<wf pos="VM" sense_id="4">ؤتھِان</wf>
		<wf pos="VAUX">گَژِھ</wf>
		<wf pos="CC">تہٕ</wf>
		<wf pos="RB">باقٕے</wf>
		<wf pos="NN">بٲژَن</wf>
		<wf pos="NN">تھال</wf>
		<wf pos="VM">ہاوِ</wf>
		<wf pos="SYM">۔</wf>
</sentence>
<sentence s_id="15">
		<wf pos="NNP">اوٚکدو</wf>
		<wf pos="VAUX">چُھ</wf>
		<wf pos="JJ">نوٚو</wf>
		<wf pos="NN">ؤری</wf>
		<wf pos="PSP">رٔنگۍ</wf>
		<wf pos="VM">مناونہٕ</wf>
		<wf pos="VAUX">یِوان</wf>
		<wf pos="DEM">اَمہِ</wf>
		<wf pos="NN">دۄہہٕ</wf>
		<wf pos="VAUX">چُھ</wf>
		<wf pos="QO">گۄڈنیُک</wf>
		<wf pos="NNP">نوراترٕ</wf>
		<wf pos="RP">تہِ</wf>
		<wf pos="VM">شروع</wf>
		<wf pos="VM">گژھان</wf>
		<wf pos="NNP">کٔشیٖرِ</wf>
		<wf pos="PSP">منز</wf>
		<wf pos="VAUX">چُھ</wf>
		<wf pos="DEM">اَتھ</wf>
		<wf pos="NN">دۄہَس</wf>
		<wf pos="PSP">پٮ۪ٹھ</wf>
		<wf pos="PRP">پنُن</wf>
		<wf pos="QC">اَکھ</wf>
		<wf pos="JJ">خاص</wf>
		<wf pos="NN">رَسماہ</wf>
		<wf pos="NN">کالہٕ</wf>
		<wf pos="VAUX">چُھ</wf>
		<wf pos="VM">یِوان</wf>
		<wf pos="NN">تھال</wf>
		<wf pos="VM">بَرنہٕ</wf>
		<wf pos="DEM">اَتھ</wf>
		<wf pos="PSP">منز</wf>
		<wf pos="VAUX">چُھ</wf>
		<wf pos="NN">تٚومُل,</wf>
		<wf pos="NN">بَتہٕ,</wf>
		<wf pos="NN">دۄد,</wf>
		<wf pos="NN">نوٗن,</wf>
		<wf pos="NN">ٲنہٕ,</wf>
		<wf pos="NN">پٔترٕ,</wf>
		<wf pos="NNC">کرٗولہ</wf>
		<wf pos="NN">پچھ,</wf>
		<wf pos="JJ">تازٕ</wf>
		<wf pos="NN">پوش,</wf>
		<wf pos="NNC">دٛرمن</wf>
		<wf pos="NN">ژکھ</wf>
		<wf pos="CC">,تہٕ</wf>
		<wf pos="NNC">وَٹہٕ</wf>
		<wf pos="NN">رۄپَے</wf>
		<wf pos="VAUX">یِوان</wf>
		<wf pos="VM">تھاونہٕ</wf>
		<wf pos="NN">صُبحَن</wf>
		<wf pos="VM" sense_id="3">ؤتھِتھ</wf>
		<wf pos="VAUX">چِھ</wf>
		<wf pos="PRP">سٲری</wf>
		<wf pos="NN">گَرِکۍ</wf>
		<wf pos="NN">بٲژ</wf>
		<wf pos="DEM">اَتھ</wf>
		<wf pos="NN">بُتھ</wf>
		<wf pos="VM">وُچھان</wf>
		<wf pos="NN">رۄپَے</wf>
		<wf pos="VAUX">چُھ</wf>
		<wf pos="VM">نِوان</wf>
		<wf pos="PRP">سُہ</wf>
		<wf pos="NN">بٲژ</wf>
		<wf pos="DEM">,یُس</wf>
		<wf pos="RB">گۄڈٕ</wf>
		<wf pos="VM" sense_id="4">ؤتھِان</wf>
		<wf pos="VAUX">گَژِھ</wf>
		<wf pos="CC">تہٕ</wf>
		<wf pos="RB">باقٕے</wf>
		<wf pos="NN">بٲژَن</wf>
		<wf pos="NN">تھال</wf>
		<wf pos="VM">ہاوِ</wf>
		<wf pos="SYM">۔</wf>
</sentence>
<sentence s_id="16">
		<wf pos="NN">موج</wf>
		<wf pos="VAUX">چھِ</wf>
		<wf pos="NN">دۄہَے</wf>
		<wf pos="NN">صُبحَن</wf>
		<wf pos="NN">راہُلَس</wf>
		<wf pos="VM" sense_id="4">ؤتھِان</wf>
		<wf pos="VM">کَران</wf>
		<wf pos="SYM">۔</wf>
</sentence>
<sentence s_id="17">
		<wf pos="NN">ڈونٛگَس</wf>
		<wf pos="PSP">پٮ۪ٹھ</wf>
		<wf pos="VM">بِہِتھ</wf>
		<wf pos="NN">زٔمیٖندار</wf>
		<wf pos="VM">گوو</wf>
		<wf pos="VM" sense_id="4">ؤتھِان</wf>
		<wf pos="NN">جانٛوَرَن</wf>
		<wf pos="PSP">ہُنٛد</wf>
		<wf pos="NN">شور</wf>
		<wf pos="VM">بوٗزِتھ</wf>
		<wf pos="SYM">۔</wf>
</sentence>
<sentence s_id="18">
		<wf pos="PRP">سُہ</wf>
		<wf pos="PRP">یُس</wf>
		<wf pos="PSP">جود</wf>
		<wf pos="VM">کَران</wf>
		<wf pos="NN">آسہِ:گامَن</wf>
		<wf pos="PSP">منٛز</wf>
		<wf pos="VAUX">چھِ</wf>
		<wf pos="NN">آزٕ</wf>
		<wf pos="CC">تہٕ</wf>
		<wf pos="NN">لُکھ</wf>
		<wf pos="PSP">جود</wf>
		<wf pos="NN">کَرَن</wf>
		<wf pos="PSP">والٮ۪ن</wf>
		<wf pos="PSP">نِش</wf>
		<wf pos="VM" sense_id="4">ؤتھِان</wf>
		<wf pos="VM">روزان</wf>
		<wf pos="SYM">۔</wf>
</sentence>
<sentence s_id="19">
		<wf pos="NN">کَھہَس</wf>
		<wf pos="PSP">منٛز</wf>
		<wf pos="VM">بَناونہٕ</wf>
		<wf pos="VAUX">آمٕژ</wf>
		<wf pos="PRP">سۄ</wf>
		<wf pos="NN">تٔھز</wf>
		<wf pos="NN">جاے</wf>
		<wf pos="RB">ییٚتٮ۪ن</wf>
		<wf pos="VM">بِہِتھ</wf>
		<wf pos="NN">رٲچھ</wf>
		<wf pos="NN">دَر</wf>
		<wf pos="NN">پَہرٕ</wf>
		<wf pos="VM">دِوان</wf>
		<wf pos="NN">چُھ:ڈونٛگَس</wf>
		<wf pos="PSP">پٮ۪ٹھ</wf>
		<wf pos="VM">شٔنٛگِتھ</wf>
		<wf pos="NN">زٔمیٖن</wf>
		<wf pos="POW">دار</wf>
		<wf pos="VM">گوو</wf>
		<wf pos="VM" sense_id="4">ؤتھِان</wf>
		<wf pos="NN">جانٛوَرَن</wf>
		<wf pos="PSP">ہُنٛد</wf>
		<wf pos="NN">شور</wf>
		<wf pos="VM">بوٗزِتھ</wf>
		<wf pos="SYM">۔</wf>
</sentence>
<sentence s_id="20">
		<wf pos="NN">رٲچھدَرَس</wf>
		<wf pos="VAUX">چُھ</wf>
		<wf pos="VM">پٮ۪وان</wf>
		<wf pos="VM" sense_id="4">ؤتھِان</wf>
		<wf pos="NN">روٗرزتھ</wf>
		<wf pos="NN">پٔہرٕ</wf>
		<wf pos="NN">دُین</wf>
		<wf pos="SYM">۔</wf>
</sentence>
<sentence s_id="21">
		<wf pos="VM">وونٛگنٕچ</wf>
		<wf pos="NN">عَمَل:بیٛارِ</wf>
		<wf pos="PSP">ہُنٛد</wf>
		<wf pos="NN">وونٛگُن</wf>
		<wf pos="VM">بوٗزِتھ</wf>
		<wf pos="VM">گٔیَس</wf>
		<wf pos="PRP">بہٕ</wf>
		<wf pos="VM" sense_id="4">ؤتھِان</wf>
		<wf pos="SYM">۔</wf>
</sentence>
<sentence s_id="22">
		<wf pos="PRP">بہٕ</wf>
		<wf pos="VAUX">چَھس</wf>
		<wf pos="NN">پٔرِندَن</wf>
		<wf pos="PSP">ہٕنٛز</wf>
		<wf pos="JJ">میٖٹھ</wf>
		<wf pos="NN">آواز</wf>
		<wf pos="VM">بوٗزِتھ</wf>
		<wf pos="VM" sense_id="4">ؤتھِان</wf>
		<wf pos="VM">گَژھان</wf>
		<wf pos="SYM">۔</wf>
</sentence>
<sentence s_id="23">
		<wf pos="NN">موج</wf>
		<wf pos="VAUX">چھِ</wf>
		<wf pos="NN">دۄہَے</wf>
		<wf pos="NN">صُبحَن</wf>
		<wf pos="NN">راہُلَس</wf>
		<wf pos="VM" sense_id="4">ؤتھِان</wf>
		<wf pos="VM">کَران</wf>
		<wf pos="SYM">۔</wf>
</sentence>
<sentence s_id="24">
		<wf pos="NN">دِلٕچ</wf>
		<wf pos="NN">دَھڑکَن</wf>
		<wf pos="VM">رُکنہٕ</wf>
		<wf pos="PSP">کہِ</wf>
		<wf pos="NN">وجہہ</wf>
		<wf pos="PSP">سۭتۍ</wf>
		<wf pos="CC">بےٚ</wf>
		<wf pos="JJ">ہوش</wf>
		<wf pos="NN">نفر</wf>
		<wf pos="NN">ہوشَس</wf>
		<wf pos="PSP">منٛز</wf>
		<wf pos="VM">اَننہٕ</wf>
		<wf pos="PSP">خٲطرٕ</wf>
		<wf pos="VM">تروو</wf>
		<wf pos="PRP">تٔمۍ</wf>
		<wf pos="PRP">تَس</wf>
		<wf pos="NN">سیٖنس</wf>
		<wf pos="NN">بار</wf>
		<wf pos="CC">تہٕ</wf>
		<wf pos="VM">کوٚرُن</wf>
		<wf pos="VM" sense_id="4">ؤتھِان</wf>
		<wf pos="SYM">۔</wf>
</sentence>
<sentence s_id="25">
		<wf pos="PRP">سُہ</wf>
		<wf pos="VAUX">چُھ</wf>
		<wf pos="JJ">واریاہَو</wf>
		<wf pos="NN">دۄہَو</wf>
		<wf pos="PSP">پٮ۪ٹھٕ</wf>
		<wf pos="VM" sense_id="4">ؤتھِان</wf>
		<wf pos="SYM">۔</wf>
</sentence>
<sentence s_id="26">
		<wf pos="NN">سَرحَدن</wf>
		<wf pos="PSP">پٮ۪ٹھ</wf>
		<wf pos="VAUX">چھِ</wf>
		<wf pos="NN">سِپاہ</wf>
		<wf pos="JJ">پرٛٮ۪تھ</wf>
		<wf pos="NN">ساتہٕ</wf>
		<wf pos="VM" sense_id="4">ؤتھِان</wf>
		<wf pos="VM">روزان</wf>
		<wf pos="SYM">۔</wf>
</sentence>
<sentence s_id="27">
		<wf pos="QC">دۄن</wf>
		<wf pos="QC">دُہن</wf>
		<wf pos="VM" sense_id="4">ؤتھِان</wf>
		<wf pos="VM">روزنہٕ</wf>
		<wf pos="PSP">سۭتۍ</wf>
		<wf pos="VAUX">چھٚے</wf>
		<wf pos="PRP">تٔمِس</wf>
		<wf pos="NN">أچھ</wf>
		<wf pos="VM">گٔمژٕ</wf>
		<wf pos="NN">وۄزجہِ</wf>
		<wf pos="SYM">۔</wf>
</sentence>
<sentence s_id="28">
		<wf pos="JJ">بالیغ</wf>
		<wf pos="PRP">زٮ۪ہَن</wf>
		<wf pos="VAUX">چُھ</wf>
		<wf pos="VM" sense_id="4">ؤتھِان</wf>
		<wf pos="VAUX">ہٮ۪کان</wf>
		<wf pos="VM">ٲسِتھ</wf>
		<wf pos="SYM">۔</wf>
</sentence>
<sentence s_id="29">
		<wf pos="NN">واریاہَس</wf>
		<wf pos="NN">کالَس</wf>
		<wf pos="VM" sense_id="4">ؤتھِان</wf>
		<wf pos="VM">روزُن</wf>
		<wf pos="VAUX">ہیٚکہِ</wf>
		<wf pos="JJ">نۄقصان</wf>
		<wf pos="NN">دِہ</wf>
		<wf pos="VM">ٲسِتھ</wf>
		<wf pos="SYM">۔</wf>
</sentence>
<sentence s_id="30">
		<wf pos="NN">خَرٕ</wf>
		<wf pos="PSP">سٕنٛز</wf>
		<wf pos="NN">آواز</wf>
		<wf pos="CC">یا</wf>
		<wf pos="NN">خَرٕ</wf>
		<wf pos="PSP">سٕنٛز</wf>
		<wf pos="NN">بوٗلۍ:نٮ۪سٕب</wf>
		<wf pos="NN">رٲژ</wf>
		<wf pos="VAUX">گوس</wf>
		<wf pos="PRP">بہٕ</wf>
		<wf pos="NN">خَرٕ</wf>
		<wf pos="PSP">سُنٛد</wf>
		<wf pos="NNPC">ڑینٛچوٗ</wf>
		<wf pos="NNP">ڑینٛچوٗ</wf>
		<wf pos="VM">بوٗزِتھ</wf>
		<wf pos="VM" sense_id="4">ؤتھِان</wf>
		<wf pos="SYM">۔</wf>
</sentence>
<sentence s_id="31">
		<wf pos="NN">اِلٮ۪کشَن</wf>
		<wf pos="VM">یِتھٕے</wf>
		<wf pos="VM">چھہٕ</wf>
		<wf pos="NN">سَیاسَت</wf>
		<wf pos="NN">دان</wf>
		<wf pos="PRP">پَنٛنہِ</wf>
		<wf pos="JJ">سَیاستی</wf>
		<wf pos="NN">زِنٛدَگی</wf>
		<wf pos="PSP">منٛز</wf>
		<wf pos="VM" sense_id="2">ؤتھِان</wf>
		<wf pos="VM">گَژھان</wf>
		<wf pos="SYM">۔</wf>
</sentence>
<sentence s_id="32">
		<wf pos="PRP">یُس</wf>
		<wf pos="VM" sense_id="4">ؤتھِان</wf>
		<wf pos="RB">کَرِٕ:صُبحٲے</wf>
		<wf pos="RB">صُبحٲے</wf>
		<wf pos="VAUX">اوس</wf>
		<wf pos="NN">جانوَرَن</wf>
		<wf pos="PSP">ہُنٛد</wf>
		<wf pos="VM">ٹِرِو</wf>
		<wf pos="VM">ٹِرِو</wf>
		<wf pos="NN">ہُشارٕ</wf>
		<wf pos="NN">کَرَن</wf>
		<wf pos="PSP">وول</wf>
		<wf pos="VM">آسان</wf>
		<wf pos="SYM">۔</wf>
</sentence>
<sentence s_id="33">
		<wf pos="PRP">سُہ</wf>
		<wf pos="POW">نامہٕ</wf>
		<wf pos="DEM">یَتھ</wf>
		<wf pos="PSP">پٮ۪ٹھ</wf>
		<wf pos="PRP">کانٛہہ</wf>
		<wf pos="NN">شیٚچھ</wf>
		<wf pos="NN">آسہِ:اِطلاع</wf>
		<wf pos="POW">نامہٕ</wf>
		<wf pos="VM">پٔرِتھ</wf>
		<wf pos="VAUX">گوٚو</wf>
		<wf pos="NN">پُلسہٕ</wf>
		<wf pos="VM" sense_id="2">ؤتھِان</wf>
		<wf pos="SYM">۔</wf>
</sentence>
<sentence s_id="34">
		<wf pos="NNC">یۅسہ</wf>
		<wf pos="NN">کتھ</wf>
		<wf pos="NN">مےٚسٮ۪ٹھاہ</wf>
		<wf pos="VM">پرٛیہ</wf>
		<wf pos="VM">ونۍ</wf>
		<wf pos="DEM">باسییہ</wf>
		<wf pos="NN">سۅ</wf>
		<wf pos="VAUX">چھ</wf>
		<wf pos="CC">ز</wf>
		<wf pos="NNP">کٲشر</wf>
		<wf pos="NN">زبان</wf>
		<wf pos="DEM">کتھہ</wf>
		<wf pos="PSP">کنۍ</wf>
		<wf pos="VAUX">چھ</wf>
		<wf pos="DEM">امہ</wf>
		<wf pos="JJ">نوِ</wf>
		<wf pos="NN">آکاش</wf>
		<wf pos="NN">وٲنی</wf>
		<wf pos="PSP">ہنٛز</wf>
		<wf pos="JJ">ہم</wf>
		<wf pos="NN">قدم</wf>
		<wf pos="NNC">سوٗتر</wf>
		<wf pos="NN">دھار</wf>
		<wf pos="VM">ہیکان</wf>
		<wf pos="CC">بنتھزن</wf>
		<wf pos="CC">تہ</wf>
		<wf pos="DEM">امہ</wf>
		<wf pos="PSP">کس</wf>
		<wf pos="NNPC">لفظہ</wf>
		<wf pos="NN">ووترس</wf>
		<wf pos="NNC">بجلی</wf>
		<wf pos="NN">پاورچ</wf>
		<wf pos="DEM">یہ</wf>
		<wf pos="NNP">اکایل</wf>
		<wf pos="CC">تہ</wf>
		<wf pos="JJ">خاموش</wf>
		<wf pos="NN">لہر</wf>
		<wf pos="NN">ازلہٕ</wf>
		<wf pos="PSP">پٮ۪ٹھے</wf>
		<wf pos="NN">ڈنٛب</wf>
		<wf pos="VAUX">ٲس</wf>
		<wf pos="NN">نثار</wf>
		<wf pos="NNPC">عظم</wf>
		<wf pos="VAUX">چھُ</wf>
		<wf pos="NNP">انسانی</wf>
		<wf pos="NN">جذبن</wf>
		<wf pos="PSP">ہنٛز</wf>
		<wf pos="NN">کتھ</wf>
		<wf pos="NN">غیر</wf>
		<wf pos="JJ">رٮ۪وایتی</wf>
		<wf pos="NN">اندازس</wf>
		<wf pos="PSP">منٛز</wf>
		<wf pos="VM">تُلاننہ</wf>
		<wf pos="DEM">تتھ</wf>
		<wf pos="PSP">منٛز</wf>
		<wf pos="VM">ژکھ،</wf>
		<wf pos="NEG">نہ</wf>
		<wf pos="NN">ژٮ۪ڈ</wf>
		<wf pos="CC">تہ</wf>
		<wf pos="NEG">نہ</wf>
		<wf pos="NN">ژۅکٮ۪رزن</wf>
		<wf pos="CC">تہ</wf>
		<wf pos="PRP">کانٛہہ</wf>
		<wf pos="JJ">آسمانی</wf>
		<wf pos="NN">جانواراہ</wf>
		<wf pos="VM">وُپھان</wf>
		<wf pos="VM">وُپھان</wf>
		<wf pos="PRP">زمیٖنہ</wf>
		<wf pos="PSP">ہنٛدۍ</wf>
		<wf pos="NN">وہ</wf>
		<wf pos="VM">وُچھانکُنہ</wf>
		<wf pos="NN">شایہ</wf>
		<wf pos="RB">ہرگاہے</wf>
		<wf pos="NN">زیٖر</wf>
		<wf pos="VAUX">لٔجس،</wf>
		<wf pos="VM">کُلۍ</wf>
		<wf pos="NN">لنجہ</wf>
		<wf pos="RB">آویزان</wf>
		<wf pos="VM">گژھان</wf>
		<wf pos="CC">تہٕ</wf>
		<wf pos="VM">باشُن</wf>
		<wf pos="VM">ہیوان</wf>
		<wf pos="DEM">کتھہ</wf>
		<wf pos="DEM">کتھہ</wf>
		<wf pos="PSP">منٛز</wf>
		<wf pos="QC">اکھ</wf>
		<wf pos="NN">حٮ۪سہ</wf>
		<wf pos="VM" sense_id="4">ؤتھِان</wf>
		<wf pos="JJ">بے</wf>
		<wf pos="NNP">مطلبی</wf>
		<wf pos="CC">مگر</wf>
		<wf pos="NN">نظر</wf>
		<wf pos="PSP">ہنٛز</wf>
		<wf pos="VM">سنہ</wf>
		<wf pos="RB">ونۍ</wf>
		<wf pos="NN">دگ</wf>
		<wf pos="SYM">۔</wf>
</sentence>
<sentence s_id="35">
		<wf pos="NNPC">کراں</wf>
		<wf pos="NNPC">سۅ</wf>
		<wf pos="NNP">کُکلِہ</wf>
		<wf pos="NN">کراماتھ</wf>
		<wf pos="NN">کوسمن</wf>
		<wf pos="VAUX">چھےٚ</wf>
		<wf pos="VM" sense_id="1">ؤتھِان</wf>
		<wf pos="SYM">۔</wf>
</sentence>
<sentence s_id="36">
		<wf pos="NN">بوبہٕ</wf>
		<wf pos="RP">صاب</wf>
		<wf pos="VAUX">ٲس</wf>
		<wf pos="NN">لیٚکہٕ</wf>
		<wf pos="CC">تہٕ</wf>
		<wf pos="NN">فحش</wf>
		<wf pos="VM">ؤنۍ</wf>
		<wf pos="VM">ؤنۍ</wf>
		<wf pos="JJ">تھوٚد</wf>
		<wf pos="NN">تھوٚد</wf>
		<wf pos="VM">گژھان</wf>
		<wf pos="VM" sense_id="3">ؤتھِتھ</wf>
		<wf pos="SYM">۔</wf>
</sentence>
<sentence s_id="37">
		<wf pos="NNP">اوٚکدو</wf>
		<wf pos="VAUX">چُھ</wf>
		<wf pos="JJ">نوٚو</wf>
		<wf pos="NN">ؤری</wf>
		<wf pos="PSP">رٔنگۍ</wf>
		<wf pos="VM">مناونہٕ</wf>
		<wf pos="VAUX">یِوان</wf>
		<wf pos="DEM">اَمہِ</wf>
		<wf pos="NN">دۄہہٕ</wf>
		<wf pos="VAUX">چُھ</wf>
		<wf pos="QO">گۄڈنیُک</wf>
		<wf pos="NNP">نوراترٕ</wf>
		<wf pos="RP">تہِ</wf>
		<wf pos="VM">شروع</wf>
		<wf pos="VM">گژھان</wf>
		<wf pos="NNP">کٔشیٖرِ</wf>
		<wf pos="PSP">منز</wf>
		<wf pos="VAUX">چُھ</wf>
		<wf pos="DEM">اَتھ</wf>
		<wf pos="NN">دۄہَس</wf>
		<wf pos="PSP">پٮ۪ٹھ</wf>
		<wf pos="PRP">پنُن</wf>
		<wf pos="QC">اَکھ</wf>
		<wf pos="JJ">خاص</wf>
		<wf pos="NN">رَسماہ</wf>
		<wf pos="NN">کالہٕ</wf>
		<wf pos="VAUX">چُھ</wf>
		<wf pos="VM">یِوان</wf>
		<wf pos="NN">تھال</wf>
		<wf pos="VM">بَرنہٕ</wf>
		<wf pos="DEM">اَتھ</wf>
		<wf pos="PSP">منز</wf>
		<wf pos="VAUX">چُھ</wf>
		<wf pos="NN">تٚومُل,</wf>
		<wf pos="NN">بَتہٕ,</wf>
		<wf pos="NN">دۄد,</wf>
		<wf pos="NN">نوٗن,</wf>
		<wf pos="NN">ٲنہٕ,</wf>
		<wf pos="NN">پٔترٕ,</wf>
		<wf pos="NNC">کرٗولہ</wf>
		<wf pos="NN">پچھ,</wf>
		<wf pos="JJ">تازٕ</wf>
		<wf pos="NN">پوش,</wf>
		<wf pos="NNC">دٛرمن</wf>
		<wf pos="NN">ژکھ</wf>
		<wf pos="CC">,تہٕ</wf>
		<wf pos="NNC">وَٹہٕ</wf>
		<wf pos="NN">رۄپَے</wf>
		<wf pos="VAUX">یِوان</wf>
		<wf pos="VM">تھاونہٕ</wf>
		<wf pos="NN">صُبحَن</wf>
		<wf pos="VM" sense_id="3">ؤتھِتھ</wf>
		<wf pos="VAUX">چِھ</wf>
		<wf pos="PRP">سٲری</wf>
		<wf pos="NN">گَرِکۍ</wf>
		<wf pos="NN">بٲژ</wf>
		<wf pos="DEM">اَتھ</wf>
		<wf pos="NN">بُتھ</wf>
		<wf pos="VM">وُچھان</wf>
		<wf pos="NN">رۄپَے</wf>
		<wf pos="VAUX">چُھ</wf>
		<wf pos="VM">نِوان</wf>
		<wf pos="PRP">سُہ</wf>
		<wf pos="NN">بٲژ</wf>
		<wf pos="DEM">,یُس</wf>
		<wf pos="RB">گۄڈٕ</wf>
		<wf pos="VM" sense_id="3">ؤتھِان</wf>
		<wf pos="VAUX">گَژِھ</wf>
		<wf pos="CC">تہٕ</wf>
		<wf pos="RB">باقٕے</wf>
		<wf pos="NN">بٲژَن</wf>
		<wf pos="NN">تھال</wf>
		<wf pos="VM">ہاوِ</wf>
		<wf pos="SYM">۔</wf>
</sentence>
<sentence s_id="38">
		<wf pos="NNP">اوٚکدو</wf>
		<wf pos="VAUX">چُھ</wf>
		<wf pos="JJ">نوٚو</wf>
		<wf pos="NN">ؤری</wf>
		<wf pos="PSP">رٔنگۍ</wf>
		<wf pos="VM">مناونہٕ</wf>
		<wf pos="VAUX">یِوان</wf>
		<wf pos="DEM">اَمہِ</wf>
		<wf pos="NN">دۄہہٕ</wf>
		<wf pos="VAUX">چُھ</wf>
		<wf pos="QO">گۄڈنیُک</wf>
		<wf pos="NNP">نوراترٕ</wf>
		<wf pos="RP">تہِ</wf>
		<wf pos="VM">شروع</wf>
		<wf pos="VM">گژھان</wf>
		<wf pos="NNP">کٔشیٖرِ</wf>
		<wf pos="PSP">منز</wf>
		<wf pos="VAUX">چُھ</wf>
		<wf pos="DEM">اَتھ</wf>
		<wf pos="NN">دۄہَس</wf>
		<wf pos="PSP">پٮ۪ٹھ</wf>
		<wf pos="PRP">پنُن</wf>
		<wf pos="QC">اَکھ</wf>
		<wf pos="JJ">خاص</wf>
		<wf pos="NN">رَسماہ</wf>
		<wf pos="NN">کالہٕ</wf>
		<wf pos="VAUX">چُھ</wf>
		<wf pos="VM">یِوان</wf>
		<wf pos="NN">تھال</wf>
		<wf pos="VM">بَرنہٕ</wf>
		<wf pos="DEM">اَتھ</wf>
		<wf pos="PSP">منز</wf>
		<wf pos="VAUX">چُھ</wf>
		<wf pos="NN">تٚومُل,</wf>
		<wf pos="NN">بَتہٕ,</wf>
		<wf pos="NN">دۄد,</wf>
		<wf pos="NN">نوٗن,</wf>
		<wf pos="NN">ٲنہٕ,</wf>
		<wf pos="NN">پٔترٕ,</wf>
		<wf pos="NNC">کرٗولہ</wf>
		<wf pos="NN">پچھ,</wf>
		<wf pos="JJ">تازٕ</wf>
		<wf pos="NN">پوش,</wf>
		<wf pos="NNC">دٛرمن</wf>
		<wf pos="NN">ژکھ</wf>
		<wf pos="CC">,تہٕ</wf>
		<wf pos="NNC">وَٹہٕ</wf>
		<wf pos="NN">رۄپَے</wf>
		<wf pos="VAUX">یِوان</wf>
		<wf pos="VM">تھاونہٕ</wf>
		<wf pos="NN">صُبحَن</wf>
		<wf pos="VM" sense_id="3">ؤتھِتھ</wf>
		<wf pos="VAUX">چِھ</wf>
		<wf pos="PRP">سٲری</wf>
		<wf pos="NN">گَرِکۍ</wf>
		<wf pos="NN">بٲژ</wf>
		<wf pos="DEM">اَتھ</wf>
		<wf pos="NN">بُتھ</wf>
		<wf pos="VM">وُچھان</wf>
		<wf pos="NN">رۄپَے</wf>
		<wf pos="VAUX">چُھ</wf>
		<wf pos="VM">نِوان</wf>
		<wf pos="PRP">سُہ</wf>
		<wf pos="NN">بٲژ</wf>
		<wf pos="DEM">,یُس</wf>
		<wf pos="RB">گۄڈٕ</wf>
		<wf pos="VM" sense_id="4">ؤتھِان</wf>
		<wf pos="VAUX">گَژِھ</wf>
		<wf pos="CC">تہٕ</wf>
		<wf pos="RB">باقٕے</wf>
		<wf pos="NN">بٲژَن</wf>
		<wf pos="NN">تھال</wf>
		<wf pos="VM">ہاوِ</wf>
		<wf pos="SYM">۔</wf>
</sentence>
<sentence s_id="39">
		<wf pos="CC">تہٕ</wf>
		<wf pos="DEM">یُتھ</wf>
		<wf pos="NN">افسانہٕ</wf>
		<wf pos="NN">نگار</wf>
		<wf pos="VAUX">چُھ</wf>
		<wf pos="NEG">نہٕ</wf>
		<wf pos="NN">دُنیُک</wf>
		<wf pos="PSP">تام</wf>
		<wf pos="PRP">کانہہ</wf>
		<wf pos="RP">تہِ</wf>
		<wf pos="VM">ووٚتھمُت</wf>
		<wf pos="CC">تہٕ</wf>
		<wf pos="NEG">نہ</wf>
		<wf pos="VAUX">ہیٚکہِ</wf>
		<wf pos="VM" sense_id="3">ؤتھِتھ</wf>
		<wf pos="SYM">۔</wf>
</sentence>
<sentence s_id="40">
		<wf pos="NN">بوبہٕ</wf>
		<wf pos="RP">صاب</wf>
		<wf pos="VAUX">ٲس</wf>
		<wf pos="NN">لیٚکہٕ</wf>
		<wf pos="CC">تہٕ</wf>
		<wf pos="NN">فحش</wf>
		<wf pos="VM">ؤنۍ</wf>
		<wf pos="VM">ؤنۍ</wf>
		<wf pos="JJ">تھوٚد</wf>
		<wf pos="NN">تھوٚد</wf>
		<wf pos="VM">گژھان</wf>
		<wf pos="VM" sense_id="3">ؤتھِتھ</wf>
		<wf pos="SYM">۔</wf>
</sentence>
<sentence s_id="41">
		<wf pos="NNP">خۄجہِ</wf>
		<wf pos="VAUX">اوس</wf>
		<wf pos="RB">وُنہِ</wf>
		<wf pos="NN">جواب</wf>
		<wf pos="VM">سونچٲنی</wf>
		<wf pos="CC">زِ</wf>
		<wf pos="NNP">حبہٕ</wf>
		<wf pos="VAUX">گوٚو</wf>
		<wf pos="RB">پاشاہ</wf>
		<wf pos="VM">کٔرِتھ</wf>
		<wf pos="NN">تھوٚد</wf>
		<wf pos="VM" sense_id="3">ؤتھِتھ</wf>
		<wf pos="SYM">۔</wf>
</sentence>
<sentence s_id="42">
		<wf pos="NN">حالات</wf>
		<wf pos="PSP">خٕلاف</wf>
		<wf pos="VM">وٕچِتھ</wf>
		<wf pos="VM">ژوٚل</wf>
		<wf pos="PRP">سُہ</wf>
		<wf pos="NN">تھوٚد</wf>
		<wf pos="VM" sense_id="3">ؤتھِتھ</wf>
		<wf pos="SYM">۔</wf>
</sentence>
<sentence s_id="43">
		<wf pos="NN">اترے</wf>
		<wf pos="PSP">سٕندِ</wf>
		<wf pos="VM">یِنہٕ</wf>
		<wf pos="NN">وِزِ</wf>
		<wf pos="VAUX">گوٚو</wf>
		<wf pos="NN">بادشاہ</wf>
		<wf pos="NN">تھوٚد</wf>
		<wf pos="VM" sense_id="3">ؤتھِتھ</wf>
		<wf pos="SYM">۔</wf>
</sentence>
<sentence s_id="44">
		<wf pos="NN">حالات</wf>
		<wf pos="PSP">خٕلاف</wf>
		<wf pos="VM">وٕچِتھ</wf>
		<wf pos="VM">ژوٚل</wf>
		<wf pos="PRP">سُہ</wf>
		<wf pos="NN">تھوٚد</wf>
		<wf pos="VM" sense_id="3">ؤتھِتھ</wf>
		<wf pos="SYM">۔</wf>
</sentence>
<sentence s_id="45">
		<wf pos="NN">خُمار</wf>
		<wf pos="PSP">کہِ</wf>
		<wf pos="NN">وجہہ</wf>
		<wf pos="PSP">سۭتۍ</wf>
		<wf pos="NEG">چُھنہٕ</wf>
		<wf pos="PRP">سُہ</wf>
		<wf pos="VM" sense_id="3">ؤتھِتھ</wf>
		<wf pos="VAUX">ہٮ۪کان</wf>
		<wf pos="SYM">۔</wf>
</sentence>
<sentence s_id="46">
		<wf pos="NN">اترے</wf>
		<wf pos="PSP">سٕندِ</wf>
		<wf pos="VM">یِنہٕ</wf>
		<wf pos="NN">وِزِ</wf>
		<wf pos="VAUX">گوٚو</wf>
		<wf pos="NN">بادشاہ</wf>
		<wf pos="NN">تھوٚد</wf>
		<wf pos="VM" sense_id="3">ؤتھِتھ</wf>
		<wf pos="SYM">۔</wf>
</sentence>
<sentence s_id="47">
		<wf pos="DEM">یَتھ</wf>
		<wf pos="PSP">پٮ۪ٹھ</wf>
		<wf pos="JJ">فَسادٕ</wf>
		<wf pos="VM">وۄتھ</wf>
		<wf pos="CC">یا</wf>
		<wf pos="VM" sense_id="3">ؤتھِتھ</wf>
		<wf pos="PRP">ہیٚکہِِ:کیٚنٛہہ</wf>
		<wf pos="NN">ؤزیٖر</wf>
		<wf pos="VAUX">چھِ</wf>
		<wf pos="NN">فَسٲدۍ</wf>
		<wf pos="NN">تقریٖر</wf>
		<wf pos="VM">کٔرِتھ</wf>
		<wf pos="NN">لُکن</wf>
		<wf pos="RB">لَڈٲے</wf>
		<wf pos="VM">تُلان</wf>
		<wf pos="SYM">۔</wf>
</sentence>
<sentence s_id="48">
		<wf pos="DEM">یَتھ</wf>
		<wf pos="PSP">پٮ۪ٹھ</wf>
		<wf pos="NEG">نہٕ</wf>
		<wf pos="PRP">کانہہ</wf>
		<wf pos="JJ">فَسادٕ</wf>
		<wf pos="NN">وۄتھِ</wf>
		<wf pos="CC">یا</wf>
		<wf pos="VM" sense_id="3">ؤتھِتھ</wf>
		<wf pos="NNP">ہٮ۪کہِ:پَنٛچن</wf>
		<wf pos="PSP">ہُنٛد</wf>
		<wf pos="NN">فٲصلہٕ</wf>
		<wf pos="VAUX">اوس</wf>
		<wf pos="JJ">فَسادٕ</wf>
		<wf pos="RB">بَغٲر</wf>
		<wf pos="SYM">۔</wf>
</sentence>
<sentence s_id="49">
		<wf pos="PRP">کٲنٛسہِ</wf>
		<wf pos="NN">بُزرگ</wf>
		<wf pos="NN">شَخصَس</wf>
		<wf pos="NN">کھۄرَن</wf>
		<wf pos="DEM">اَتھ</wf>
		<wf pos="VM">لٲگِتھ</wf>
		<wf pos="NN">نَمسکار</wf>
		<wf pos="NN">کَرُن:شُریر</wf>
		<wf pos="VAUX">چھِ</wf>
		<wf pos="NN">صبحٲیۍ</wf>
		<wf pos="VM" sense_id="3">ؤتھِتھ</wf>
		<wf pos="NNC">مٲلِس</wf>
		<wf pos="NN">ماجہِ</wf>
		<wf pos="NN">کھۄرَن</wf>
		<wf pos="VM">نَمان</wf>
		<wf pos="SYM">۔</wf>
</sentence>
<sentence s_id="50">
		<wf pos="PRP">دُنِہ</wf>
		<wf pos="VAUX">اوس</wf>
		<wf pos="NN">عدالتس</wf>
		<wf pos="PSP">منٛز</wf>
		<wf pos="NN">جج</wf>
		<wf pos="CC">بیٚیہ</wf>
		<wf pos="NEG">نَے</wf>
		<wf pos="JJ">ازٲسۍ</wf>
		<wf pos="NN">لوٗکن</wf>
		<wf pos="PSP">ہنٛز</wf>
		<wf pos="NN">رٔج</wf>
		<wf pos="NN">جاؤے</wf>
		<wf pos="RP">پہَن</wf>
		<wf pos="VM">لگِتھ</wf>
		<wf pos="NN">تماشِہ</wf>
		<wf pos="JJ">گیٖر</wf>
		<wf pos="PRP">أسۍ</wf>
		<wf pos="RB">برونٛٹھٕے</wf>
		<wf pos="NN">عدالتس</wf>
		<wf pos="PSP">منٛز</wf>
		<wf pos="NN">جاے</wf>
		<wf pos="VM">رٔ</wf>
		<wf pos="NN">ٹۍ</wf>
		<wf pos="VM">رٔٹۍ</wf>
		<wf pos="VM">بِہتھ</wf>
		<wf pos="NN">وکیٖل</wf>
		<wf pos="VAUX">ٲسۍ</wf>
		<wf pos="NNC">کرٛ</wf>
		<wf pos="NN">ہنۍ</wf>
		<wf pos="VM">چۄگِہ</wf>
		<wf pos="NN">لٲگی</wf>
		<wf pos="QF">لٲگو</wf>
		<wf pos="QC">برٛونٛٹھمِہ</wf>
		<wf pos="VM">کُرسِیِہ</wf>
		<wf pos="NN">لٲنِہ</wf>
		<wf pos="PSP">پٮ۪ٹھ</wf>
		<wf pos="QC">اکھ</wf>
		<wf pos="NN">أکِس</wf>
		<wf pos="PSP">سۭتۍ</wf>
		<wf pos="VM">پھیراےکران</wf>
		<wf pos="CC">زن</wf>
		<wf pos="CC">تہٕ</wf>
		<wf pos="PRP">کُنِہ</wf>
		<wf pos="JJ">اہم</wf>
		<wf pos="NN">مُقدٕمس</wf>
		<wf pos="PSP">منٛز</wf>
		<wf pos="PRP">أسۍ</wf>
		<wf pos="PRP">تِم</wf>
		<wf pos="RP">تِہ</wf>
		<wf pos="NN">بحث</wf>
		<wf pos="VM">کران</wf>
		<wf pos="NN">مَنُشی</wf>
		<wf pos="RP">صٲب</wf>
		<wf pos="VAUX">اوس</wf>
		<wf pos="NN">کاغذن</wf>
		<wf pos="VM">پھیرُان</wf>
		<wf pos="NN">پھُیراہ</wf>
		<wf pos="VM">دِوان</wf>
		<wf pos="CC">تہٕ</wf>
		<wf pos="NN">أکِس</wf>
		<wf pos="JJ">الگ</wf>
		<wf pos="NN">کا</wf>
		<wf pos="NN">غذ</wf>
		<wf pos="NN">وَرقس</wf>
		<wf pos="PSP">پٮ۪ٹھ</wf>
		<wf pos="NN">پنسلٕہ</wf>
		<wf pos="PSP">سۭتۍ</wf>
		<wf pos="JJ">پریشان</wf>
		<wf pos="NN">پٲٹھیۍ</wf>
		<wf pos="PSP">رِکھہٕ</wf>
		<wf pos="NN">پوٚنٛزاہ</wf>
		<wf pos="VM">دِوان</wf>
		<wf pos="PSP">زن</wf>
		<wf pos="CC">تہٕ</wf>
		<wf pos="PRP">کانٛہہ</wf>
		<wf pos="NNC">صوٗرت</wf>
		<wf pos="NN">گر</wf>
		<wf pos="VM">آرٹسِٹ</wf>
		<wf pos="VAUX">اوس</wf>
		<wf pos="NN">واوٕہ</wf>
		<wf pos="RB">ہالِہ</wf>
		<wf pos="PSP">منٛز</wf>
		<wf pos="RB">تھارِہ</wf>
		<wf pos="POW">سان</wf>
		<wf pos="RB">ژلٕہ</wf>
		<wf pos="RB">وُنِہ</wf>
		<wf pos="RB">تھارِہ</wf>
		<wf pos="RB">ہِژہ</wf>
		<wf pos="RB">مَسولِہ</wf>
		<wf pos="RB">ۂندۍ</wf>
		<wf pos="NN">زُلفِ</wf>
		<wf pos="JJ">پریشانکُ</wf>
		<wf pos="NN">تصویٖر</wf>
		<wf pos="VM">بناوان</wf>
		<wf pos="INJ">!</wf>
		<wf pos="RB">پیشہ</wf>
		<wf pos="NNPC">وَرتما</wf>
		<wf pos="NNP">شِہ</wf>
		<wf pos="NNP">گیٖرن،</wf>
		<wf pos="NNP">اخباری</wf>
		<wf pos="NNP">نُمایندن،</wf>
		<wf pos="NNP">شہرہ</wf>
		<wf pos="PSP">کٮ۪ن</wf>
		<wf pos="NN">بےکارن</wf>
		<wf pos="CC">تہٕ</wf>
		<wf pos="NNC">پنشن</wf>
		<wf pos="NN">خارن</wf>
		<wf pos="VAUX">ٲس</wf>
		<wf pos="DEM">اَتھ</wf>
		<wf pos="NN">مُقدِس</wf>
		<wf pos="PSP">سۭتۍ</wf>
		<wf pos="JJ">واریاہ</wf>
		<wf pos="NN">دِلچسپی</wf>
		<wf pos="VM">ہُریامٕژ</wf>
		<wf pos="RDP">سٲرۍ</wf>
		<wf pos="VAUX">ٲسۍ</wf>
		<wf pos="PRP">پننِہ</wf>
		<wf pos="NN">گاٹہٕ</wf>
		<wf pos="NNP">جارٕہ</wf>
		<wf pos="POW">پٲٹھۍ</wf>
		<wf pos="PRP">پننِہ</wf>
		<wf pos="PRP">پننِہ</wf>
		<wf pos="NN">جایِہ</wf>
		<wf pos="VM">أ</wf>
		<wf pos="DEM">تھۍ</wf>
		<wf pos="NN">مُقدِس</wf>
		<wf pos="PSP">پٮ۪ٹھ</wf>
		<wf pos="NN">بحث</wf>
		<wf pos="VM">کران</wf>
		<wf pos="SYM">أ</wf>
		<wf pos="PRP">ڈۍ</wf>
		<wf pos="VAUX">ٲسۍ</wf>
		<wf pos="NNP">احمدس</wf>
		<wf pos="JJ">سزابرقرار</wf>
		<wf pos="VM">تھاوان</wf>
		<wf pos="CC">تہٕ</wf>
		<wf pos="PRP">أڈۍ</wf>
		<wf pos="VAUX">ٲسِس</wf>
		<wf pos="NN">سزاکم</wf>
		<wf pos="VM">کران</wf>
		<wf pos="CC">مگر</wf>
		<wf pos="PRP">کینٛہہ</wf>
		<wf pos="VAUX">ٲسۍ</wf>
		<wf pos="NN">راے</wf>
		<wf pos="VM">قٲیِم</wf>
		<wf pos="VM">کٔرِتھ</wf>
		<wf pos="CC">زِہ</wf>
		<wf pos="JJ">احمدہ</wf>
		<wf pos="NN">مۄکِلہ</wf>
		<wf pos="JJ">سرکٲرٖۍ</wf>
		<wf pos="NN">وکیل</wf>
		<wf pos="RP">تِہ</wf>
		<wf pos="VAUX">اوس</wf>
		<wf pos="NN">اکِہ</wf>
		<wf pos="PSP">طرفہ</wf>
		<wf pos="NN">کرُسی</wf>
		<wf pos="PSP">پٮ۪ٹھ</wf>
		<wf pos="PRP">پَننٮ۪ن</wf>
		<wf pos="VM">کاغذان</wf>
		<wf pos="NN">تچِھ</wf>
		<wf pos="NN">تچِھ</wf>
		<wf pos="VM">کران</wf>
		<wf pos="NN">عدالتس</wf>
		<wf pos="CC">منٛزا</wf>
		<wf pos="NN">کِہ</wf>
		<wf pos="PSP">طرفہ</wf>
		<wf pos="QC">اکھاہ</wf>
		<wf pos="JJ">‘‘نَہ</wf>
		<wf pos="NN">نَہ’’</wf>
		<wf pos="VM">کران</wf>
		<wf pos="VM">ن</wf>
		<wf pos="QC">بیٛاکھاہ</wf>
		<wf pos="NN">‘‘</wf>
		<wf pos="CC">اَوٕ</wf>
		<wf pos="NN">ہ</wf>
		<wf pos="VM">اَوٕہ</wf>
		<wf pos="SYM">’’</wf>
		<wf pos="QC">اکھاہ</wf>
		<wf pos="VM">اَسان</wf>
		<wf pos="CC">تہٕ</wf>
		<wf pos="PRP">بیٛاکھ</wf>
		<wf pos="NN">بَڈہٕ</wf>
		<wf pos="PRP">سرٛنِس</wf>
		<wf pos="NN">سوچس</wf>
		<wf pos="NN">منٛزدَم</wf>
		<wf pos="JJ">گیٖر</wf>
		<wf pos="NN">پھَسراے</wf>
		<wf pos="NN">چھَہ</wf>
		<wf pos="JJ">خاص</wf>
		<wf pos="VM">تِژٕھے،</wf>
		<wf pos="VAUX">یژھ</wf>
		<wf pos="PRP">کُنِہ</wf>
		<wf pos="NN">یٔنِہ</wf>
		<wf pos="RB">لِہ</wf>
		<wf pos="PSP">پٮ۪ٹھ</wf>
		<wf pos="NN">تَش</wf>
		<wf pos="NN">نارِہ</wf>
		<wf pos="PSP">ہُند</wf>
		<wf pos="NN">ٹھَس</wf>
		<wf pos="VAUX">گژٕھہ</wf>
		<wf pos="NEG">نہٕ</wf>
		<wf pos="RB">برونٛٹھ</wf>
		<wf pos="NN">سالرٕ</wf>
		<wf pos="NN">ن</wf>
		<wf pos="PSP">منٛز</wf>
		<wf pos="VM">لگِتھ</wf>
		<wf pos="VM">آسان</wf>
		<wf pos="NN">چھَہ</wf>
		<wf pos="RP">تہِ</wf>
		<wf pos="NN">تَش</wf>
		<wf pos="NN">نارِہ</wf>
		<wf pos="PSP">ہُند</wf>
		<wf pos="NN">ٹھَس</wf>
		<wf pos="VM">بوٗزۍ</wf>
		<wf pos="ZEM">تھٕے</wf>
		<wf pos="VAUX">چِھہ</wf>
		<wf pos="RDP">سٲرۍ</wf>
		<wf pos="NN">انٛد</wf>
		<wf pos="NN">انٛد</wf>
		<wf pos="VM">کُن</wf>
		<wf pos="VM">کھسان</wf>
		<wf pos="NN">نرِہ</wf>
		<wf pos="NN">زنگہٕ</wf>
		<wf pos="VM">شیران</wf>
		<wf pos="QC">ستہٕ</wf>
		<wf pos="NN">پھِسراے</wf>
		<wf pos="VM">بندکران</wf>
		<wf pos="CC">تہٕ</wf>
		<wf pos="RB">تِتِھے</wf>
		<wf pos="POW">پٲٹھۍ</wf>
		<wf pos="VAUX">گٔیِہ</wf>
		<wf pos="DEM">اَتھ</wf>
		<wf pos="JJ">بٔرتِس</wf>
		<wf pos="NN">ہالس</wf>
		<wf pos="PSP">منٛز</wf>
		<wf pos="QC">یک</wf>
		<wf pos="RDP">دَم</wf>
		<wf pos="QC">ژھۄپہ</wf>
		<wf pos="RDP">سٲرۍ</wf>
		<wf pos="NN">لگی</wf>
		<wf pos="QC">نرِہ</wf>
		<wf pos="NN">زنگہٕ</wf>
		<wf pos="QC">ٹوُہ</wf>
		<wf pos="PSP">نِہ</wf>
		<wf pos="CC">تہٕ</wf>
		<wf pos="PRP">پننِہ</wf>
		<wf pos="PRP">پننِہ</wf>
		<wf pos="NN">جایِہ</wf>
		<wf pos="PSP">پٮ۪ٹھ</wf>
		<wf pos="NN">بیہٚہ</wf>
		<wf pos="PSP">نِہ</wf>
		<wf pos="DEM">یتِھُے</wf>
		<wf pos="NN">جج</wf>
		<wf pos="VM">عمٲبٕنۍ</wf>
		<wf pos="CC">اَردٔلۍ</wf>
		<wf pos="NN">کرٛیکھ</wf>
		<wf pos="VAUX">دژِھ</wf>
		<wf pos="CC">زِہ</wf>
		<wf pos="NNPC">حضورِ</wf>
		<wf pos="NNP">والا</wf>
		<wf pos="VAUX">چِھہ</wf>
		<wf pos="VM">نیرن</wf>
		<wf pos="PSP">وٲلۍ</wf>
		<wf pos="VM">أ</wf>
		<wf pos="DEM">تھۍ</wf>
		<wf pos="NN">کرٛیکِہ</wf>
		<wf pos="PSP">سۭتۍ</wf>
		<wf pos="VM">درٛاو</wf>
		<wf pos="RB">حضوٗر</wf>
		<wf pos="NNP">والا</wf>
		<wf pos="NN">کلہٕ</wf>
		<wf pos="NST">بۄن</wf>
		<wf pos="VM">ترٲوِتھ</wf>
		<wf pos="RDP">فیٚکۍ</wf>
		<wf pos="RB">شمُہٕ</wf>
		<wf pos="POW">رٲوِتھ</wf>
		<wf pos="CC">تہٕ</wf>
		<wf pos="NN">أچِھ</wf>
		<wf pos="NN">زٕہ</wf>
		<wf pos="VM">مَنامُژرٲوِتھ</wf>
		<wf pos="CC">تہٕ</wf>
		<wf pos="RP">ہَنا</wf>
		<wf pos="RB">ؤٹِتھ</wf>
		<wf pos="CC">ز</wf>
		<wf pos="NN">ن</wf>
		<wf pos="CC">تہٕ</wf>
		<wf pos="NNC">زوٗنہٕ</wf>
		<wf pos="NN">نِندرِہ</wf>
		<wf pos="PSP">منٛز</wf>
		<wf pos="PRP">کانٛہہ</wf>
		<wf pos="RDP">مخموٗر</wf>
		<wf pos="NN">شہزادہٕ</wf>
		<wf pos="JJ">حرم</wf>
		<wf pos="NNC">خانہ</wf>
		<wf pos="NN">منٛزہ</wf>
		<wf pos="NN">دربار</wf>
		<wf pos="VM">ژاو</wf>
		<wf pos="NN">سٲرِہ</wf>
		<wf pos="DEM">سے</wf>
		<wf pos="NN">ہالَس</wf>
		<wf pos="VAUX">گٔیِہ</wf>
		<wf pos="RB">وۄنۍ</wf>
		<wf pos="NNP">وارٕہ</wf>
		<wf pos="POW">پٲٹھی</wf>
		<wf pos="NNPC">ژھۄپہ</wf>
		<wf pos="NNP">ٲسَن</wf>
		<wf pos="PSP">لگۍ</wf>
		<wf pos="NNC">ترٛ</wf>
		<wf pos="NN">پۍ</wf>
		<wf pos="RP">تِہ</wf>
		<wf pos="NN">اکِہ</wf>
		<wf pos="NN">انٛدٕہ</wf>
		<wf pos="PSP">پٮ۪ٹھہٕ</wf>
		<wf pos="PRP">بیٚیِس</wf>
		<wf pos="NN">اندس</wf>
		<wf pos="PSP">تام</wf>
		<wf pos="VAUX">گٔیِہ</wf>
		<wf pos="PRP">سٲری</wf>
		<wf pos="VM">لوُکھ،</wf>
		<wf pos="NN">وکیٖل</wf>
		<wf pos="CC">تہٕ</wf>
		<wf pos="NN">تماشِہ</wf>
		<wf pos="JJ">گیٖر</wf>
		<wf pos="NN">تھوٚد</wf>
		<wf pos="VM" sense_id="3">ؤتھِتھ</wf>
		<wf pos="CC">تہٕ</wf>
		<wf pos="POW">أکۍ</wf>
		<wf pos="POW">سٕے</wf>
		<wf pos="NN">شہَس</wf>
		<wf pos="VM">اندربیٖٹھۍ</wf>
		<wf pos="CC">بیٚیہ</wf>
		<wf pos="PRP">پننٮ۪ن</wf>
		<wf pos="PRP">پننٮ۪ن</wf>
		<wf pos="NN">جایَن</wf>
		<wf pos="PSP">پٮ۪ٹھ</wf>
		<wf pos="VAUX">گو</wf>
		<wf pos="JJ">یازَن</wf>
		<wf pos="NN">تہم</wf>
		<wf pos="NN">پرٛایمری</wf>
		<wf pos="NNPC">سکوٗلکُ</wf>
		<wf pos="NNP">شورافسرٕہ</wf>
		<wf pos="NNP">سٕندِہ</wf>
		<wf pos="NNP">وِزِہ</wf>
		<wf pos="NNP">ماشٹرجی</wf>
		<wf pos="NNP">سٕندِہ</wf>
		<wf pos="NNPC">ہیٚیچھناونہ</wf>
		<wf pos="PSP">مُطٲبق</wf>
		<wf pos="NN">‘‘</wf>
		<wf pos="NN">سٹینڈ</wf>
		<wf pos="NN">اَپ</wf>
		<wf pos="CC">تہٕ</wf>
		<wf pos="NN">سِٹ</wf>
		<wf pos="QC">ڈاؤن’’</wf>
		<wf pos="VM">کران</wf>
		<wf pos="VM">ؤتھۍ</wf>
		<wf pos="CC">تہٕ</wf>
		<wf pos="RB">بییٹھۍ</wf>
		<wf pos="VM">بیٚہان</wf>
		<wf pos="VM">بیٚہان</wf>
		<wf pos="VM">کوٚر</wf>
		<wf pos="NN">ججَن</wf>
		<wf pos="DEM">مُلزِمہ</wf>
		<wf pos="PSP">سٕندِس</wf>
		<wf pos="NN">وکیلس</wf>
		<wf pos="VM">کُن</wf>
		<wf pos="NN">بُتھ</wf>
		<wf pos="VM">کٔرِتھ</wf>
		<wf pos="NN">خطاب</wf>
		<wf pos="SYM">’’</wf>
		<wf pos="NN">مُنشی</wf>
		<wf pos="NN">صٲب!</wf>
		<wf pos="JJ">کٔرِیو</wf>
		<wf pos="NN">تہُی</wf>
		<wf pos="VM">شروع</wf>
		<wf pos="PRP">میٚہ</wf>
		<wf pos="VAUX">چھُ</wf>
		<wf pos="JJ">یقیٖن</wf>
		<wf pos="CC">زِہ</wf>
		<wf pos="JJ">ازکٔرِیو</wf>
		<wf pos="NN">تہُی</wf>
		<wf pos="PRP">پنُن</wf>
		<wf pos="NN">بحث</wf>
		<wf pos="VM">ختم</wf>
		<wf pos="NN">رات</wf>
		<wf pos="NN">چھُوٕ</wf>
		<wf pos="NN">ہ</wf>
		<wf pos="PRP">تۄہہ</wf>
		<wf pos="NN">سارِہ</wf>
		<wf pos="PSP">نٕے</wf>
		<wf pos="NN">شٲہدن</wf>
		<wf pos="PSP">مُتلِق</wf>
		<wf pos="NN">بحث</wf>
		<wf pos="VM">ختم</wf>
		<wf pos="VM">کوٚر</wf>
		<wf pos="NNP">مُتاز</wf>
		<wf pos="JJ">کٔرِیو</wf>
		<wf pos="RB">وۄنۍ</wf>
		<wf pos="NN">تہُی</wf>
		<wf pos="PRP">پَننِہ</wf>
		<wf pos="NNPC">بَحثکُ</wf>
		<wf pos="NNPC">لبُ</wf>
		<wf pos="NNPC">لبُاب</wf>
		<wf pos="NNP">پیش!’’</wf>
		<wf pos="SYM">۔</wf>
</sentence>
<sentence s_id="51">
		<wf pos="NN">ججِہ</wf>
		<wf pos="PSP">سُنٛد</wf>
		<wf pos="DEM">یِہ</wf>
		<wf pos="NN">فرمان</wf>
		<wf pos="JJ:?">بوٗزِٹھ</wf>
		<wf pos="NN">مُنشی</wf>
		<wf pos="RP">صٲب</wf>
		<wf pos="NN">تھوٚدتھوٚد</wf>
		<wf pos="VM" sense_id="3">ؤتھِتھ</wf>
		<wf pos="VM">کوٚرُن</wf>
		<wf pos="CC">بیٚیہ</wf>
		<wf pos="RP">ہَنا</wf>
		<wf pos="NN">کمرس</wf>
		<wf pos="JJ">خم</wf>
		<wf pos="NN">ہیوٖ</wf>
		<wf pos="CC">تہٕ</wf>
		<wf pos="NN">ووٚتہہ</wf>
		<wf pos="CC">بیٚیہ</wf>
		<wf pos="JJ">تھوٚد</wf>
		<wf pos="POW">زن</wf>
		<wf pos="CC">تہٕ</wf>
		<wf pos="NN">نمٮاز</wf>
		<wf pos="VM">پَران</wf>
		<wf pos="NN">رکوٗعس</wf>
		<wf pos="VM">ووٚتھ!</wf>
		<wf pos="PRP">پَنُن</wf>
		<wf pos="NN">بحث</wf>
		<wf pos="RB">از</wf>
		<wf pos="VM">ختم</wf>
		<wf pos="QC">کرٕہ</wf>
		<wf pos="JJ">نکُ</wf>
		<wf pos="NN">یقیٖن</wf>
		<wf pos="VM">دِنہٕ</wf>
		<wf pos="RB">بغٲر</wf>
		<wf pos="NEG">یانَہ</wf>
		<wf pos="NN">مۄکلاونس</wf>
		<wf pos="PSP">پٮ۪ٹھ</wf>
		<wf pos="NN">مازرَتھ</wf>
		<wf pos="VM">پیش</wf>
		<wf pos="NN">کرٕہ</wf>
		<wf pos="NEG">نہٕ</wf>
		<wf pos="RB">روٚستُے</wf>
		<wf pos="VM">لوگ</wf>
		<wf pos="SYM">أ</wf>
		<wf pos="PRP">مۍ</wf>
		<wf pos="VM">شروع</wf>
		<wf pos="VM">کرُن</wf>
		<wf pos="SYM">۔</wf>
</sentence>
<sentence s_id="52">
		<wf pos="WQ">“کیا</wf>
		<wf pos="RP">حض</wf>
		<wf pos="NN">برادر</wf>
		<wf pos="NN">حُکم</wf>
		<wf pos="VAUX">چھا</wf>
		<wf pos="VM">کینٛہہ؟“</wf>
		<wf pos="NN">کرٛاکری</wf>
		<wf pos="PSP">وول</wf>
		<wf pos="DEM">یُس</wf>
		<wf pos="NN">کرسی</wf>
		<wf pos="PSP">پٮ۪ٹھ</wf>
		<wf pos="VM">بِہِتھ</wf>
		<wf pos="NN">اخبار</wf>
		<wf pos="VM">پران</wf>
		<wf pos="VAUX">اوس</wf>
		<wf pos="VM" sense_id="5">ووٚتھ</wf>
		<wf pos="NNP">اشرف</wf>
		<wf pos="RP">صٲبس</wf>
		<wf pos="PSP">کن</wf>
		<wf pos="SYM">۔</wf>
</sentence>
<sentence s_id="53">
		<wf pos="NNP">اشرف</wf>
		<wf pos="RP">صٲب</wf>
		<wf pos="VAUX">گو</wf>
		<wf pos="JJ">شرمندٕ</wf>
		<wf pos="PSP">ہیوٗ</wf>
		<wf pos="NN">چایہِ</wf>
		<wf pos="QF">داماہ</wf>
		<wf pos="RDP">داماہ</wf>
		<wf pos="VM">چیوان</wf>
		<wf pos="VM">بیوٗٹھ</wf>
		<wf pos="NN">فایلہِ</wf>
		<wf pos="RDP">ورقا</wf>
		<wf pos="NN">ورقا</wf>
		<wf pos="VM">پھران</wf>
		<wf pos="PRP">تس</wf>
		<wf pos="PSP">زن</wf>
		<wf pos="VAUX">ٲس</wf>
		<wf pos="RB">از</wf>
		<wf pos="NN">دِلٕچ</wf>
		<wf pos="NN">دُبراے</wf>
		<wf pos="JJ">تیز</wf>
		<wf pos="RP">ہنا</wf>
		<wf pos="VM">باسان</wf>
		<wf pos="PRP">سُہ</wf>
		<wf pos="VM" sense_id="5">ووٚتھ</wf>
		<wf pos="NN">کرسی</wf>
		<wf pos="PSP">پٮ۪ٹھ</wf>
		<wf pos="JJ">تھوٚد</wf>
		<wf pos="NN">کمرٕ</wf>
		<wf pos="PSP">منٛز</wf>
		<wf pos="VM">درٛاو</wf>
		<wf pos="NST">نٮ۪بر،</wf>
		<wf pos="VM">پکان</wf>
		<wf pos="RDP">پکان</wf>
		<wf pos="VM">پیٚیہِ</wf>
		<wf pos="PRP">تَس</wf>
		<wf pos="PRP">پننِس</wf>
		<wf pos="NN">کھوفرِس</wf>
		<wf pos="NNC">چپنہِ</wf>
		<wf pos="NN">کھۄرس</wf>
		<wf pos="PSP">پٮ۪ٹھ</wf>
		<wf pos="NN">نظر</wf>
		<wf pos="PRP">سُہ</wf>
		<wf pos="PSP">زن</wf>
		<wf pos="VM">باسیوو</wf>
		<wf pos="PRP">تَس</wf>
		<wf pos="RB">پٔتۍمٮ۪ن</wf>
		<wf pos="NNP">دمن</wf>
		<wf pos="PSP">پٮ۪ٹھ</wf>
		<wf pos="SYM">۔</wf>
</sentence>
<sentence s_id="54">
		<wf pos="NN">گاش</wf>
		<wf pos="RB">پھۄلہٕ</wf>
		<wf pos="POW">وُن</wf>
		<wf pos="VM" sense_id="5">ووٚتھ</wf>
		<wf pos="PRP">سُہ</wf>
		<wf pos="PRP">پننہِ</wf>
		<wf pos="NN">آرام</wf>
		<wf pos="VM">کرنہٕ</wf>
		<wf pos="PSP">چہِ</wf>
		<wf pos="NN">جایہِ</wf>
		<wf pos="PSP">پٮ۪ٹھہٕ</wf>
		<wf pos="JJ">تھوٚد</wf>
		<wf pos="CC">تہٕ</wf>
		<wf pos="RB">سیٚدِ</wf>
		<wf pos="POW">سیوٚد</wf>
		<wf pos="VM">تُلن</wf>
		<wf pos="PRP">پنہٕ</wf>
		<wf pos="POW">نٮ۪ن</wf>
		<wf pos="VM">پونس</wf>
		<wf pos="PSP">ہُنٛد</wf>
		<wf pos="NN">تلاش</wf>
		<wf pos="SYM">۔</wf>
</sentence>
<sentence s_id="55">
		<wf pos="NNP">ٹارزنن</wf>
		<wf pos="VM">کوٚڈ</wf>
		<wf pos="NN">کاڈ</wf>
		<wf pos="CC">تہٕ</wf>
		<wf pos="VM" sense_id="5">ووٚتھ</wf>
		<wf pos="RB">باقٕے</wf>
		<wf pos="VM">یارن“</wf>
		<wf pos="NN">بوٗزوا</wf>
		<wf pos="WQ">تۄہِہ؟</wf>
		<wf pos="PRP">ییٚمِس</wf>
		<wf pos="NN">ڈاکٹرس</wf>
		<wf pos="VAUX">ہا</wf>
		<wf pos="VAUX">چُھوٕ</wf>
		<wf pos="VM">لَو“</wf>
		<wf pos="NN">پہلوانن</wf>
		<wf pos="CC">تہٕ</wf>
		<wf pos="NN">سیٹھن</wf>
		<wf pos="VM">ترٛوو</wf>
		<wf pos="RB">ٹھاہ</wf>
		<wf pos="RDP">ٹھاہ</wf>
		<wf pos="VM">کٔرِتھ</wf>
		<wf pos="NN">اَسُن</wf>
		<wf pos="SYM">“</wf>
		<wf pos="QW">کسوٗ</wf>
		<wf pos="VM">سۭتۍ“؟</wf>
		<wf pos="NN">پہلوانن</wf>
		<wf pos="VM">پُرژھنس</wf>
		<wf pos="SYM">“</wf>
		<wf pos="PRP">بہٕ</wf>
		<wf pos="VM">ونووٕ</wf>
		<wf pos="SYM">“</wf>
		<wf pos="NN">ٹارزن</wf>
		<wf pos="VM">ووتُھس“</wf>
		<wf pos="PRP">أمِس</wf>
		<wf pos="RB">ہِسٲ</wf>
		<wf pos="VAUX">چُھوٕ</wf>
		<wf pos="PRP">پننہِ</wf>
		<wf pos="NN">اَفسر</wf>
		<wf pos="PSP">بایہِ</wf>
		<wf pos="PSP">سۭتۍ</wf>
		<wf pos="VM">لَو“</wf>
		<wf pos="SYM">۔</wf>
</sentence>
<sentence s_id="56">
		<wf pos="NNP">ٹارزنن</wf>
		<wf pos="VM">کٔرنس</wf>
		<wf pos="RB">ہیٚرِ</wf>
		<wf pos="PSP">پٮ۪ٹھ</wf>
		<wf pos="RB">بۄن</wf>
		<wf pos="PSP">تام</wf>
		<wf pos="NN">نظر</wf>
		<wf pos="CC">تہٕ</wf>
		<wf pos="VM" sense_id="5">ووٚتھ</wf>
		<wf pos="NN">ڈاکٹرس“</wf>
		<wf pos="RB">وۄنۍ</wf>
		<wf pos="VM">وَنتہٕ</wf>
		<wf pos="PRP">مےٚ</wf>
		<wf pos="NN">“کاندرس</wf>
		<wf pos="VAUX">ما</wf>
		<wf pos="VM">پرٛژھوت</wf>
		<wf pos="NN">سُکور“؟</wf>
		<wf pos="SYM">۔</wf>
</sentence>
<sentence s_id="57">
		<wf pos="NN">چایہِ</wf>
		<wf pos="QF">داماہ</wf>
		<wf pos="RDP">داماہ</wf>
		<wf pos="VM">چیوان</wf>
		<wf pos="VM">بیوٗٹھ</wf>
		<wf pos="NNP">اشرف</wf>
		<wf pos="RP">صٲب</wf>
		<wf pos="NN">فایلہِ</wf>
		<wf pos="RDP">ورقا</wf>
		<wf pos="NN">ورقا</wf>
		<wf pos="VM">پھران</wf>
		<wf pos="PRP">تس</wf>
		<wf pos="PSP">زن</wf>
		<wf pos="VAUX">ٲس</wf>
		<wf pos="RB">از</wf>
		<wf pos="NN">دِلٕچ</wf>
		<wf pos="NN">دُبراے</wf>
		<wf pos="JJ">تیز</wf>
		<wf pos="RP">ہنا</wf>
		<wf pos="VM">باسان</wf>
		<wf pos="PRP">سُہ</wf>
		<wf pos="VM" sense_id="5">ووٚتھ</wf>
		<wf pos="NN">کرسی</wf>
		<wf pos="PSP">پٮ۪ٹھ</wf>
		<wf pos="JJ">تھوٚد</wf>
		<wf pos="NN">کمرٕ</wf>
		<wf pos="PSP">منٛز</wf>
		<wf pos="VM">درٛاو</wf>
		<wf pos="NST">نٮ۪بر،</wf>
		<wf pos="VM">پکان</wf>
		<wf pos="RDP">پکان</wf>
		<wf pos="VM">پیٚیہِ</wf>
		<wf pos="PRP">تَس</wf>
		<wf pos="PRP">پننِس</wf>
		<wf pos="NN">کھورِس</wf>
		<wf pos="NNC">چپنہِ</wf>
		<wf pos="NN">کھۄرس</wf>
		<wf pos="PSP">پٮ۪ٹھ</wf>
		<wf pos="NN">نظر</wf>
		<wf pos="PRP">سُہ</wf>
		<wf pos="PSP">زن</wf>
		<wf pos="VM">باسیوو</wf>
		<wf pos="PRP">تَس</wf>
		<wf pos="RB">پٔتۍمٮ۪ن</wf>
		<wf pos="NNP">دمن</wf>
		<wf pos="PSP">پٮ۪ٹھ</wf>
		<wf pos="NN">کھۄرو</wf>
		<wf pos="PSP">منٛز</wf>
		<wf pos="VM">کوٚڈُن</wf>
		<wf pos="CC">تہٕ</wf>
		<wf pos="NN">سٹوٗلس</wf>
		<wf pos="PSP">پٮ۪ٹھ</wf>
		<wf pos="VM">بِہِتھ</wf>
		<wf pos="VM">لوٚگ</wf>
		<wf pos="DEM">اَتھ</wf>
		<wf pos="VM">وُچھنہِ</wf>
		<wf pos="DEM">یُس</wf>
		<wf pos="JJ">خستہٕ</wf>
		<wf pos="NN">حال</wf>
		<wf pos="VAUX">اوس</wf>
		<wf pos="VM">گوٚمُت</wf>
		<wf pos="SYM">۔</wf>
</sentence>
<sentence s_id="58">
		<wf pos="NNP">مجن</wf>
		<wf pos="VM" sense_id="5">ووٚتھ</wf>
		<wf pos="NNP">اشمہِ</wf>
		<wf pos="PSP">کن</wf>
		<wf pos="PRP">“ژٕ</wf>
		<wf pos="VM">وُچھ</wf>
		<wf pos="NN">صبحٲے</wf>
		<wf pos="VM">دِمے</wf>
		<wf pos="NN">مۄکجار</wf>
		<wf pos="RB">تیٚلہِ</wf>
		<wf pos="VAUX">آسہٕ</wf>
		<wf pos="NEG">نہٕ</wf>
		<wf pos="NN">مٲلۍ</wf>
		<wf pos="PSP">سُند’’</wf>
		<wf pos="SYM">۔</wf>
</sentence>
<sentence s_id="59">
		<wf pos="NNP">کٲشِرۍ</wf>
		<wf pos="POW">پٲٹھۍ</wf>
		<wf pos="VAUX">چِھ</wf>
		<wf pos="VM">وَنان</wf>
		<wf pos="NN">“روٗد</wf>
		<wf pos="VM">وولُن“</wf>
		<wf pos="NEG">نہٕ</wf>
		<wf pos="PSP">کہ</wf>
		<wf pos="VM">روٗد</wf>
		<wf pos="VM" sense_id="5">ووٚتھ</wf>
		<wf pos="SYM">۔</wf>
</sentence>
<sentence s_id="60">
		<wf pos="NNP">ٹارزنن</wf>
		<wf pos="VM">ہٮ۪ژ</wf>
		<wf pos="NN">وٲنِس</wf>
		<wf pos="QC">ترےٚ</wf>
		<wf pos="NN">سگریٹ</wf>
		<wf pos="QF">ڈبہِ</wf>
		<wf pos="RB">وۄزُم</wf>
		<wf pos="CC">تہٕ</wf>
		<wf pos="VM" sense_id="5">ووٚتھ</wf>
		<wf pos="NN">ڈاکٹرس</wf>
		<wf pos="RB">وۄنۍ</wf>
		<wf pos="VM">وَنتہٕ</wf>
		<wf pos="PRP">مےٚ</wf>
		<wf pos="JJ">سورُے</wf>
		<wf pos="NN">شہر</wf>
		<wf pos="NN">آوریٚنہِ</wf>
		<wf pos="NN">بل</wf>
		<wf pos="VM">تارُن</wf>
		<wf pos="RB">وۄنۍ</wf>
		<wf pos="VAUX">گوس</wf>
		<wf pos="PRP">بہٕ</wf>
		<wf pos="NN">ٹَچ</wf>
		<wf pos="SYM">۔</wf>
</sentence>
<sentence s_id="61">
		<wf pos="NN">روٗد</wf>
		<wf pos="VM" sense_id="5">ووٚتھ</wf>
		<wf pos="NEG">نہٕ</wf>
		<wf pos="CC">بٔلۍکہ</wf>
		<wf pos="VM">وولُن</wf>
		<wf pos="NN">روٗدس</wf>
		<wf pos="PSP">مُتعلِق</wf>
		<wf pos="NNP">کٲشُر</wf>
		<wf pos="NN">بولن</wf>
		<wf pos="PSP">والٮ۪ن</wf>
		<wf pos="PSP">ہُند</wf>
		<wf pos="DEM">یِہ</wf>
		<wf pos="NN">تصور</wf>
		<wf pos="CC">یا</wf>
		<wf pos="NN">عقیٖدٕ</wf>
		<wf pos="VAUX">ہیٚکہ</wf>
		<wf pos="DEM">مزکوٗرٕ</wf>
		<wf pos="NNP">کٲشرٮ۪و</wf>
		<wf pos="NN">لفظوٕے</wf>
		<wf pos="PSP">دٔسۍ</wf>
		<wf pos="NN">بیان</wf>
		<wf pos="VAUX">سپدِتھ</wf>
		<wf pos="SYM">۔</wf>
</sentence>
<sentence s_id="62">
		<wf pos="VM">دَپان</wf>
		<wf pos="PRP">تِہٕنٛزِ</wf>
		<wf pos="NN">زِنٛدٕگٲنی</wf>
		<wf pos="PSP">منٛز</wf>
		<wf pos="RB">ییٚلہِ</wf>
		<wf pos="NNP">کٔشیٖرِ</wf>
		<wf pos="INTF">سَخ</wf>
		<wf pos="NN">دٛراگ</wf>
		<wf pos="VM" sense_id="5">ووٚتھ</wf>
		<wf pos="NNPC">شیخ</wf>
		<wf pos="NNP">داووٗد</wf>
		<wf pos="VAUX">اوس</wf>
		<wf pos="NN">صُبحَس</wf>
		<wf pos="NNC">وُگرٕ</wf>
		<wf pos="NN">دیگ</wf>
		<wf pos="VM">تَیار</wf>
		<wf pos="VM">کرناوان</wf>
		<wf pos="CC">تہٕ</wf>
		<wf pos="RB">دۄہۍدۄہَس</wf>
		<wf pos="RB">اَپٲرۍ</wf>
		<wf pos="NN">پَکن</wf>
		<wf pos="PSP">والٮ۪ن</wf>
		<wf pos="JJ">بۄچھِ</wf>
		<wf pos="POW">ہَتٮ۪ن</wf>
		<wf pos="VM">کھیٛاوان</wf>
		<wf pos="DEM">ییٚمہِ</wf>
		<wf pos="PSP">موٗجوٗب</wf>
		<wf pos="PRP">تَس</wf>
		<wf pos="NN">لوٗکھ</wf>
		<wf pos="NN">بَتہٕ</wf>
		<wf pos="NN">مول</wf>
		<wf pos="NN">ناوٕ</wf>
		<wf pos="VM">کۄرِ</wf>
		<wf pos="SYM">۔</wf>
</sentence>
<sentence s_id="63">
		<wf pos="NN">دانُک</wf>
		<wf pos="NN">ناو</wf>
		<wf pos="VM">بوٗزِتھ</wf>
		<wf pos="VM">پیٚیِہ</wf>
		<wf pos="NNP">برٛیٖسۍ</wf>
		<wf pos="INTF">تِس</wf>
		<wf pos="NNC">پاچِہ</wf>
		<wf pos="NN">لیٚج</wf>
		<wf pos="VM">یاد</wf>
		<wf pos="CC">تہٕ</wf>
		<wf pos="VM">ووٚتھُس</wf>
		<wf pos="NN">وُبوٚدُر</wf>
		<wf pos="PSP">ہیوٗ</wf>
		<wf pos="VM">سونچُن</wf>
		<wf pos="CC">زِ</wf>
		<wf pos="RB">از</wf>
		<wf pos="VM">کھیٚیِہ</wf>
		<wf pos="INTF">واریاہہ</wf>
		<wf pos="NN">کٲلۍ</wf>
		<wf pos="NN">پاچِہ</wf>
		<wf pos="CC">تہٕ</wf>
		<wf pos="DEM">ییٚمِہ</wf>
		<wf pos="NN">رانٹسہِ</wf>
		<wf pos="VM">کجِہ</wf>
		<wf pos="PRP">تِمہٕ</wf>
		<wf pos="RP">تہِ</wf>
		<wf pos="NN">نستہِ</wf>
		<wf pos="PSP">کنۍ،</wf>
		<wf pos="CC">تہٕ</wf>
		<wf pos="VM" sense_id="5">ووٚتھ</wf>
		<wf pos="NNP">اشمہِ</wf>
		<wf pos="PSP">کن</wf>
		<wf pos="PRP">“ژٕ</wf>
		<wf pos="VM">وُچھ</wf>
		<wf pos="NN">صبحٲے</wf>
		<wf pos="VM">دِمے</wf>
		<wf pos="NN">مۄکجار</wf>
		<wf pos="RB">تیٚلہِ</wf>
		<wf pos="VAUX">آسہٕ</wf>
		<wf pos="NEG">نہٕ</wf>
		<wf pos="NN">مٲلۍ</wf>
		<wf pos="PSP">سُند’’</wf>
		<wf pos="SYM">۔</wf>
</sentence>
<sentence s_id="64">
		<wf pos="PRP">سُہ</wf>
		<wf pos="VM">درٛاو</wf>
		<wf pos="CC">تہٕ</wf>
		<wf pos="VM">نیران</wf>
		<wf pos="VM">نیران</wf>
		<wf pos="VM" sense_id="5">ووٚتھ</wf>
		<wf pos="NN">دُکاندارَس</wf>
		<wf pos="QF">کُن</wf>
		<wf pos="VM">گَژھ</wf>
		<wf pos="DEM">یِمَن</wf>
		<wf pos="JJ">نوٗنہٕ</wf>
		<wf pos="NN">کنٮ۪ن</wf>
		<wf pos="NN">بٔنۍنَے</wf>
		<wf pos="NN">سۄنہٕ</wf>
		<wf pos="VM">کَنہِ’’</wf>
		<wf pos="NN">دُکاندار</wf>
		<wf pos="VM">آو</wf>
		<wf pos="NN">پٔتھرِس</wf>
		<wf pos="VM">لایِنہٕ</wf>
		<wf pos="PRP">ساریٚے</wf>
		<wf pos="NN">نوٗنہٕ</wf>
		<wf pos="VM">کَنہِ</wf>
		<wf pos="VAUX">آسہٕ</wf>
		<wf pos="NN">سۄنہٕ</wf>
		<wf pos="PSP">سٕنٛزٕ</wf>
		<wf pos="VM">بنے</wf>
		<wf pos="VM">مَژٕ</wf>
		<wf pos="SYM">۔</wf>
</sentence>
<sentence s_id="65">
		<wf pos="VM">سونچُن</wf>
		<wf pos="CC">زِ</wf>
		<wf pos="RB">از</wf>
		<wf pos="VM">کھیٚیِہ</wf>
		<wf pos="JJ">واریاہ</wf>
		<wf pos="NN">کٲلۍ</wf>
		<wf pos="NN">پاچِہ</wf>
		<wf pos="CC">تہٕ</wf>
		<wf pos="DEM">ییٚمِہ</wf>
		<wf pos="NN">رانٹسہِ</wf>
		<wf pos="VM">کجِہ</wf>
		<wf pos="PRP">تِمہٕ</wf>
		<wf pos="RP">تہِ</wf>
		<wf pos="NN">نستہِ</wf>
		<wf pos="PSP">کنۍ،</wf>
		<wf pos="CC">تہٕ</wf>
		<wf pos="VM" sense_id="5">ووٚتھ</wf>
		<wf pos="NNP">اشمہِ</wf>
		<wf pos="PSP">کن</wf>
		<wf pos="PRP">“ژٕ</wf>
		<wf pos="VM">وُچھ</wf>
		<wf pos="NN">صبحٲے</wf>
		<wf pos="VM">دِمے</wf>
		<wf pos="NN">مۄکجار</wf>
		<wf pos="RB">تیٚلہِ</wf>
		<wf pos="VAUX">آسہٕ</wf>
		<wf pos="NEG">نہٕ</wf>
		<wf pos="NN">مٲلۍ</wf>
		<wf pos="PSP">سُند’’</wf>
		<wf pos="SYM">۔</wf>
</sentence>
<sentence s_id="66">
		<wf pos="DEM">اَمہِ</wf>
		<wf pos="RB">پتہٕ</wf>
		<wf pos="VM">درٛاو</wf>
		<wf pos="NNP">مہجوٗر</wf>
		<wf pos="NNP">صٲبُن</wf>
		<wf pos="NNP">کٲشُر</wf>
		<wf pos="NN">’اخبار’</wf>
		<wf pos="NNP">‘گاش’</wf>
		<wf pos="CC">تہٕ</wf>
		<wf pos="JJ">کمٕے</wf>
		<wf pos="NN">کال</wf>
		<wf pos="RB">پَتہٕ</wf>
		<wf pos="NNPC">کلچرل</wf>
		<wf pos="NNP">کانفرنس</wf>
		<wf pos="NN">ناوچہِ</wf>
		<wf pos="JJ">ادبی</wf>
		<wf pos="NN">تنظیٖمِہ</wf>
		<wf pos="PSP">ہٕنٛدِ</wf>
		<wf pos="PSP">طرفہٕ</wf>
		<wf pos="NNP">‘کۄنگہٕپوش’</wf>
		<wf pos="NN">رِسالہٕ</wf>
		<wf pos="CC">تہٕ</wf>
		<wf pos="RB">تِتَھےپٲٹھی</wf>
		<wf pos="NNP">‘پمپوش‘</wf>
		<wf pos="CC">تہٕ</wf>
		<wf pos="NNP">‘گُلریز’</wf>
		<wf pos="PSP">‘’ہِوۍ</wf>
		<wf pos="NN">رسالہٕ</wf>
		<wf pos="RP">تہِ</wf>
		<wf pos="DEM">یِمن</wf>
		<wf pos="NN">اخبارن</wf>
		<wf pos="CC">تہٕ</wf>
		<wf pos="NN">رسالن</wf>
		<wf pos="PSP">منٛز</wf>
		<wf pos="VAUX">روٗدۍ</wf>
		<wf pos="NNP">کٲشرِس</wf>
		<wf pos="NN">ادبس</wf>
		<wf pos="PSP">پٮ۪ٹھ</wf>
		<wf pos="JJ">تحقیٖقی</wf>
		<wf pos="NN">مضموٗن</wf>
		<wf pos="VM">چھپان</wf>
		<wf pos="DEM">ییٚمہِ</wf>
		<wf pos="PSP">سۭتۍ</wf>
		<wf pos="NNP">کٲشرس</wf>
		<wf pos="PSP">منٛز</wf>
		<wf pos="JJ">سنجیدٕ</wf>
		<wf pos="JJ">ادبی</wf>
		<wf pos="NN">تحقیقس</wf>
		<wf pos="NN">دس</wf>
		<wf pos="VM" sense_id="5">ووٚتھ</wf>
		<wf pos="SYM">۔</wf>
</sentence>
<sentence s_id="67">
		<wf pos="CC">اماپوٚز</wf>
		<wf pos="NN">جوابس</wf>
		<wf pos="VM">پرٛارنہٕ</wf>
		<wf pos="RB">ورٲیی</wf>
		<wf pos="VM" sense_id="4">ووٚتھ</wf>
		<wf pos="PRP">سُہ</wf>
		<wf pos="JJ">تھوٚد</wf>
		<wf pos="CC">تہٕ</wf>
		<wf pos="RB">یَٹہٕ</wf>
		<wf pos="VM">دِوان</wf>
		<wf pos="VM">دِوان</wf>
		<wf pos="VAUX">گۄو</wf>
		<wf pos="NN">کمرٕ</wf>
		<wf pos="PSP">کس</wf>
		<wf pos="PRP">بییٚس</wf>
		<wf pos="NN">طرفس</wf>
		<wf pos="PSP">کن</wf>
		<wf pos="CC">تہٕ</wf>
		<wf pos="DEM">سۄے</wf>
		<wf pos="NN">کتاب</wf>
		<wf pos="PSP">ہٮ۪تھ</wf>
		<wf pos="VAUX">آو</wf>
		<wf pos="RB">واپس</wf>
		<wf pos="DEM">یَتھ</wf>
		<wf pos="NN">چمڑٕ</wf>
		<wf pos="NN">کوَر</wf>
		<wf pos="VAUX">اوس</wf>
		<wf pos="CC">تہٕ</wf>
		<wf pos="DEM">یَتھ</wf>
		<wf pos="PSP">متعلق</wf>
		<wf pos="DEM">یہِ</wf>
		<wf pos="NN">کتھ</wf>
		<wf pos="JJ">عام</wf>
		<wf pos="VAUX">ٲس</wf>
		<wf pos="CC">زِ</wf>
		<wf pos="DEM">یہِ</wf>
		<wf pos="VAUX">چھٚے</wf>
		<wf pos="NN">جٲدِچ</wf>
		<wf pos="NN">کتاب</wf>
		<wf pos="SYM">۔</wf>
</sentence>
<sentence s_id="68">
		<wf pos="NNP">نٲثِر</wf>
		<wf pos="VM" sense_id="5">ووٚتھ</wf>
		<wf pos="JJ">تھوٚد</wf>
		<wf pos="CC">تہٕ</wf>
		<wf pos="VM">ژٕھنُن</wf>
		<wf pos="NN">لوچھ</wf>
		<wf pos="NN">طاقچہِ</wf>
		<wf pos="PSP">پٮ۪ٹھٕ</wf>
		<wf pos="VM">تُلُن</wf>
		<wf pos="NN">کنگوٗ</wf>
		<wf pos="CC">تہٕ</wf>
		<wf pos="VM">تھووُن</wf>
		<wf pos="NN">مَس</wf>
		<wf pos="RB">پَتھکن</wf>
		<wf pos="VM">شیٖرِتھ</wf>
		<wf pos="PSP">پٮ۪ٹھٕ</wf>
		<wf pos="VM">گوٚنڑنَس</wf>
		<wf pos="NN">گُلوبند</wf>
		<wf pos="SYM">۔</wf>
</sentence>
<sentence s_id="69">
		<wf pos="NNP">ابوالمعاطی</wf>
		<wf pos="VM" sense_id="5">ووٚتھ</wf>
		<wf pos="JJ">تھوٚد،</wf>
		<wf pos="NN">سمبولُن</wf>
		<wf pos="PRP">پنُن</wf>
		<wf pos="NN">پان</wf>
		<wf pos="CC">تہٕ</wf>
		<wf pos="VM">لٲگِن</wf>
		<wf pos="NN">جمع</wf>
		<wf pos="VM">گٲمٕتۍ</wf>
		<wf pos="NN">پونسہٕ</wf>
		<wf pos="QF">ؤلۍ</wf>
		<wf pos="PSP">ؤلۍ</wf>
		<wf pos="VM">گنزرٕنۍ</wf>
		<wf pos="SYM">۔</wf>
</sentence>
<sentence s_id="70">
		<wf pos="VM" sense_id="5">ووٚتھ</wf>
		<wf pos="POW">لۄکچن</wf>
		<wf pos="NN">کورٮ۪ن</wf>
		<wf pos="PSP">ہُنٛد</wf>
		<wf pos="QC">اکھ</wf>
		<wf pos="JJ">گروپ</wf>
		<wf pos="NN">تھوٚد</wf>
		<wf pos="CC">تہٕ</wf>
		<wf pos="VM">ووٚنُکھ</wf>
		<wf pos="NN">جمیٖلَس</wf>
		<wf pos="VM">کٔرِو</wf>
		<wf pos="NN">ژَرِ</wf>
		<wf pos="VM">پوٚپ’’</wf>
		<wf pos="SYM">۔</wf>
</sentence>
<sentence s_id="71">
		<wf pos="NN">گاش</wf>
		<wf pos="RB">پھۄلہٕ</wf>
		<wf pos="POW">وُن</wf>
		<wf pos="VM" sense_id="5">ووٚتھ</wf>
		<wf pos="PRP">سُہ</wf>
		<wf pos="PRP">پننہِ</wf>
		<wf pos="NN">آرام</wf>
		<wf pos="VM">کرنہٕ</wf>
		<wf pos="PSP">چہِ</wf>
		<wf pos="NN">جایہِ</wf>
		<wf pos="PSP">پٮ۪ٹھہٕ</wf>
		<wf pos="JJ">تھوٚد</wf>
		<wf pos="CC">تہٕ</wf>
		<wf pos="RB">سیٚدِ</wf>
		<wf pos="POW">سیوٚد</wf>
		<wf pos="VM">تُلن</wf>
		<wf pos="PRP">پنہٕ</wf>
		<wf pos="POW">نٮ۪ن</wf>
		<wf pos="VM">پونس</wf>
		<wf pos="PSP">ہُنٛد</wf>
		<wf pos="NN">تلاش</wf>
		<wf pos="SYM">۔</wf>
</sentence>
<sentence s_id="72">
		<wf pos="PRP">تٔمۍ</wf>
		<wf pos="VM">تھٲو</wf>
		<wf pos="NN">ججیٖرِ</wf>
		<wf pos="VM">لَبہِ</wf>
		<wf pos="PSP">کن</wf>
		<wf pos="CC">تہٕ</wf>
		<wf pos="CC">تہٕ</wf>
		<wf pos="RB">سۭتی</wf>
		<wf pos="VM" sense_id="5">ووٚتھ</wf>
		<wf pos="JJ">تھوٚد</wf>
		<wf pos="SYM">۔</wf>
</sentence>
<sentence s_id="73">
		<wf pos="VAUX">گۄو</wf>
		<wf pos="PRP">ژٚے</wf>
		<wf pos="VM">کھٔژٕے</wf>
		<wf pos="NN">ژکھ</wf>
		<wf pos="DEM">یہِ</wf>
		<wf pos="VM">ونان</wf>
		<wf pos="RDP">ونٲنی</wf>
		<wf pos="VM" sense_id="5">ووٚتھ</wf>
		<wf pos="JJ">تھوٚد</wf>
		<wf pos="CC">تہٕ</wf>
		<wf pos="VM">ژٔٹٕن</wf>
		<wf pos="NNP">نبس</wf>
		<wf pos="NN">نَس</wf>
		<wf pos="SYM">۔</wf>
</sentence>
<sentence s_id="74">
		<wf pos="NNP">دومودر</wf>
		<wf pos="VM" sense_id="5">ووٚتھ</wf>
		<wf pos="CC">بییٚہ</wf>
		<wf pos="NN">دارٕ</wf>
		<wf pos="PSP">پٮ۪ٹھٕ</wf>
		<wf pos="JJ">تھوٚد</wf>
		<wf pos="CC">تہٕ</wf>
		<wf pos="VM">ژاو</wf>
		<wf pos="NN">وُرنِس</wf>
		<wf pos="PSP">منٛز</wf>
		<wf pos="CC">تہٕ</wf>
		<wf pos="VM">بیوٗٹھ</wf>
		<wf pos="NN">ڈلُہگٔنڈی</wf>
		<wf pos="VM">دِنِہ</wf>
		<wf pos="QF">کٔژٕ</wf>
		<wf pos="NN">پھِرٕ</wf>
		<wf pos="VM">دوٚپُن</wf>
		<wf pos="RB">وۄنۍ</wf>
		<wf pos="VAUX">گٔژھ</wf>
		<wf pos="RB">توتِہ</wf>
		<wf pos="NN">نینٚدری</wf>
		<wf pos="VM">پیٚنۍ</wf>
		<wf pos="SYM">۔</wf>
</sentence>
<sentence s_id="75">
		<wf pos="PRP">سُہ</wf>
		<wf pos="VM" sense_id="5">ووٚتھ</wf>
		<wf pos="NN">کرسی</wf>
		<wf pos="PSP">پٮ۪ٹھ</wf>
		<wf pos="JJ">تھوٚد</wf>
		<wf pos="SYM">۔</wf>
</sentence>
<sentence s_id="76">
		<wf pos="NN">گاش</wf>
		<wf pos="RB">پھۄلہٕ</wf>
		<wf pos="POW">وُن</wf>
		<wf pos="VM" sense_id="5">ووٚتھ</wf>
		<wf pos="PRP">سُہ</wf>
		<wf pos="PRP">پننہِ</wf>
		<wf pos="NN">آرام</wf>
		<wf pos="VM">کرنہٕ</wf>
		<wf pos="PSP">چہِ</wf>
		<wf pos="NN">جایہِ</wf>
		<wf pos="PSP">پٮ۪ٹھہٕ</wf>
		<wf pos="JJ">تھوٚد</wf>
		<wf pos="CC">تہٕ</wf>
		<wf pos="RB">سیوٚد</wf>
		<wf pos="VM">تُلن</wf>
		<wf pos="PRP">پنہٕ</wf>
		<wf pos="POW">نٮ۪ن</wf>
		<wf pos="VM">پونٚسن</wf>
		<wf pos="PSP">ہُنٛد</wf>
		<wf pos="NN">تلاش</wf>
		<wf pos="SYM">۔</wf>
</sentence>
<sentence s_id="77">
		<wf pos="NNP">فرانٛس</wf>
		<wf pos="PSP">کیٚو</wf>
		<wf pos="QC">دۄیو</wf>
		<wf pos="NN">بایو</wf>
		<wf pos="VM">گٔنٛڑ</wf>
		<wf pos="QC">أکس</wf>
		<wf pos="JJ">مضبوٗط</wf>
		<wf pos="NN">غُبارس</wf>
		<wf pos="PSP">سۭتۍ</wf>
		<wf pos="QC">اَکھ</wf>
		<wf pos="NN">ٹوٗکٕر</wf>
		<wf pos="DEM">اَتھ</wf>
		<wf pos="PSP">منٛز</wf>
		<wf pos="VM">بٮ۪ہنووُکھ</wf>
		<wf pos="QC">اکھ</wf>
		<wf pos="NN">کۄکر</wf>
		<wf pos="CC">تہٕ</wf>
		<wf pos="QC">اکھ</wf>
		<wf pos="NN">بطُخ</wf>
		<wf pos="DEM">یہِ</wf>
		<wf pos="JJ">مضبوٗط</wf>
		<wf pos="NN">غُبارٕ</wf>
		<wf pos="VM">کھوٚت</wf>
		<wf pos="DEM">یہِ</wf>
		<wf pos="JJ">گوٚب</wf>
		<wf pos="NN">بار</wf>
		<wf pos="PSP">ہٮ۪تھ</wf>
		<wf pos="RP">تہِ</wf>
		<wf pos="INTF">سٮ۪ٹھاہ</wf>
		<wf pos="JJ">تھوٚد</wf>
		<wf pos="RB">ییٚلہِ</wf>
		<wf pos="DEM">اتھ</wf>
		<wf pos="NN">غُبارس</wf>
		<wf pos="RB">انٛدریُم</wf>
		<wf pos="NN">ہوا</wf>
		<wf pos="VM">درٛاو</wf>
		<wf pos="CC">تہٕ</wf>
		<wf pos="RB">أتی</wf>
		<wf pos="VM" sense_id="5">ووٚتھ</wf>
		<wf pos="RB">وارٕ</wf>
		<wf pos="RDP">وارٕ</wf>
		<wf pos="NN">زمیٖنس</wf>
		<wf pos="PSP">پٮ۪ٹھ</wf>
		<wf pos="CC">تہٕ</wf>
		<wf pos="NN">کٹھ،</wf>
		<wf pos="NN">کۄکر</wf>
		<wf pos="CC">تہٕ</wf>
		<wf pos="NN">بَطُخ</wf>
		<wf pos="PRP">سٲری</wf>
		<wf pos="VAUX">ٲسۍ</wf>
		<wf pos="RB">وارٕکارٕ</wf>
		<wf pos="DEM">یہِ</wf>
		<wf pos="NN">صوٗرتحال</wf>
		<wf pos="VM">وُچِھتھ</wf>
		<wf pos="JJ">دریوو</wf>
		<wf pos="NN">اِنسانس</wf>
		<wf pos="NN">دِل</wf>
		<wf pos="SYM">۔</wf>
</sentence>
<sentence s_id="78">
		<wf pos="WQ">“کہوزِ</wf>
		<wf pos="NN">گوٚبرا</wf>
		<wf pos="NN">خٲرٕے</wf>
		<wf pos="VAUX">چھا“؟</wf>
		<wf pos="NN">موج</wf>
		<wf pos="VM">آیس</wf>
		<wf pos="RB">برٛۄنٛہہ</wf>
		<wf pos="PSP">کن</wf>
		<wf pos="NN">کلس</wf>
		<wf pos="NN">پھش</wf>
		<wf pos="VM">دِوان</wf>
		<wf pos="VM" sense_id="5">ووٚتھ</wf>
		<wf pos="PRP">تَس</wf>
		<wf pos="PSP">کن</wf>
		<wf pos="NEG">“نا</wf>
		<wf pos="CC">تہٕ</wf>
		<wf pos="PRP">ژٕ</wf>
		<wf pos="WQ">کیازِ</wf>
		<wf pos="VM">بانبریومُت</wf>
		<wf pos="RP">ہیو</wf>
		<wf pos="SYM">۔</wf>
</sentence>
<sentence s_id="79">
		<wf pos="NN">شامن</wf>
		<wf pos="VM" sense_id="5">ووٚتھ</wf>
		<wf pos="NN">بُتھ</wf>
		<wf pos="VM">تھٲوِتھ</wf>
		<wf pos="CC">زِ</wf>
		<wf pos="PRP">ژٕ</wf>
		<wf pos="VM">نیر</wf>
		<wf pos="RB">ییٚتہِ</wf>
		<wf pos="SYM">۔</wf>
</sentence>
<sentence s_id="80">
		<wf pos="RB">اَز</wf>
		<wf pos="VM" sense_id="5">ووٚتھ</wf>
		<wf pos="PRP">تٔمِس</wf>
		<wf pos="JJ">سورُے</wf>
		<wf pos="NN">مال</wf>
		<wf pos="NN">شامہٕ</wf>
		<wf pos="RB">برٛونٛٹھٕے</wf>
		<wf pos="SYM">۔</wf>
</sentence>
<sentence s_id="81">
		<wf pos="NN">سِیاسَت</wf>
		<wf pos="NN">دان</wf>
		<wf pos="VM" sense_id="5">ووٚتھ</wf>
		<wf pos="NN">تَقریٖر</wf>
		<wf pos="VM">کَرنہٕ</wf>
		<wf pos="PSP">خٲطرٕ</wf>
		<wf pos="JJ">تھوٚد</wf>
		<wf pos="SYM">۔</wf>
</sentence>
<sentence s_id="82">
		<wf pos="RB">اَز</wf>
		<wf pos="VM" sense_id="5">ووٚتھ</wf>
		<wf pos="PRP">تٔمِس</wf>
		<wf pos="JJ">سورُے</wf>
		<wf pos="NN">مال</wf>
		<wf pos="NN">شامہٕ</wf>
		<wf pos="RB">برٛونٛٹھٕے</wf>
		<wf pos="SYM">۔</wf>
</sentence>
<sentence s_id="83">
		<wf pos="JJ">قٔدیٖم</wf>
		<wf pos="NN">کالُک</wf>
		<wf pos="NN">ڈول</wf>
		<wf pos="PSP">چالہِ</wf>
		<wf pos="VM">واینُک</wf>
		<wf pos="QC">اَکھ</wf>
		<wf pos="NN">ساز:مَردَنٛگچہِ</wf>
		<wf pos="NN">تالہِ</wf>
		<wf pos="PSP">پٮ۪ٹھ</wf>
		<wf pos="VM" sense_id="5">ووٚتھ</wf>
		<wf pos="PRP">سُہ</wf>
		<wf pos="NN">نَژنہِ</wf>
		<wf pos="SYM">۔</wf>
</sentence>
<sentence s_id="84">
		<wf pos="NN">شامن</wf>
		<wf pos="VM" sense_id="5">ووٚتھ</wf>
		<wf pos="NN">بُتھ</wf>
		<wf pos="VM">تھٲوِتھ</wf>
		<wf pos="CC">زِ</wf>
		<wf pos="PRP">ژٕ</wf>
		<wf pos="VM">نیر</wf>
		<wf pos="RB">ییٚتہِ</wf>
		<wf pos="SYM">۔</wf>
</sentence>
<sentence s_id="85">
		<wf pos="PRP">سُہ</wf>
		<wf pos="VM" sense_id="5">ووٚتھ</wf>
		<wf pos="NN">بِستَرٕ</wf>
		<wf pos="PSP">منٛزٕ</wf>
		<wf pos="NN">کاڑ</wf>
		<wf pos="VM">کَڑان</wf>
		<wf pos="SYM">۔</wf>
</sentence>
<sentence s_id="86">
		<wf pos="PRP">میٛٲنۍ</wf>
		<wf pos="NN">تَرقی</wf>
		<wf pos="VM">وٕچِھتھ</wf>
		<wf pos="VM" sense_id="5">ووٚتھ</wf>
		<wf pos="PRP">تٔمِس</wf>
		<wf pos="PRP">زِدتٔمِس</wf>
		<wf pos="VAUX">چُھ</wf>
		<wf pos="NN">دِلَس</wf>
		<wf pos="PSP">منٛز</wf>
		<wf pos="NN">حَسَد</wf>
		<wf pos="SYM">۔</wf>
</sentence>
<sentence s_id="87">
		<wf pos="NN">اَڈٕ</wf>
		<wf pos="VM" sense_id="5">ووٚتھ</wf>
		<wf pos="NN">ٹھانٛڈ</wf>
		<wf pos="NN">کَر</wf>
		<wf pos="JJ">بَنٛد</wf>
		<wf pos="SYM">۔</wf>
</sentence>
<sentence s_id="88">
		<wf pos="NN">سِیاسَت</wf>
		<wf pos="NN">دان</wf>
		<wf pos="VM" sense_id="5">ووٚتھ</wf>
		<wf pos="NN">تَقریٖر</wf>
		<wf pos="VM">کَرنہٕ</wf>
		<wf pos="PSP">خٲطرٕ</wf>
		<wf pos="JJ">تھوٚد</wf>
		<wf pos="SYM">۔</wf>
</sentence>
<sentence s_id="89">
		<wf pos="PRP">سُہ</wf>
		<wf pos="VM" sense_id="5">ووٚتھ</wf>
		<wf pos="NN">مَشٕق</wf>
		<wf pos="VM">کَرنہٕ</wf>
		<wf pos="RB">بَغٲر</wf>
		<wf pos="NN">مٲدانَس</wf>
		<wf pos="PSP">منٛز</wf>
		<wf pos="SYM">۔</wf>
</sentence>
<sentence s_id="90">
		<wf pos="PRP">سُہ</wf>
		<wf pos="NN">پۄکُھر</wf>
		<wf pos="DEM">یَتھ</wf>
		<wf pos="PSP">منٛز</wf>
		<wf pos="JJ">گٲرۍ</wf>
		<wf pos="VAUX">چھِ</wf>
		<wf pos="VM">ؤوِتھ</wf>
		<wf pos="NN">آسان:شام</wf>
		<wf pos="VM" sense_id="5">ووٚتھ</wf>
		<wf pos="JJ">گٲرۍ</wf>
		<wf pos="NN">کَڑنہٕ</wf>
		<wf pos="PSP">خٲطرٕ</wf>
		<wf pos="JJ">گٲرۍ</wf>
		<wf pos="NN">پۄکھرَس</wf>
		<wf pos="PSP">منٛز</wf>
		<wf pos="SYM">۔</wf>
</sentence>
<sentence s_id="91">
		<wf pos="RB">اَز</wf>
		<wf pos="VM" sense_id="5">ووٚتھ</wf>
		<wf pos="PRP">تٔمِس</wf>
		<wf pos="JJ">سورُے</wf>
		<wf pos="NN">مال</wf>
		<wf pos="NN">شامہٕ</wf>
		<wf pos="RB">برٛونٛٹھٕے</wf>
		<wf pos="SYM">۔</wf>
</sentence>
<sentence s_id="92">
		<wf pos="RB">دیوارٕ</wf>
		<wf pos="NN">کٕنٛۍ</wf>
		<wf pos="VM">وٕچھنہٕ</wf>
		<wf pos="PSP">خٲطرٕ</wf>
		<wf pos="VM" sense_id="5">ووٚتھ</wf>
		<wf pos="VM">سُھ</wf>
		<wf pos="PRP">ٹٮ۪نٛڈٮ۪ن</wf>
		<wf pos="PSP">پٮ۪ٹھ</wf>
		<wf pos="SYM">۔</wf>
</sentence>
<sentence s_id="93">
		<wf pos="NN">اَچانَک</wf>
		<wf pos="NN">طوٗفانہٕ</wf>
		<wf pos="PSP">سۭتۍ</wf>
		<wf pos="VM" sense_id="5">ووٚتھ</wf>
		<wf pos="RB">ژۄپٲرۍ</wf>
		<wf pos="RB">ہُے</wf>
		<wf pos="SYM">۔</wf>
</sentence>
<sentence s_id="94">
		<wf pos="PRP">ییٚمِس</wf>
		<wf pos="NEG">نہٕ</wf>
		<wf pos="VM">لوٚگمُت</wf>
		<wf pos="VAUX">آسہِ</wf>
		<wf pos="CC">یا</wf>
		<wf pos="NN">زَخٕم</wf>
		<wf pos="VM">لوٚگمُت</wf>
		<wf pos="NN">آسہِ:زَخمہٕ</wf>
		<wf pos="RB">روٚس</wf>
		<wf pos="VAUX">ووٚژھ</wf>
		<wf pos="VM" sense_id="1">ووٚتھ</wf>
		<wf pos="NNP">یَکدَم</wf>
		<wf pos="NNPC">کَھڑا</wf>
		<wf pos="SYM">۔</wf>
</sentence>
<sentence s_id="95">
		<wf pos="NN">باسکیٹ</wf>
		<wf pos="NN">بال</wf>
		<wf pos="NN">کھِلٲڈٮ۪ن</wf>
		<wf pos="PSP">ہُنٛد</wf>
		<wf pos="NN">ڈیر:باسکیٹ</wf>
		<wf pos="NN">بال</wf>
		<wf pos="NN">ٹیٖم</wf>
		<wf pos="VM" sense_id="2">ووٚتھ</wf>
		<wf pos="NN">مٲدانَس</wf>
		<wf pos="PSP">منٛز</wf>
		<wf pos="SYM">۔</wf>
</sentence>
<sentence s_id="96">
		<wf pos="NNC">دۄدٕ</wf>
		<wf pos="NN">کۄلہٕمٲدانہِ</wf>
		<wf pos="NN">جنٛگس</wf>
		<wf pos="PSP">منٛز</wf>
		<wf pos="VM" sense_id="2">ووٚتھ</wf>
		<wf pos="NN">خونہٕ</wf>
		<wf pos="NN">دٔرِیاو</wf>
		<wf pos="SYM">۔</wf>
</sentence>
<sentence s_id="97">
		<wf pos="NN">سُہٕ</wf>
		<wf pos="VM" sense_id="4">ووٚتھ</wf>
		<wf pos="JJ">لَۄکچہِ</wf>
		<wf pos="PSP">کَتھِ</wf>
		<wf pos="PSP">پٮ۪ٹھ</wf>
		<wf pos="NN">مارنہِ</wf>
		<wf pos="SYM">۔</wf>
</sentence>
<sentence s_id="98">
		<wf pos="NN">دَوٚلَت</wf>
		<wf pos="JJ">منٛد</wf>
		<wf pos="VM" sense_id="5">ووٚتھ</wf>
		<wf pos="RB">وَنۍ</wf>
		<wf pos="RDP">بَینٛک</wf>
		<wf pos="NN">کِس</wf>
		<wf pos="NN">کاربارَس</wf>
		<wf pos="PSP">منٛز</wf>
		<wf pos="RP">تہِ</wf>
		<wf pos="SYM">۔</wf>
</sentence>
<sentence s_id="99">
		<wf pos="NN">جج</wf>
		<wf pos="VM">صٲٮُن</wf>
		<wf pos="RB">حکُم</wf>
		<wf pos="VM">یوٗزِتھ</wf>
		<wf pos="VM" sense_id="4">ووٚتھ</wf>
		<wf pos="JJ">سرکٲرۍ</wf>
		<wf pos="NN">وکیٖل</wf>
		<wf pos="CC">تہٕ</wf>
		<wf pos="NNC">نر</wf>
		<wf pos="NN">م</wf>
		<wf pos="CC">تہٕ</wf>
		<wf pos="NN">میچھ</wf>
		<wf pos="NN">آوازِہ</wf>
		<wf pos="PSP">اندر</wf>
		<wf pos="VM">لوٚگ</wf>
		<wf pos="NNC">سُلہ</wf>
		<wf pos="NN">جُوس</wf>
		<wf pos="NNC">پرٛ</wf>
		<wf pos="NN">ژٕھہ</wf>
		<wf pos="PSP">نِہ</wf>
		<wf pos="SYM">’’</wf>
		<wf pos="PRP">ژٕ</wf>
		<wf pos="NN">ہ</wf>
		<wf pos="VM">وَنتم</wf>
		<wf pos="INJ">سٲ!</wf>
		<wf pos="NNP">ہاجر</wf>
		<wf pos="NN">ہ</wf>
		<wf pos="PSP">نہِ</wf>
		<wf pos="NN">مَرٕہ</wf>
		<wf pos="RB">برونٛٹھ</wf>
		<wf pos="NN">کٔژدۄہ</wf>
		<wf pos="NN">ٲسِہ</wf>
		<wf pos="NN">وٕہ</wf>
		<wf pos="VM">ژٕہ</wf>
		<wf pos="CC">تٕہ</wf>
		<wf pos="NNP">بشیٖر</wf>
		<wf pos="NNP">احمد</wf>
		<wf pos="NN">ڈل</wf>
		<wf pos="VM">گٲمٕتۍ؟’’</wf>
		<wf pos="SYM">۔</wf>
</sentence>
<sentence s_id="100">
		<wf pos="NN">یادن</wf>
		<wf pos="VM">ہنٛدِپتھ</wf>
		<wf pos="RB">ونہٕ</wf>
		<wf pos="VAUX">پٮ۪ٹھہ</wf>
		<wf pos="VM" sense_id="5">ووٚتھ</wf>
		<wf pos="SYM">۔</wf>
</sentence>
<sentence s_id="101">
		<wf pos="NN">متہ</wf>
		<wf pos="VM">پرٛژھ</wf>
		<wf pos="CC">تہ</wf>
		<wf pos="NN">یُپس</wf>
		<wf pos="VAUX">سٍتۍکیاہ</wf>
		<wf pos="WQ">کیاہ</wf>
		<wf pos="VM" sense_id="1">ووٚتھ</wf>
		<wf pos="SYM">۔</wf>
</sentence>
<sentence s_id="102">
		<wf pos="PRP">بیٚیہ</wf>
		<wf pos="VM" sense_id="5">ووٚتھ</wf>
		<wf pos="NN">ارمانن</wf>
		<wf pos="PSP">ہُنٛد</wf>
		<wf pos="QC">اکھ</wf>
		<wf pos="RB">ینہ</wf>
		<wf pos="PSP">وول</wf>
		<wf pos="SYM">۔</wf>
</sentence>
<sentence s_id="103">
		<wf pos="NN">ٲدی</wf>
		<wf pos="VM" sense_id="1">ووٚتھ</wf>
		<wf pos="QC">اکھ</wf>
		<wf pos="PRP">پنہ</wf>
		<wf pos="NN">پوٗنٛپر</wf>
		<wf pos="SYM">۔</wf>
</sentence>
<sentence s_id="104">
		<wf pos="VM" sense_id="4">ووٚتھ</wf>
		<wf pos="NN">آشن</wf>
		<wf pos="PRP">ۂنٛدِ</wf>
		<wf pos="NNPC">کمۍتاں</wf>
		<wf pos="NNPC">ونہ</wf>
		<wf pos="PSP">پٮ۪ٹھ</wf>
		<wf pos="SYM">۔</wf>
</sentence>
<sentence s_id="105">
		<wf pos="NN">یادن</wf>
		<wf pos="NN">ہنٛداکھ</wf>
		<wf pos="NN">لشکر</wf>
		<wf pos="VM" sense_id="4">ووٚتھ</wf>
		<wf pos="SYM">۔</wf>
</sentence>
<sentence s_id="106">
		<wf pos="NN">دلہ</wf>
		<wf pos="PSP">کس</wf>
		<wf pos="NN">کمرس</wf>
		<wf pos="PSP">اندر</wf>
		<wf pos="VM" sense_id="5">ووٚتھ</wf>
		<wf pos="SYM">۔</wf>
</sentence>
<sentence s_id="107">
		<wf pos="CC">صبحکہ</wf>
		<wf pos="NN">نوٗرُک</wf>
		<wf pos="NN">پیکر</wf>
		<wf pos="VM" sense_id="1">ووٚتھ</wf>
		<wf pos="SYM">۔</wf>
</sentence>
<sentence s_id="108">
		<wf pos="NN">دلہ</wf>
		<wf pos="PSP">کس</wf>
		<wf pos="NN">صحنس</wf>
		<wf pos="VAUX">چھُم</wf>
		<wf pos="NN">برٚ</wf>
		<wf pos="VM" sense_id="5">ووٚتھ</wf>
		<wf pos="SYM">۔</wf>
</sentence>
</contextfile>