<?xml version="1.0" ?>
<contextfile filename="پرٛون" fileno="33">
	<sentence s_id="1">
		<wf pos="NNPC">ناگہٕ</wf>
		<wf pos="NNP">پٲنشِرم</wf>
		<wf pos="NN">توٲریٖخہ</wf>
		<wf pos="PSP">کہِ</wf>
		<wf pos="NN">اعتِبار</wf>
		<wf pos="VAUX">چُھ</wf>
		<wf pos="DEM">یہِ</wf>
		<wf pos="INTF">سٮ۪ٹھاہ</wf>
		<wf pos="JJ" sense_id="1">پرٛون</wf>
		<wf pos="NNC">بوٚڈ</wf>
		<wf pos="NNP">دۄہ</wf>
		<wf pos="VM">ماننہٕ</wf>
		<wf pos="VAUX">یِوان</wf>
		<wf pos="SYM">۔</wf>
	</sentence>
	<sentence s_id="2">
		<wf pos="NNPC">اَننتہٕ</wf>
		<wf pos="NNP">ژۄداہ</wf>
		<wf pos="DEM">یہِ</wf>
		<wf pos="RP">تہِ</wf>
		<wf pos="VAUX">چُھ</wf>
		<wf pos="NNP">کٔشیٖرِ</wf>
		<wf pos="PSP">ہُند</wf>
		<wf pos="INTF">سٮ۪ٹھاہ</wf>
		<wf pos="JJ" sense_id="1">پرٛون</wf>
		<wf pos="NN">وۄژَھب</wf>
		<wf pos="VAUX">یِوان</wf>
		<wf pos="VM">ماننہٕ</wf>
		<wf pos="SYM">۔</wf>
	</sentence>
	<sentence s_id="3">
		<wf pos="NN">کنیادان</wf>
		<wf pos="VAUX">چُھ</wf>
		<wf pos="NN">خاندرٕ</wf>
		<wf pos="PSP">کٮ۪ن</wf>
		<wf pos="NN">رَسمَن</wf>
		<wf pos="PSP">منٛز</wf>
		<wf pos="INTF">سٮ۪ٹھاہ</wf>
		<wf pos="JJ" sense_id="1">پرٛون</wf>
		<wf pos="NN">رسٕم</wf>
		<wf pos="VM">ماننہٕ</wf>
		<wf pos="VAUX">یِوان</wf>
		<wf pos="DEM">اَمیُک</wf>
		<wf pos="NN">حوالہٕ</wf>
		<wf pos="VAUX">چُھ</wf>
		<wf pos="PRP">اَسہِ</wf>
		<wf pos="QO">گۄڈنِکہ</wf>
		<wf pos="NN">پِھرِ</wf>
		<wf pos="NNC">گرٛیٚہہ</wf>
		<wf pos="NN">سوٗترَن</wf>
		<wf pos="PSP">منٛز</wf>
		<wf pos="VM">میلان</wf>
		<wf pos="SYM">۔</wf>
	</sentence>
	<sentence s_id="4">
		<wf pos="DEM">یہِ</wf>
		<wf pos="NN">پرٛوگرٛام</wf>
		<wf pos="VAUX">چُھ</wf>
		<wf pos="JJ" sense_id="1">پرٛون</wf>
		<wf pos="SYM">۔</wf>
	</sentence>
	<sentence s_id="5">
		<wf pos="RB">یِتھ</wf>
		<wf pos="POW">کٔنۍ</wf>
		<wf pos="VAUX">سَپُد</wf>
		<wf pos="NN">رازٕ</wf>
		<wf pos="NNP">اشوک</wf>
		<wf pos="PSP">سُنٛد</wf>
		<wf pos="VM">بسومُت</wf>
		<wf pos="JJ" sense_id="1">پرٛون</wf>
		<wf pos="NNP">سرینگر</wf>
		<wf pos="NNP">پُرنہٕ</wf>
		<wf pos="POW:?">اَوشٹھان</wf>
		<wf pos="NN">یعنے</wf>
		<wf pos="JJ">پرٲنی</wf>
		<wf pos="NN">رازٕدٲنِہ</wf>
		<wf pos="NN">ناوٕ</wf>
		<wf pos="JJ">مشہوٗر</wf>
		<wf pos="SYM">۔</wf>
	</sentence>
	<sentence s_id="6">
		<wf pos="NN">رۍوٲژ</wf>
		<wf pos="PSP">کنۍ</wf>
		<wf pos="VAUX">چُھ</wf>
		<wf pos="NN">شہرُک</wf>
		<wf pos="PRP">سارِوٕے</wf>
		<wf pos="RP">کھۄتہٕ</wf>
		<wf pos="JJ" sense_id="1">پرٛون</wf>
		<wf pos="NN">کٔدٕل</wf>
		<wf pos="NNPC">عٲلۍ</wf>
		<wf pos="NNP">کٔدٕل</wf>
		<wf pos="SYM">۔</wf>
	</sentence>
	<sentence s_id="7">
		<wf pos="NNP">آریَن</wf>
		<wf pos="PSP">ہنٛز</wf>
		<wf pos="QC">اَکھ</wf>
		<wf pos="NN">ڈینٛپھٕر</wf>
		<wf pos="NNP">کشتواڈٕ</wf>
		<wf pos="VM">بسیامٕژ</wf>
		<wf pos="VAUX">ٲس</wf>
		<wf pos="PRP">تِمَو</wf>
		<wf pos="VM">کوٚر</wf>
		<wf pos="NNP">کشتواڈٕ</wf>
		<wf pos="PSP">طرفُک</wf>
		<wf pos="JJ">شُمٲلی</wf>
		<wf pos="NN">بال</wf>
		<wf pos="VM">سرٕ</wf>
		<wf pos="CC">تہٕ</wf>
		<wf pos="NST">بۄن</wf>
		<wf pos="VM">وٲتِتھ</wf>
		<wf pos="VM">وٲتۍ</wf>
		<wf pos="NNPC">کٹھار</wf>
		<wf pos="NNP">پرگنس</wf>
		<wf pos="PSP">منٛز</wf>
		<wf pos="DEM">یَتھ</wf>
		<wf pos="NN">گامَس</wf>
		<wf pos="PRP">تِمَو</wf>
		<wf pos="RB">گۄڈٕ</wf>
		<wf pos="NN">کٔن</wf>
		<wf pos="VM">دیُت</wf>
		<wf pos="DEM">تَتھ</wf>
		<wf pos="VM">تھووُکھ(</wf>
		<wf pos="NNP">اُترسوٗریہ)</wf>
		<wf pos="VM">ناو</wf>
		<wf pos="CC">تِکیازِ</wf>
		<wf pos="NNP">ووٚترٕسرحدُک</wf>
		<wf pos="NN">سِریہِ</wf>
		<wf pos="VM">وُچھتھٕے</wf>
		<wf pos="VM">تھوو</wf>
		<wf pos="PRP">تِمَو</wf>
		<wf pos="DEM">یہِ</wf>
		<wf pos="NN">ناو</wf>
		<wf pos="DEM">یَتھ</wf>
		<wf pos="PSP">زَن</wf>
		<wf pos="RB">اَز</wf>
		<wf pos="PRP">اسۍ</wf>
		<wf pos="VAUX">چِھ</wf>
		<wf pos="VM">وَنان</wf>
		<wf pos="NNP">ووٚتُرس</wf>
		<wf pos="CC">چنانٛچہ</wf>
		<wf pos="NN">بانہالہِ</wf>
		<wf pos="PSP">ہُنٛد</wf>
		<wf pos="JJ" sense_id="2">پرٛون</wf>
		<wf pos="NN">ناو</wf>
		<wf pos="VAUX">چُھ</wf>
		<wf pos="RB">ونہٕ</wf>
		<wf pos="NNP">شالا</wf>
		<wf pos="DEM">ییٚمیُک</wf>
		<wf pos="NN">مطلب</wf>
		<wf pos="VAUX">چُھ</wf>
		<wf pos="PSP">ہُنٛد</wf>
		<wf pos="NN">گرٕ</wf>
		<wf pos="SYM">۔</wf>
	</sentence>
	<sentence s_id="8">
		<wf pos="NN">واکھدانُک</wf>
		<wf pos="DEM">یہِ</wf>
		<wf pos="NN">رسٕم</wf>
		<wf pos="VAUX">چُھ</wf>
		<wf pos="PRP">سٲنِس</wf>
		<wf pos="NN">سماجَس</wf>
		<wf pos="PSP">منٛز</wf>
		<wf pos="INTF">سٮ۪ٹھاہ</wf>
		<wf pos="JJ" sense_id="1">پرٛون</wf>
		<wf pos="DEM">اَمیُک</wf>
		<wf pos="NN">ذِکٕر</wf>
		<wf pos="VAUX">چُھ</wf>
		<wf pos="PRP">اَسہِ</wf>
		<wf pos="NN">رِگویدٕ</wf>
		<wf pos="PSP">علاوٕ</wf>
		<wf pos="NN">باردٕسمرٛتی</wf>
		<wf pos="PSP">منٛز</wf>
		<wf pos="RP">تہِ</wf>
		<wf pos="VM">میلان</wf>
		<wf pos="SYM">۔</wf>
	</sentence>
	<sentence s_id="9">
		<wf pos="DEM">یہِ</wf>
		<wf pos="NN">ڈراما</wf>
		<wf pos="VAUX">چُھ</wf>
		<wf pos="INTF">سٮ۪ٹھاہ</wf>
		<wf pos="JJ" sense_id="1">پرٛون</wf>
		<wf pos="SYM">۔</wf>
	</sentence>
	<sentence s_id="10">
		<wf pos="NN">بَرٲژ</wf>
		<wf pos="PSP">ہُنٛد</wf>
		<wf pos="DEM">یہِ</wf>
		<wf pos="NN">سواگَتھ</wf>
		<wf pos="VAUX">چُھ</wf>
		<wf pos="INTF">سٮ۪ٹھاہ</wf>
		<wf pos="JJ" sense_id="1">پرٛون</wf>
		<wf pos="DEM">اَمہِ</wf>
		<wf pos="NN">قٕسمُک</wf>
		<wf pos="NN">اِشارٕ</wf>
		<wf pos="VAUX">چُھ</wf>
		<wf pos="PRP">اَسِہ</wf>
		<wf pos="NNP">اَتھرویٖدَس</wf>
		<wf pos="PSP">منٛز</wf>
		<wf pos="RP">تہِ</wf>
		<wf pos="VM">میلان</wf>
		<wf pos="SYM">۔</wf>
	</sentence>
	<sentence s_id="11">
		<wf pos="PRP">تۄہہِ</wf>
		<wf pos="VAUX">چھا</wf>
		<wf pos="DEM">یہِ</wf>
		<wf pos="JJ">ممکن</wf>
		<wf pos="VM">باسان</wf>
		<wf pos="CC">زِ</wf>
		<wf pos="JJ">نٮ۪صف</wf>
		<wf pos="NN">صدی</wf>
		<wf pos="JJ" sense_id="2">پرٛون</wf>
		<wf pos="DEM">یہِ</wf>
		<wf pos="NN">گُلاب</wf>
		<wf pos="WQ">کیا</wf>
		<wf pos="VAUX">ہیٚکہِ</wf>
		<wf pos="CC">بییٚہِ</wf>
		<wf pos="JJ:?">برجستہٕ</wf>
		<wf pos="VAUX">سپدِتھ؟“</wf>
		<wf pos="SYM">۔</wf>
	</sentence>
	<sentence s_id="12">
		<wf pos="PRP">اسہِ</wf>
		<wf pos="VAUX">پزِ</wf>
		<wf pos="PRP">پنہٕنٮ۪ن</wf>
		<wf pos="DEM">یِمن</wf>
		<wf pos="JJ">اسلٲمی</wf>
		<wf pos="NN">رہبرن</wf>
		<wf pos="PSP">ہٕندۍ</wf>
		<wf pos="NN">تعلقات</wf>
		<wf pos="VM">پانہٕناوٕنۍ</wf>
		<wf pos="CC">تہٕ</wf>
		<wf pos="JJ">پرٛتھ</wf>
		<wf pos="NN">قدمس</wf>
		<wf pos="PSP">پٮ۪ٹھ</wf>
		<wf pos="JJ">ملی</wf>
		<wf pos="NN">اتحاد</wf>
		<wf pos="JJ">مضبوط</wf>
		<wf pos="VM">بناوُن،</wf>
		<wf pos="PRP">سُے</wf>
		<wf pos="VAUX">چُھ</wf>
		<wf pos="PRP">سٲنِس</wf>
		<wf pos="JJ">پرٛتھ</wf>
		<wf pos="NN">دٲدِس</wf>
		<wf pos="JJ">دوا</wf>
		<wf pos="CC">تہٕ</wf>
		<wf pos="DEM">تمی</wf>
		<wf pos="PSP">سۭتۍ</wf>
		<wf pos="VAUX">گژھِ</wf>
		<wf pos="PRP">سانہِ</wf>
		<wf pos="JJ">اجتِمٲعی</wf>
		<wf pos="NN">مظلومیتُک</wf>
		<wf pos="QC">ہتہٕ</wf>
		<wf pos="QF">بوٚد</wf>
		<wf pos="NN">ورۍ</wf>
		<wf pos="JJ" sense_id="1">پرٛون</wf>
		<wf pos="NN">سلسلہٕ</wf>
		<wf pos="VM">ختم</wf>
		<wf pos="SYM">۔</wf>
	</sentence>
	<sentence s_id="13">
		<wf pos="VM">وُچھتو</wf>
		<wf pos="DEM">یِتھُے</wf>
		<wf pos="PSP">ہیوٗ</wf>
		<wf pos="JJ" sense_id="3">پرٛون</wf>
		<wf pos="NN">لُکہٕ</wf>
		<wf pos="NN">بٲتھ</wf>
		<wf pos="SYM">۔</wf>
	</sentence>
	<sentence s_id="14">
		<wf pos="NNP">کٲشرٮ۪ن</wf>
		<wf pos="PSP">ہُنٛد</wf>
		<wf pos="NN">کلچر</wf>
		<wf pos="VAUX">چُھ</wf>
		<wf pos="JJ">پرٛٮ۪تھ</wf>
		<wf pos="NN">لحاظہٕ</wf>
		<wf pos="JJ">عظیم</wf>
		<wf pos="CC">تہٕ</wf>
		<wf pos="DEM">اَتھ</wf>
		<wf pos="VAUX">چھِ</wf>
		<wf pos="QC">ساسہٕ</wf>
		<wf pos="QF">بوٚد</wf>
		<wf pos="NN">ؤری</wf>
		<wf pos="JJ" sense_id="2">پرٛون</wf>
		<wf pos="NN">توٲریخ</wf>
		<wf pos="NN">ڈٔکھس</wf>
		<wf pos="SYM">۔</wf>
	</sentence>
	<sentence s_id="15">
		<wf pos="DEM">یہِ</wf>
		<wf pos="NN">بٲتھ</wf>
		<wf pos="RB">پرٛٲنِس</wf>
		<wf pos="NNP">کٲشرِس</wf>
		<wf pos="NN">کاغزس</wf>
		<wf pos="PSP">پٮ۪ٹھ</wf>
		<wf pos="VM">لیکھِتھ</wf>
		<wf pos="VAUX">آسُن</wf>
		<wf pos="CC">تہٕ</wf>
		<wf pos="PSP">تلہٕ</wf>
		<wf pos="POW">کنہِ</wf>
		<wf pos="NN">تحریر</wf>
		<wf pos="QC">۵</wf>
		<wf pos="QF">ماہ</wf>
		<wf pos="NN">ذی الحجہ</wf>
		<wf pos="QC">۱۵۱۳ھ</wf>
		<wf pos="VM">لیٚکھِتھ</wf>
		<wf pos="VM">آسُن</wf>
		<wf pos="VAUX">چُھ</wf>
		<wf pos="NN">بُنیاد</wf>
		<wf pos="VM">یِوان</wf>
		<wf pos="VM">بناونہٕ</wf>
		<wf pos="CC">تہٕ</wf>
		<wf pos="NN">تسلیٖم</wf>
		<wf pos="VAUX">یِوان</wf>
		<wf pos="VM">کرنہٕ</wf>
		<wf pos="CC">زِ</wf>
		<wf pos="DEM">یہِ</wf>
		<wf pos="VAUX">چُھ</wf>
		<wf pos="QC">ژور</wf>
		<wf pos="QC">ہتھ</wf>
		<wf pos="NN">ؤری</wf>
		<wf pos="JJ" sense_id="1">پرٛون</wf>
		<wf pos="NN">تحریٖر،</wf>
		<wf pos="DEM">یہِ</wf>
		<wf pos="JJ">سورُے</wf>
		<wf pos="VM">وُچھِتھ</wf>
		<wf pos="VAUX">چُھ</wf>
		<wf pos="NN">حٲرتھ</wf>
		<wf pos="VM">سپدان</wf>
		<wf pos="SYM">۔</wf>
	</sentence>
	<sentence s_id="16">
		<wf pos="CC">چِنانٛچِہ</wf>
		<wf pos="DEM">یُتُھے</wf>
		<wf pos="PRP">اَسِہ</wf>
		<wf pos="NN">مثالے</wf>
		<wf pos="NN">تۄمُل</wf>
		<wf pos="CC">یا</wf>
		<wf pos="NN">نوٗن</wf>
		<wf pos="NN">مکانہٕ</wf>
		<wf pos="CC">یا</wf>
		<wf pos="NN">ناو</wf>
		<wf pos="JJ">لۄکٹ</wf>
		<wf pos="CC">یا</wf>
		<wf pos="JJ">بۄٚڑ</wf>
		<wf pos="JJ">نوٚو</wf>
		<wf pos="CC">یا</wf>
		<wf pos="JJ" sense_id="1">پرٛون</wf>
		<wf pos="VM">نیر</wf>
		<wf pos="CC">یا</wf>
		<wf pos="VM">بیٚہہ</wf>
		<wf pos="NN">موج</wf>
		<wf pos="CC">یا</wf>
		<wf pos="NN">کوٗر</wf>
		<wf pos="NN">کۄہ</wf>
		<wf pos="CC">یا</wf>
		<wf pos="PSP">ہِوۍ</wf>
		<wf pos="NN">لفظ</wf>
		<wf pos="NN">کنن</wf>
		<wf pos="VM">گژھان</wf>
		<wf pos="VAUX">چُھ</wf>
		<wf pos="DEM">یمن</wf>
		<wf pos="PSP">ہُند</wf>
		<wf pos="NN">معنِہ</wf>
		<wf pos="RB">سیٚدِ</wf>
		<wf pos="POW">سیوٚد</wf>
		<wf pos="CC">تہٕ</wf>
		<wf pos="RB">فِلفور</wf>
		<wf pos="NN">فِکرِ</wf>
		<wf pos="VM">تران</wf>
		<wf pos="SYM">۔</wf>
	</sentence>
	<sentence s_id="17">
		<wf pos="QC">پنداہ</wf>
		<wf pos="QC">شتھ</wf>
		<wf pos="QC">تُرٛواہ</wf>
		<wf pos="NN">سنہٕ</wf>
		<wf pos="VAUX">چُھ</wf>
		<wf pos="NEG">نہٕ</wf>
		<wf pos="RB">وُنہِ</wf>
		<wf pos="VM">آمتُے،</wf>
		<wf pos="QC">ژور</wf>
		<wf pos="QC">ہتھ</wf>
		<wf pos="NN">ؤری</wf>
		<wf pos="JJ" sense_id="2">پرٛون</wf>
		<wf pos="">کتہِ</wf>
		<wf pos="VM">گٔیوو</wf>
		<wf pos="SYM">۔</wf>
	</sentence>
	<sentence s_id="18">
		<wf pos="RB">وۄنۍ</wf>
		<wf pos="VM">نیٖتَو</wf>
		<wf pos="DEM">اَمہِ</wf>
		<wf pos="NN">بٲتہٕ</wf>
		<wf pos="PSP">کہِ</wf>
		<wf pos="NN">عکسٕچ</wf>
		<wf pos="JJ">دٲخلی</wf>
		<wf pos="NN">شہادت،</wf>
		<wf pos="DEM">یہِ</wf>
		<wf pos="RB">عکس</wf>
		<wf pos="VAUX">چُھ</wf>
		<wf pos="POW">پٲٹھۍ</wf>
		<wf pos="VM">ہاوان</wf>
		<wf pos="CC">زِ</wf>
		<wf pos="NN">تحریٖر</wf>
		<wf pos="VAUX">چُھ</wf>
		<wf pos="NEG">نہٕ</wf>
		<wf pos="QC">ہَتھ</wf>
		<wf pos="NN">ؤری</wf>
		<wf pos="INTF">زیادٕ</wf>
		<wf pos="JJ" sense_id="1">پرٛون</wf>
		<wf pos="NN">لیکھن</wf>
		<wf pos="PSP">وول</wf>
		<wf pos="VM">لیٚکھہِ</wf>
		<wf pos="NEG">نہٕ</wf>
		<wf pos="NN">زبٲنۍ</wf>
		<wf pos="PSP">ہِندۍ</wf>
		<wf pos="NN">لفظ</wf>
		<wf pos="NNP">کٲشرٮ۪ن</wf>
		<wf pos="NN">اَچھرن</wf>
		<wf pos="PSP">منٛز</wf>
		<wf pos="NN">یعنے</wf>
		<wf pos="NNPC">کنتُ</wf>
		<wf pos="NNP">کنذَا</wf>
		<wf pos="VM">لیکھہِ</wf>
		<wf pos="NEG">نہٕ</wf>
		<wf pos="PRP">سُہ</wf>
		<wf pos="NNPC">کنت</wf>
		<wf pos="CC">یا</wf>
		<wf pos="DEM">اَتھ</wf>
		<wf pos="NN">بٲتَس</wf>
		<wf pos="PSP">منٛز</wf>
		<wf pos="VAUX">چُھ</wf>
		<wf pos="PRP">کینژن</wf>
		<wf pos="NN">جایَن</wf>
		<wf pos="VAUX">چھ</wf>
		<wf pos="NN">ژھ</wf>
		<wf pos="NN">اچھر</wf>
		<wf pos="VM">ورتاونہٕ</wf>
		<wf pos="VAUX">آمٕتۍ</wf>
		<wf pos="DEM">یِم</wf>
		<wf pos="NN">دۄشوے</wf>
		<wf pos="NN">اَچھر</wf>
		<wf pos="VAUX">چھِ</wf>
		<wf pos="NNP">کٲشرِس</wf>
		<wf pos="PSP">منٛز</wf>
		<wf pos="JJ">نٔوی</wf>
		<wf pos="NN">ورتاوس</wf>
		<wf pos="PSP">منٛز</wf>
		<wf pos="VAUX">آمٕتۍ</wf>
		<wf pos="SYM">۔</wf>
	</sentence>
	<sentence s_id="19">
		<wf pos="PRP">تَس</wf>
		<wf pos="VM">پیٚوو</wf>
		<wf pos="NN">یاد</wf>
		<wf pos="NN">ترٕٛہ</wf>
		<wf pos="VM">پانٛژترٕٛہ</wf>
		<wf pos="NN">ؤری</wf>
		<wf pos="JJ" sense_id="2">پرٛون</wf>
		<wf pos="PRP">سُہ</wf>
		<wf pos="NN">منظر</wf>
		<wf pos="RB">ییٚلہِ</wf>
		<wf pos="JJ">پرٛانہِ</wf>
		<wf pos="NNC">میٚژِ</wf>
		<wf pos="NN">لَرِ</wf>
		<wf pos="RB">أنٛدۍ</wf>
		<wf pos="POW">پٔکۍ</wf>
		<wf pos="DEM">اَتھ</wf>
		<wf pos="JJ">سٲرسٕے</wf>
		<wf pos="NN">صحنس</wf>
		<wf pos="NN">دٲن</wf>
		<wf pos="NN">باغ</wf>
		<wf pos="VAUX">اوس</wf>
		<wf pos="SYM">۔</wf>
	</sentence>
	<sentence s_id="20">
		<wf pos="NN">اندازن</wf>
		<wf pos="VAUX">آسہِ</wf>
		<wf pos="DEM">یہِ</wf>
		<wf pos="NN">قلہ</wf>
		<wf pos="QC">ڈۄڈ</wf>
		<wf pos="CC">یا</wf>
		<wf pos="QC">زٕہَتھ</wf>
		<wf pos="NN">ؤری</wf>
		<wf pos="JJ" sense_id="2">پرٛون</wf>
		<wf pos="SYM">۔</wf>
	</sentence>
	<sentence s_id="21">
		<wf pos="NN">ژکھہِ</wf>
		<wf pos="PSP">ہُنٛد</wf>
		<wf pos="NN">رٮ۪واج</wf>
		<wf pos="CC">یوٚدوے</wf>
		<wf pos="INTF">سٮ۪ٹھاہ</wf>
		<wf pos="JJ" sense_id="3">پرٛون</wf>
		<wf pos="CC">تہٕ</wf>
		<wf pos="NNP">آدمس</wf>
		<wf pos="RB">برٛۄنٛہہ</wf>
		<wf pos="NN">بارسس</wf>
		<wf pos="VM">آمُت</wf>
		<wf pos="VAUX">چُھ</wf>
		<wf pos="CC">مگر</wf>
		<wf pos="VAUX">آیہِ</wf>
		<wf pos="NNP">مژھجہ</wf>
		<wf pos="CC">تہٕ</wf>
		<wf pos="NNP">مۄجتی</wf>
		<wf pos="NN">ماسہِ</wf>
		<wf pos="PSP">ہِنٛدۍ</wf>
		<wf pos="RB">پٲٹھۍ</wf>
		<wf pos="VM">ولنہٕ</wf>
		<wf pos="CC">تہٕ</wf>
		<wf pos="VM">وندنہٕ</wf>
		<wf pos="CC">تہٕ</wf>
		<wf pos="CC">بییٚہِ</wf>
		<wf pos="NN">ٲڈرنہِ</wf>
		<wf pos="PSP">پٮ۪ٹھے</wf>
		<wf pos="NN">باگہِ</wf>
		<wf pos="PSP">سۭتۍ</wf>
		<wf pos="VAUX">چھم</wf>
		<wf pos="RB">از</wf>
		<wf pos="PRP">تۄہہِ</wf>
		<wf pos="DEM">یہ</wf>
		<wf pos="NN">کتھ</wf>
		<wf pos="RP">تہِ</wf>
		<wf pos="NN">مسلہٕ</wf>
		<wf pos="VM">وٲلِتھ</wf>
		<wf pos="VM">ونٕنۍ</wf>
		<wf pos="CC">زِ</wf>
		<wf pos="NNPC">شیطان</wf>
		<wf pos="VM">کرےیہِ</wf>
		<wf pos="NNP">آدم</wf>
		<wf pos="NN">دُنۍیہس</wf>
		<wf pos="PSP">منٛز</wf>
		<wf pos="NEG">نہٕ</wf>
		<wf pos="VM">اننہٕ</wf>
		<wf pos="PSP">باپتھ</wf>
		<wf pos="INTF">سکھ</wf>
		<wf pos="NN">وۄٹھ</wf>
		<wf pos="NN">ژھانٹھ</wf>
		<wf pos="CC">تہٕ</wf>
		<wf pos="NN">ایٚحتجاج</wf>
		<wf pos="SYM">۔</wf>
	</sentence>
	<sentence s_id="22">
		<wf pos="PRP">مہٕ</wf>
		<wf pos="VAUX">اُوس</wf>
		<wf pos="PRP">پَنٛٮ۪ن</wf>
		<wf pos="JJ" sense_id="3">پرٛون</wf>
		<wf pos="NN">یارَ</wf>
		<wf pos="VM">سَمکھنہِ</wf>
		<wf pos="VM">آمُت</wf>
		<wf pos="SYM">۔</wf>
	</sentence>
	<sentence s_id="23">
		<wf pos="VAUX">چُھ</wf>
		<wf pos="INTF">واریاہ</wf>
		<wf pos="JJ" sense_id="2">پرٛون</wf>
		<wf pos="NN">تعمیٖر</wf>
		<wf pos="SYM">۔</wf>
	</sentence>
	<sentence s_id="24">
		<wf pos="DEM">یہِ</wf>
		<wf pos="VAUX">چُھ</wf>
		<wf pos="PRP">تُہنٛد</wf>
		<wf pos="JJ" sense_id="3">پرٛون</wf>
		<wf pos="SYM">۔</wf>
	</sentence>
	<sentence s_id="25">
		<wf pos="NNP">نالَنٛدا</wf>
		<wf pos="VAUX">اوس</wf>
		<wf pos="NN">دُنیاہُک</wf>
		<wf pos="JJ" sense_id="1">پرٛون</wf>
		<wf pos="JJ">تٔعلیٖمی</wf>
		<wf pos="NN">مَرکَز</wf>
		<wf pos="SYM">۔</wf>
	</sentence>
	<sentence s_id="26">
		<wf pos="JJ" sense_id="1">پرٛون</wf>
		<wf pos="VAUX">چھہِ</wf>
		<wf pos="NN">جِنہٕ</wf>
		<wf pos="NN">دٔلیٖلہٕ</wf>
		<wf pos="VM">بوٗزِتھ</wf>
		<wf pos="SYM">۔</wf>
	</sentence>
	<sentence s_id="27">
		<wf pos="NN">گام</wf>
		<wf pos="PSP">کٮ۪و</wf>
		<wf pos="VAUX">چُھ</wf>
		<wf pos="NN">گامس</wf>
		<wf pos="NN">نیٚبٕر</wf>
		<wf pos="VM">کَنہِ</wf>
		<wf pos="JJ" sense_id="2">پرٛون</wf>
		<wf pos="NN">قلہ</wf>
		<wf pos="VM">لۄہراوانہٕ</wf>
		<wf pos="PSP">خٲطرٕ</wf>
		<wf pos="VM">کرمژ</wf>
		<wf pos="SYM">۔</wf>
	</sentence>
	<sentence s_id="28">
		<wf pos="PRP">سُہ</wf>
		<wf pos="VAUX">چُھ</wf>
		<wf pos="JJ" sense_id="3">پرٛون</wf>
		<wf pos="NN">تَواریٖخ</wf>
		<wf pos="VM">زانٛن</wf>
		<wf pos="SYM">۔</wf>
	</sentence>
	<sentence s_id="29">
		<wf pos="JJ" sense_id="1">پرٛون</wf>
		<wf pos="NN">مہرِیٚنۍ</wf>
		<wf pos="NN">سالٕرَن</wf>
		<wf pos="RB">برٛونٛہہ</wf>
		<wf pos="POW">کَنہِ</wf>
		<wf pos="VM">مَنٛدچھان</wf>
		<wf pos="SYM">۔</wf>
	</sentence>
	<sentence s_id="30">
		<wf pos="PRP">تٔمس</wf>
		<wf pos="VAUX">اوس</wf>
		<wf pos="JJ" sense_id="4">پرٛون</wf>
		<wf pos="NN">کَمَربَنٛد</wf>
		<wf pos="VM">لگٲوِتھ</wf>
		<wf pos="SYM">۔</wf>
	</sentence>
	<sentence s_id="31">
		<wf pos="NNP">رامَن</wf>
		<wf pos="VM">بَدلو</wf>
		<wf pos="PRP">پَنُن</wf>
		<wf pos="JJ" sense_id="4">پرٛون</wf>
		<wf pos="NN">فرٛج</wf>
		<wf pos="SYM">۔</wf>
	</sentence>
	<sentence s_id="32">
		<wf pos="JJ">نو</wf>
		<wf pos="NN">مَکانہٕ</wf>
		<wf pos="VM">بَناونہٕ</wf>
		<wf pos="PSP">خٲطرٕ</wf>
		<wf pos="VM">چھہٕ</wf>
		<wf pos="PRP">تِمۍ</wf>
		<wf pos="JJ" sense_id="4">پرٛون</wf>
		<wf pos="NN">مَکانہٕ</wf>
		<wf pos="VM">لۄہراوان</wf>
		<wf pos="SYM">۔</wf>
	</sentence>
	<sentence s_id="33">
		<wf pos="NN">پھانٛسہِ</wf>
		<wf pos="POW">کوٗٹِس</wf>
		<wf pos="PSP">پٮ۪ٹھ</wf>
		<wf pos="VM">کھَسنہٕ</wf>
		<wf pos="RB">پرٛونٛٹھ</wf>
		<wf pos="VAUX">اوس</wf>
		<wf pos="NN">حَضرَت</wf>
		<wf pos="NN">عیٖساہَس</wf>
		<wf pos="JJ">سارنٕے</wf>
		<wf pos="NN">لُکَن</wf>
		<wf pos="JJ" sense_id="4">پرٛون</wf>
		<wf pos="VM">بَخچٕمُت</wf>
		<wf pos="SYM">۔</wf>
	</sentence>
	<sentence s_id="34">
		<wf pos="NNP">دَمَسکَس</wf>
		<wf pos="VAUX">چُھ</wf>
		<wf pos="NN">دُنِیَہُک</wf>
		<wf pos="JJ">سارِوٕے</wf>
		<wf pos="RP">کھۄتہٕ</wf>
		<wf pos="JJ" sense_id="2">پرٛون</wf>
		<wf pos="NN">شہَر</wf>
		<wf pos="SYM">۔</wf>
	</sentence>
	<sentence s_id="35">
		<wf pos="NN">بَرگَڑُک</wf>
		<wf pos="JJ" sense_id="1">پرٛون</wf>
		<wf pos="NN">ناو</wf>
		<wf pos="VAUX">اوس</wf>
		<wf pos="NN">باگَرکوٹا</wf>
		<wf pos="SYM">۔</wf>
	</sentence>
	<sentence s_id="36">
		<wf pos="NN">کارِ</wf>
		<wf pos="PSP">ہُنٛد</wf>
		<wf pos="DEM">یہِ</wf>
		<wf pos="NNP">ماڈَل</wf>
		<wf pos="VAUX">چُھ</wf>
		<wf pos="INTF">واریاہ</wf>
		<wf pos="JJ" sense_id="2">پرٛون</wf>
		<wf pos="SYM">۔</wf>
	</sentence>
	<sentence s_id="37">
		<wf pos="PRP">تِمَن</wf>
		<wf pos="VAUX">چُھ</wf>
		<wf pos="QC">اَکھ</wf>
		<wf pos="JJ" sense_id="3">پرٛون</wf>
		<wf pos="NN">ٹٲلہٕ</wf>
		<wf pos="POW">دار</wf>
		<wf pos="NN">مَکانہٕ</wf>
		<wf pos="SYM">۔</wf>
	</sentence>
	<sentence s_id="38">
		<wf pos="JJ" sense_id="4">پرٛون</wf>
		<wf pos="NN">چیٖز</wf>
		<wf pos="VAUX">چُھ</wf>
		<wf pos="NEG">نہٕ</wf>
		<wf pos="NN">اِستعمال</wf>
		<wf pos="VAUX">یِوان</wf>
		<wf pos="VM">کرنہٕ</wf>
		<wf pos="SYM">۔</wf>
	</sentence>
	<sentence s_id="39">
		<wf pos="JJ" sense_id="1">پرٛون</wf>
		<wf pos="NN">زَمانہٕ</wf>
		<wf pos="VAUX">اوس</wf>
		<wf pos="CC">بےٚ</wf>
		<wf pos="RB">تَکنیٖکی</wf>
		<wf pos="NN">زَمانہٕ</wf>
		<wf pos="SYM">۔</wf>
	</sentence>
	<sentence s_id="40">
		<wf pos="NNP">ہِنٛدُستان</wf>
		<wf pos="JJ" sense_id="1">پرٛون</wf>
		<wf pos="VM">آسنس</wf>
		<wf pos="PSP">منٛز</wf>
		<wf pos="VAUX">چُھ</wf>
		<wf pos="NEG">نہٕ</wf>
		<wf pos="PRP">کانٛہہ</wf>
		<wf pos="VM">شَکھ</wf>
		<wf pos="SYM">۔</wf>
	</sentence>
	<sentence s_id="41">
		<wf pos="JJ">عجٲیِب</wf>
		<wf pos="NN">گرس</wf>
		<wf pos="PSP">منٛز</wf>
		<wf pos="VAUX">چھِ</wf>
		<wf pos="RB">واریاہ</wf>
		<wf pos="JJ" sense_id="2">پرٛون</wf>
		<wf pos="NN">دَستاویٖز</wf>
		<wf pos="JJ">محفوٗظ</wf>
		<wf pos="VM">تھاونہٕ</wf>
		<wf pos="VAUX">آمُت</wf>
		<wf pos="SYM">۔</wf>
	</sentence>
	<sentence s_id="42">
		<wf pos="JJ" sense_id="3">پرٛون</wf>
		<wf pos="NN">گور</wf>
		<wf pos="VAUX">چھُ</wf>
		<wf pos="VM">یِوان</wf>
		<wf pos="RB">دوٕہکۍ</wf>
		<wf pos="POW">پٲٹھۍ</wf>
		<wf pos="NN">اِستِعمال</wf>
		<wf pos="VM">کَرنہٕ</wf>
		<wf pos="SYM">۔</wf>
	</sentence>
	<sentence s_id="43">
		<wf pos="JJ" sense_id="1">پرٛون</wf>
		<wf pos="NN">ڈراما</wf>
		<wf pos="NN">بوزنس</wf>
		<wf pos="PSP">خٲطرٕ</wf>
		<wf pos="VAUX">چُھ</wf>
		<wf pos="NEG">نہٕ</wf>
		<wf pos="PRP">مےٚ</wf>
		<wf pos="NN">وَق</wf>
		<wf pos="SYM">۔</wf>
	</sentence>
	<sentence s_id="1">
		<wf pos="NNPC">ناگہٕ</wf>
		<wf pos="NNP">پٲنشِرم</wf>
		<wf pos="NN">توٲریٖخہ</wf>
		<wf pos="PSP">کہِ</wf>
		<wf pos="NN">اعتِبار</wf>
		<wf pos="VAUX">چُھ</wf>
		<wf pos="DEM">یہِ</wf>
		<wf pos="INTF">سٮ۪ٹھاہ</wf>
		<wf pos="JJ" sense_id="1">پرٛون</wf>
		<wf pos="NNC">بوٚڈ</wf>
		<wf pos="NNP">دۄہ</wf>
		<wf pos="VM">ماننہٕ</wf>
		<wf pos="VAUX">یِوان</wf>
		<wf pos="SYM">۔</wf>
	</sentence>
	<sentence s_id="2">
		<wf pos="NNPC">اَننتہٕ</wf>
		<wf pos="NNP">ژۄداہ</wf>
		<wf pos="DEM">یہِ</wf>
		<wf pos="RP">تہِ</wf>
		<wf pos="VAUX">چُھ</wf>
		<wf pos="NNP">کٔشیٖرِ</wf>
		<wf pos="PSP">ہُند</wf>
		<wf pos="INTF">سٮ۪ٹھاہ</wf>
		<wf pos="JJ" sense_id="1">پرٛون</wf>
		<wf pos="NN">وۄژَھب</wf>
		<wf pos="VAUX">یِوان</wf>
		<wf pos="VM">ماننہٕ</wf>
		<wf pos="SYM">۔</wf>
	</sentence>
	<sentence s_id="3">
		<wf pos="NN">کنیادان</wf>
		<wf pos="VAUX">چُھ</wf>
		<wf pos="NN">خاندرٕ</wf>
		<wf pos="PSP">کٮ۪ن</wf>
		<wf pos="NN">رَسمَن</wf>
		<wf pos="PSP">منٛز</wf>
		<wf pos="INTF">سٮ۪ٹھاہ</wf>
		<wf pos="JJ" sense_id="1">پرٛون</wf>
		<wf pos="NN">رسٕم</wf>
		<wf pos="VM">ماننہٕ</wf>
		<wf pos="VAUX">یِوان</wf>
		<wf pos="DEM">اَمیُک</wf>
		<wf pos="NN">حوالہٕ</wf>
		<wf pos="VAUX">چُھ</wf>
		<wf pos="PRP">اَسہِ</wf>
		<wf pos="QO">گۄڈنِکہ</wf>
		<wf pos="NN">پِھرِ</wf>
		<wf pos="NNC">گرٛیٚہہ</wf>
		<wf pos="NN">سوٗترَن</wf>
		<wf pos="PSP">منٛز</wf>
		<wf pos="VM">میلان</wf>
		<wf pos="SYM">۔</wf>
	</sentence>
	<sentence s_id="4">
		<wf pos="DEM">یہِ</wf>
		<wf pos="NN">پرٛوگرٛام</wf>
		<wf pos="VAUX">چُھ</wf>
		<wf pos="JJ" sense_id="1">پرٛون</wf>
		<wf pos="SYM">۔</wf>
	</sentence>
	<sentence s_id="5">
		<wf pos="RB">یِتھ</wf>
		<wf pos="POW">کٔنۍ</wf>
		<wf pos="VAUX">سَپُد</wf>
		<wf pos="NN">رازٕ</wf>
		<wf pos="NNP">اشوک</wf>
		<wf pos="PSP">سُنٛد</wf>
		<wf pos="VM">بسومُت</wf>
		<wf pos="JJ" sense_id="1">پرٛون</wf>
		<wf pos="NNP">سرینگر</wf>
		<wf pos="NNP">پُرنہٕ</wf>
		<wf pos="POW:?">اَوشٹھان</wf>
		<wf pos="NN">یعنے</wf>
		<wf pos="JJ">پرٲنی</wf>
		<wf pos="NN">رازٕدٲنِہ</wf>
		<wf pos="NN">ناوٕ</wf>
		<wf pos="JJ">مشہوٗر</wf>
		<wf pos="SYM">۔</wf>
	</sentence>
	<sentence s_id="6">
		<wf pos="NN">رۍوٲژ</wf>
		<wf pos="PSP">کنۍ</wf>
		<wf pos="VAUX">چُھ</wf>
		<wf pos="NN">شہرُک</wf>
		<wf pos="PRP">سارِوٕے</wf>
		<wf pos="RP">کھۄتہٕ</wf>
		<wf pos="JJ" sense_id="1">پرٛون</wf>
		<wf pos="NN">کٔدٕل</wf>
		<wf pos="NNPC">عٲلۍ</wf>
		<wf pos="NNP">کٔدٕل</wf>
		<wf pos="SYM">۔</wf>
	</sentence>
	<sentence s_id="7">
		<wf pos="NNP">آریَن</wf>
		<wf pos="PSP">ہنٛز</wf>
		<wf pos="QC">اَکھ</wf>
		<wf pos="NN">ڈینٛپھٕر</wf>
		<wf pos="NNP">کشتواڈٕ</wf>
		<wf pos="VM">بسیامٕژ</wf>
		<wf pos="VAUX">ٲس</wf>
		<wf pos="PRP">تِمَو</wf>
		<wf pos="VM">کوٚر</wf>
		<wf pos="NNP">کشتواڈٕ</wf>
		<wf pos="PSP">طرفُک</wf>
		<wf pos="JJ">شُمٲلی</wf>
		<wf pos="NN">بال</wf>
		<wf pos="VM">سرٕ</wf>
		<wf pos="CC">تہٕ</wf>
		<wf pos="NST">بۄن</wf>
		<wf pos="VM">وٲتِتھ</wf>
		<wf pos="VM">وٲتۍ</wf>
		<wf pos="NNPC">کٹھار</wf>
		<wf pos="NNP">پرگنس</wf>
		<wf pos="PSP">منٛز</wf>
		<wf pos="DEM">یَتھ</wf>
		<wf pos="NN">گامَس</wf>
		<wf pos="PRP">تِمَو</wf>
		<wf pos="RB">گۄڈٕ</wf>
		<wf pos="NN">کٔن</wf>
		<wf pos="VM">دیُت</wf>
		<wf pos="DEM">تَتھ</wf>
		<wf pos="VM">تھووُکھ(</wf>
		<wf pos="NNP">اُترسوٗریہ)</wf>
		<wf pos="VM">ناو</wf>
		<wf pos="CC">تِکیازِ</wf>
		<wf pos="NNP">ووٚترٕسرحدُک</wf>
		<wf pos="NN">سِریہِ</wf>
		<wf pos="VM">وُچھتھٕے</wf>
		<wf pos="VM">تھوو</wf>
		<wf pos="PRP">تِمَو</wf>
		<wf pos="DEM">یہِ</wf>
		<wf pos="NN">ناو</wf>
		<wf pos="DEM">یَتھ</wf>
		<wf pos="PSP">زَن</wf>
		<wf pos="RB">اَز</wf>
		<wf pos="PRP">اسۍ</wf>
		<wf pos="VAUX">چِھ</wf>
		<wf pos="VM">وَنان</wf>
		<wf pos="NNP">ووٚتُرس</wf>
		<wf pos="CC">چنانٛچہ</wf>
		<wf pos="NN">بانہالہِ</wf>
		<wf pos="PSP">ہُنٛد</wf>
		<wf pos="JJ" sense_id="2">پرٛون</wf>
		<wf pos="NN">ناو</wf>
		<wf pos="VAUX">چُھ</wf>
		<wf pos="RB">ونہٕ</wf>
		<wf pos="NNP">شالا</wf>
		<wf pos="DEM">ییٚمیُک</wf>
		<wf pos="NN">مطلب</wf>
		<wf pos="VAUX">چُھ</wf>
		<wf pos="PSP">ہُنٛد</wf>
		<wf pos="NN">گرٕ</wf>
		<wf pos="SYM">۔</wf>
	</sentence>
	<sentence s_id="8">
		<wf pos="NN">واکھدانُک</wf>
		<wf pos="DEM">یہِ</wf>
		<wf pos="NN">رسٕم</wf>
		<wf pos="VAUX">چُھ</wf>
		<wf pos="PRP">سٲنِس</wf>
		<wf pos="NN">سماجَس</wf>
		<wf pos="PSP">منٛز</wf>
		<wf pos="INTF">سٮ۪ٹھاہ</wf>
		<wf pos="JJ" sense_id="1">پرٛون</wf>
		<wf pos="DEM">اَمیُک</wf>
		<wf pos="NN">ذِکٕر</wf>
		<wf pos="VAUX">چُھ</wf>
		<wf pos="PRP">اَسہِ</wf>
		<wf pos="NN">رِگویدٕ</wf>
		<wf pos="PSP">علاوٕ</wf>
		<wf pos="NN">باردٕسمرٛتی</wf>
		<wf pos="PSP">منٛز</wf>
		<wf pos="RP">تہِ</wf>
		<wf pos="VM">میلان</wf>
		<wf pos="SYM">۔</wf>
	</sentence>
	<sentence s_id="9">
		<wf pos="DEM">یہِ</wf>
		<wf pos="NN">ڈراما</wf>
		<wf pos="VAUX">چُھ</wf>
		<wf pos="INTF">سٮ۪ٹھاہ</wf>
		<wf pos="JJ" sense_id="1">پرٛون</wf>
		<wf pos="SYM">۔</wf>
	</sentence>
	<sentence s_id="10">
		<wf pos="NN">بَرٲژ</wf>
		<wf pos="PSP">ہُنٛد</wf>
		<wf pos="DEM">یہِ</wf>
		<wf pos="NN">سواگَتھ</wf>
		<wf pos="VAUX">چُھ</wf>
		<wf pos="INTF">سٮ۪ٹھاہ</wf>
		<wf pos="JJ" sense_id="1">پرٛون</wf>
		<wf pos="DEM">اَمہِ</wf>
		<wf pos="NN">قٕسمُک</wf>
		<wf pos="NN">اِشارٕ</wf>
		<wf pos="VAUX">چُھ</wf>
		<wf pos="PRP">اَسِہ</wf>
		<wf pos="NNP">اَتھرویٖدَس</wf>
		<wf pos="PSP">منٛز</wf>
		<wf pos="RP">تہِ</wf>
		<wf pos="VM">میلان</wf>
		<wf pos="SYM">۔</wf>
	</sentence>
	<sentence s_id="11">
		<wf pos="PRP">تۄہہِ</wf>
		<wf pos="VAUX">چھا</wf>
		<wf pos="DEM">یہِ</wf>
		<wf pos="JJ">ممکن</wf>
		<wf pos="VM">باسان</wf>
		<wf pos="CC">زِ</wf>
		<wf pos="JJ">نٮ۪صف</wf>
		<wf pos="NN">صدی</wf>
		<wf pos="JJ" sense_id="2">پرٛون</wf>
		<wf pos="DEM">یہِ</wf>
		<wf pos="NN">گُلاب</wf>
		<wf pos="WQ">کیا</wf>
		<wf pos="VAUX">ہیٚکہِ</wf>
		<wf pos="CC">بییٚہِ</wf>
		<wf pos="JJ:?">برجستہٕ</wf>
		<wf pos="VAUX">سپدِتھ؟“</wf>
		<wf pos="SYM">۔</wf>
	</sentence>
	<sentence s_id="12">
		<wf pos="PRP">اسہِ</wf>
		<wf pos="VAUX">پزِ</wf>
		<wf pos="PRP">پنہٕنٮ۪ن</wf>
		<wf pos="DEM">یِمن</wf>
		<wf pos="JJ">اسلٲمی</wf>
		<wf pos="NN">رہبرن</wf>
		<wf pos="PSP">ہٕندۍ</wf>
		<wf pos="NN">تعلقات</wf>
		<wf pos="VM">پانہٕناوٕنۍ</wf>
		<wf pos="CC">تہٕ</wf>
		<wf pos="JJ">پرٛتھ</wf>
		<wf pos="NN">قدمس</wf>
		<wf pos="PSP">پٮ۪ٹھ</wf>
		<wf pos="JJ">ملی</wf>
		<wf pos="NN">اتحاد</wf>
		<wf pos="JJ">مضبوط</wf>
		<wf pos="VM">بناوُن،</wf>
		<wf pos="PRP">سُے</wf>
		<wf pos="VAUX">چُھ</wf>
		<wf pos="PRP">سٲنِس</wf>
		<wf pos="JJ">پرٛتھ</wf>
		<wf pos="NN">دٲدِس</wf>
		<wf pos="JJ">دوا</wf>
		<wf pos="CC">تہٕ</wf>
		<wf pos="DEM">تمی</wf>
		<wf pos="PSP">سۭتۍ</wf>
		<wf pos="VAUX">گژھِ</wf>
		<wf pos="PRP">سانہِ</wf>
		<wf pos="JJ">اجتِمٲعی</wf>
		<wf pos="NN">مظلومیتُک</wf>
		<wf pos="QC">ہتہٕ</wf>
		<wf pos="QF">بوٚد</wf>
		<wf pos="NN">ورۍ</wf>
		<wf pos="JJ" sense_id="1">پرٛون</wf>
		<wf pos="NN">سلسلہٕ</wf>
		<wf pos="VM">ختم</wf>
		<wf pos="SYM">۔</wf>
	</sentence>
	<sentence s_id="13">
		<wf pos="VM">وُچھتو</wf>
		<wf pos="DEM">یِتھُے</wf>
		<wf pos="PSP">ہیوٗ</wf>
		<wf pos="JJ" sense_id="3">پرٛون</wf>
		<wf pos="NN">لُکہٕ</wf>
		<wf pos="NN">بٲتھ</wf>
		<wf pos="SYM">۔</wf>
	</sentence>
	<sentence s_id="14">
		<wf pos="NNP">کٲشرٮ۪ن</wf>
		<wf pos="PSP">ہُنٛد</wf>
		<wf pos="NN">کلچر</wf>
		<wf pos="VAUX">چُھ</wf>
		<wf pos="JJ">پرٛٮ۪تھ</wf>
		<wf pos="NN">لحاظہٕ</wf>
		<wf pos="JJ">عظیم</wf>
		<wf pos="CC">تہٕ</wf>
		<wf pos="DEM">اَتھ</wf>
		<wf pos="VAUX">چھِ</wf>
		<wf pos="QC">ساسہٕ</wf>
		<wf pos="QF">بوٚد</wf>
		<wf pos="NN">ؤری</wf>
		<wf pos="JJ" sense_id="2">پرٛون</wf>
		<wf pos="NN">توٲریخ</wf>
		<wf pos="NN">ڈٔکھس</wf>
		<wf pos="SYM">۔</wf>
	</sentence>
	<sentence s_id="15">
		<wf pos="DEM">یہِ</wf>
		<wf pos="NN">بٲتھ</wf>
		<wf pos="RB">پرٛٲنِس</wf>
		<wf pos="NNP">کٲشرِس</wf>
		<wf pos="NN">کاغزس</wf>
		<wf pos="PSP">پٮ۪ٹھ</wf>
		<wf pos="VM">لیکھِتھ</wf>
		<wf pos="VAUX">آسُن</wf>
		<wf pos="CC">تہٕ</wf>
		<wf pos="PSP">تلہٕ</wf>
		<wf pos="POW">کنہِ</wf>
		<wf pos="NN">تحریر</wf>
		<wf pos="QC">۵</wf>
		<wf pos="QF">ماہ</wf>
		<wf pos="NN">ذی الحجہ</wf>
		<wf pos="QC">۱۵۱۳ھ</wf>
		<wf pos="VM">لیٚکھِتھ</wf>
		<wf pos="VM">آسُن</wf>
		<wf pos="VAUX">چُھ</wf>
		<wf pos="NN">بُنیاد</wf>
		<wf pos="VM">یِوان</wf>
		<wf pos="VM">بناونہٕ</wf>
		<wf pos="CC">تہٕ</wf>
		<wf pos="NN">تسلیٖم</wf>
		<wf pos="VAUX">یِوان</wf>
		<wf pos="VM">کرنہٕ</wf>
		<wf pos="CC">زِ</wf>
		<wf pos="DEM">یہِ</wf>
		<wf pos="VAUX">چُھ</wf>
		<wf pos="QC">ژور</wf>
		<wf pos="QC">ہتھ</wf>
		<wf pos="NN">ؤری</wf>
		<wf pos="JJ" sense_id="1">پرٛون</wf>
		<wf pos="NN">تحریٖر،</wf>
		<wf pos="DEM">یہِ</wf>
		<wf pos="JJ">سورُے</wf>
		<wf pos="VM">وُچھِتھ</wf>
		<wf pos="VAUX">چُھ</wf>
		<wf pos="NN">حٲرتھ</wf>
		<wf pos="VM">سپدان</wf>
		<wf pos="SYM">۔</wf>
	</sentence>
	<sentence s_id="16">
		<wf pos="CC">چِنانٛچِہ</wf>
		<wf pos="DEM">یُتُھے</wf>
		<wf pos="PRP">اَسِہ</wf>
		<wf pos="NN">مثالے</wf>
		<wf pos="NN">تۄمُل</wf>
		<wf pos="CC">یا</wf>
		<wf pos="NN">نوٗن</wf>
		<wf pos="NN">مکانہٕ</wf>
		<wf pos="CC">یا</wf>
		<wf pos="NN">ناو</wf>
		<wf pos="JJ">لۄکٹ</wf>
		<wf pos="CC">یا</wf>
		<wf pos="JJ">بۄٚڑ</wf>
		<wf pos="JJ">نوٚو</wf>
		<wf pos="CC">یا</wf>
		<wf pos="JJ" sense_id="1">پرٛون</wf>
		<wf pos="VM">نیر</wf>
		<wf pos="CC">یا</wf>
		<wf pos="VM">بیٚہہ</wf>
		<wf pos="NN">موج</wf>
		<wf pos="CC">یا</wf>
		<wf pos="NN">کوٗر</wf>
		<wf pos="NN">کۄہ</wf>
		<wf pos="CC">یا</wf>
		<wf pos="PSP">ہِوۍ</wf>
		<wf pos="NN">لفظ</wf>
		<wf pos="NN">کنن</wf>
		<wf pos="VM">گژھان</wf>
		<wf pos="VAUX">چُھ</wf>
		<wf pos="DEM">یمن</wf>
		<wf pos="PSP">ہُند</wf>
		<wf pos="NN">معنِہ</wf>
		<wf pos="RB">سیٚدِ</wf>
		<wf pos="POW">سیوٚد</wf>
		<wf pos="CC">تہٕ</wf>
		<wf pos="RB">فِلفور</wf>
		<wf pos="NN">فِکرِ</wf>
		<wf pos="VM">تران</wf>
		<wf pos="SYM">۔</wf>
	</sentence>
	<sentence s_id="17">
		<wf pos="QC">پنداہ</wf>
		<wf pos="QC">شتھ</wf>
		<wf pos="QC">تُرٛواہ</wf>
		<wf pos="NN">سنہٕ</wf>
		<wf pos="VAUX">چُھ</wf>
		<wf pos="NEG">نہٕ</wf>
		<wf pos="RB">وُنہِ</wf>
		<wf pos="VM">آمتُے،</wf>
		<wf pos="QC">ژور</wf>
		<wf pos="QC">ہتھ</wf>
		<wf pos="NN">ؤری</wf>
		<wf pos="JJ" sense_id="2">پرٛون</wf>
		<wf pos="">کتہِ</wf>
		<wf pos="VM">گٔیوو</wf>
		<wf pos="SYM">۔</wf>
	</sentence>
	<sentence s_id="18">
		<wf pos="RB">وۄنۍ</wf>
		<wf pos="VM">نیٖتَو</wf>
		<wf pos="DEM">اَمہِ</wf>
		<wf pos="NN">بٲتہٕ</wf>
		<wf pos="PSP">کہِ</wf>
		<wf pos="NN">عکسٕچ</wf>
		<wf pos="JJ">دٲخلی</wf>
		<wf pos="NN">شہادت،</wf>
		<wf pos="DEM">یہِ</wf>
		<wf pos="RB">عکس</wf>
		<wf pos="VAUX">چُھ</wf>
		<wf pos="POW">پٲٹھۍ</wf>
		<wf pos="VM">ہاوان</wf>
		<wf pos="CC">زِ</wf>
		<wf pos="NN">تحریٖر</wf>
		<wf pos="VAUX">چُھ</wf>
		<wf pos="NEG">نہٕ</wf>
		<wf pos="QC">ہَتھ</wf>
		<wf pos="NN">ؤری</wf>
		<wf pos="INTF">زیادٕ</wf>
		<wf pos="JJ" sense_id="1">پرٛون</wf>
		<wf pos="NN">لیکھن</wf>
		<wf pos="PSP">وول</wf>
		<wf pos="VM">لیٚکھہِ</wf>
		<wf pos="NEG">نہٕ</wf>
		<wf pos="NN">زبٲنۍ</wf>
		<wf pos="PSP">ہِندۍ</wf>
		<wf pos="NN">لفظ</wf>
		<wf pos="NNP">کٲشرٮ۪ن</wf>
		<wf pos="NN">اَچھرن</wf>
		<wf pos="PSP">منٛز</wf>
		<wf pos="NN">یعنے</wf>
		<wf pos="NNPC">کنتُ</wf>
		<wf pos="NNP">کنذَا</wf>
		<wf pos="VM">لیکھہِ</wf>
		<wf pos="NEG">نہٕ</wf>
		<wf pos="PRP">سُہ</wf>
		<wf pos="NNPC">کنت</wf>
		<wf pos="CC">یا</wf>
		<wf pos="DEM">اَتھ</wf>
		<wf pos="NN">بٲتَس</wf>
		<wf pos="PSP">منٛز</wf>
		<wf pos="VAUX">چُھ</wf>
		<wf pos="PRP">کینژن</wf>
		<wf pos="NN">جایَن</wf>
		<wf pos="VAUX">چھ</wf>
		<wf pos="NN">ژھ</wf>
		<wf pos="NN">اچھر</wf>
		<wf pos="VM">ورتاونہٕ</wf>
		<wf pos="VAUX">آمٕتۍ</wf>
		<wf pos="DEM">یِم</wf>
		<wf pos="NN">دۄشوے</wf>
		<wf pos="NN">اَچھر</wf>
		<wf pos="VAUX">چھِ</wf>
		<wf pos="NNP">کٲشرِس</wf>
		<wf pos="PSP">منٛز</wf>
		<wf pos="JJ">نٔوی</wf>
		<wf pos="NN">ورتاوس</wf>
		<wf pos="PSP">منٛز</wf>
		<wf pos="VAUX">آمٕتۍ</wf>
		<wf pos="SYM">۔</wf>
	</sentence>
	<sentence s_id="19">
		<wf pos="PRP">تَس</wf>
		<wf pos="VM">پیٚوو</wf>
		<wf pos="NN">یاد</wf>
		<wf pos="NN">ترٕٛہ</wf>
		<wf pos="VM">پانٛژترٕٛہ</wf>
		<wf pos="NN">ؤری</wf>
		<wf pos="JJ" sense_id="2">پرٛون</wf>
		<wf pos="PRP">سُہ</wf>
		<wf pos="NN">منظر</wf>
		<wf pos="RB">ییٚلہِ</wf>
		<wf pos="JJ">پرٛانہِ</wf>
		<wf pos="NNC">میٚژِ</wf>
		<wf pos="NN">لَرِ</wf>
		<wf pos="RB">أنٛدۍ</wf>
		<wf pos="POW">پٔکۍ</wf>
		<wf pos="DEM">اَتھ</wf>
		<wf pos="JJ">سٲرسٕے</wf>
		<wf pos="NN">صحنس</wf>
		<wf pos="NN">دٲن</wf>
		<wf pos="NN">باغ</wf>
		<wf pos="VAUX">اوس</wf>
		<wf pos="SYM">۔</wf>
	</sentence>
	<sentence s_id="20">
		<wf pos="NN">اندازن</wf>
		<wf pos="VAUX">آسہِ</wf>
		<wf pos="DEM">یہِ</wf>
		<wf pos="NN">قلہ</wf>
		<wf pos="QC">ڈۄڈ</wf>
		<wf pos="CC">یا</wf>
		<wf pos="QC">زٕہَتھ</wf>
		<wf pos="NN">ؤری</wf>
		<wf pos="JJ" sense_id="2">پرٛون</wf>
		<wf pos="SYM">۔</wf>
	</sentence>
	<sentence s_id="21">
		<wf pos="NN">ژکھہِ</wf>
		<wf pos="PSP">ہُنٛد</wf>
		<wf pos="NN">رٮ۪واج</wf>
		<wf pos="CC">یوٚدوے</wf>
		<wf pos="INTF">سٮ۪ٹھاہ</wf>
		<wf pos="JJ" sense_id="3">پرٛون</wf>
		<wf pos="CC">تہٕ</wf>
		<wf pos="NNP">آدمس</wf>
		<wf pos="RB">برٛۄنٛہہ</wf>
		<wf pos="NN">بارسس</wf>
		<wf pos="VM">آمُت</wf>
		<wf pos="VAUX">چُھ</wf>
		<wf pos="CC">مگر</wf>
		<wf pos="VAUX">آیہِ</wf>
		<wf pos="NNP">مژھجہ</wf>
		<wf pos="CC">تہٕ</wf>
		<wf pos="NNP">مۄجتی</wf>
		<wf pos="NN">ماسہِ</wf>
		<wf pos="PSP">ہِنٛدۍ</wf>
		<wf pos="RB">پٲٹھۍ</wf>
		<wf pos="VM">ولنہٕ</wf>
		<wf pos="CC">تہٕ</wf>
		<wf pos="VM">وندنہٕ</wf>
		<wf pos="CC">تہٕ</wf>
		<wf pos="CC">بییٚہِ</wf>
		<wf pos="NN">ٲڈرنہِ</wf>
		<wf pos="PSP">پٮ۪ٹھے</wf>
		<wf pos="NN">باگہِ</wf>
		<wf pos="PSP">سۭتۍ</wf>
		<wf pos="VAUX">چھم</wf>
		<wf pos="RB">از</wf>
		<wf pos="PRP">تۄہہِ</wf>
		<wf pos="DEM">یہ</wf>
		<wf pos="NN">کتھ</wf>
		<wf pos="RP">تہِ</wf>
		<wf pos="NN">مسلہٕ</wf>
		<wf pos="VM">وٲلِتھ</wf>
		<wf pos="VM">ونٕنۍ</wf>
		<wf pos="CC">زِ</wf>
		<wf pos="NNPC">شیطان</wf>
		<wf pos="VM">کرےیہِ</wf>
		<wf pos="NNP">آدم</wf>
		<wf pos="NN">دُنۍیہس</wf>
		<wf pos="PSP">منٛز</wf>
		<wf pos="NEG">نہٕ</wf>
		<wf pos="VM">اننہٕ</wf>
		<wf pos="PSP">باپتھ</wf>
		<wf pos="INTF">سکھ</wf>
		<wf pos="NN">وۄٹھ</wf>
		<wf pos="NN">ژھانٹھ</wf>
		<wf pos="CC">تہٕ</wf>
		<wf pos="NN">ایٚحتجاج</wf>
		<wf pos="SYM">۔</wf>
	</sentence>
	<sentence s_id="22">
		<wf pos="PRP">مہٕ</wf>
		<wf pos="VAUX">اُوس</wf>
		<wf pos="PRP">پَنٛٮ۪ن</wf>
		<wf pos="JJ" sense_id="3">پرٛون</wf>
		<wf pos="NN">یارَ</wf>
		<wf pos="VM">سَمکھنہِ</wf>
		<wf pos="VM">آمُت</wf>
		<wf pos="SYM">۔</wf>
	</sentence>
	<sentence s_id="23">
		<wf pos="VAUX">چُھ</wf>
		<wf pos="INTF">واریاہ</wf>
		<wf pos="JJ" sense_id="2">پرٛون</wf>
		<wf pos="NN">تعمیٖر</wf>
		<wf pos="SYM">۔</wf>
	</sentence>
	<sentence s_id="24">
		<wf pos="DEM">یہِ</wf>
		<wf pos="VAUX">چُھ</wf>
		<wf pos="PRP">تُہنٛد</wf>
		<wf pos="JJ" sense_id="3">پرٛون</wf>
		<wf pos="SYM">۔</wf>
	</sentence>
	<sentence s_id="25">
		<wf pos="NNP">نالَنٛدا</wf>
		<wf pos="VAUX">اوس</wf>
		<wf pos="NN">دُنیاہُک</wf>
		<wf pos="JJ" sense_id="1">پرٛون</wf>
		<wf pos="JJ">تٔعلیٖمی</wf>
		<wf pos="NN">مَرکَز</wf>
		<wf pos="SYM">۔</wf>
	</sentence>
	<sentence s_id="26">
		<wf pos="JJ" sense_id="1">پرٛون</wf>
		<wf pos="VAUX">چھہِ</wf>
		<wf pos="NN">جِنہٕ</wf>
		<wf pos="NN">دٔلیٖلہٕ</wf>
		<wf pos="VM">بوٗزِتھ</wf>
		<wf pos="SYM">۔</wf>
	</sentence>
	<sentence s_id="27">
		<wf pos="NN">گام</wf>
		<wf pos="PSP">کٮ۪و</wf>
		<wf pos="VAUX">چُھ</wf>
		<wf pos="NN">گامس</wf>
		<wf pos="NN">نیٚبٕر</wf>
		<wf pos="VM">کَنہِ</wf>
		<wf pos="JJ" sense_id="2">پرٛون</wf>
		<wf pos="NN">قلہ</wf>
		<wf pos="VM">لۄہراوانہٕ</wf>
		<wf pos="PSP">خٲطرٕ</wf>
		<wf pos="VM">کرمژ</wf>
		<wf pos="SYM">۔</wf>
	</sentence>
	<sentence s_id="28">
		<wf pos="PRP">سُہ</wf>
		<wf pos="VAUX">چُھ</wf>
		<wf pos="JJ" sense_id="3">پرٛون</wf>
		<wf pos="NN">تَواریٖخ</wf>
		<wf pos="VM">زانٛن</wf>
		<wf pos="SYM">۔</wf>
	</sentence>
	<sentence s_id="29">
		<wf pos="JJ" sense_id="1">پرٛون</wf>
		<wf pos="NN">مہرِیٚنۍ</wf>
		<wf pos="NN">سالٕرَن</wf>
		<wf pos="RB">برٛونٛہہ</wf>
		<wf pos="POW">کَنہِ</wf>
		<wf pos="VM">مَنٛدچھان</wf>
		<wf pos="SYM">۔</wf>
	</sentence>
	<sentence s_id="30">
		<wf pos="PRP">تٔمس</wf>
		<wf pos="VAUX">اوس</wf>
		<wf pos="JJ" sense_id="4">پرٛون</wf>
		<wf pos="NN">کَمَربَنٛد</wf>
		<wf pos="VM">لگٲوِتھ</wf>
		<wf pos="SYM">۔</wf>
	</sentence>
	<sentence s_id="31">
		<wf pos="NNP">رامَن</wf>
		<wf pos="VM">بَدلو</wf>
		<wf pos="PRP">پَنُن</wf>
		<wf pos="JJ" sense_id="4">پرٛون</wf>
		<wf pos="NN">فرٛج</wf>
		<wf pos="SYM">۔</wf>
	</sentence>
	<sentence s_id="32">
		<wf pos="JJ">نو</wf>
		<wf pos="NN">مَکانہٕ</wf>
		<wf pos="VM">بَناونہٕ</wf>
		<wf pos="PSP">خٲطرٕ</wf>
		<wf pos="VM">چھہٕ</wf>
		<wf pos="PRP">تِمۍ</wf>
		<wf pos="JJ" sense_id="4">پرٛون</wf>
		<wf pos="NN">مَکانہٕ</wf>
		<wf pos="VM">لۄہراوان</wf>
		<wf pos="SYM">۔</wf>
	</sentence>
	<sentence s_id="33">
		<wf pos="NN">پھانٛسہِ</wf>
		<wf pos="POW">کوٗٹِس</wf>
		<wf pos="PSP">پٮ۪ٹھ</wf>
		<wf pos="VM">کھَسنہٕ</wf>
		<wf pos="RB">پرٛونٛٹھ</wf>
		<wf pos="VAUX">اوس</wf>
		<wf pos="NN">حَضرَت</wf>
		<wf pos="NN">عیٖساہَس</wf>
		<wf pos="JJ">سارنٕے</wf>
		<wf pos="NN">لُکَن</wf>
		<wf pos="JJ" sense_id="4">پرٛون</wf>
		<wf pos="VM">بَخچٕمُت</wf>
		<wf pos="SYM">۔</wf>
	</sentence>
	<sentence s_id="34">
		<wf pos="NNP">دَمَسکَس</wf>
		<wf pos="VAUX">چُھ</wf>
		<wf pos="NN">دُنِیَہُک</wf>
		<wf pos="JJ">سارِوٕے</wf>
		<wf pos="RP">کھۄتہٕ</wf>
		<wf pos="JJ" sense_id="2">پرٛون</wf>
		<wf pos="NN">شہَر</wf>
		<wf pos="SYM">۔</wf>
	</sentence>
	<sentence s_id="35">
		<wf pos="NN">بَرگَڑُک</wf>
		<wf pos="JJ" sense_id="1">پرٛون</wf>
		<wf pos="NN">ناو</wf>
		<wf pos="VAUX">اوس</wf>
		<wf pos="NN">باگَرکوٹا</wf>
		<wf pos="SYM">۔</wf>
	</sentence>
	<sentence s_id="36">
		<wf pos="NN">کارِ</wf>
		<wf pos="PSP">ہُنٛد</wf>
		<wf pos="DEM">یہِ</wf>
		<wf pos="NNP">ماڈَل</wf>
		<wf pos="VAUX">چُھ</wf>
		<wf pos="INTF">واریاہ</wf>
		<wf pos="JJ" sense_id="2">پرٛون</wf>
		<wf pos="SYM">۔</wf>
	</sentence>
	<sentence s_id="37">
		<wf pos="PRP">تِمَن</wf>
		<wf pos="VAUX">چُھ</wf>
		<wf pos="QC">اَکھ</wf>
		<wf pos="JJ" sense_id="3">پرٛون</wf>
		<wf pos="NN">ٹٲلہٕ</wf>
		<wf pos="POW">دار</wf>
		<wf pos="NN">مَکانہٕ</wf>
		<wf pos="SYM">۔</wf>
	</sentence>
	<sentence s_id="38">
		<wf pos="JJ" sense_id="4">پرٛون</wf>
		<wf pos="NN">چیٖز</wf>
		<wf pos="VAUX">چُھ</wf>
		<wf pos="NEG">نہٕ</wf>
		<wf pos="NN">اِستعمال</wf>
		<wf pos="VAUX">یِوان</wf>
		<wf pos="VM">کرنہٕ</wf>
		<wf pos="SYM">۔</wf>
	</sentence>
	<sentence s_id="39">
		<wf pos="JJ" sense_id="1">پرٛون</wf>
		<wf pos="NN">زَمانہٕ</wf>
		<wf pos="VAUX">اوس</wf>
		<wf pos="CC">بےٚ</wf>
		<wf pos="RB">تَکنیٖکی</wf>
		<wf pos="NN">زَمانہٕ</wf>
		<wf pos="SYM">۔</wf>
	</sentence>
	<sentence s_id="40">
		<wf pos="NNP">ہِنٛدُستان</wf>
		<wf pos="JJ" sense_id="1">پرٛون</wf>
		<wf pos="VM">آسنس</wf>
		<wf pos="PSP">منٛز</wf>
		<wf pos="VAUX">چُھ</wf>
		<wf pos="NEG">نہٕ</wf>
		<wf pos="PRP">کانٛہہ</wf>
		<wf pos="VM">شَکھ</wf>
		<wf pos="SYM">۔</wf>
	</sentence>
	<sentence s_id="41">
		<wf pos="JJ">عجٲیِب</wf>
		<wf pos="NN">گرس</wf>
		<wf pos="PSP">منٛز</wf>
		<wf pos="VAUX">چھِ</wf>
		<wf pos="RB">واریاہ</wf>
		<wf pos="JJ" sense_id="2">پرٛون</wf>
		<wf pos="NN">دَستاویٖز</wf>
		<wf pos="JJ">محفوٗظ</wf>
		<wf pos="VM">تھاونہٕ</wf>
		<wf pos="VAUX">آمُت</wf>
		<wf pos="SYM">۔</wf>
	</sentence>
	<sentence s_id="42">
		<wf pos="JJ" sense_id="3">پرٛون</wf>
		<wf pos="NN">گور</wf>
		<wf pos="VAUX">چھُ</wf>
		<wf pos="VM">یِوان</wf>
		<wf pos="RB">دوٕہکۍ</wf>
		<wf pos="POW">پٲٹھۍ</wf>
		<wf pos="NN">اِستِعمال</wf>
		<wf pos="VM">کَرنہٕ</wf>
		<wf pos="SYM">۔</wf>
	</sentence>
	<sentence s_id="43">
		<wf pos="JJ" sense_id="1">پرٛون</wf>
		<wf pos="NN">ڈراما</wf>
		<wf pos="NN">بوزنس</wf>
		<wf pos="PSP">خٲطرٕ</wf>
		<wf pos="VAUX">چُھ</wf>
		<wf pos="NEG">نہٕ</wf>
		<wf pos="PRP">مےٚ</wf>
		<wf pos="NN">وَق</wf>
		<wf pos="SYM">۔</wf>
	</sentence>
	<sentence s_id="1">
		<wf pos="NNPC">ناگہٕ</wf>
		<wf pos="NNP">پٲنشِرم</wf>
		<wf pos="NN">توٲریٖخہ</wf>
		<wf pos="PSP">کہِ</wf>
		<wf pos="NN">اعتِبار</wf>
		<wf pos="VAUX">چُھ</wf>
		<wf pos="DEM">یہِ</wf>
		<wf pos="INTF">سٮ۪ٹھاہ</wf>
		<wf pos="JJ" sense_id="1">پرٛون</wf>
		<wf pos="NNC">بوٚڈ</wf>
		<wf pos="NNP">دۄہ</wf>
		<wf pos="VM">ماننہٕ</wf>
		<wf pos="VAUX">یِوان</wf>
		<wf pos="SYM">۔</wf>
	</sentence>
	<sentence s_id="2">
		<wf pos="NNPC">اَننتہٕ</wf>
		<wf pos="NNP">ژۄداہ</wf>
		<wf pos="DEM">یہِ</wf>
		<wf pos="RP">تہِ</wf>
		<wf pos="VAUX">چُھ</wf>
		<wf pos="NNP">کٔشیٖرِ</wf>
		<wf pos="PSP">ہُند</wf>
		<wf pos="INTF">سٮ۪ٹھاہ</wf>
		<wf pos="JJ" sense_id="1">پرٛون</wf>
		<wf pos="NN">وۄژَھب</wf>
		<wf pos="VAUX">یِوان</wf>
		<wf pos="VM">ماننہٕ</wf>
		<wf pos="SYM">۔</wf>
	</sentence>
	<sentence s_id="3">
		<wf pos="NN">کنیادان</wf>
		<wf pos="VAUX">چُھ</wf>
		<wf pos="NN">خاندرٕ</wf>
		<wf pos="PSP">کٮ۪ن</wf>
		<wf pos="NN">رَسمَن</wf>
		<wf pos="PSP">منٛز</wf>
		<wf pos="INTF">سٮ۪ٹھاہ</wf>
		<wf pos="JJ" sense_id="1">پرٛون</wf>
		<wf pos="NN">رسٕم</wf>
		<wf pos="VM">ماننہٕ</wf>
		<wf pos="VAUX">یِوان</wf>
		<wf pos="DEM">اَمیُک</wf>
		<wf pos="NN">حوالہٕ</wf>
		<wf pos="VAUX">چُھ</wf>
		<wf pos="PRP">اَسہِ</wf>
		<wf pos="QO">گۄڈنِکہ</wf>
		<wf pos="NN">پِھرِ</wf>
		<wf pos="NNC">گرٛیٚہہ</wf>
		<wf pos="NN">سوٗترَن</wf>
		<wf pos="PSP">منٛز</wf>
		<wf pos="VM">میلان</wf>
		<wf pos="SYM">۔</wf>
	</sentence>
	<sentence s_id="4">
		<wf pos="DEM">یہِ</wf>
		<wf pos="NN">پرٛوگرٛام</wf>
		<wf pos="VAUX">چُھ</wf>
		<wf pos="JJ" sense_id="1">پرٛون</wf>
		<wf pos="SYM">۔</wf>
	</sentence>
	<sentence s_id="5">
		<wf pos="RB">یِتھ</wf>
		<wf pos="POW">کٔنۍ</wf>
		<wf pos="VAUX">سَپُد</wf>
		<wf pos="NN">رازٕ</wf>
		<wf pos="NNP">اشوک</wf>
		<wf pos="PSP">سُنٛد</wf>
		<wf pos="VM">بسومُت</wf>
		<wf pos="JJ" sense_id="1">پرٛون</wf>
		<wf pos="NNP">سرینگر</wf>
		<wf pos="NNP">پُرنہٕ</wf>
		<wf pos="POW:?">اَوشٹھان</wf>
		<wf pos="NN">یعنے</wf>
		<wf pos="JJ">پرٲنی</wf>
		<wf pos="NN">رازٕدٲنِہ</wf>
		<wf pos="NN">ناوٕ</wf>
		<wf pos="JJ">مشہوٗر</wf>
		<wf pos="SYM">۔</wf>
	</sentence>
	<sentence s_id="6">
		<wf pos="NN">رۍوٲژ</wf>
		<wf pos="PSP">کنۍ</wf>
		<wf pos="VAUX">چُھ</wf>
		<wf pos="NN">شہرُک</wf>
		<wf pos="PRP">سارِوٕے</wf>
		<wf pos="RP">کھۄتہٕ</wf>
		<wf pos="JJ" sense_id="1">پرٛون</wf>
		<wf pos="NN">کٔدٕل</wf>
		<wf pos="NNPC">عٲلۍ</wf>
		<wf pos="NNP">کٔدٕل</wf>
		<wf pos="SYM">۔</wf>
	</sentence>
	<sentence s_id="7">
		<wf pos="NNP">آریَن</wf>
		<wf pos="PSP">ہنٛز</wf>
		<wf pos="QC">اَکھ</wf>
		<wf pos="NN">ڈینٛپھٕر</wf>
		<wf pos="NNP">کشتواڈٕ</wf>
		<wf pos="VM">بسیامٕژ</wf>
		<wf pos="VAUX">ٲس</wf>
		<wf pos="PRP">تِمَو</wf>
		<wf pos="VM">کوٚر</wf>
		<wf pos="NNP">کشتواڈٕ</wf>
		<wf pos="PSP">طرفُک</wf>
		<wf pos="JJ">شُمٲلی</wf>
		<wf pos="NN">بال</wf>
		<wf pos="VM">سرٕ</wf>
		<wf pos="CC">تہٕ</wf>
		<wf pos="NST">بۄن</wf>
		<wf pos="VM">وٲتِتھ</wf>
		<wf pos="VM">وٲتۍ</wf>
		<wf pos="NNPC">کٹھار</wf>
		<wf pos="NNP">پرگنس</wf>
		<wf pos="PSP">منٛز</wf>
		<wf pos="DEM">یَتھ</wf>
		<wf pos="NN">گامَس</wf>
		<wf pos="PRP">تِمَو</wf>
		<wf pos="RB">گۄڈٕ</wf>
		<wf pos="NN">کٔن</wf>
		<wf pos="VM">دیُت</wf>
		<wf pos="DEM">تَتھ</wf>
		<wf pos="VM">تھووُکھ(</wf>
		<wf pos="NNP">اُترسوٗریہ)</wf>
		<wf pos="VM">ناو</wf>
		<wf pos="CC">تِکیازِ</wf>
		<wf pos="NNP">ووٚترٕسرحدُک</wf>
		<wf pos="NN">سِریہِ</wf>
		<wf pos="VM">وُچھتھٕے</wf>
		<wf pos="VM">تھوو</wf>
		<wf pos="PRP">تِمَو</wf>
		<wf pos="DEM">یہِ</wf>
		<wf pos="NN">ناو</wf>
		<wf pos="DEM">یَتھ</wf>
		<wf pos="PSP">زَن</wf>
		<wf pos="RB">اَز</wf>
		<wf pos="PRP">اسۍ</wf>
		<wf pos="VAUX">چِھ</wf>
		<wf pos="VM">وَنان</wf>
		<wf pos="NNP">ووٚتُرس</wf>
		<wf pos="CC">چنانٛچہ</wf>
		<wf pos="NN">بانہالہِ</wf>
		<wf pos="PSP">ہُنٛد</wf>
		<wf pos="JJ" sense_id="2">پرٛون</wf>
		<wf pos="NN">ناو</wf>
		<wf pos="VAUX">چُھ</wf>
		<wf pos="RB">ونہٕ</wf>
		<wf pos="NNP">شالا</wf>
		<wf pos="DEM">ییٚمیُک</wf>
		<wf pos="NN">مطلب</wf>
		<wf pos="VAUX">چُھ</wf>
		<wf pos="PSP">ہُنٛد</wf>
		<wf pos="NN">گرٕ</wf>
		<wf pos="SYM">۔</wf>
	</sentence>
	<sentence s_id="8">
		<wf pos="NN">واکھدانُک</wf>
		<wf pos="DEM">یہِ</wf>
		<wf pos="NN">رسٕم</wf>
		<wf pos="VAUX">چُھ</wf>
		<wf pos="PRP">سٲنِس</wf>
		<wf pos="NN">سماجَس</wf>
		<wf pos="PSP">منٛز</wf>
		<wf pos="INTF">سٮ۪ٹھاہ</wf>
		<wf pos="JJ" sense_id="1">پرٛون</wf>
		<wf pos="DEM">اَمیُک</wf>
		<wf pos="NN">ذِکٕر</wf>
		<wf pos="VAUX">چُھ</wf>
		<wf pos="PRP">اَسہِ</wf>
		<wf pos="NN">رِگویدٕ</wf>
		<wf pos="PSP">علاوٕ</wf>
		<wf pos="NN">باردٕسمرٛتی</wf>
		<wf pos="PSP">منٛز</wf>
		<wf pos="RP">تہِ</wf>
		<wf pos="VM">میلان</wf>
		<wf pos="SYM">۔</wf>
	</sentence>
	<sentence s_id="9">
		<wf pos="DEM">یہِ</wf>
		<wf pos="NN">ڈراما</wf>
		<wf pos="VAUX">چُھ</wf>
		<wf pos="INTF">سٮ۪ٹھاہ</wf>
		<wf pos="JJ" sense_id="1">پرٛون</wf>
		<wf pos="SYM">۔</wf>
	</sentence>
	<sentence s_id="10">
		<wf pos="NN">بَرٲژ</wf>
		<wf pos="PSP">ہُنٛد</wf>
		<wf pos="DEM">یہِ</wf>
		<wf pos="NN">سواگَتھ</wf>
		<wf pos="VAUX">چُھ</wf>
		<wf pos="INTF">سٮ۪ٹھاہ</wf>
		<wf pos="JJ" sense_id="1">پرٛون</wf>
		<wf pos="DEM">اَمہِ</wf>
		<wf pos="NN">قٕسمُک</wf>
		<wf pos="NN">اِشارٕ</wf>
		<wf pos="VAUX">چُھ</wf>
		<wf pos="PRP">اَسِہ</wf>
		<wf pos="NNP">اَتھرویٖدَس</wf>
		<wf pos="PSP">منٛز</wf>
		<wf pos="RP">تہِ</wf>
		<wf pos="VM">میلان</wf>
		<wf pos="SYM">۔</wf>
	</sentence>
	<sentence s_id="11">
		<wf pos="PRP">تۄہہِ</wf>
		<wf pos="VAUX">چھا</wf>
		<wf pos="DEM">یہِ</wf>
		<wf pos="JJ">ممکن</wf>
		<wf pos="VM">باسان</wf>
		<wf pos="CC">زِ</wf>
		<wf pos="JJ">نٮ۪صف</wf>
		<wf pos="NN">صدی</wf>
		<wf pos="JJ" sense_id="2">پرٛون</wf>
		<wf pos="DEM">یہِ</wf>
		<wf pos="NN">گُلاب</wf>
		<wf pos="WQ">کیا</wf>
		<wf pos="VAUX">ہیٚکہِ</wf>
		<wf pos="CC">بییٚہِ</wf>
		<wf pos="JJ:?">برجستہٕ</wf>
		<wf pos="VAUX">سپدِتھ؟“</wf>
		<wf pos="SYM">۔</wf>
	</sentence>
	<sentence s_id="12">
		<wf pos="PRP">اسہِ</wf>
		<wf pos="VAUX">پزِ</wf>
		<wf pos="PRP">پنہٕنٮ۪ن</wf>
		<wf pos="DEM">یِمن</wf>
		<wf pos="JJ">اسلٲمی</wf>
		<wf pos="NN">رہبرن</wf>
		<wf pos="PSP">ہٕندۍ</wf>
		<wf pos="NN">تعلقات</wf>
		<wf pos="VM">پانہٕناوٕنۍ</wf>
		<wf pos="CC">تہٕ</wf>
		<wf pos="JJ">پرٛتھ</wf>
		<wf pos="NN">قدمس</wf>
		<wf pos="PSP">پٮ۪ٹھ</wf>
		<wf pos="JJ">ملی</wf>
		<wf pos="NN">اتحاد</wf>
		<wf pos="JJ">مضبوط</wf>
		<wf pos="VM">بناوُن،</wf>
		<wf pos="PRP">سُے</wf>
		<wf pos="VAUX">چُھ</wf>
		<wf pos="PRP">سٲنِس</wf>
		<wf pos="JJ">پرٛتھ</wf>
		<wf pos="NN">دٲدِس</wf>
		<wf pos="JJ">دوا</wf>
		<wf pos="CC">تہٕ</wf>
		<wf pos="DEM">تمی</wf>
		<wf pos="PSP">سۭتۍ</wf>
		<wf pos="VAUX">گژھِ</wf>
		<wf pos="PRP">سانہِ</wf>
		<wf pos="JJ">اجتِمٲعی</wf>
		<wf pos="NN">مظلومیتُک</wf>
		<wf pos="QC">ہتہٕ</wf>
		<wf pos="QF">بوٚد</wf>
		<wf pos="NN">ورۍ</wf>
		<wf pos="JJ" sense_id="1">پرٛون</wf>
		<wf pos="NN">سلسلہٕ</wf>
		<wf pos="VM">ختم</wf>
		<wf pos="SYM">۔</wf>
	</sentence>
	<sentence s_id="13">
		<wf pos="VM">وُچھتو</wf>
		<wf pos="DEM">یِتھُے</wf>
		<wf pos="PSP">ہیوٗ</wf>
		<wf pos="JJ" sense_id="3">پرٛون</wf>
		<wf pos="NN">لُکہٕ</wf>
		<wf pos="NN">بٲتھ</wf>
		<wf pos="SYM">۔</wf>
	</sentence>
	<sentence s_id="14">
		<wf pos="NNP">کٲشرٮ۪ن</wf>
		<wf pos="PSP">ہُنٛد</wf>
		<wf pos="NN">کلچر</wf>
		<wf pos="VAUX">چُھ</wf>
		<wf pos="JJ">پرٛٮ۪تھ</wf>
		<wf pos="NN">لحاظہٕ</wf>
		<wf pos="JJ">عظیم</wf>
		<wf pos="CC">تہٕ</wf>
		<wf pos="DEM">اَتھ</wf>
		<wf pos="VAUX">چھِ</wf>
		<wf pos="QC">ساسہٕ</wf>
		<wf pos="QF">بوٚد</wf>
		<wf pos="NN">ؤری</wf>
		<wf pos="JJ" sense_id="2">پرٛون</wf>
		<wf pos="NN">توٲریخ</wf>
		<wf pos="NN">ڈٔکھس</wf>
		<wf pos="SYM">۔</wf>
	</sentence>
	<sentence s_id="15">
		<wf pos="DEM">یہِ</wf>
		<wf pos="NN">بٲتھ</wf>
		<wf pos="RB">پرٛٲنِس</wf>
		<wf pos="NNP">کٲشرِس</wf>
		<wf pos="NN">کاغزس</wf>
		<wf pos="PSP">پٮ۪ٹھ</wf>
		<wf pos="VM">لیکھِتھ</wf>
		<wf pos="VAUX">آسُن</wf>
		<wf pos="CC">تہٕ</wf>
		<wf pos="PSP">تلہٕ</wf>
		<wf pos="POW">کنہِ</wf>
		<wf pos="NN">تحریر</wf>
		<wf pos="QC">۵</wf>
		<wf pos="QF">ماہ</wf>
		<wf pos="NN">ذی الحجہ</wf>
		<wf pos="QC">۱۵۱۳ھ</wf>
		<wf pos="VM">لیٚکھِتھ</wf>
		<wf pos="VM">آسُن</wf>
		<wf pos="VAUX">چُھ</wf>
		<wf pos="NN">بُنیاد</wf>
		<wf pos="VM">یِوان</wf>
		<wf pos="VM">بناونہٕ</wf>
		<wf pos="CC">تہٕ</wf>
		<wf pos="NN">تسلیٖم</wf>
		<wf pos="VAUX">یِوان</wf>
		<wf pos="VM">کرنہٕ</wf>
		<wf pos="CC">زِ</wf>
		<wf pos="DEM">یہِ</wf>
		<wf pos="VAUX">چُھ</wf>
		<wf pos="QC">ژور</wf>
		<wf pos="QC">ہتھ</wf>
		<wf pos="NN">ؤری</wf>
		<wf pos="JJ" sense_id="1">پرٛون</wf>
		<wf pos="NN">تحریٖر،</wf>
		<wf pos="DEM">یہِ</wf>
		<wf pos="JJ">سورُے</wf>
		<wf pos="VM">وُچھِتھ</wf>
		<wf pos="VAUX">چُھ</wf>
		<wf pos="NN">حٲرتھ</wf>
		<wf pos="VM">سپدان</wf>
		<wf pos="SYM">۔</wf>
	</sentence>
	<sentence s_id="16">
		<wf pos="CC">چِنانٛچِہ</wf>
		<wf pos="DEM">یُتُھے</wf>
		<wf pos="PRP">اَسِہ</wf>
		<wf pos="NN">مثالے</wf>
		<wf pos="NN">تۄمُل</wf>
		<wf pos="CC">یا</wf>
		<wf pos="NN">نوٗن</wf>
		<wf pos="NN">مکانہٕ</wf>
		<wf pos="CC">یا</wf>
		<wf pos="NN">ناو</wf>
		<wf pos="JJ">لۄکٹ</wf>
		<wf pos="CC">یا</wf>
		<wf pos="JJ">بۄٚڑ</wf>
		<wf pos="JJ">نوٚو</wf>
		<wf pos="CC">یا</wf>
		<wf pos="JJ" sense_id="1">پرٛون</wf>
		<wf pos="VM">نیر</wf>
		<wf pos="CC">یا</wf>
		<wf pos="VM">بیٚہہ</wf>
		<wf pos="NN">موج</wf>
		<wf pos="CC">یا</wf>
		<wf pos="NN">کوٗر</wf>
		<wf pos="NN">کۄہ</wf>
		<wf pos="CC">یا</wf>
		<wf pos="PSP">ہِوۍ</wf>
		<wf pos="NN">لفظ</wf>
		<wf pos="NN">کنن</wf>
		<wf pos="VM">گژھان</wf>
		<wf pos="VAUX">چُھ</wf>
		<wf pos="DEM">یمن</wf>
		<wf pos="PSP">ہُند</wf>
		<wf pos="NN">معنِہ</wf>
		<wf pos="RB">سیٚدِ</wf>
		<wf pos="POW">سیوٚد</wf>
		<wf pos="CC">تہٕ</wf>
		<wf pos="RB">فِلفور</wf>
		<wf pos="NN">فِکرِ</wf>
		<wf pos="VM">تران</wf>
		<wf pos="SYM">۔</wf>
	</sentence>
	<sentence s_id="17">
		<wf pos="QC">پنداہ</wf>
		<wf pos="QC">شتھ</wf>
		<wf pos="QC">تُرٛواہ</wf>
		<wf pos="NN">سنہٕ</wf>
		<wf pos="VAUX">چُھ</wf>
		<wf pos="NEG">نہٕ</wf>
		<wf pos="RB">وُنہِ</wf>
		<wf pos="VM">آمتُے،</wf>
		<wf pos="QC">ژور</wf>
		<wf pos="QC">ہتھ</wf>
		<wf pos="NN">ؤری</wf>
		<wf pos="JJ" sense_id="2">پرٛون</wf>
		<wf pos="">کتہِ</wf>
		<wf pos="VM">گٔیوو</wf>
		<wf pos="SYM">۔</wf>
	</sentence>
	<sentence s_id="18">
		<wf pos="RB">وۄنۍ</wf>
		<wf pos="VM">نیٖتَو</wf>
		<wf pos="DEM">اَمہِ</wf>
		<wf pos="NN">بٲتہٕ</wf>
		<wf pos="PSP">کہِ</wf>
		<wf pos="NN">عکسٕچ</wf>
		<wf pos="JJ">دٲخلی</wf>
		<wf pos="NN">شہادت،</wf>
		<wf pos="DEM">یہِ</wf>
		<wf pos="RB">عکس</wf>
		<wf pos="VAUX">چُھ</wf>
		<wf pos="POW">پٲٹھۍ</wf>
		<wf pos="VM">ہاوان</wf>
		<wf pos="CC">زِ</wf>
		<wf pos="NN">تحریٖر</wf>
		<wf pos="VAUX">چُھ</wf>
		<wf pos="NEG">نہٕ</wf>
		<wf pos="QC">ہَتھ</wf>
		<wf pos="NN">ؤری</wf>
		<wf pos="INTF">زیادٕ</wf>
		<wf pos="JJ" sense_id="1">پرٛون</wf>
		<wf pos="NN">لیکھن</wf>
		<wf pos="PSP">وول</wf>
		<wf pos="VM">لیٚکھہِ</wf>
		<wf pos="NEG">نہٕ</wf>
		<wf pos="NN">زبٲنۍ</wf>
		<wf pos="PSP">ہِندۍ</wf>
		<wf pos="NN">لفظ</wf>
		<wf pos="NNP">کٲشرٮ۪ن</wf>
		<wf pos="NN">اَچھرن</wf>
		<wf pos="PSP">منٛز</wf>
		<wf pos="NN">یعنے</wf>
		<wf pos="NNPC">کنتُ</wf>
		<wf pos="NNP">کنذَا</wf>
		<wf pos="VM">لیکھہِ</wf>
		<wf pos="NEG">نہٕ</wf>
		<wf pos="PRP">سُہ</wf>
		<wf pos="NNPC">کنت</wf>
		<wf pos="CC">یا</wf>
		<wf pos="DEM">اَتھ</wf>
		<wf pos="NN">بٲتَس</wf>
		<wf pos="PSP">منٛز</wf>
		<wf pos="VAUX">چُھ</wf>
		<wf pos="PRP">کینژن</wf>
		<wf pos="NN">جایَن</wf>
		<wf pos="VAUX">چھ</wf>
		<wf pos="NN">ژھ</wf>
		<wf pos="NN">اچھر</wf>
		<wf pos="VM">ورتاونہٕ</wf>
		<wf pos="VAUX">آمٕتۍ</wf>
		<wf pos="DEM">یِم</wf>
		<wf pos="NN">دۄشوے</wf>
		<wf pos="NN">اَچھر</wf>
		<wf pos="VAUX">چھِ</wf>
		<wf pos="NNP">کٲشرِس</wf>
		<wf pos="PSP">منٛز</wf>
		<wf pos="JJ">نٔوی</wf>
		<wf pos="NN">ورتاوس</wf>
		<wf pos="PSP">منٛز</wf>
		<wf pos="VAUX">آمٕتۍ</wf>
		<wf pos="SYM">۔</wf>
	</sentence>
	<sentence s_id="19">
		<wf pos="PRP">تَس</wf>
		<wf pos="VM">پیٚوو</wf>
		<wf pos="NN">یاد</wf>
		<wf pos="NN">ترٕٛہ</wf>
		<wf pos="VM">پانٛژترٕٛہ</wf>
		<wf pos="NN">ؤری</wf>
		<wf pos="JJ" sense_id="2">پرٛون</wf>
		<wf pos="PRP">سُہ</wf>
		<wf pos="NN">منظر</wf>
		<wf pos="RB">ییٚلہِ</wf>
		<wf pos="JJ">پرٛانہِ</wf>
		<wf pos="NNC">میٚژِ</wf>
		<wf pos="NN">لَرِ</wf>
		<wf pos="RB">أنٛدۍ</wf>
		<wf pos="POW">پٔکۍ</wf>
		<wf pos="DEM">اَتھ</wf>
		<wf pos="JJ">سٲرسٕے</wf>
		<wf pos="NN">صحنس</wf>
		<wf pos="NN">دٲن</wf>
		<wf pos="NN">باغ</wf>
		<wf pos="VAUX">اوس</wf>
		<wf pos="SYM">۔</wf>
	</sentence>
	<sentence s_id="20">
		<wf pos="NN">اندازن</wf>
		<wf pos="VAUX">آسہِ</wf>
		<wf pos="DEM">یہِ</wf>
		<wf pos="NN">قلہ</wf>
		<wf pos="QC">ڈۄڈ</wf>
		<wf pos="CC">یا</wf>
		<wf pos="QC">زٕہَتھ</wf>
		<wf pos="NN">ؤری</wf>
		<wf pos="JJ" sense_id="2">پرٛون</wf>
		<wf pos="SYM">۔</wf>
	</sentence>
	<sentence s_id="21">
		<wf pos="NN">ژکھہِ</wf>
		<wf pos="PSP">ہُنٛد</wf>
		<wf pos="NN">رٮ۪واج</wf>
		<wf pos="CC">یوٚدوے</wf>
		<wf pos="INTF">سٮ۪ٹھاہ</wf>
		<wf pos="JJ" sense_id="3">پرٛون</wf>
		<wf pos="CC">تہٕ</wf>
		<wf pos="NNP">آدمس</wf>
		<wf pos="RB">برٛۄنٛہہ</wf>
		<wf pos="NN">بارسس</wf>
		<wf pos="VM">آمُت</wf>
		<wf pos="VAUX">چُھ</wf>
		<wf pos="CC">مگر</wf>
		<wf pos="VAUX">آیہِ</wf>
		<wf pos="NNP">مژھجہ</wf>
		<wf pos="CC">تہٕ</wf>
		<wf pos="NNP">مۄجتی</wf>
		<wf pos="NN">ماسہِ</wf>
		<wf pos="PSP">ہِنٛدۍ</wf>
		<wf pos="RB">پٲٹھۍ</wf>
		<wf pos="VM">ولنہٕ</wf>
		<wf pos="CC">تہٕ</wf>
		<wf pos="VM">وندنہٕ</wf>
		<wf pos="CC">تہٕ</wf>
		<wf pos="CC">بییٚہِ</wf>
		<wf pos="NN">ٲڈرنہِ</wf>
		<wf pos="PSP">پٮ۪ٹھے</wf>
		<wf pos="NN">باگہِ</wf>
		<wf pos="PSP">سۭتۍ</wf>
		<wf pos="VAUX">چھم</wf>
		<wf pos="RB">از</wf>
		<wf pos="PRP">تۄہہِ</wf>
		<wf pos="DEM">یہ</wf>
		<wf pos="NN">کتھ</wf>
		<wf pos="RP">تہِ</wf>
		<wf pos="NN">مسلہٕ</wf>
		<wf pos="VM">وٲلِتھ</wf>
		<wf pos="VM">ونٕنۍ</wf>
		<wf pos="CC">زِ</wf>
		<wf pos="NNPC">شیطان</wf>
		<wf pos="VM">کرےیہِ</wf>
		<wf pos="NNP">آدم</wf>
		<wf pos="NN">دُنۍیہس</wf>
		<wf pos="PSP">منٛز</wf>
		<wf pos="NEG">نہٕ</wf>
		<wf pos="VM">اننہٕ</wf>
		<wf pos="PSP">باپتھ</wf>
		<wf pos="INTF">سکھ</wf>
		<wf pos="NN">وۄٹھ</wf>
		<wf pos="NN">ژھانٹھ</wf>
		<wf pos="CC">تہٕ</wf>
		<wf pos="NN">ایٚحتجاج</wf>
		<wf pos="SYM">۔</wf>
	</sentence>
	<sentence s_id="22">
		<wf pos="PRP">مہٕ</wf>
		<wf pos="VAUX">اُوس</wf>
		<wf pos="PRP">پَنٛٮ۪ن</wf>
		<wf pos="JJ" sense_id="3">پرٛون</wf>
		<wf pos="NN">یارَ</wf>
		<wf pos="VM">سَمکھنہِ</wf>
		<wf pos="VM">آمُت</wf>
		<wf pos="SYM">۔</wf>
	</sentence>
	<sentence s_id="23">
		<wf pos="VAUX">چُھ</wf>
		<wf pos="INTF">واریاہ</wf>
		<wf pos="JJ" sense_id="2">پرٛون</wf>
		<wf pos="NN">تعمیٖر</wf>
		<wf pos="SYM">۔</wf>
	</sentence>
	<sentence s_id="24">
		<wf pos="DEM">یہِ</wf>
		<wf pos="VAUX">چُھ</wf>
		<wf pos="PRP">تُہنٛد</wf>
		<wf pos="JJ" sense_id="3">پرٛون</wf>
		<wf pos="SYM">۔</wf>
	</sentence>
	<sentence s_id="25">
		<wf pos="NNP">نالَنٛدا</wf>
		<wf pos="VAUX">اوس</wf>
		<wf pos="NN">دُنیاہُک</wf>
		<wf pos="JJ" sense_id="1">پرٛون</wf>
		<wf pos="JJ">تٔعلیٖمی</wf>
		<wf pos="NN">مَرکَز</wf>
		<wf pos="SYM">۔</wf>
	</sentence>
	<sentence s_id="26">
		<wf pos="JJ" sense_id="1">پرٛون</wf>
		<wf pos="VAUX">چھہِ</wf>
		<wf pos="NN">جِنہٕ</wf>
		<wf pos="NN">دٔلیٖلہٕ</wf>
		<wf pos="VM">بوٗزِتھ</wf>
		<wf pos="SYM">۔</wf>
	</sentence>
	<sentence s_id="27">
		<wf pos="NN">گام</wf>
		<wf pos="PSP">کٮ۪و</wf>
		<wf pos="VAUX">چُھ</wf>
		<wf pos="NN">گامس</wf>
		<wf pos="NN">نیٚبٕر</wf>
		<wf pos="VM">کَنہِ</wf>
		<wf pos="JJ" sense_id="2">پرٛون</wf>
		<wf pos="NN">قلہ</wf>
		<wf pos="VM">لۄہراوانہٕ</wf>
		<wf pos="PSP">خٲطرٕ</wf>
		<wf pos="VM">کرمژ</wf>
		<wf pos="SYM">۔</wf>
	</sentence>
	<sentence s_id="28">
		<wf pos="PRP">سُہ</wf>
		<wf pos="VAUX">چُھ</wf>
		<wf pos="JJ" sense_id="3">پرٛون</wf>
		<wf pos="NN">تَواریٖخ</wf>
		<wf pos="VM">زانٛن</wf>
		<wf pos="SYM">۔</wf>
	</sentence>
	<sentence s_id="29">
		<wf pos="JJ" sense_id="1">پرٛون</wf>
		<wf pos="NN">مہرِیٚنۍ</wf>
		<wf pos="NN">سالٕرَن</wf>
		<wf pos="RB">برٛونٛہہ</wf>
		<wf pos="POW">کَنہِ</wf>
		<wf pos="VM">مَنٛدچھان</wf>
		<wf pos="SYM">۔</wf>
	</sentence>
	<sentence s_id="30">
		<wf pos="PRP">تٔمس</wf>
		<wf pos="VAUX">اوس</wf>
		<wf pos="JJ" sense_id="4">پرٛون</wf>
		<wf pos="NN">کَمَربَنٛد</wf>
		<wf pos="VM">لگٲوِتھ</wf>
		<wf pos="SYM">۔</wf>
	</sentence>
	<sentence s_id="31">
		<wf pos="NNP">رامَن</wf>
		<wf pos="VM">بَدلو</wf>
		<wf pos="PRP">پَنُن</wf>
		<wf pos="JJ" sense_id="4">پرٛون</wf>
		<wf pos="NN">فرٛج</wf>
		<wf pos="SYM">۔</wf>
	</sentence>
	<sentence s_id="32">
		<wf pos="JJ">نو</wf>
		<wf pos="NN">مَکانہٕ</wf>
		<wf pos="VM">بَناونہٕ</wf>
		<wf pos="PSP">خٲطرٕ</wf>
		<wf pos="VM">چھہٕ</wf>
		<wf pos="PRP">تِمۍ</wf>
		<wf pos="JJ" sense_id="4">پرٛون</wf>
		<wf pos="NN">مَکانہٕ</wf>
		<wf pos="VM">لۄہراوان</wf>
		<wf pos="SYM">۔</wf>
	</sentence>
	<sentence s_id="33">
		<wf pos="NN">پھانٛسہِ</wf>
		<wf pos="POW">کوٗٹِس</wf>
		<wf pos="PSP">پٮ۪ٹھ</wf>
		<wf pos="VM">کھَسنہٕ</wf>
		<wf pos="RB">پرٛونٛٹھ</wf>
		<wf pos="VAUX">اوس</wf>
		<wf pos="NN">حَضرَت</wf>
		<wf pos="NN">عیٖساہَس</wf>
		<wf pos="JJ">سارنٕے</wf>
		<wf pos="NN">لُکَن</wf>
		<wf pos="JJ" sense_id="4">پرٛون</wf>
		<wf pos="VM">بَخچٕمُت</wf>
		<wf pos="SYM">۔</wf>
	</sentence>
	<sentence s_id="34">
		<wf pos="NNP">دَمَسکَس</wf>
		<wf pos="VAUX">چُھ</wf>
		<wf pos="NN">دُنِیَہُک</wf>
		<wf pos="JJ">سارِوٕے</wf>
		<wf pos="RP">کھۄتہٕ</wf>
		<wf pos="JJ" sense_id="2">پرٛون</wf>
		<wf pos="NN">شہَر</wf>
		<wf pos="SYM">۔</wf>
	</sentence>
	<sentence s_id="35">
		<wf pos="NN">بَرگَڑُک</wf>
		<wf pos="JJ" sense_id="1">پرٛون</wf>
		<wf pos="NN">ناو</wf>
		<wf pos="VAUX">اوس</wf>
		<wf pos="NN">باگَرکوٹا</wf>
		<wf pos="SYM">۔</wf>
	</sentence>
	<sentence s_id="36">
		<wf pos="NN">کارِ</wf>
		<wf pos="PSP">ہُنٛد</wf>
		<wf pos="DEM">یہِ</wf>
		<wf pos="NNP">ماڈَل</wf>
		<wf pos="VAUX">چُھ</wf>
		<wf pos="INTF">واریاہ</wf>
		<wf pos="JJ" sense_id="2">پرٛون</wf>
		<wf pos="SYM">۔</wf>
	</sentence>
	<sentence s_id="37">
		<wf pos="PRP">تِمَن</wf>
		<wf pos="VAUX">چُھ</wf>
		<wf pos="QC">اَکھ</wf>
		<wf pos="JJ" sense_id="3">پرٛون</wf>
		<wf pos="NN">ٹٲلہٕ</wf>
		<wf pos="POW">دار</wf>
		<wf pos="NN">مَکانہٕ</wf>
		<wf pos="SYM">۔</wf>
	</sentence>
	<sentence s_id="38">
		<wf pos="JJ" sense_id="4">پرٛون</wf>
		<wf pos="NN">چیٖز</wf>
		<wf pos="VAUX">چُھ</wf>
		<wf pos="NEG">نہٕ</wf>
		<wf pos="NN">اِستعمال</wf>
		<wf pos="VAUX">یِوان</wf>
		<wf pos="VM">کرنہٕ</wf>
		<wf pos="SYM">۔</wf>
	</sentence>
	<sentence s_id="39">
		<wf pos="JJ" sense_id="1">پرٛون</wf>
		<wf pos="NN">زَمانہٕ</wf>
		<wf pos="VAUX">اوس</wf>
		<wf pos="CC">بےٚ</wf>
		<wf pos="RB">تَکنیٖکی</wf>
		<wf pos="NN">زَمانہٕ</wf>
		<wf pos="SYM">۔</wf>
	</sentence>
	<sentence s_id="40">
		<wf pos="NNP">ہِنٛدُستان</wf>
		<wf pos="JJ" sense_id="1">پرٛون</wf>
		<wf pos="VM">آسنس</wf>
		<wf pos="PSP">منٛز</wf>
		<wf pos="VAUX">چُھ</wf>
		<wf pos="NEG">نہٕ</wf>
		<wf pos="PRP">کانٛہہ</wf>
		<wf pos="VM">شَکھ</wf>
		<wf pos="SYM">۔</wf>
	</sentence>
	<sentence s_id="41">
		<wf pos="JJ">عجٲیِب</wf>
		<wf pos="NN">گرس</wf>
		<wf pos="PSP">منٛز</wf>
		<wf pos="VAUX">چھِ</wf>
		<wf pos="RB">واریاہ</wf>
		<wf pos="JJ" sense_id="2">پرٛون</wf>
		<wf pos="NN">دَستاویٖز</wf>
		<wf pos="JJ">محفوٗظ</wf>
		<wf pos="VM">تھاونہٕ</wf>
		<wf pos="VAUX">آمُت</wf>
		<wf pos="SYM">۔</wf>
	</sentence>
	<sentence s_id="128">
		<wf pos="JJ" sense_id="3">پرٛون</wf>
		<wf pos="NN">گور</wf>
		<wf pos="VAUX">چھُ</wf>
		<wf pos="VM">یِوان</wf>
		<wf pos="RB">دوٕہکۍ</wf>
		<wf pos="POW">پٲٹھۍ</wf>
		<wf pos="NN">اِستِعمال</wf>
		<wf pos="VM">کَرنہٕ</wf>
		<wf pos="SYM">۔</wf>
	</sentence>
	<sentence s_id="129">
		<wf pos="JJ" sense_id="1">پرٛون</wf>
		<wf pos="NN">ڈراما</wf>
		<wf pos="NN">بوزنس</wf>
		<wf pos="PSP">خٲطرٕ</wf>
		<wf pos="VAUX">چُھ</wf>
		<wf pos="NEG">نہٕ</wf>
		<wf pos="PRP">مےٚ</wf>
		<wf pos="NN">وَق</wf>
		<wf pos="SYM">۔</wf>
	</sentence>
	<sentence s_id="130">
		<wf pos="NNPC">ناگہٕ</wf>
		<wf pos="NNP">پٲنشِرم</wf>
		<wf pos="NN">توٲریٖخہ</wf>
		<wf pos="PSP">کہِ</wf>
		<wf pos="NN">اعتِبار</wf>
		<wf pos="VAUX">چُھ</wf>
		<wf pos="DEM">یہِ</wf>
		<wf pos="INTF">سٮ۪ٹھاہ</wf>
		<wf pos="JJ" sense_id="1">پرٛون</wf>
		<wf pos="NNC">بوٚڈ</wf>
		<wf pos="NNP">دۄہ</wf>
		<wf pos="VM">ماننہٕ</wf>
		<wf pos="VAUX">یِوان</wf>
		<wf pos="SYM">۔</wf>
	</sentence>
</contextfile>