<?xml version='1.0' encoding='utf-8'?>
<contextfile filename="پیوٚن" fileno="91 ">
<sentence s_id="1">
		<wf pos="PRP">أمِس</wf>
		<wf pos="JJ">خوٗبروے</wf>
		<wf pos="NN">مۄنڑِ</wf>
		<wf pos="VAUX">اوس</wf>
		<wf pos="RB">وُنہِ</wf>
		<wf pos="NN">پھرٛٹھ</wf>
		<wf pos="CC">زِ</wf>
		<wf pos="RB">اتہِ</wf>
		<wf pos="VAUX">گوٚژھ</wf>
		<wf pos="NEG">نہٕ</wf>
		<wf pos="PRP">تس</wf>
		<wf pos="QC">أکس</wf>
		<wf pos="NN">بُجہِ</wf>
		<wf pos="PSP">ہندِ</wf>
		<wf pos="JJ">بدصوٗرت</wf>
		<wf pos="NN">بُتھیُک</wf>
		<wf pos="RB">عکس</wf>
		<wf pos="NN">بُتھہِ</wf>
		<wf pos="VM" sense_id="1">پیوٚن</wf>
		<wf pos="SYM">۔</wf>
</sentence>
<sentence s_id="2">
		<wf pos="NN">شُمال</wf>
		<wf pos="NN">مشرِقہٕ</wf>
		<wf pos="PSP">طرفہٕ</wf>
		<wf pos="VM">آیہِ</wf>
		<wf pos="JJ">تیز</wf>
		<wf pos="NN">ہَوا</wf>
		<wf pos="NN">لہر</wf>
		<wf pos="CC">تہٕ</wf>
		<wf pos="DEM">تَمہِ</wf>
		<wf pos="RB">پَتہٕ</wf>
		<wf pos="VAUX">گوٚو</wf>
		<wf pos="VM">روٗد</wf>
		<wf pos="VM" sense_id="1">پیوٚن</wf>
		<wf pos="VM">شروع</wf>
		<wf pos="SYM">۔</wf>
</sentence>
<sentence s_id="3">
		<wf pos="NN">شُمال</wf>
		<wf pos="NN">مشرِقہٕ</wf>
		<wf pos="PSP">طرفہٕ</wf>
		<wf pos="VM">آیہِ</wf>
		<wf pos="JJ">تیز</wf>
		<wf pos="NN">ہَوا</wf>
		<wf pos="NN">لہر</wf>
		<wf pos="CC">تہٕ</wf>
		<wf pos="DEM">تَمہِ</wf>
		<wf pos="RB">پَتہٕ</wf>
		<wf pos="VAUX">گوٚو</wf>
		<wf pos="VM">روٗد</wf>
		<wf pos="VM" sense_id="1">پیوٚن</wf>
		<wf pos="VM">شروع</wf>
		<wf pos="SYM">۔</wf>
</sentence>
<sentence s_id="4">
		<wf pos="NN">گَگرایو</wf>
		<wf pos="PSP">سۭتۍ</wf>
		<wf pos="VM">ہیوٚتُن</wf>
		<wf pos="JJ">واریاہ</wf>
		<wf pos="RDP">زیٛادٕ</wf>
		<wf pos="NN">روٗد</wf>
		<wf pos="VM" sense_id="1">پیوٚن</wf>
		<wf pos="SYM">۔</wf>
</sentence>
<sentence s_id="5">
		<wf pos="NN">وَنٛدَس</wf>
		<wf pos="PSP">منٛز</wf>
		<wf pos="NN">شیٖن</wf>
		<wf pos="VM" sense_id="1">پیوٚن</wf>
		<wf pos="VAUX">چُھ</wf>
		<wf pos="NEG">نہٕ</wf>
		<wf pos="PRP">کانٛہہ</wf>
		<wf pos="JJ">غٲر</wf>
		<wf pos="JJ">فِطری</wf>
		<wf pos="JJ">عَمَل</wf>
		<wf pos="SYM">۔</wf>
</sentence>
<sentence s_id="6">
		<wf pos="JJ">غٲر</wf>
		<wf pos="NN">معاملن</wf>
		<wf pos="PSP">منٛز</wf>
		<wf pos="VAUX">گَژھہِ</wf>
		<wf pos="NEG">نہٕ</wf>
		<wf pos="VM" sense_id="1">پیوٚن</wf>
		<wf pos="SYM">۔</wf>
</sentence>
<sentence s_id="7">
		<wf pos="NN">گَگرایو</wf>
		<wf pos="PSP">سۭتۍ</wf>
		<wf pos="VM">ہیوٚتُن</wf>
		<wf pos="JJ">واریاہ</wf>
		<wf pos="RDP">زیٛادٕ</wf>
		<wf pos="NN">روٗد</wf>
		<wf pos="VM" sense_id="1">پیوٚن</wf>
		<wf pos="SYM">۔</wf>
</sentence>
<sentence s_id="8">
		<wf pos="PRP">بہٕ</wf>
		<wf pos="VAUX">اوسُس</wf>
		<wf pos="NN">سَڑکہِ</wf>
		<wf pos="PSP">ہٕنٛدِ</wf>
		<wf pos="QC">اَکہِ</wf>
		<wf pos="NN">اَنٛدٕ</wf>
		<wf pos="NN">کَھڑا</wf>
		<wf pos="VM">بِہِتھ</wf>
		<wf pos="NN">نَشَس</wf>
		<wf pos="PSP">منٛز</wf>
		<wf pos="NNP">شرٲبۍ</wf>
		<wf pos="PSP">سُنٛد</wf>
		<wf pos="VM">گیٖرُن</wf>
		<wf pos="CC">تہٕ</wf>
		<wf pos="RB">پَتہٕ</wf>
		<wf pos="VM" sense_id="1">پیوٚن</wf>
		<wf pos="VM">وٕچھان</wf>
		<wf pos="SYM">۔</wf>
</sentence>
<sentence s_id="9">
		<wf pos="NN">برارِ</wf>
		<wf pos="PSP">ہُنٛد</wf>
		<wf pos="RB">بتھِ</wf>
		<wf pos="VM" sense_id="1">پیوٚن</wf>
		<wf pos="VAUX">چُھ</wf>
		<wf pos="NEG">نہٕ</wf>
		<wf pos="JJ">پروٗژ</wf>
		<wf pos="VM">ماننہٕ</wf>
		<wf pos="VAUX">یِوان</wf>
		<wf pos="SYM">۔</wf>
</sentence>
<sentence s_id="10">
		<wf pos="NN">وۄپَر</wf>
		<wf pos="NN">معاملن</wf>
		<wf pos="PSP">منٛز</wf>
		<wf pos="VAUX">گَژھہِ</wf>
		<wf pos="NEG">نہٕ</wf>
		<wf pos="VM" sense_id="1">پیوٚن</wf>
		<wf pos="DEM">یہِ</wf>
		<wf pos="VAUX">چھٚے</wf>
		<wf pos="NN">وۄپَر</wf>
		<wf pos="NN">دَولت</wf>
		<wf pos="SYM">۔</wf>
</sentence>
<sentence s_id="11">
		<wf pos="NN">وَنٛدَس</wf>
		<wf pos="PSP">منٛز</wf>
		<wf pos="NN">شیٖن</wf>
		<wf pos="VM" sense_id="1">پیوٚن</wf>
		<wf pos="VAUX">چُھ</wf>
		<wf pos="NEG">نہٕ</wf>
		<wf pos="PRP">کانٛہہ</wf>
		<wf pos="JJ">غٲر</wf>
		<wf pos="JJ">فِطری</wf>
		<wf pos="JJ">عَمَل</wf>
		<wf pos="SYM">۔</wf>
</sentence>
<sentence s_id="12">
		<wf pos="PRP">بہٕ</wf>
		<wf pos="VAUX">چُھس</wf>
		<wf pos="NEG">نہٕ</wf>
		<wf pos="VAUX">یژھان</wf>
		<wf pos="PRP">کُنہِ</wf>
		<wf pos="JJ">کُھرۍلَد</wf>
		<wf pos="NN">معاملس</wf>
		<wf pos="PSP">منٛز</wf>
		<wf pos="VM" sense_id="1">پیوٚن</wf>
		<wf pos="SYM">۔</wf>
</sentence>
<sentence s_id="13">
		<wf pos="NN">شُمال</wf>
		<wf pos="NN">مشرِقہٕ</wf>
		<wf pos="PSP">طرفہٕ</wf>
		<wf pos="VM">آیہِ</wf>
		<wf pos="JJ">تیز</wf>
		<wf pos="NN">ہَوا</wf>
		<wf pos="NN">لہر</wf>
		<wf pos="CC">تہٕ</wf>
		<wf pos="DEM">تَمہِ</wf>
		<wf pos="RB">پَتہٕ</wf>
		<wf pos="VAUX">گوٚو</wf>
		<wf pos="VM">روٗد</wf>
		<wf pos="VM" sense_id="1">پیوٚن</wf>
		<wf pos="VM">شروع</wf>
		<wf pos="SYM">۔</wf>
</sentence>
<sentence s_id="14">
		<wf pos="NN">روٗد</wf>
		<wf pos="VM" sense_id="1">پیوٚن</wf>
		<wf pos="VAUX">چُھ</wf>
		<wf pos="NN">آزٕ</wf>
		<wf pos="VM">نامُمکِن</wf>
		<wf pos="SYM">۔</wf>
</sentence>
<sentence s_id="15">
		<wf pos="NN">گَگرایو</wf>
		<wf pos="PSP">سۭتۍ</wf>
		<wf pos="VM">ہیوٚتُن</wf>
		<wf pos="JJ">واریاہ</wf>
		<wf pos="RDP">زیٛادٕ</wf>
		<wf pos="NN">روٗد</wf>
		<wf pos="VM" sense_id="1">پیوٚن</wf>
		<wf pos="SYM">۔</wf>
</sentence>
<sentence s_id="16">
		<wf pos="PRP">بہٕ</wf>
		<wf pos="VAUX">اوسُس</wf>
		<wf pos="NN">سَڑکہِ</wf>
		<wf pos="PSP">ہٕنٛدِ</wf>
		<wf pos="QC">اَکہِ</wf>
		<wf pos="NN">اَنٛدٕ</wf>
		<wf pos="NN">کَھڑا</wf>
		<wf pos="VM">روٗزِتھ</wf>
		<wf pos="NN">نَشَس</wf>
		<wf pos="PSP">منٛز</wf>
		<wf pos="NNP">شرٲبۍ</wf>
		<wf pos="PSP">سُنٛد</wf>
		<wf pos="VM">گیٖرُن</wf>
		<wf pos="CC">تہٕ</wf>
		<wf pos="RB">پَتہٕ</wf>
		<wf pos="VM" sense_id="1">پیوٚن</wf>
		<wf pos="VM">وٕچھان</wf>
		<wf pos="SYM">۔</wf>
</sentence>
<sentence s_id="17">
		<wf pos="DEM">یُس</wf>
		<wf pos="RB">ؤسۍ</wf>
		<wf pos="PRP">پیٚیہٕ:تٔمۍ</wf>
		<wf pos="PSP">سُنٛد</wf>
		<wf pos="NN">چَھتہٕ</wf>
		<wf pos="PSP">پٮ۪ٹھ</wf>
		<wf pos="RB">ؤسۍ</wf>
		<wf pos="VM" sense_id="1">پیوٚن</wf>
		<wf pos="VM">وُچھ</wf>
		<wf pos="NEG">نہٕ</wf>
		<wf pos="NN">کٲنٛسی</wf>
		<wf pos="SYM">۔</wf>
</sentence>
<sentence s_id="18">
		<wf pos="NNPC">جولیس</wf>
		<wf pos="NNP">فرانسس</wf>
		<wf pos="VM">ژاو</wf>
		<wf pos="NN">رِنگہِ</wf>
		<wf pos="PSP">منز</wf>
		<wf pos="JJ">برطانوی</wf>
		<wf pos="NN">فوجٕکۍ</wf>
		<wf pos="PRP">کینٛہہ</wf>
		<wf pos="NN">کمانڈوز</wf>
		<wf pos="NN">باڈیگاڈ</wf>
		<wf pos="PSP">ہٮ۪تھ</wf>
		<wf pos="DEM">اَمہِ</wf>
		<wf pos="RB">ورٲے</wf>
		<wf pos="VAUX">آو</wf>
		<wf pos="NNP">برطانیہَ</wf>
		<wf pos="PSP">کہِ</wf>
		<wf pos="PSP">طرفہٕ</wf>
		<wf pos="JJ">ہوایی</wf>
		<wf pos="NN">حملُک</wf>
		<wf pos="NN">سایرن</wf>
		<wf pos="VM">واینہٕ</wf>
		<wf pos="CC">تہٕ</wf>
		<wf pos="NN">دہشت</wf>
		<wf pos="VM">بٮ۪ہہٕ</wf>
		<wf pos="POW">ناونہٕ</wf>
		<wf pos="NN">ٹایسن</wf>
		<wf pos="VAUX">اوس</wf>
		<wf pos="NN">معموٗلہٕ</wf>
		<wf pos="RP">کھۄتہٕ</wf>
		<wf pos="INTF">وارِیاہ</wf>
		<wf pos="JJ">نارمل</wf>
		<wf pos="VM">باسان</wf>
		<wf pos="PSP">مقابلہٕ</wf>
		<wf pos="VM">شروع</wf>
		<wf pos="VAUX">سپدنکٮ۪ن</wf>
		<wf pos="QO">گۄڈٕکٮ۪ن</wf>
		<wf pos="NN">۳۰ہہن</wf>
		<wf pos="NN">سکنڈن</wf>
		<wf pos="PSP">منٛزٕے</wf>
		<wf pos="VAUX">آو</wf>
		<wf pos="NNPC">جولِس</wf>
		<wf pos="NNP">فرانسس</wf>
		<wf pos="PSP">ہیوٗ</wf>
		<wf pos="JJ">دیوقامَتھ</wf>
		<wf pos="NNPC">باکسر</wf>
		<wf pos="NNP">ٹایسن</wf>
		<wf pos="PSP">سٕندِ</wf>
		<wf pos="RB">گۄڈٕنکے</wf>
		<wf pos="NN">دۄگہِ</wf>
		<wf pos="PSP">سۭتۍ</wf>
		<wf pos="NST">پَتھر</wf>
		<wf pos="VM">لاینہٕ</wf>
		<wf pos="QC">ژورَن</wf>
		<wf pos="NN">مِنٹَن</wf>
		<wf pos="PSP">ہٕندٮ۪ن</wf>
		<wf pos="QC">دون</wf>
		<wf pos="NN">راوونڈن</wf>
		<wf pos="PSP">منز</wf>
		<wf pos="VM" sense_id="1">پیو</wf>
		<wf pos="NNPC">جولیس</wf>
		<wf pos="NNP">فرانسس</wf>
		<wf pos="PRP">کنہِ</wf>
		<wf pos="JJ">خاص</wf>
		<wf pos="NN">مزاحمتہٕ</wf>
		<wf pos="RB">ورٲے</wf>
		<wf pos="NNP">ٹایسن</wf>
		<wf pos="PSP">سٕندٮ۪و</wf>
		<wf pos="JJ">فولٲدۍ</wf>
		<wf pos="NN">مُکو</wf>
		<wf pos="PSP">سۭتۍ</wf>
		<wf pos="QC">سَتہِ</wf>
		<wf pos="NN">فِرِ</wf>
		<wf pos="NST">پَتھر</wf>
		<wf pos="CC">تہٕ</wf>
		<wf pos="VM">باسان</wf>
		<wf pos="VAUX">اوس</wf>
		<wf pos="CC">زِ</wf>
		<wf pos="PRP">سُہ</wf>
		<wf pos="VAUX">چُھ</wf>
		<wf pos="NNPC">ٹایسَن</wf>
		<wf pos="NNP">پادَن</wf>
		<wf pos="PSP">پٮ۪ٹھ</wf>
		<wf pos="NN">زُوُک</wf>
		<wf pos="NN">امان</wf>
		<wf pos="VM">مَنگان</wf>
		<wf pos="SYM">۔</wf>
</sentence>
<sentence s_id="19">
		<wf pos="PRP">تٔمِس</wf>
		<wf pos="VAUX">چُھ</wf>
		<wf pos="NN">فہرِستَس</wf>
		<wf pos="PSP">منٛز</wf>
		<wf pos="RB">پَنٛدٲہِم</wf>
		<wf pos="QC">ناوپَنٛدٲہمہِ</wf>
		<wf pos="NN">دَرجُک</wf>
		<wf pos="QC">اَکھ</wf>
		<wf pos="NNC">لٔڑکہٕ</wf>
		<wf pos="VM" sense_id="1">پیو</wf>
		<wf pos="SYM">۔</wf>
</sentence>
<sentence s_id="20">
		<wf pos="NN">رامَس</wf>
		<wf pos="PSP">سٕنٛدِس</wf>
		<wf pos="NN">بَنواس</wf>
		<wf pos="VAUX">گَژھنَس</wf>
		<wf pos="PSP">پٮ۪ٹھ</wf>
		<wf pos="VM" sense_id="1">پیو</wf>
		<wf pos="JJ">سورُے</wf>
		<wf pos="NNPC">اَیودِیا</wf>
		<wf pos="NNP">شہرَن</wf>
		<wf pos="NN">غَمَس</wf>
		<wf pos="PSP">منٛز</wf>
		<wf pos="SYM">۔</wf>
</sentence>
<sentence s_id="21">
		<wf pos="NN">موٗنسوٗن</wf>
		<wf pos="RB">ژیٖرۍ</wf>
		<wf pos="VM">یِنہٕ</wf>
		<wf pos="VM">کِنۍ</wf>
		<wf pos="VM" sense_id="1">پیو</wf>
		<wf pos="NEG">نہٕ</wf>
		<wf pos="QC">روٗدییٚمہِ</wf>
		<wf pos="NN">ؤریہٕ</wf>
		<wf pos="NN">موٗنسوٗن</wf>
		<wf pos="NN">ژیٖر</wf>
		<wf pos="VM">یٕنہٕ</wf>
		<wf pos="PSP">کہِ</wf>
		<wf pos="NN">وَجہہ</wf>
		<wf pos="PSP">سۭتۍ</wf>
		<wf pos="JJ">پیوٚ</wf>
		<wf pos="NN">فَصلَس</wf>
		<wf pos="JJ">واریاہ</wf>
		<wf pos="NN">اَثر</wf>
		<wf pos="SYM">۔</wf>
</sentence>
<sentence s_id="22">
		<wf pos="JJ">خراب</wf>
		<wf pos="NN">وتہِ</wf>
		<wf pos="PSP">پٮ۪ٹھ</wf>
		<wf pos="VM">پکنہٕ</wf>
		<wf pos="PSP">سۭتۍ</wf>
		<wf pos="VM" sense_id="1">پیو</wf>
		<wf pos="PRP">تٔمِس</wf>
		<wf pos="JJ">واریاہ</wf>
		<wf pos="NN">مُشکِلاتن</wf>
		<wf pos="PSP">ہُند</wf>
		<wf pos="NN">مقابلہٕ</wf>
		<wf pos="VM">کرُن</wf>
		<wf pos="SYM">۔</wf>
</sentence>
<sentence s_id="23">
		<wf pos="NN">موٗنسوٗن</wf>
		<wf pos="RB">ژیٖرۍ</wf>
		<wf pos="VM">یِنہٕ</wf>
		<wf pos="VM">کِنۍ</wf>
		<wf pos="VM" sense_id="1">پیو</wf>
		<wf pos="NEG">نہٕ</wf>
		<wf pos="QC">روٗدییٚمہِ</wf>
		<wf pos="NN">ؤریہٕ</wf>
		<wf pos="NN">موٗنسوٗن</wf>
		<wf pos="NN">ژیٖر</wf>
		<wf pos="VM">یٕنہٕ</wf>
		<wf pos="PSP">کہِ</wf>
		<wf pos="NN">وَجہہ</wf>
		<wf pos="PSP">سۭتۍ</wf>
		<wf pos="JJ">پیوٚ</wf>
		<wf pos="NN">فَصلَس</wf>
		<wf pos="JJ">واریاہ</wf>
		<wf pos="NN">اَثر</wf>
		<wf pos="SYM">۔</wf>
</sentence>
<sentence s_id="24">
		<wf pos="NN">أچھ</wf>
		<wf pos="NN">پَردٕ</wf>
		<wf pos="NN">نُیک</wf>
		<wf pos="VAUX">گَژھنہٕ</wf>
		<wf pos="PSP">کہِ</wf>
		<wf pos="NN">وجہ</wf>
		<wf pos="VM">کٕنۍ</wf>
		<wf pos="VM" sense_id="1">پیو</wf>
		<wf pos="PRP">تَس</wf>
		<wf pos="NN">دٔچھنہِ</wf>
		<wf pos="NN">أچھ</wf>
		<wf pos="NN">آپریشَن</wf>
		<wf pos="VM">کَرُن</wf>
		<wf pos="SYM">۔</wf>
</sentence>
<sentence s_id="25">
		<wf pos="NNP">بَدہَضمی</wf>
		<wf pos="PSP">نِش</wf>
		<wf pos="JJ">پَریشان</wf>
		<wf pos="VAUX">گَژھنہٕ</wf>
		<wf pos="RB">پَتہٕ</wf>
		<wf pos="VM" sense_id="1">پیو</wf>
		<wf pos="NN">سوہَنَس</wf>
		<wf pos="JJ">ڈاکٹَرَس</wf>
		<wf pos="NN">گَژُھنبَدۂضمی</wf>
		<wf pos="PSP">نِش</wf>
		<wf pos="VM">بَچنہٕ</wf>
		<wf pos="PSP">خٲطرٕ</wf>
		<wf pos="VAUX">پَزِ</wf>
		<wf pos="PRP">اَسہِ</wf>
		<wf pos="NN">ہَضمہٕ</wf>
		<wf pos="POW">دار</wf>
		<wf pos="NN">کھٮ۪ن</wf>
		<wf pos="VM">کھیوٚن</wf>
		<wf pos="SYM">۔</wf>
</sentence>
<sentence s_id="26">
		<wf pos="CC">بےٚ</wf>
		<wf pos="NN">پَرواے</wf>
		<wf pos="NN">سِیاسَت</wf>
		<wf pos="POW">دانَن</wf>
		<wf pos="PSP">ہِنٛدِ</wf>
		<wf pos="NN">وجہ</wf>
		<wf pos="PSP">سۭتۍ</wf>
		<wf pos="NEG">چھَنہٕ</wf>
		<wf pos="NN">مَرکَزَس</wf>
		<wf pos="PSP">منٛز</wf>
		<wf pos="PRP">کُنہِ</wf>
		<wf pos="CC">تہٕ</wf>
		<wf pos="NN">تَنٛظیٖمٕچ</wf>
		<wf pos="NN">حَکوٗمَت</wf>
		<wf pos="VM">بَنان</wf>
		<wf pos="CC">تہٕ</wf>
		<wf pos="VM" sense_id="1">پیو</wf>
		<wf pos="NN">صِدٕر</wf>
		<wf pos="NN">راج</wf>
		<wf pos="VM">کَرُن</wf>
		<wf pos="SYM">۔</wf>
</sentence>
<sentence s_id="27">
		<wf pos="PRP">تِمَن</wf>
		<wf pos="VM" sense_id="1">پیو</wf>
		<wf pos="NN">گَرٕ</wf>
		<wf pos="VM">بَساونہٕ</wf>
		<wf pos="PSP">خٲطرٕ</wf>
		<wf pos="NN">سامان</wf>
		<wf pos="VM">اَنُن</wf>
		<wf pos="SYM">۔</wf>
</sentence>
<sentence s_id="28">
		<wf pos="NN">چَنٛدٕ</wf>
		<wf pos="NN">ژوٗر</wf>
		<wf pos="VM">تھووُکھ</wf>
		<wf pos="NN">جیلَس</wf>
		<wf pos="PSP">منٛز</wf>
		<wf pos="NN">بَنٛدژوٗرِِ</wf>
		<wf pos="NN">کَرنٕکِس</wf>
		<wf pos="NN">گۄنہَس</wf>
		<wf pos="PSP">منٛز</wf>
		<wf pos="VM" sense_id="1">پیو</wf>
		<wf pos="PRP">تَس</wf>
		<wf pos="NN">جیل</wf>
		<wf pos="VAUX">گُژھن</wf>
		<wf pos="SYM">۔</wf>
</sentence>
<sentence s_id="29">
		<wf pos="NN">رامَس</wf>
		<wf pos="PSP">سٕنٛدِس</wf>
		<wf pos="NN">بَنواس</wf>
		<wf pos="VAUX">گَژھنَس</wf>
		<wf pos="PSP">پٮ۪ٹھ</wf>
		<wf pos="VM" sense_id="1">پیو</wf>
		<wf pos="JJ">سورُے</wf>
		<wf pos="NNPC">اَیودِیا</wf>
		<wf pos="NNP">شہرَن</wf>
		<wf pos="NN">غَمَس</wf>
		<wf pos="PSP">منٛز</wf>
		<wf pos="SYM">۔</wf>
</sentence>
<sentence s_id="30">
		<wf pos="NN">موہَنَس</wf>
		<wf pos="VM" sense_id="1">پیو</wf>
		<wf pos="NN">مار</wf>
		<wf pos="NNP">چھیڈ</wf>
		<wf pos="NN">چھاڈ</wf>
		<wf pos="NN">کَرَن</wf>
		<wf pos="PSP">پٮ۪ٹھ</wf>
		<wf pos="SYM">۔</wf>
</sentence>
<sentence s_id="31">
		<wf pos="PRP">سُہ</wf>
		<wf pos="VM" sense_id="1">پیو</wf>
		<wf pos="PRP">تَس</wf>
		<wf pos="NN">کۄٹھٮ۪ن</wf>
		<wf pos="NNP">پٮ۪ٹھپاکِستٲنۍ</wf>
		<wf pos="NN">فوجَن</wf>
		<wf pos="VM">ترٲو</wf>
		<wf pos="NNP">ہِنٛدوستٲنۍ</wf>
		<wf pos="NN">فوجَس</wf>
		<wf pos="RB">برٛونٛہہ</wf>
		<wf pos="VM">کَنہِ</wf>
		<wf pos="PRP">پَنٕنۍ</wf>
		<wf pos="NN">ۂتھیار</wf>
		<wf pos="SYM">۔</wf>
</sentence>
<sentence s_id="32">
		<wf pos="NN">تاج</wf>
		<wf pos="NN">پوشی</wf>
		<wf pos="VAUX">گَژھنہٕ</wf>
		<wf pos="RB">برٛونٛٹھٕے</wf>
		<wf pos="VM" sense_id="1">پیو</wf>
		<wf pos="NN">رامَس</wf>
		<wf pos="NN">بَنواس</wf>
		<wf pos="VM">گَژُھن</wf>
		<wf pos="SYM">۔</wf>
</sentence>
<sentence s_id="33">
		<wf pos="NNPC">رام</wf>
		<wf pos="PSP">سُنٛد</wf>
		<wf pos="VM">مَکان</wf>
		<wf pos="VM" sense_id="1">پیو</wf>
		<wf pos="RB">ؤسۍ</wf>
		<wf pos="NN">بُنٛلہِ</wf>
		<wf pos="PSP">سۭتۍ</wf>
		<wf pos="SYM">۔</wf>
</sentence>
<sentence s_id="34">
		<wf pos="NN">انٛگریزن</wf>
		<wf pos="PSP">سٕتۍ</wf>
		<wf pos="NN">ٹکر</wf>
		<wf pos="RB">نینہ</wf>
		<wf pos="NN">خٲطرہ</wf>
		<wf pos="VM" sense_id="1">پیو</wf>
		<wf pos="NN">بھارتین</wf>
		<wf pos="NN">یکجاہ</wf>
		<wf pos="VM">گژُن</wf>
		<wf pos="SYM">۔</wf>
</sentence>
<sentence s_id="35">
		<wf pos="NN">مار</wf>
		<wf pos="NN">بَراش</wf>
		<wf pos="VM">کَران</wf>
		<wf pos="VM">کَران</wf>
		<wf pos="VM" sense_id="1">پیو</wf>
		<wf pos="PRP">سُہ</wf>
		<wf pos="NN">سَڑکہِ</wf>
		<wf pos="PSP">پٮ۪ٹھ</wf>
		<wf pos="NN">پَتھَر</wf>
		<wf pos="SYM">۔</wf>
</sentence>
<sentence s_id="36">
		<wf pos="NNP">ہِنٛدوستٲنۍ</wf>
		<wf pos="NN">لُکَن</wf>
		<wf pos="VM" sense_id="1">پیو</wf>
		<wf pos="NN">واریاہَس</wf>
		<wf pos="NN">کالَس</wf>
		<wf pos="NN">غٲرمُلکُک</wf>
		<wf pos="NN">ظُلم</wf>
		<wf pos="NN">بَرداش</wf>
		<wf pos="VM">کَرُن</wf>
		<wf pos="SYM">۔</wf>
</sentence>
<sentence s_id="37">
		<wf pos="PRP">تٔمِس</wf>
		<wf pos="VAUX">چُھ</wf>
		<wf pos="NN">فہرِستَس</wf>
		<wf pos="PSP">منٛز</wf>
		<wf pos="RB">پَنٛدٲہِم</wf>
		<wf pos="QC">ناوپَنٛدٲہمہِ</wf>
		<wf pos="NN">دَرجُک</wf>
		<wf pos="QC">اَکھ</wf>
		<wf pos="NNC">لٔڑکہٕ</wf>
		<wf pos="VM" sense_id="1">پیو</wf>
		<wf pos="SYM">۔</wf>
</sentence>
<sentence s_id="38">
		<wf pos="JJ">خراب</wf>
		<wf pos="NN">وتہِ</wf>
		<wf pos="PSP">پٮ۪ٹھ</wf>
		<wf pos="VM">پکنہٕ</wf>
		<wf pos="PSP">سۭتۍ</wf>
		<wf pos="VM" sense_id="1">پیو</wf>
		<wf pos="PRP">تٔمِس</wf>
		<wf pos="JJ">واریاہ</wf>
		<wf pos="NN">مُشکِلاتن</wf>
		<wf pos="PSP">ہُند</wf>
		<wf pos="NN">مقابلہٕ</wf>
		<wf pos="VM">کرُن</wf>
		<wf pos="SYM">۔</wf>
</sentence>
<sentence s_id="39">
		<wf pos="JJ">گہیُل</wf>
		<wf pos="DEM">یہ</wf>
		<wf pos="NN">شب</wf>
		<wf pos="CC">تہ</wf>
		<wf pos="NN">ژھنتھ</wf>
		<wf pos="VM" sense_id="1">پیو</wf>
		<wf pos="NNC">وُچھاں</wf>
		<wf pos="NN">وتن</wf>
		<wf pos="NN">چانٮ۪ن</wf>
		<wf pos="SYM">۔</wf>
</sentence>
<sentence s_id="40">
		<wf pos="NNPC">مرزا</wf>
		<wf pos="NNPC">غلام</wf>
		<wf pos="NNPC">حسن</wf>
		<wf pos="NN">بیگ</wf>
		<wf pos="NN">عارف</wf>
		<wf pos="VM">زاو</wf>
		<wf pos="NN">13ستمبر</wf>
		<wf pos="PRP">1910ءمنز</wf>
		<wf pos="NNPC">اننت</wf>
		<wf pos="NNPC">ناگ</wf>
		<wf pos="NNP">سریہ</wf>
		<wf pos="PSP">ہٕندِس</wf>
		<wf pos="NN">کٲڈۍ</wf>
		<wf pos="NN">پوٗرۍ</wf>
		<wf pos="NN">محلس</wf>
		<wf pos="RB">منز،لاہورٕ</wf>
		<wf pos="VM">کورُن</wf>
		<wf pos="NNPC">بی</wf>
		<wf pos="NNP">،</wf>
		<wf pos="NNPC">ایس</wf>
		<wf pos="NNP">،سی</wf>
		<wf pos="CC">تہٕ</wf>
		<wf pos="NNPC">علی</wf>
		<wf pos="NNP">گڈھ</wf>
		<wf pos="VAUX">آو</wf>
		<wf pos="NNP">زالوٗجی</wf>
		<wf pos="PSP">منز</wf>
		<wf pos="NNP">ایم،ایس،</wf>
		<wf pos="NNP">سی</wf>
		<wf pos="VM">کٔرِتھ</wf>
		<wf pos="NN">زندگی</wf>
		<wf pos="PSP">ہٕندۍ</wf>
		<wf pos="NNPC">93بہار</wf>
		<wf pos="VM">چھٲوِتھ</wf>
		<wf pos="VM">گوو</wf>
		<wf pos="PRP">2004ءمنز</wf>
		<wf pos="DEM">یٔمہ</wf>
		<wf pos="NN">عالمہٕ</wf>
		<wf pos="NN">،تمٔۍ</wf>
		<wf pos="VM">کٔر</wf>
		<wf pos="RDP">تھدٮ۪ن</wf>
		<wf pos="JJ">سرکٲرۍ</wf>
		<wf pos="NN">عۅہدن</wf>
		<wf pos="PSP">پٮ۪ٹھ</wf>
		<wf pos="NN">کٲم،</wf>
		<wf pos="PRP">سُہ</wf>
		<wf pos="VAUX">اوس</wf>
		<wf pos="NN">ریڈیو</wf>
		<wf pos="NN">کشمیرُک</wf>
		<wf pos="CC">تہٕ</wf>
		<wf pos="DEM">جومیُک</wf>
		<wf pos="NN">گۅڈنیُک</wf>
		<wf pos="NNC">شیٹشن</wf>
		<wf pos="NN">ڈائریکٹر</wf>
		<wf pos="DEM">یہ</wf>
		<wf pos="NN">عۅہدٕ</wf>
		<wf pos="VM">ترٲوِتھ</wf>
		<wf pos="VM">گوو</wf>
		<wf pos="RB">ٲخرس</wf>
		<wf pos="NN">ڈائریکٹر</wf>
		<wf pos="NN">سری</wf>
		<wf pos="NN">کلچر</wf>
		<wf pos="PSP">سٕندِ</wf>
		<wf pos="VM">حٔثۍ</wf>
		<wf pos="RB">یتہٕ</wf>
		<wf pos="NNP">سبکدوش</wf>
		<wf pos="NNP">کٔشیرِ</wf>
		<wf pos="PSP">منز</wf>
		<wf pos="JJ">ریشم</wf>
		<wf pos="NN">صنعتس</wf>
		<wf pos="JJ">نٔوینہٕ</wf>
		<wf pos="NN">آیہ</wf>
		<wf pos="NN">ترقی</wf>
		<wf pos="VM">دِنس</wf>
		<wf pos="CC">تہٕ</wf>
		<wf pos="NNP">دیاوٕنس</wf>
		<wf pos="NNPC">منزچھُ</wf>
		<wf pos="NNP">عارف</wf>
		<wf pos="RP">صٲبُن</wf>
		<wf pos="NN">واراہ</wf>
		<wf pos="VM">حِصہٕ،</wf>
		<wf pos="DEM">اَتھ</wf>
		<wf pos="NN">سلسلس</wf>
		<wf pos="NN">منزکور</wf>
		<wf pos="NN">تمٔۍ</wf>
		<wf pos="VM">چینُک</wf>
		<wf pos="CC">تہ</wf>
		<wf pos="NN">دورٕواپس</wf>
		<wf pos="RB">یِتھ</wf>
		<wf pos="VM">لیوکھُن</wf>
		<wf pos="PRP">میون</wf>
		<wf pos="VM">چینُک</wf>
		<wf pos="NN">سفر</wf>
		<wf pos="NN">نٲوۍ</wf>
		<wf pos="NN">سفر</wf>
		<wf pos="POW">نامہٕ</wf>
		<wf pos="PSP">تہ،انگریزۍ</wf>
		<wf pos="NN">زبٲنۍ</wf>
		<wf pos="VM">منزلیکھۍتمٔۍ</wf>
		<wf pos="NEG">نہ</wf>
		<wf pos="RB">صرف</wf>
		<wf pos="JJ">ریشم</wf>
		<wf pos="NN">صنعٔژ</wf>
		<wf pos="PSP">ہٕندِس</wf>
		<wf pos="RB">وۅتھٕ</wf>
		<wf pos="NN">بوس</wf>
		<wf pos="PSP">متعلق</wf>
		<wf pos="NN">واراہ</wf>
		<wf pos="JJ">ساینسی</wf>
		<wf pos="NN">نوعیتٕکۍ</wf>
		<wf pos="VM">مضمون</wf>
		<wf pos="CC">بلکہ</wf>
		<wf pos="NN">اسلامیاتس</wf>
		<wf pos="PSP">متعلق</wf>
		<wf pos="RP">تہ</wf>
		<wf pos="VAUX">لیکِھن</wf>
		<wf pos="INTF">کٍتۍ</wf>
		<wf pos="JJ">پُر</wf>
		<wf pos="NN">مغٕز</wf>
		<wf pos="NN">مقالہٕ</wf>
		<wf pos="VM">تمٔۍ</wf>
		<wf pos="QO">کٔرگۅڈنِچہ</wf>
		<wf pos="NN">لٹہAnatomyکٲ</wf>
		<wf pos="NN">شُر</wf>
		<wf pos="NN">روٗپ</wf>
		<wf pos="VM">دِتھ</wf>
		<wf pos="PRP">آدمۍ</wf>
		<wf pos="JJ">مور</wf>
		<wf pos="NN">نٲوۍ</wf>
		<wf pos="NN">کتاب</wf>
		<wf pos="VM">چھاپ،</wf>
		<wf pos="PRP">یہ</wf>
		<wf pos="VM">کران</wf>
		<wf pos="VM">کران</wf>
		<wf pos="VM" sense_id="1">پیو</wf>
		<wf pos="CC">و</wf>
		<wf pos="PRP">تس</wf>
		<wf pos="NN">اصطلاح</wf>
		<wf pos="NN">ساز</wf>
		<wf pos="CC">تہ</wf>
		<wf pos="VM">بَنُن</wf>
		<wf pos="NN">رسم</wf>
		<wf pos="NN">الخط</wf>
		<wf pos="VM">شیرنہٕ</wf>
		<wf pos="PSP">خٲطرٕ</wf>
		<wf pos="JJ">عشائی</wf>
		<wf pos="NN">کمیٹی</wf>
		<wf pos="PSP">ہٕندِس</wf>
		<wf pos="NN">أکِس</wf>
		<wf pos="JJ">معتبر</wf>
		<wf pos="NN">ممبر</wf>
		<wf pos="PSP">سٕندِ</wf>
		<wf pos="NN">حثۍ</wf>
		<wf pos="RB">یتہٕ</wf>
		<wf pos="VM">کور</wf>
		<wf pos="NNP">عارف</wf>
		<wf pos="RP">صٲبن</wf>
		<wf pos="DEM">اَتھ</wf>
		<wf pos="PSP">منز</wf>
		<wf pos="CC">تہ</wf>
		<wf pos="PRP">پنُن</wf>
		<wf pos="NN">حِصہٕ</wf>
		<wf pos="VM">ادا</wf>
		<wf pos="NN">سائنس</wf>
		<wf pos="NN">دان</wf>
		<wf pos="VM">ٲسِتھ</wf>
		<wf pos="VAUX">اوس</wf>
		<wf pos="NEG">نہٕ</wf>
		<wf pos="PRP">سُہ</wf>
		<wf pos="RB">صرف</wf>
		<wf pos="NN">انجمن</wf>
		<wf pos="JJ">ساز،تُمدنی</wf>
		<wf pos="VM">کارکُن</wf>
		<wf pos="CC">تہٕ</wf>
		<wf pos="JJ">صحٲفی</wf>
		<wf pos="RB">یوت</wf>
		<wf pos="CC">بلکہ</wf>
		<wf pos="QC">اکھ</wf>
		<wf pos="NNP">ممتاز</wf>
		<wf pos="NN">ترجمہٕ</wf>
		<wf pos="NN">کار</wf>
		<wf pos="CC">تہ</wf>
		<wf pos="NN">تمٔۍ</wf>
		<wf pos="VM">أنۍ</wf>
		<wf pos="NNP">فارسی</wf>
		<wf pos="PSP">ادٕبکٮ۪و</wf>
		<wf pos="NN">شاہکارو</wf>
		<wf pos="PSP">منز</wf>
		<wf pos="NNPC">حضرتِ</wf>
		<wf pos="NNPC">شاہ</wf>
		<wf pos="NNPC">ہمدان</wf>
		<wf pos="NNP">ؒ</wf>
		<wf pos="PSP">سُند</wf>
		<wf pos="JJ">چہل</wf>
		<wf pos="JJ">اسرار</wf>
		<wf pos="CC">تہٕ</wf>
		<wf pos="JJ">عُمر</wf>
		<wf pos="NN">خیام</wf>
		<wf pos="PSP">سٕنزٕ</wf>
		<wf pos="NN">رُبایہ</wf>
		<wf pos="NNP">کٲشُر</wf>
		<wf pos="NN">منظوٗم</wf>
		<wf pos="NN">روٗپ</wf>
		<wf pos="VM">دِتھ</wf>
		<wf pos="NNP">کٲشرٮ۪ن</wf>
		<wf pos="NN">ڈالہ</wf>
		<wf pos="PSP">رٔنگۍ</wf>
		<wf pos="PRP">1958ءمنز</wf>
		<wf pos="NN">چھٲپٕن</wf>
		<wf pos="NN">An</wf>
		<wf pos="NN">Anthology</wf>
		<wf pos="PSP">of</wf>
		<wf pos="NNP">Kashmiri</wf>
		<wf pos="PRP">poetsیتھ</wf>
		<wf pos="PSP">منز</wf>
		<wf pos="VM">شٲمل</wf>
		<wf pos="VM">کرنہٕ</wf>
		<wf pos="PSP">خٲطرٕ</wf>
		<wf pos="PRP">پنہٕ</wf>
		<wf pos="POW">نٮ۪ن</wf>
		<wf pos="PSP">کیو</wf>
		<wf pos="NN">بیین</wf>
		<wf pos="NN">شٲعرن</wf>
		<wf pos="NNP">ہٕنزن</wf>
		<wf pos="NN">درجن</wf>
		<wf pos="QF">واد</wf>
		<wf pos="NN">نظمن</wf>
		<wf pos="NN">انگریزیس</wf>
		<wf pos="PSP">منز</wf>
		<wf pos="NN">ترجمہٕ</wf>
		<wf pos="VM">کورُن</wf>
		<wf pos="NNPC">رابندرناتھ</wf>
		<wf pos="NNP">ٹیگور</wf>
		<wf pos="PSP">سٕندِ</wf>
		<wf pos="NN">Cycle</wf>
		<wf pos="PSP">of</wf>
		<wf pos="NN">spring</wf>
		<wf pos="NN">ڈرامہٕ</wf>
		<wf pos="PSP">ہُک</wf>
		<wf pos="NN">ترجمہٕ</wf>
		<wf pos="NN">کورُنسونتُک</wf>
		<wf pos="CC">اتہٕ</wf>
		<wf pos="NNPC">گتَھ</wf>
		<wf pos="NNP">ناوٕہندوستانُک</wf>
		<wf pos="NNPC">ٲین</wf>
		<wf pos="NNP">کٲشرِس</wf>
		<wf pos="VM">منزپھِرنٕچ</wf>
		<wf pos="NN">کٲم</wf>
		<wf pos="CC">تہ</wf>
		<wf pos="VM">کٔر</wf>
		<wf pos="NN">تمٔۍ</wf>
		<wf pos="NN">سۅرگہٕ</wf>
		<wf pos="JJ">وٲسۍ</wf>
		<wf pos="NNPC">پروفیسر</wf>
		<wf pos="NNPC">پُشپ</wf>
		<wf pos="RP">صٲبس</wf>
		<wf pos="NN">سٍتۍ</wf>
		<wf pos="VM">رٔلِتھ</wf>
		<wf pos="CC">اماپوز</wf>
		<wf pos="PRP">بہ</wf>
		<wf pos="NN">حیثیتِ</wf>
		<wf pos="VM">کارِوۅگُن</wf>
		<wf pos="NNP">کٲشُر</wf>
		<wf pos="NN">ترجمہٕ</wf>
		<wf pos="NN">کار</wf>
		<wf pos="VAUX">چھُ</wf>
		<wf pos="NNPC">مرزا</wf>
		<wf pos="NNP">عارف</wf>
		<wf pos="PSP">سُند</wf>
		<wf pos="JJ">عظیم</wf>
		<wf pos="NN">کارنامہٕ</wf>
		<wf pos="NN">قرآنِ</wf>
		<wf pos="PSP">شریفُک</wf>
		<wf pos="JJ">منظوم</wf>
		<wf pos="CC">تہٕ</wf>
		<wf pos="JJ">نثری</wf>
		<wf pos="NN">ترجمہٕ</wf>
		<wf pos="CC">تہٕ</wf>
		<wf pos="NNPC">تفسیر</wf>
		<wf pos="NNP">،</wf>
		<wf pos="DEM">یُس</wf>
		<wf pos="NN">شایع</wf>
		<wf pos="VM">سپُدمُت</wf>
		<wf pos="VAUX">چھُ</wf>
		<wf pos="SYM">۔</wf>
</sentence>
<sentence s_id="41">
		<wf pos="NN">امتحانَس</wf>
		<wf pos="PSP">منٛز</wf>
		<wf pos="VM" sense_id="2">پیٚیہِ</wf>
		<wf pos="PRP">مےٚ</wf>
		<wf pos="QC">زٕ</wf>
		<wf pos="NN">سوال</wf>
		<wf pos="SYM">۔</wf>
</sentence>
<sentence s_id="42">
		<wf pos="CC">یوٚدوَے</wf>
		<wf pos="DEM">یَتھ</wf>
		<wf pos="NN">کتھِ</wf>
		<wf pos="PSP">منٛز</wf>
		<wf pos="PRP">کانٛہہ</wf>
		<wf pos="NN">شک</wf>
		<wf pos="VAUX">چھُ</wf>
		<wf pos="NEG">نہٕ</wf>
		<wf pos="CC">زِ</wf>
		<wf pos="NNP">کٲشرۍ</wf>
		<wf pos="VAUX">چھِ</wf>
		<wf pos="RB">وۄنۍ</wf>
		<wf pos="VAUX">یژھان</wf>
		<wf pos="NN">پھرٛکھ</wf>
		<wf pos="PSP">ہیوٗ</wf>
		<wf pos="VM">تراوُن</wf>
		<wf pos="JJ">مین</wf>
		<wf pos="NN">سٹریم</wf>
		<wf pos="NN">جمٲژن</wf>
		<wf pos="CC">تہٕ</wf>
		<wf pos="NN">پالیسی</wf>
		<wf pos="DEM">یہِ</wf>
		<wf pos="VM">بناونہٕ</wf>
		<wf pos="RDP">وزِ</wf>
		<wf pos="DEM">یِمن</wf>
		<wf pos="NN">کتھن</wf>
		<wf pos="PSP">ہُنٛد</wf>
		<wf pos="JJ">خاص</wf>
		<wf pos="NN">خیال</wf>
		<wf pos="VM">تھوُن</wf>
		<wf pos="SYM">۔</wf>
</sentence>
<sentence s_id="43">
		<wf pos="CC">یوٚدوَے</wf>
		<wf pos="DEM">یَتھ</wf>
		<wf pos="NN">کتھِ</wf>
		<wf pos="PSP">منٛز</wf>
		<wf pos="PRP">کانٛہہ</wf>
		<wf pos="NN">شک</wf>
		<wf pos="VAUX">چھُ</wf>
		<wf pos="NEG">نہٕ</wf>
		<wf pos="CC">زِ</wf>
		<wf pos="NNP">کٲشرۍ</wf>
		<wf pos="VAUX">چھِ</wf>
		<wf pos="RB">وۄنۍ</wf>
		<wf pos="VAUX">یژھان</wf>
		<wf pos="NN">پھرٛکھ</wf>
		<wf pos="PSP">ہیوٗ</wf>
		<wf pos="VM">تراوُن</wf>
		<wf pos="JJ">مین</wf>
		<wf pos="NN">سٹریم</wf>
		<wf pos="NN">جمٲژن</wf>
		<wf pos="CC">تہٕ</wf>
		<wf pos="NN">پالیسی</wf>
		<wf pos="DEM">یہِ</wf>
		<wf pos="VM">بناونہٕ</wf>
		<wf pos="RDP">وزِ</wf>
		<wf pos="VAUX">گژھِ</wf>
		<wf pos="DEM">یِمن</wf>
		<wf pos="NN">کتھن</wf>
		<wf pos="PSP">ہُنٛد</wf>
		<wf pos="JJ">خاص</wf>
		<wf pos="NN">خیال</wf>
		<wf pos="VM">تھاوُن</wf>
		<wf pos="SYM">۔</wf>
</sentence>
<sentence s_id="44">
		<wf pos="PRP">أمِس</wf>
		<wf pos="NN">سوداگارس</wf>
		<wf pos="VM">رُود</wf>
		<wf pos="NEG">نہٕ</wf>
		<wf pos="NN">کۄکرن</wf>
		<wf pos="NN">پَھل</wf>
		<wf pos="VM">تراوُن</wf>
		<wf pos="NN">یادٕے</wf>
		<wf pos="RB">ییٚلہِ</wf>
		<wf pos="NN">نیٔندٕرِ</wf>
		<wf pos="VM">ووتھ</wf>
		<wf pos="PRP">أمِس</wf>
		<wf pos="VM">پیٚوو</wf>
		<wf pos="PRP">پنُن</wf>
		<wf pos="NN">مشرب</wf>
		<wf pos="NN">یاد</wf>
		<wf pos="VM">تُجن</wf>
		<wf pos="NN">دور</wf>
		<wf pos="CC">تہٕ</wf>
		<wf pos="RB">ووٗت</wf>
		<wf pos="NN">کۄکر</wf>
		<wf pos="NN">مَرٮ۪ن</wf>
		<wf pos="PSP">نِش</wf>
		<wf pos="JJ">سٲری</wf>
		<wf pos="NN">کۄکر</wf>
		<wf pos="VM">وٕچِن</wf>
		<wf pos="QC">اَکہِ</wf>
		<wf pos="QC">اَکہِ</wf>
		<wf pos="SYM">۔</wf>
</sentence>
<sentence s_id="45">
		<wf pos="PRP">شَہہ</wf>
		<wf pos="VM">نِیُٛن</wf>
		<wf pos="CC">تہٕ</wf>
		<wf pos="PRP">شَہہ</wf>
		<wf pos="VM">تراوُن</wf>
		<wf pos="VAUX">چُھ</wf>
		<wf pos="NN">تنفسَس</wf>
		<wf pos="PSP">منٛز</wf>
		<wf pos="VM">شٲمِل</wf>
		<wf pos="SYM">۔</wf>
</sentence>
<sentence s_id="46">
		<wf pos="NN">انسانس</wf>
		<wf pos="VAUX">گژھ</wf>
		<wf pos="NEG">نہٕ</wf>
		<wf pos="NN">مال</wf>
		<wf pos="CC">تہٕ</wf>
		<wf pos="NN">اولاد</wf>
		<wf pos="NNP">گَمراہی</wf>
		<wf pos="PSP">منٛز</wf>
		<wf pos="VM">تراوُن</wf>
		<wf pos="SYM">۔</wf>
</sentence>
<sentence s_id="47">
		<wf pos="PRP">سُہ</wf>
		<wf pos="NEG">چُھنہٕ</wf>
		<wf pos="PSP">اَنٛدر</wf>
		<wf pos="VM">تراوُن</wf>
		<wf pos="SYM">۔</wf>
</sentence>
<sentence s_id="48">
		<wf pos="NN">جہازٕ</wf>
		<wf pos="VAUX">چُھ</wf>
		<wf pos="NN">گۄڈنِچِہ</wf>
		<wf pos="NN">پِھرِ</wf>
		<wf pos="NN">آبَس</wf>
		<wf pos="VM">تراوُن</wf>
		<wf pos="SYM">۔</wf>
</sentence>
<sentence s_id="49">
		<wf pos="PRP">مہِ</wf>
		<wf pos="VAUX">چُھ</wf>
		<wf pos="RB">پَتھ</wf>
		<wf pos="VM">کُن</wf>
		<wf pos="VM">تراوُن</wf>
		<wf pos="SYM">۔</wf>
</sentence>
<sentence s_id="50">
		<wf pos="QO">کٲمہِ</wf>
		<wf pos="NN">پَت</wf>
		<wf pos="VAUX">گژھ</wf>
		<wf pos="NN">آرام</wf>
		<wf pos="VM">تراوُن</wf>
		<wf pos="SYM">۔</wf>
</sentence>
<sentence s_id="51">
		<wf pos="PRP">ژٕ</wf>
		<wf pos="NN">پَزٕ</wf>
		<wf pos="NN">شراب</wf>
		<wf pos="VM">تراوُن</wf>
		<wf pos="SYM">۔</wf>
</sentence>
<sentence s_id="52">
		<wf pos="NN">ژھۄٹھ</wf>
		<wf pos="VAUX">گَژھِ</wf>
		<wf pos="RB">ہمیشہٕ</wf>
		<wf pos="NN">ژھۄٹہٕ</wf>
		<wf pos="NN">ڈَبَس</wf>
		<wf pos="PSP">منٛز</wf>
		<wf pos="VM">تراوُن</wf>
		<wf pos="SYM">۔</wf>
</sentence>
<sentence s_id="53">
		<wf pos="PRP">شَہہ</wf>
		<wf pos="VM">نِیُٛن</wf>
		<wf pos="CC">تہٕ</wf>
		<wf pos="PRP">شَہہ</wf>
		<wf pos="VM">تراوُن</wf>
		<wf pos="VAUX">چُھ</wf>
		<wf pos="NN">تنفسَس</wf>
		<wf pos="PSP">منٛز</wf>
		<wf pos="VM">شٲمِل</wf>
		<wf pos="SYM">۔</wf>
</sentence>
<sentence s_id="54">
		<wf pos="NN">أکسی</wf>
		<wf pos="NN">مَرکزَس</wf>
		<wf pos="PSP">پٮ۪ٹھ</wf>
		<wf pos="VM">تراوُن</wf>
		<wf pos="CC">یا</wf>
		<wf pos="NN">أکسی</wf>
		<wf pos="JJ">جایہٕ</wf>
		<wf pos="NN">تھاوُن:بھارَت</wf>
		<wf pos="VAUX">چُھ</wf>
		<wf pos="PRP">پنُن</wf>
		<wf pos="NN">توجہ</wf>
		<wf pos="NN">حَفاظتَس</wf>
		<wf pos="PSP">پٮ۪ٹھ</wf>
		<wf pos="RP">تہِ</wf>
		<wf pos="JJ">مرکَز</wf>
		<wf pos="VM">کٔرِتھ</wf>
		<wf pos="SYM">۔</wf>
</sentence>
<sentence s_id="55">
		<wf pos="RB">پوشہ</wf>
		<wf pos="NN">تھَرِ</wf>
		<wf pos="PSP">پٮ۪ٹھ</wf>
		<wf pos="RB">ٲلۍ</wf>
		<wf pos="POW">ہن</wf>
		<wf pos="VAUX">چھَے</wf>
		<wf pos="NN">والہٕ</wf>
		<wf pos="NEG">نے</wf>
		<wf pos="DEM">اَتھ</wf>
		<wf pos="NN">زالہٕ</wf>
		<wf pos="NEG">نے</wf>
		<wf pos="SYM">۔</wf>
</sentence>
<sentence s_id="56">
		<wf pos="NN">کٲلۍ</wf>
		<wf pos="VM">تراوُن</wf>
		<wf pos="NN">باغ</wf>
		<wf pos="VAUX">آسی</wf>
		<wf pos="VM">وَن</wf>
		<wf pos="RB">ژے</wf>
		<wf pos="WQ">کیا</wf>
		<wf pos="NN">انکار</wf>
		<wf pos="RB">چھُے</wf>
		<wf pos="SYM">۔</wf>
</sentence>
<sentence s_id="57">
		<wf pos="NN">کمرٕ</wf>
		<wf pos="PSP">منٛز</wf>
		<wf pos="VM">درٛاو</wf>
		<wf pos="NST">نٮ۪بر،</wf>
		<wf pos="VM">پکان</wf>
		<wf pos="RDP">پکان</wf>
		<wf pos="VM" sense_id="2">پیٚیہِ</wf>
		<wf pos="PRP">تَس</wf>
		<wf pos="PRP">پننِس</wf>
		<wf pos="NN">کھورِس</wf>
		<wf pos="NNC">چپنہِ</wf>
		<wf pos="NN">کھۄرس</wf>
		<wf pos="PSP">پٮ۪ٹھ</wf>
		<wf pos="NN">نظر</wf>
		<wf pos="PRP">سُہ</wf>
		<wf pos="PSP">زن</wf>
		<wf pos="VM">باسیوو</wf>
		<wf pos="PRP">تَس</wf>
		<wf pos="RB">پٔتۍمٮ۪ن</wf>
		<wf pos="NNP">دمن</wf>
		<wf pos="PSP">پٮ۪ٹھ</wf>
		<wf pos="NN">کھۄرو</wf>
		<wf pos="PSP">منٛز</wf>
		<wf pos="VM">کوٚڈُن</wf>
		<wf pos="CC">تہٕ</wf>
		<wf pos="NN">سٹوٗلس</wf>
		<wf pos="PSP">پٮ۪ٹھ</wf>
		<wf pos="VM">بِہِتھ</wf>
		<wf pos="VM">لوٚگ</wf>
		<wf pos="DEM">اَتھ</wf>
		<wf pos="VM">وُچھنہِ</wf>
		<wf pos="DEM">یُس</wf>
		<wf pos="JJ">خستہٕ</wf>
		<wf pos="NN">حال</wf>
		<wf pos="VAUX">اوس</wf>
		<wf pos="VM">گوٚمُت</wf>
		<wf pos="SYM">۔</wf>
</sentence>
<sentence s_id="58">
		<wf pos="NNP">بسنتی</wf>
		<wf pos="VM" sense_id="2">پیٚیہِ</wf>
		<wf pos="PRP">تِم</wf>
		<wf pos="QC">برؤنۍ</wf>
		<wf pos="NN">ٹاس</wf>
		<wf pos="VM">یاد</wf>
		<wf pos="DEM">یِم</wf>
		<wf pos="PRP">سۄ</wf>
		<wf pos="VM">رَبہِ</wf>
		<wf pos="NN">دۄگلن</wf>
		<wf pos="VM">بناوان</wf>
		<wf pos="VAUX">ٲس</wf>
		<wf pos="DEM">یِم</wf>
		<wf pos="NN">دۄگل</wf>
		<wf pos="NNC">وٮ۪سن</wf>
		<wf pos="VM">لایان</wf>
		<wf pos="VAUX">ٲس</wf>
		<wf pos="DEM">اتھ</wf>
		<wf pos="PSP">پٮ۪ٹھ</wf>
		<wf pos="NN">آسس</wf>
		<wf pos="NN">مسلمان</wf>
		<wf pos="NNC">کورِ</wf>
		<wf pos="NN">وُٹکر</wf>
		<wf pos="NN">ووہو</wf>
		<wf pos="VM">کڑان</wf>
		<wf pos="CC">تہٕ</wf>
		<wf pos="NNP">بسنتی</wf>
		<wf pos="VAUX">ٲس</wf>
		<wf pos="RB">دوٗر</wf>
		<wf pos="NN">بِہَتھ</wf>
		<wf pos="NN">ژَرِ</wf>
		<wf pos="NN">پوٚپ</wf>
		<wf pos="VM">وایان</wf>
		<wf pos="SYM">۔</wf>
</sentence>
<sentence s_id="59">
		<wf pos="NN">قلندرَن</wf>
		<wf pos="VM">ووٚنُس</wf>
		<wf pos="PRP">ژٕ</wf>
		<wf pos="WQ">کوٚت</wf>
		<wf pos="VM">ژَلان؟</wf>
		<wf pos="NN">درویش</wf>
		<wf pos="VM">لوٚگ</wf>
		<wf pos="NN">وَدَن</wf>
		<wf pos="NN">باکہٕ</wf>
		<wf pos="VM">ژَھٹنہِ</wf>
		<wf pos="VM">،</wf>
		<wf pos="VM">نفسٕنۍ</wf>
		<wf pos="NNP">سانٛگ</wf>
		<wf pos="RP">حض</wf>
		<wf pos="CC">تہٕ</wf>
		<wf pos="PRP">بیٚیہِ</wf>
		<wf pos="WQ">کیٛاہ؟</wf>
		<wf pos="RB">یِتھٕ</wf>
		<wf pos="POW">پٲٹھۍ</wf>
		<wf pos="VAUX">چُھم</wf>
		<wf pos="VM">بٔنِتھ</wf>
		<wf pos="VAUX">آمُت</wf>
		<wf pos="NN">قلندرَن</wf>
		<wf pos="JJ">کوٚڑ</wf>
		<wf pos="NN">نالہٕ</wf>
		<wf pos="NN">پھیرَن</wf>
		<wf pos="JJ">جنٛدٕ</wf>
		<wf pos="VM">،دوٚپنَس</wf>
		<wf pos="NN">ترٛاو</wf>
		<wf pos="PSP">تام</wf>
		<wf pos="VM">ڈاپھ،</wf>
		<wf pos="DEM">یہِ</wf>
		<wf pos="NN">پھیٚرَن</wf>
		<wf pos="VM">ترٛاوُن</wf>
		<wf pos="PSP">پٮ۪ٹھ،</wf>
		<wf pos="PRP">أمۍ</wf>
		<wf pos="VM">کوٚر</wf>
		<wf pos="DEM">یی</wf>
		<wf pos="PRP">أمِس</wf>
		<wf pos="RB">یُتھُے</wf>
		<wf pos="NN">نِنٛدٕر</wf>
		<wf pos="VM" sense_id="2">پیٚیہِ</wf>
		<wf pos="VM">لوٚگ</wf>
		<wf pos="NN">جنتَس</wf>
		<wf pos="VM">پھیرنہِ</wf>
		<wf pos="PRP">،کنہِ</wf>
		<wf pos="NN">جنتَس</wf>
		<wf pos="PSP">مَنٛز</wf>
		<wf pos="VAUX">گوس</wf>
		<wf pos="NEG">نہٕ</wf>
		<wf pos="PRP">سُہ</wf>
		<wf pos="PRP">پنُن</wf>
		<wf pos="NN">پادشاہ</wf>
		<wf pos="NN">نَظرِ</wf>
		<wf pos="SYM">۔</wf>
</sentence>
<sentence s_id="60">
		<wf pos="NNP">اشرف</wf>
		<wf pos="RP">صٲب</wf>
		<wf pos="VAUX">گو</wf>
		<wf pos="JJ">شرمندٕ</wf>
		<wf pos="PSP">ہیوٗ</wf>
		<wf pos="NN">چایہِ</wf>
		<wf pos="QF">داماہ</wf>
		<wf pos="RDP">داماہ</wf>
		<wf pos="VM">چیوان</wf>
		<wf pos="VM">بیوٗٹھ</wf>
		<wf pos="NN">فایلہِ</wf>
		<wf pos="RDP">ورقا</wf>
		<wf pos="NN">ورقا</wf>
		<wf pos="VM">پھران</wf>
		<wf pos="PRP">تس</wf>
		<wf pos="PSP">زن</wf>
		<wf pos="VAUX">ٲس</wf>
		<wf pos="RB">از</wf>
		<wf pos="NN">دِلٕچ</wf>
		<wf pos="NN">دُبراے</wf>
		<wf pos="JJ">تیز</wf>
		<wf pos="RP">ہنا</wf>
		<wf pos="VM">باسان</wf>
		<wf pos="PRP">سُہ</wf>
		<wf pos="VM">ووٚتھ</wf>
		<wf pos="NN">کرسی</wf>
		<wf pos="PSP">پٮ۪ٹھ</wf>
		<wf pos="JJ">تھوٚد</wf>
		<wf pos="NN">کمرٕ</wf>
		<wf pos="PSP">منٛز</wf>
		<wf pos="VM">درٛاو</wf>
		<wf pos="NST">نٮ۪بر،</wf>
		<wf pos="VM">پکان</wf>
		<wf pos="RDP">پکان</wf>
		<wf pos="VM" sense_id="2">پیٚیہِ</wf>
		<wf pos="PRP">تَس</wf>
		<wf pos="PRP">پننِس</wf>
		<wf pos="NN">کھوفرِس</wf>
		<wf pos="NNC">چپنہِ</wf>
		<wf pos="NN">کھۄرس</wf>
		<wf pos="PSP">پٮ۪ٹھ</wf>
		<wf pos="NN">نظر</wf>
		<wf pos="PRP">سُہ</wf>
		<wf pos="PSP">زن</wf>
		<wf pos="VM">باسیوو</wf>
		<wf pos="PRP">تَس</wf>
		<wf pos="RB">پٔتۍمٮ۪ن</wf>
		<wf pos="NNP">دمن</wf>
		<wf pos="PSP">پٮ۪ٹھ</wf>
		<wf pos="SYM">۔</wf>
</sentence>
<sentence s_id="61">
		<wf pos="RB">ییٚلہِ</wf>
		<wf pos="NNP">کٔشیٖر</wf>
		<wf pos="PSP">ہٕنز</wf>
		<wf pos="NN">زمین</wf>
		<wf pos="NNP">شراین</wf>
		<wf pos="NN">بورڈس</wf>
		<wf pos="VM">دِنُک</wf>
		<wf pos="NN">فٲصلہٕ</wf>
		<wf pos="RB">واپس</wf>
		<wf pos="VM">نِنہٕ</wf>
		<wf pos="VAUX">آو</wf>
		<wf pos="NN">لُکن</wf>
		<wf pos="VAUX">ٲس</wf>
		<wf pos="NN">راےٕ</wf>
		<wf pos="CC">زِ</wf>
		<wf pos="RB">وۄنۍ</wf>
		<wf pos="VAUX">گژھِ</wf>
		<wf pos="JJ">سورُے</wf>
		<wf pos="CC">بیٚیہِ</wf>
		<wf pos="JJ">ٹھیک</wf>
		<wf pos="CC">مگر</wf>
		<wf pos="PRP">کینٛہہ</wf>
		<wf pos="NN">دۄہ</wf>
		<wf pos="RB">پتے</wf>
		<wf pos="VM">دیت</wf>
		<wf pos="NNP">جوٚمہِ</wf>
		<wf pos="PSP">کٮ۪ن</wf>
		<wf pos="PRP">کمۍتام</wf>
		<wf pos="NN">ہٕس</wf>
		<wf pos="CC">تہٕ</wf>
		<wf pos="PRP">تِم</wf>
		<wf pos="RP">تہِ</wf>
		<wf pos="VM">وولییہِ</wf>
		<wf pos="RB">ہنگتہ</wf>
		<wf pos="POW">منگس</wf>
		<wf pos="PSP">پٮ۪ٹھ</wf>
		<wf pos="PRP">أمۍ</wf>
		<wf pos="NNP">وۄلسنن</wf>
		<wf pos="NN">دیت</wf>
		<wf pos="JJ">اقصٲدی</wf>
		<wf pos="NN">ناکہٕ</wf>
		<wf pos="POW">بندی</wf>
		<wf pos="VM">زایُن</wf>
		<wf pos="DEM">ییٚمہِ</wf>
		<wf pos="PSP">سۭتۍ</wf>
		<wf pos="NN">وادی</wf>
		<wf pos="PSP">ہٕنٛزِ</wf>
		<wf pos="NN">زندگی</wf>
		<wf pos="PSP">ہٕندۍ</wf>
		<wf pos="NN">ہگر</wf>
		<wf pos="RB">ژرٛوٹہٕ</wf>
		<wf pos="VM">بیٖٹھۍ</wf>
		<wf pos="NN">آزادٕ</wf>
		<wf pos="POW">نۍ</wf>
		<wf pos="JJ">رلہٕمِلہٕ</wf>
		<wf pos="NN">سرکارس</wf>
		<wf pos="VAUX">آو</wf>
		<wf pos="QO">گۄڈٕنیٛک</wf>
		<wf pos="NN">واو</wf>
		<wf pos="CC">تہٕ</wf>
		<wf pos="PRP">سۄ</wf>
		<wf pos="VM" sense_id="2">پیٚیہِ</wf>
		<wf pos="RB">لٲر</wf>
		<wf pos="PSP">ہِش</wf>
		<wf pos="DEM">اَمہِ</wf>
		<wf pos="RP">کھۄتہٕ</wf>
		<wf pos="NN">لتہٕ</wf>
		<wf pos="VAUX">آو</wf>
		<wf pos="JJ">مین</wf>
		<wf pos="NN">سٹریٖم</wf>
		<wf pos="JJ">سیٲسی</wf>
		<wf pos="NN">جمٲژن</wf>
		<wf pos="NN">ریاستس</wf>
		<wf pos="PSP">منٛز</wf>
		<wf pos="VAUX">آو</wf>
		<wf pos="NNP">گورنر</wf>
		<wf pos="NN">راج</wf>
		<wf pos="VM">قٲیِم</wf>
		<wf pos="VM">کرنہ</wf>
		<wf pos="CC">تہٕ</wf>
		<wf pos="DEM">امہِ</wf>
		<wf pos="RB">پتَے</wf>
		<wf pos="NNP">ہندوستٲنۍ</wf>
		<wf pos="NNC">چناو</wf>
		<wf pos="NN">کمیشن</wf>
		<wf pos="PSP">سُنٛد</wf>
		<wf pos="NN">ریاستس</wf>
		<wf pos="PSP">منٛز</wf>
		<wf pos="NN">نومبر</wf>
		<wf pos="NN">دسمبرس</wf>
		<wf pos="PSP">منٛز</wf>
		<wf pos="NN">اسمبلی</wf>
		<wf pos="NN">چناو</wf>
		<wf pos="VM">کرناونچہِ</wf>
		<wf pos="NN">پار</wf>
		<wf pos="DEM">یہِ</wf>
		<wf pos="VM">دیُت</wf>
		<wf pos="NNP">کٲشرِس</wf>
		<wf pos="QC">أکس</wf>
		<wf pos="QF">رژھِ</wf>
		<wf pos="RP">تہِ</wf>
		<wf pos="NN">آرام</wf>
		<wf pos="VM">کرنہٕ</wf>
		<wf pos="SYM">۔</wf>
</sentence>
<sentence s_id="62">
		<wf pos="RB">ییٚلہِ</wf>
		<wf pos="NNP">شراین</wf>
		<wf pos="NN">بورڈس</wf>
		<wf pos="NN">زمین</wf>
		<wf pos="VM">دِنُک</wf>
		<wf pos="NN">فٲصلہٕ</wf>
		<wf pos="RB">واپس</wf>
		<wf pos="VM">نِنہٕ</wf>
		<wf pos="VAUX">آو</wf>
		<wf pos="NN">لُکن</wf>
		<wf pos="VAUX">ٲس</wf>
		<wf pos="NN">راےٕ</wf>
		<wf pos="CC">زِ</wf>
		<wf pos="RB">وۄنۍ</wf>
		<wf pos="VAUX">گژھِ</wf>
		<wf pos="JJ">سورُے</wf>
		<wf pos="CC">بیٚیہِ</wf>
		<wf pos="JJ">ٹھیک</wf>
		<wf pos="CC">مگر</wf>
		<wf pos="PRP">کینٛہہ</wf>
		<wf pos="NN">دۄہ</wf>
		<wf pos="RB">پتے</wf>
		<wf pos="VM">دیت</wf>
		<wf pos="NNP">جوٚمہِ</wf>
		<wf pos="PSP">کٮ۪ن</wf>
		<wf pos="PRP">کمۍتام</wf>
		<wf pos="NN">ہٕس</wf>
		<wf pos="CC">تہٕ</wf>
		<wf pos="PRP">تِم</wf>
		<wf pos="RP">تہِ</wf>
		<wf pos="VM">وولییہِ</wf>
		<wf pos="RB">ہنگتہ</wf>
		<wf pos="POW">منگس</wf>
		<wf pos="PSP">پٮ۪ٹھ</wf>
		<wf pos="PRP">أمۍ</wf>
		<wf pos="NNP">وۄلسنن</wf>
		<wf pos="NN">دیت</wf>
		<wf pos="JJ">اقصٲدی</wf>
		<wf pos="NN">ناکہٕ</wf>
		<wf pos="POW">بندی</wf>
		<wf pos="VM">زایُن</wf>
		<wf pos="DEM">ییٚمہِ</wf>
		<wf pos="PSP">سۭتۍ</wf>
		<wf pos="NN">وادی</wf>
		<wf pos="PSP">ہٕنٛزِ</wf>
		<wf pos="NN">زندگی</wf>
		<wf pos="PSP">ہٕندۍ</wf>
		<wf pos="NN">ہگر</wf>
		<wf pos="RB">ژرٛوٹہٕ</wf>
		<wf pos="VM">بیٖٹھۍ</wf>
		<wf pos="NN">آزادٕ</wf>
		<wf pos="POW">نۍ</wf>
		<wf pos="JJ">رلہٕمِلہٕ</wf>
		<wf pos="NN">سرکارس</wf>
		<wf pos="VM" sense_id="2">پیٚیہِ</wf>
		<wf pos="RB">لٲر</wf>
		<wf pos="PSP">ہِش</wf>
		<wf pos="NN">ریاستس</wf>
		<wf pos="PSP">منٛز</wf>
		<wf pos="VAUX">آو</wf>
		<wf pos="NNP">گورنر</wf>
		<wf pos="NN">راج</wf>
		<wf pos="VM">قٲیِم</wf>
		<wf pos="VM">کرنہ</wf>
		<wf pos="CC">تہٕ</wf>
		<wf pos="DEM">امہِ</wf>
		<wf pos="RB">پتَے</wf>
		<wf pos="NNP">ہندوستٲنۍ</wf>
		<wf pos="NNC">چناو</wf>
		<wf pos="NN">کمیشن</wf>
		<wf pos="PSP">سُنٛد</wf>
		<wf pos="NN">ریاستس</wf>
		<wf pos="PSP">منٛز</wf>
		<wf pos="NN">نومبر</wf>
		<wf pos="NN">دسمبرس</wf>
		<wf pos="PSP">منٛز</wf>
		<wf pos="NN">اسمبلی</wf>
		<wf pos="NN">چناو</wf>
		<wf pos="VM">کرناونچہِ</wf>
		<wf pos="NN">پار</wf>
		<wf pos="DEM">یہِ</wf>
		<wf pos="VM">دیُت</wf>
		<wf pos="NNP">کٲشرِس</wf>
		<wf pos="QC">أکس</wf>
		<wf pos="QF">رژھِ</wf>
		<wf pos="RP">تہِ</wf>
		<wf pos="NN">آرام</wf>
		<wf pos="VM">کرنہٕ</wf>
		<wf pos="JJ">چنٲوی</wf>
		<wf pos="NN">عملہِ</wf>
		<wf pos="PSP">دوران</wf>
		<wf pos="VAUX">گوٚو</wf>
		<wf pos="JJ">سورُے</wf>
		<wf pos="NN">وَق</wf>
		<wf pos="NN">احتجاجن</wf>
		<wf pos="CC">تہٕ</wf>
		<wf pos="NN">ہرتالن</wf>
		<wf pos="PSP">بُزۍ</wf>
		<wf pos="CC">تہٕ</wf>
		<wf pos="RB">باقٕے</wf>
		<wf pos="NN">کسر</wf>
		<wf pos="VM">کٔڑنس</wf>
		<wf pos="NN">سرکارن</wf>
		<wf pos="PRP">کنہِ</wf>
		<wf pos="NN">اعلانہٕ</wf>
		<wf pos="RB">ورٲیی</wf>
		<wf pos="NN">کرفیوٗ</wf>
		<wf pos="VM">لاگنن</wf>
		<wf pos="SYM">۔</wf>
</sentence>
<sentence s_id="63">
		<wf pos="CC">اگر</wf>
		<wf pos="PRP">اَسِہ</wf>
		<wf pos="NN">‘ٹیبل’</wf>
		<wf pos="NN">لفظس</wf>
		<wf pos="PSP">پٮ۪ٹھ</wf>
		<wf pos="NN">نظر</wf>
		<wf pos="VM" sense_id="2">پیٚیہِ</wf>
		<wf pos="CC">یا</wf>
		<wf pos="CC">اگر</wf>
		<wf pos="PRP">أسۍ</wf>
		<wf pos="NN">‘ٹیبل</wf>
		<wf pos="NN">آواز</wf>
		<wf pos="VM">بوزو</wf>
		<wf pos="NN">‘ٹ’</wf>
		<wf pos="NN">‘ے’</wf>
		<wf pos="NN">‘ب’</wf>
		<wf pos="NN">‘ل’</wf>
		<wf pos="NN">اچھر</wf>
		<wf pos="VAUX">چِھ</wf>
		<wf pos="CC">بیٚیہِ</wf>
		<wf pos="PRP">کنِہ</wf>
		<wf pos="NN">چیٖزُک</wf>
		<wf pos="NN">مطلب</wf>
		<wf pos="VM">تھاوان</wf>
		<wf pos="SYM">۔</wf>
</sentence>
<sentence s_id="64">
		<wf pos="DEM">یی</wf>
		<wf pos="VM">سونچان</wf>
		<wf pos="VM">سونچان</wf>
		<wf pos="VM" sense_id="2">پیٚیہِ</wf>
		<wf pos="PRP">أمِس</wf>
		<wf pos="NN">خاندارٕ</wf>
		<wf pos="PSP">سٕندِس</wf>
		<wf pos="NN">بُتھِس</wf>
		<wf pos="PSP">کن</wf>
		<wf pos="NN">نظر،</wf>
		<wf pos="DEM">یُس</wf>
		<wf pos="JJ">الگ</wf>
		<wf pos="PSP">کن</wf>
		<wf pos="PRP">پننِس</wf>
		<wf pos="NN">بسترس</wf>
		<wf pos="PSP">منٛز</wf>
		<wf pos="VM">شوٚنگِتھ</wf>
		<wf pos="VAUX">اوس</wf>
		<wf pos="PRP">أمِس</wf>
		<wf pos="VAUX">آو</wf>
		<wf pos="DEM">یہِ</wf>
		<wf pos="DEM">اَمہِ</wf>
		<wf pos="NN">وِزِ</wf>
		<wf pos="INTF">تیوٗت</wf>
		<wf pos="NN">شکیٖل</wf>
		<wf pos="VM">بوزنہٕ</wf>
		<wf pos="NN">ونٕنچ</wf>
		<wf pos="NN">کتھ</wf>
		<wf pos="VM">چھنہٕ</wf>
		<wf pos="SYM">۔</wf>
</sentence>
<sentence s_id="65">
		<wf pos="NN">چایہِ</wf>
		<wf pos="QF">داماہ</wf>
		<wf pos="RDP">داماہ</wf>
		<wf pos="VM">چیوان</wf>
		<wf pos="VM">بیوٗٹھ</wf>
		<wf pos="NNP">اشرف</wf>
		<wf pos="RP">صٲب</wf>
		<wf pos="NN">فایلہِ</wf>
		<wf pos="RDP">ورقا</wf>
		<wf pos="NN">ورقا</wf>
		<wf pos="VM">پھران</wf>
		<wf pos="PRP">تس</wf>
		<wf pos="PSP">زن</wf>
		<wf pos="VAUX">ٲس</wf>
		<wf pos="RB">از</wf>
		<wf pos="NN">دِلٕچ</wf>
		<wf pos="NN">دُبراے</wf>
		<wf pos="JJ">تیز</wf>
		<wf pos="RP">ہنا</wf>
		<wf pos="VM">باسان</wf>
		<wf pos="PRP">سُہ</wf>
		<wf pos="VM">ووٚتھ</wf>
		<wf pos="NN">کرسی</wf>
		<wf pos="PSP">پٮ۪ٹھ</wf>
		<wf pos="JJ">تھوٚد</wf>
		<wf pos="NN">کمرٕ</wf>
		<wf pos="PSP">منٛز</wf>
		<wf pos="VM">درٛاو</wf>
		<wf pos="NST">نٮ۪بر،</wf>
		<wf pos="VM">پکان</wf>
		<wf pos="RDP">پکان</wf>
		<wf pos="VM" sense_id="2">پیٚیہِ</wf>
		<wf pos="PRP">تَس</wf>
		<wf pos="PRP">پننِس</wf>
		<wf pos="NN">کھورِس</wf>
		<wf pos="NNC">چپنہِ</wf>
		<wf pos="NN">کھۄرس</wf>
		<wf pos="PSP">پٮ۪ٹھ</wf>
		<wf pos="NN">نظر</wf>
		<wf pos="PRP">سُہ</wf>
		<wf pos="PSP">زن</wf>
		<wf pos="VM">باسیوو</wf>
		<wf pos="PRP">تَس</wf>
		<wf pos="RB">پٔتۍمٮ۪ن</wf>
		<wf pos="NNP">دمن</wf>
		<wf pos="PSP">پٮ۪ٹھ</wf>
		<wf pos="NN">کھۄرو</wf>
		<wf pos="PSP">منٛز</wf>
		<wf pos="VM">کوٚڈُن</wf>
		<wf pos="CC">تہٕ</wf>
		<wf pos="NN">سٹوٗلس</wf>
		<wf pos="PSP">پٮ۪ٹھ</wf>
		<wf pos="VM">بِہِتھ</wf>
		<wf pos="VM">لوٚگ</wf>
		<wf pos="DEM">اَتھ</wf>
		<wf pos="VM">وُچھنہِ</wf>
		<wf pos="DEM">یُس</wf>
		<wf pos="JJ">خستہٕ</wf>
		<wf pos="NN">حال</wf>
		<wf pos="VAUX">اوس</wf>
		<wf pos="VM">گوٚمُت</wf>
		<wf pos="SYM">۔</wf>
</sentence>
<sentence s_id="66">
		<wf pos="NN">شُرٮ۪ن</wf>
		<wf pos="RB">ییٚلہٕ</wf>
		<wf pos="NN">نَظَر</wf>
		<wf pos="VM" sense_id="2">پیٚیہِ</wf>
		<wf pos="PRP">تِمَن</wf>
		<wf pos="VAUX">گو</wf>
		<wf pos="NN">ہٲبَتھ</wf>
		<wf pos="NN">بُتھٮ۪ن</wf>
		<wf pos="VM">پھیٖرٕکھ</wf>
		<wf pos="NN">لیٚدرِ</wf>
		<wf pos="VM">ژھَٹھ</wf>
		<wf pos="SYM">۔</wf>
</sentence>
<sentence s_id="67">
		<wf pos="NN">کمرٕ</wf>
		<wf pos="PSP">منٛز</wf>
		<wf pos="VM">درٛاو</wf>
		<wf pos="NST">نٮ۪بر،</wf>
		<wf pos="VM">پکان</wf>
		<wf pos="RDP">پکان</wf>
		<wf pos="VM" sense_id="2">پیٚیہِ</wf>
		<wf pos="PRP">تَس</wf>
		<wf pos="PRP">پننِس</wf>
		<wf pos="NN">کھورِس</wf>
		<wf pos="NNC">چپنہِ</wf>
		<wf pos="NN">کھۄرس</wf>
		<wf pos="PSP">پٮ۪ٹھ</wf>
		<wf pos="NN">نظر</wf>
		<wf pos="PRP">سُہ</wf>
		<wf pos="PSP">زن</wf>
		<wf pos="VM">باسیوو</wf>
		<wf pos="PRP">تَس</wf>
		<wf pos="RB">پٔتۍمٮ۪ن</wf>
		<wf pos="NNP">دمن</wf>
		<wf pos="PSP">پٮ۪ٹھ</wf>
		<wf pos="NN">کھۄرو</wf>
		<wf pos="PSP">منٛز</wf>
		<wf pos="VM">کوٚڈُن</wf>
		<wf pos="CC">تہٕ</wf>
		<wf pos="NN">سٹوٗلس</wf>
		<wf pos="PSP">پٮ۪ٹھ</wf>
		<wf pos="VM">بِہِتھ</wf>
		<wf pos="VM">لوٚگ</wf>
		<wf pos="VM">وُچھنہِ</wf>
		<wf pos="DEM">اَتھ</wf>
		<wf pos="DEM">کوس</wf>
		<wf pos="NN">حال</wf>
		<wf pos="VAUX">اوس</wf>
		<wf pos="VM">گوٚمُت</wf>
		<wf pos="SYM">۔</wf>
</sentence>
<sentence s_id="68">
		<wf pos="DEM">تَمہِ</wf>
		<wf pos="VM">کوٚر</wf>
		<wf pos="PRP">تِمن</wf>
		<wf pos="NN">ٹیلفون</wf>
		<wf pos="CC">زِ</wf>
		<wf pos="DEM">یہِ</wf>
		<wf pos="VM">رٔٹۍزیوٛن</wf>
		<wf pos="RB">توٚتام</wf>
		<wf pos="RB">أتی</wf>
		<wf pos="RB">یوٚتام</wf>
		<wf pos="PRP">أسۍ</wf>
		<wf pos="RB">واپس</wf>
		<wf pos="NN">پھیرَو</wf>
		<wf pos="RB">اچانک</wf>
		<wf pos="VM" sense_id="2">پیٚیہِ</wf>
		<wf pos="INTF">سٮ۪ٹھاہ</wf>
		<wf pos="JJ">ضروری</wf>
		<wf pos="NN">کٲم</wf>
		<wf pos="CC">تہٕ</wf>
		<wf pos="NN">سرکارن</wf>
		<wf pos="VAUX">چُھ</wf>
		<wf pos="PRP">سانہِ</wf>
		<wf pos="PSP">باپتھ</wf>
		<wf pos="NN">سیکورٹی</wf>
		<wf pos="PSP">ہُند</wf>
		<wf pos="INTF">زبردست</wf>
		<wf pos="NN">بندبست</wf>
		<wf pos="VM">کوٚرمُت</wf>
		<wf pos="SYM">۔</wf>
</sentence>
<sentence s_id="69">
		<wf pos="NNP">پادشٲہی</wf>
		<wf pos="VAUX">چَھ</wf>
		<wf pos="NEG">نہٕ</wf>
		<wf pos="VM">روزان</wf>
		<wf pos="JJ">کم</wf>
		<wf pos="JJ">کم</wf>
		<wf pos="JJ">رٲیل</wf>
		<wf pos="VM" sense_id="2">پیٚیہِ</wf>
		<wf pos="NN">پَتھَر</wf>
		<wf pos="CC">تہٕ</wf>
		<wf pos="NN">خاک</wf>
		<wf pos="VAUX">سپٕدۍ</wf>
		<wf pos="NN">ناو</wf>
		<wf pos="RP">تِہ</wf>
		<wf pos="VAUX">چُھکھ</wf>
		<wf pos="NEG">نہٕ</wf>
		<wf pos="PRP">کانٛہہ</wf>
		<wf pos="VM">ہۍوان</wf>
		<wf pos="SYM">۔</wf>
</sentence>
<sentence s_id="70">
		<wf pos="NNP">فاروقَن</wf>
		<wf pos="DEM">یہِ</wf>
		<wf pos="PRP">کینٛژھاہ</wf>
		<wf pos="PRP">مےٚ</wf>
		<wf pos="VM">ووٚن،</wf>
		<wf pos="DEM">تَتھ</wf>
		<wf pos="PSP">پٮ۪ٹھ</wf>
		<wf pos="VM" sense_id="2">پیٚیہِ</wf>
		<wf pos="QC">اکھ</wf>
		<wf pos="NN">کتھ</wf>
		<wf pos="NN">یاد</wf>
		<wf pos="JJ">کم</wf>
		<wf pos="POW">ازکم</wf>
		<wf pos="QC">شتوُہ</wf>
		<wf pos="NN">ؤری</wf>
		<wf pos="JJ">پرٲنۍ</wf>
		<wf pos="NN">کتھ</wf>
		<wf pos="PRP">تِمن</wf>
		<wf pos="NN">دۄہن</wf>
		<wf pos="VAUX">اوس</wf>
		<wf pos="NNP">کٔشیٖر</wf>
		<wf pos="PSP">پٮ۪ٹھ</wf>
		<wf pos="NNPC">مہاراجہ</wf>
		<wf pos="NNPC">ہری</wf>
		<wf pos="NNP">سنگھ</wf>
		<wf pos="PSP">سُند</wf>
		<wf pos="NN">راج</wf>
		<wf pos="SYM">۔</wf>
</sentence>
<sentence s_id="71">
		<wf pos="NNC">گوٚبرٕ</wf>
		<wf pos="NN">مٲلۍ</wf>
		<wf pos="PSP">سُنٛد</wf>
		<wf pos="NN">ییٚنہِوول</wf>
		<wf pos="VM">سَکھراونَس</wf>
		<wf pos="PSP">سۭتۍ</wf>
		<wf pos="VAUX">چِھ</wf>
		<wf pos="DEM">یِم</wf>
		<wf pos="NN">رسٕم</wf>
		<wf pos="VM">شٲمِل</wf>
		<wf pos="SYM">:</wf>
		<wf pos="QC">ــ/۱/ــ</wf>
		<wf pos="NNC">لٔگنہٕ</wf>
		<wf pos="NN">چیٖرۍ</wf>
		<wf pos="QC">ــ/۲/ــ</wf>
		<wf pos="NNC">سیٚہرٕن</wf>
		<wf pos="NN">گنڈُن</wf>
		<wf pos="QC">ــ/۳/ــ</wf>
		<wf pos="NN">ویٛوٗگ</wf>
		<wf pos="QC">ــ/۴/ــ</wf>
		<wf pos="NN">ییٚنہِوول</wf>
		<wf pos="SYM">ـ</wf>
		<wf pos="DEM">یِمَو</wf>
		<wf pos="NN">حٲرۍثاتَو</wf>
		<wf pos="CC">یوٚدوے</wf>
		<wf pos="NNP">ٹایسن</wf>
		<wf pos="NN">تنگ</wf>
		<wf pos="VM">أنِتھ</wf>
		<wf pos="PRP">کنہِ</wf>
		<wf pos="NN">وَقتَس</wf>
		<wf pos="JJ">بےاعتدال</wf>
		<wf pos="RP">تہِ</wf>
		<wf pos="VM">بنوو</wf>
		<wf pos="CC">اماپوز</wf>
		<wf pos="PRP">پنہٕ</wf>
		<wf pos="POW">نٮ۪ن</wf>
		<wf pos="NN">مداحن</wf>
		<wf pos="CC">تہٕ</wf>
		<wf pos="NN">قدردانَن</wf>
		<wf pos="PSP">ہٕندِ</wf>
		<wf pos="JJ">اِخلٲقی</wf>
		<wf pos="NN">حِمایتہٕ</wf>
		<wf pos="PSP">سۭتۍ</wf>
		<wf pos="VAUX">گو</wf>
		<wf pos="PRP">سُہ</wf>
		<wf pos="CC">بیٚیہِ</wf>
		<wf pos="JJ">تروتازٕ</wf>
		<wf pos="CC">تہٕ</wf>
		<wf pos="PRP">تٔمۍ</wf>
		<wf pos="VM">کوٚر</wf>
		<wf pos="NN">جنوری</wf>
		<wf pos="QC">۲۰۰۰</wf>
		<wf pos="PSP">منز</wf>
		<wf pos="NNP">برطانیہِ</wf>
		<wf pos="PSP">کس</wf>
		<wf pos="NNPC">قویہیکل</wf>
		<wf pos="NNPC">جولیس</wf>
		<wf pos="NNP">فرانَسس</wf>
		<wf pos="NN">ناوٕ</wf>
		<wf pos="PSP">کس</wf>
		<wf pos="NN">مُکہٕبازَس</wf>
		<wf pos="PSP">سۭتۍ</wf>
		<wf pos="NN">مُقابلہٕ</wf>
		<wf pos="VM">کرنُک</wf>
		<wf pos="NN">چیلینج</wf>
		<wf pos="VM">قبول</wf>
		<wf pos="CC">تہٕ</wf>
		<wf pos="PSP">سۭتۍ</wf>
		<wf pos="VM">ونُن</wf>
		<wf pos="DEM">یہِ</wf>
		<wf pos="RP">تہِ</wf>
		<wf pos="CC">زِ</wf>
		<wf pos="RB">شاید</wf>
		<wf pos="VM" sense_id="2">پیٚیہِ</wf>
		<wf pos="DEM">اتھ</wf>
		<wf pos="NN">مُقابلَس</wf>
		<wf pos="PSP">منٛز</wf>
		<wf pos="NNP">برطانیہَ</wf>
		<wf pos="PSP">کس</wf>
		<wf pos="JJ">قومی</wf>
		<wf pos="NNPC">باکسر</wf>
		<wf pos="NNPC">جولیس</wf>
		<wf pos="NNP">فرانسس</wf>
		<wf pos="NN">زندگی</wf>
		<wf pos="PSP">نِش</wf>
		<wf pos="NN">اَتھٕ</wf>
		<wf pos="VM">چھَلُن</wf>
		<wf pos="DEM">یہِ</wf>
		<wf pos="NN">مُقابلہٕ</wf>
		<wf pos="VAUX">آو</wf>
		<wf pos="NN">اعلانہٕ</wf>
		<wf pos="PSP">مطٲبِق</wf>
		<wf pos="VM">کرناوُن</wf>
		<wf pos="NN">تماشہٕ</wf>
		<wf pos="POW">بیٖنَن</wf>
		<wf pos="PSP">منز</wf>
		<wf pos="VAUX">ٲسۍ</wf>
		<wf pos="NN">ہالیوُڈٕکۍ</wf>
		<wf pos="JJ">وارِیاہ</wf>
		<wf pos="NN">فلمسٹار,</wf>
		<wf pos="JJ">,نامور</wf>
		<wf pos="NNC">فٹبال</wf>
		<wf pos="NN">پلیر</wf>
		<wf pos="NNP">ڈیوڈمین</wf>
		<wf pos="CC">تہٕ</wf>
		<wf pos="PRP">تٔمۍ</wf>
		<wf pos="PSP">سٕنز</wf>
		<wf pos="NN">زنانہٕ</wf>
		<wf pos="JJ">مشہور</wf>
		<wf pos="NNC">سپاٹیس</wf>
		<wf pos="NN">گرل</wf>
		<wf pos="NNP">وِکٹوریہِ</wf>
		<wf pos="RP">تہِ</wf>
		<wf pos="VM">شٲمِل</wf>
		<wf pos="SYM">۔</wf>
</sentence>
<sentence s_id="72">
		<wf pos="NN">ژوٗر</wf>
		<wf pos="VM">رٹنہٕ</wf>
		<wf pos="PSP">خٲطرٕ</wf>
		<wf pos="VM" sense_id="2">پیٚیہِ</wf>
		<wf pos="JJ">تیز</wf>
		<wf pos="NN">پکنَ</wf>
		<wf pos="SYM">۔</wf>
</sentence>
<sentence s_id="73">
		<wf pos="RB">اَز</wf>
		<wf pos="VM" sense_id="2">پیٚیہِ</wf>
		<wf pos="NNP">کشیٖرٕ</wf>
		<wf pos="PSP">منٛز</wf>
		<wf pos="JJ">درمیٲنی</wf>
		<wf pos="NN">مٮ۪قدارَس</wf>
		<wf pos="PSP">منٛز</wf>
		<wf pos="VM">روٗد</wf>
		<wf pos="CC">تہٕ</wf>
		<wf pos="NN">شیٖن</wf>
		<wf pos="SYM">۔</wf>
</sentence>
<sentence s_id="74">
		<wf pos="NN">دَپنہٕ</wf>
		<wf pos="VAUX">چُھ</wf>
		<wf pos="VM">یوان</wf>
		<wf pos="QC">زٕ</wf>
		<wf pos="NN">یِہُوس</wf>
		<wf pos="VM" sense_id="2">پیٚیہِ</wf>
		<wf pos="VM">روٗد</wf>
		<wf pos="JJ">واریاہ</wf>
		<wf pos="NN">برسٲژ</wf>
		<wf pos="PSP">منٛز</wf>
		<wf pos="SYM">۔</wf>
</sentence>
<sentence s_id="75">
		<wf pos="PRP">کینٛہہ</wf>
		<wf pos="RB">ٹھونٛٹھ</wf>
		<wf pos="VM">یِنہٕ</wf>
		<wf pos="PSP">کہِ</wf>
		<wf pos="PRP">وَجَہہ</wf>
		<wf pos="PSP">سۭتۍ</wf>
		<wf pos="VM" sense_id="2">پیٚیہِ</wf>
		<wf pos="VM">ٲڑرٲومٕژ</wf>
		<wf pos="NN">کٲم</wf>
		<wf pos="NN">أتھی</wf>
		<wf pos="VM">تھاوٕنۍ</wf>
		<wf pos="SYM">۔</wf>
</sentence>
<sentence s_id="76">
		<wf pos="RB">اَپور</wf>
		<wf pos="VM">ترنہٕ</wf>
		<wf pos="PSP">خٲطرٕ</wf>
		<wf pos="VM" sense_id="2">پیٚیہِ</wf>
		<wf pos="VM">رٹٕنۍ</wf>
		<wf pos="VAUX">آسہِ</wf>
		<wf pos="NN">ناو</wf>
		<wf pos="SYM">۔</wf>
</sentence>
<sentence s_id="77">
		<wf pos="JJ">مَجبوٗری</wf>
		<wf pos="NN">سَبہٕ</wf>
		<wf pos="VM" sense_id="2">پیٚیہِ</wf>
		<wf pos="PRP">اَسہِ</wf>
		<wf pos="JJ">بٕلیک</wf>
		<wf pos="NN">مارکٮ۪ٹِنٛگ</wf>
		<wf pos="NN">مَنٛزٕزیادٕ</wf>
		<wf pos="JJ">ضٔروٗری</wf>
		<wf pos="NN">چیٖز</wf>
		<wf pos="VM">اَنٕنۍ</wf>
		<wf pos="SYM">۔</wf>
</sentence>
<sentence s_id="78">
		<wf pos="NNP">ردَس</wf>
		<wf pos="PSP">منٛز</wf>
		<wf pos="VM">ؤسِتھ</wf>
		<wf pos="VAUX">گٲمتِس</wf>
		<wf pos="NN">مَکانَس</wf>
		<wf pos="VM" sense_id="2">پیٚیہِ</wf>
		<wf pos="JJ">نٔو</wf>
		<wf pos="NN">آگُر</wf>
		<wf pos="VM">کھالٕن</wf>
		<wf pos="SYM">۔</wf>
</sentence>
<sentence s_id="79">
		<wf pos="NNP">سُپیشَل</wf>
		<wf pos="NNP">ٹاسٕکۍ</wf>
		<wf pos="NN">فورسٕچ</wf>
		<wf pos="NN">آگُر</wf>
		<wf pos="VM" sense_id="2">پیٚیہِ</wf>
		<wf pos="VM">گۄڈنٕچہٕ</wf>
		<wf pos="NN:?">لَٹہِ</wf>
		<wf pos="NN">اُترپردیشَس</wf>
		<wf pos="PSP">منٛز</wf>
		<wf pos="SYM">۔</wf>
</sentence>
<sentence s_id="80">
		<wf pos="DEM">یہِ</wf>
		<wf pos="NN">نوکری</wf>
		<wf pos="VM">حٲصِل</wf>
		<wf pos="VM">کَرنہٕ</wf>
		<wf pos="PSP">خٲطرٕ</wf>
		<wf pos="VM" sense_id="2">پیٚیہِ</wf>
		<wf pos="PRP">مےٚ</wf>
		<wf pos="INTF">واریاہ</wf>
		<wf pos="JJ">دوڑ</wf>
		<wf pos="NN">دوٗپ</wf>
		<wf pos="VM">کَرٕنۍ</wf>
		<wf pos="SYM">۔</wf>
</sentence>
<sentence s_id="81">
		<wf pos="NN">زمیٖنس</wf>
		<wf pos="NN">دانٛد</wf>
		<wf pos="VM">واینان</wf>
		<wf pos="VM">واینان</wf>
		<wf pos="VM">ژوٚل</wf>
		<wf pos="QC">اکھ</wf>
		<wf pos="NN">دانٛد</wf>
		<wf pos="VM">تُجن</wf>
		<wf pos="NN">دور</wf>
		<wf pos="CC">تہٕ</wf>
		<wf pos="NN">یِپٔٹ</wf>
		<wf pos="VM" sense_id="2">پیٚیہِ</wf>
		<wf pos="NST">پتھر</wf>
		<wf pos="SYM">۔</wf>
</sentence>
<sentence s_id="82">
		<wf pos="NN">پونٛسہٕ</wf>
		<wf pos="VM">کَماونہٕ</wf>
		<wf pos="PSP">خٲطرٕ</wf>
		<wf pos="VAUX">چُھ</wf>
		<wf pos="PRP">مےٚ</wf>
		<wf pos="VM" sense_id="2">پیٚیہِ</wf>
		<wf pos="NN">پرُن</wf>
		<wf pos="VM">ترٛاوُن</wf>
		<wf pos="SYM">۔</wf>
</sentence>
<sentence s_id="83">
		<wf pos="DEM">اَمہِ</wf>
		<wf pos="NN">چیٖزٕ</wf>
		<wf pos="PSP">خٲطرٕ</wf>
		<wf pos="VM" sense_id="2">پیٚیہِ</wf>
		<wf pos="DEM">تِمَن</wf>
		<wf pos="NN">ووٹ</wf>
		<wf pos="VM">ترٛاوُن</wf>
		<wf pos="SYM">۔</wf>
</sentence>
<sentence s_id="84">
		<wf pos="NN">اَداکٲری</wf>
		<wf pos="PSP">خٲطرٕ</wf>
		<wf pos="VM" sense_id="2">پیٚیہِ</wf>
		<wf pos="PRP">مےٚ</wf>
		<wf pos="NN">پرُن</wf>
		<wf pos="VM">ترٛاوُن</wf>
		<wf pos="SYM">۔</wf>
</sentence>
<sentence s_id="85">
		<wf pos="RB">شاید</wf>
		<wf pos="VM" sense_id="2">پیٚیہِ</wf>
		<wf pos="NN">اَزروٗد</wf>
		<wf pos="SYM">۔</wf>
</sentence>
<sentence s_id="86">
		<wf pos="NN">اناج</wf>
		<wf pos="INTF">سٮ۪ٹھاہ</wf>
		<wf pos="VM">آسنہٕ</wf>
		<wf pos="VM">کِنۍ</wf>
		<wf pos="VM" sense_id="2">پیٚیہِ</wf>
		<wf pos="NEG">نہٕ</wf>
		<wf pos="PRP">اَسہِ</wf>
		<wf pos="PRP">زانٛہہ</wf>
		<wf pos="RP">تہِ</wf>
		<wf pos="NN">فاقہٕ</wf>
		<wf pos="VM">مَرُن</wf>
		<wf pos="SYM">۔</wf>
</sentence>
<sentence s_id="87">
		<wf pos="RB">ہیٚرِ</wf>
		<wf pos="PSP">پٮ۪ٹھ</wf>
		<wf pos="RB">ؤسۍ</wf>
		<wf pos="VM">پٮ۪نٕچ</wf>
		<wf pos="NN">آواز:لَرِ</wf>
		<wf pos="VM">پھِرُن</wf>
		<wf pos="NN">دِتٕھے</wf>
		<wf pos="VM" sense_id="2">پیٚیہِ</wf>
		<wf pos="RB">میٖرا</wf>
		<wf pos="NN">درٛۄپھ</wf>
		<wf pos="VM">کٔرِتھ</wf>
		<wf pos="SYM">۔</wf>
</sentence>
<sentence s_id="88">
		<wf pos="NN">زمیٖنس</wf>
		<wf pos="NN">دانٛد</wf>
		<wf pos="NN">واینس</wf>
		<wf pos="PSP">دوران</wf>
		<wf pos="VM">ژوٚل</wf>
		<wf pos="QC">اکھ</wf>
		<wf pos="NN">دانٛد</wf>
		<wf pos="CC">تہٕ</wf>
		<wf pos="NN">یِپٔٹ</wf>
		<wf pos="VM" sense_id="2">پیٚیہِ</wf>
		<wf pos="NN">پتھرکٔمُیل</wf>
		<wf pos="VAUX">چُھ</wf>
		<wf pos="NN">یٕپٔٹ</wf>
		<wf pos="NN">دانَدس</wf>
		<wf pos="NN">پھٮ۪کٮ۪ن</wf>
		<wf pos="PSP">پٮ۪ٹھ</wf>
		<wf pos="VM">تھاوان</wf>
		<wf pos="SYM">۔</wf>
</sentence>
<sentence s_id="89">
		<wf pos="PRP">سۄ</wf>
		<wf pos="NN">سٮ۪ٹفِکیٹ</wf>
		<wf pos="DEM">یۄس</wf>
		<wf pos="NN">ہاوٕ</wf>
		<wf pos="CC">زِ</wf>
		<wf pos="RB">نَفر</wf>
		<wf pos="NEG">چھنہٕ</wf>
		<wf pos="RB">ؤنۍ</wf>
		<wf pos="NN">زِنٛدٕ:مٲلۍ</wf>
		<wf pos="PSP">سُنٛد</wf>
		<wf pos="NN">جاداد</wf>
		<wf pos="PRP">پَنٛنہِ</wf>
		<wf pos="NN">ناوٕ</wf>
		<wf pos="VM">کَرناونہٕ</wf>
		<wf pos="PSP">خٲطرٕ</wf>
		<wf pos="VM" sense_id="2">پیٚیہِ</wf>
		<wf pos="PRP">تَس</wf>
		<wf pos="DEM">تَتھ</wf>
		<wf pos="PSP">سۭتۍ</wf>
		<wf pos="JJ">وابَستہٕ</wf>
		<wf pos="NN">افسرَس</wf>
		<wf pos="RB">برٛونٛٹھ</wf>
		<wf pos="VM">کَنہٕ</wf>
		<wf pos="PRP">پَنٛنِس</wf>
		<wf pos="NN">مٲلۍ</wf>
		<wf pos="PSP">سٕنٛز</wf>
		<wf pos="JJ">ڈٮ۪تھ</wf>
		<wf pos="NN">سٮ۪ٹفِکیٹ</wf>
		<wf pos="VM">ہاوٕنۍ</wf>
		<wf pos="SYM">۔</wf>
</sentence>
<sentence s_id="90">
		<wf pos="QC">اَکھ</wf>
		<wf pos="NN">چیٖز</wf>
		<wf pos="DEM">یُس</wf>
		<wf pos="NN">تنٛگ</wf>
		<wf pos="NN">بانَس</wf>
		<wf pos="PSP">منٛز</wf>
		<wf pos="NN">پانُیل</wf>
		<wf pos="NN">چیٖز</wf>
		<wf pos="VM">ترٛاونَس</wf>
		<wf pos="VAUX">چُھ</wf>
		<wf pos="NN">لَگان:تیٖل</wf>
		<wf pos="CC">یُتھ</wf>
		<wf pos="NEG">نہٕ</wf>
		<wf pos="NN">پَتَھر</wf>
		<wf pos="VM" sense_id="2">پیٚیہِ</wf>
		<wf pos="QC">ایٚمہِ</wf>
		<wf pos="PSP">باپَتھ</wf>
		<wf pos="VM">لوگ</wf>
		<wf pos="PRP">تیٚمۍ</wf>
		<wf pos="NN">ڈَبَس</wf>
		<wf pos="NN">گٔلِس</wf>
		<wf pos="PSP">پٮ۪ٹھ</wf>
		<wf pos="NN">کیٖف</wf>
		<wf pos="SYM">۔</wf>
</sentence>
<sentence s_id="91">
		<wf pos="NN">روٗدَس</wf>
		<wf pos="PSP">منٛز</wf>
		<wf pos="VM">ؤسِتھ</wf>
		<wf pos="VAUX">گٲمتِس</wf>
		<wf pos="NN">مَکانَس</wf>
		<wf pos="VM" sense_id="2">پیٚیہِ</wf>
		<wf pos="JJ">نٔو</wf>
		<wf pos="NN">بُنیاد</wf>
		<wf pos="VM">کھالٕنۍ</wf>
		<wf pos="SYM">۔</wf>
</sentence>
<sentence s_id="92">
		<wf pos="NN">ہِدایتَن</wf>
		<wf pos="PSP">ہِنٛز</wf>
		<wf pos="QC">اَکھ</wf>
		<wf pos="NN">ترتیٖب</wf>
		<wf pos="NN">یَۄس</wf>
		<wf pos="NN">کَمپیوٗٹَر</wf>
		<wf pos="VAUX">چُھ</wf>
		<wf pos="VM">پٔرِتھ</wf>
		<wf pos="CC">تہٕ</wf>
		<wf pos="VM">سَمجِتھ</wf>
		<wf pos="NN">ہیٚکان:یَتھ</wf>
		<wf pos="NN">پروٚگرام</wf>
		<wf pos="VM">بَناونَس</wf>
		<wf pos="VM" sense_id="2">پیٚیہِ</wf>
		<wf pos="NNPC">وارہین</wf>
		<wf pos="NNP">کوڈَن</wf>
		<wf pos="PSP">ہِنٛز</wf>
		<wf pos="JJ">ضَروٗرت</wf>
		<wf pos="SYM">۔</wf>
</sentence>
<sentence s_id="93">
		<wf pos="NN">لنٛجہِ</wf>
		<wf pos="NN">کُرسی</wf>
		<wf pos="PSP">پٮ۪ٹھ</wf>
		<wf pos="VM">بیٚہتھٕے</wf>
		<wf pos="VM" sense_id="2">پیٚیہِ</wf>
		<wf pos="PRP">سۄ</wf>
		<wf pos="SYM">۔</wf>
</sentence>
<sentence s_id="94">
		<wf pos="DEM">یہِ</wf>
		<wf pos="NN">نوکری</wf>
		<wf pos="VM">حٲصِل</wf>
		<wf pos="VM">کَرنہٕ</wf>
		<wf pos="PSP">خٲطرٕ</wf>
		<wf pos="VM" sense_id="2">پیٚیہِ</wf>
		<wf pos="PRP">مےٚ</wf>
		<wf pos="INTF">واریاہ</wf>
		<wf pos="JJ">دوڑ</wf>
		<wf pos="NN">دوٗپ</wf>
		<wf pos="VM">کَرٕنۍ</wf>
		<wf pos="SYM">۔</wf>
</sentence>
<sentence s_id="95">
		<wf pos="NN">امتحانَس</wf>
		<wf pos="PSP">منٛز</wf>
		<wf pos="VM" sense_id="2">پیٚیہِ</wf>
		<wf pos="PRP">مےٚ</wf>
		<wf pos="QC">زٕ</wf>
		<wf pos="NN">سوال</wf>
		<wf pos="SYM">۔</wf>
</sentence>
<sentence s_id="96">
		<wf pos="NN">رادا</wf>
		<wf pos="VM" sense_id="2">پیٚیہِ</wf>
		<wf pos="VM">کرٛشنٕنۍ</wf>
		<wf pos="NN">جُدٲی</wf>
		<wf pos="VM">ژالٕنۍ</wf>
		<wf pos="SYM">۔</wf>
</sentence>
<sentence s_id="97">
		<wf pos="RB">وۄنۍ</wf>
		<wf pos="VM" sense_id="2">پیٚیہِ</wf>
		<wf pos="VM">مانُن</wf>
		<wf pos="CC">زِ</wf>
		<wf pos="PRP">ژےٚ</wf>
		<wf pos="VAUX">چھےٚ</wf>
		<wf pos="NN">سَیارَن</wf>
		<wf pos="PSP">ہِنٛدِ</wf>
		<wf pos="NN">عٔلمٕچ</wf>
		<wf pos="NN">وٲقفیَت</wf>
		<wf pos="SYM">۔</wf>
</sentence>
<sentence s_id="98">
		<wf pos="PRP">تٔمِس</wf>
		<wf pos="VM" sense_id="2">پیٚیہِ</wf>
		<wf pos="INTF">تیٖتۍ</wf>
		<wf pos="NN">مُصیٖبت</wf>
		<wf pos="NN">تۄپَتھ</wf>
		<wf pos="NN">ہٲرۍ</wf>
		<wf pos="NEG">نہٕ</wf>
		<wf pos="PRP">تٔمۍ</wf>
		<wf pos="NN">ہمت</wf>
		<wf pos="SYM">۔</wf>
</sentence>
<sentence s_id="99">
		<wf pos="NN">مَنوہَرَس</wf>
		<wf pos="VM" sense_id="2">پیٚیہِ</wf>
		<wf pos="NN">آزٕ</wf>
		<wf pos="NN">میٛانہِ</wf>
		<wf pos="PSP">اَتھِ</wf>
		<wf pos="NN">مَار</wf>
		<wf pos="SYM">۔</wf>
</sentence>
<sentence s_id="100">
		<wf pos="NNPC">اڈنٛجے</wf>
		<wf pos="NNP">مُرتی</wf>
		<wf pos="VM" sense_id="2">پیٚیہِ</wf>
		<wf pos="NN">ہنٛگہٕ</wf>
		<wf pos="CC">تہٕ</wf>
		<wf pos="NN">منٛگہٕ</wf>
		<wf pos="RB">ؤسۍ</wf>
		<wf pos="SYM">۔</wf>
</sentence>
<sentence s_id="101">
		<wf pos="PRP">سۄ</wf>
		<wf pos="POW">کٔنۍ</wf>
		<wf pos="DEM">یۄس</wf>
		<wf pos="NN">زَخمَس</wf>
		<wf pos="PSP">پٮ۪ٹھ</wf>
		<wf pos="VM">ترٛاونہٕ</wf>
		<wf pos="VAUX">یِوان</wf>
		<wf pos="PRP">چھےٚ:تِمَن</wf>
		<wf pos="VM" sense_id="2">پیٚیہِ</wf>
		<wf pos="RB">دوٗرِ</wf>
		<wf pos="PSP">پٮ۪ٹھے</wf>
		<wf pos="NN">کَھشَس</wf>
		<wf pos="PSP">پٮ۪ٹھ</wf>
		<wf pos="NN">نَظَر</wf>
		<wf pos="SYM">۔</wf>
</sentence>
<sentence s_id="102">
		<wf pos="VM">باسان</wf>
		<wf pos="VAUX">چُھ</wf>
		<wf pos="DEM">یہِ</wf>
		<wf pos="NN">دۄب</wf>
		<wf pos="VM" sense_id="2">پیٚیہِ</wf>
		<wf pos="PRP">مےٚ</wf>
		<wf pos="VM">گَنٛڑُن</wf>
		<wf pos="SYM">۔</wf>
</sentence>
<sentence s_id="103">
		<wf pos="NN">کَھہَس</wf>
		<wf pos="VM" sense_id="2">پیٚیہِ</wf>
		<wf pos="RB">پَگاہ</wf>
		<wf pos="RB">ضروٗر</wf>
		<wf pos="NN">سَگ</wf>
		<wf pos="VM">دِیُن</wf>
		<wf pos="SYM">۔</wf>
</sentence>
<sentence s_id="104">
		<wf pos="CC">مولدوواہکہِ</wf>
		<wf pos="NN">زبٲنۍ</wf>
		<wf pos="PSP">مُتعلِق</wf>
		<wf pos="CC">یا</wf>
		<wf pos="NNC">مولدووٲیی</wf>
		<wf pos="NN">زبٲنۍ</wf>
		<wf pos="PRP">ہُںٛد:تٔمِس</wf>
		<wf pos="VM" sense_id="2">پیٚیہِ</wf>
		<wf pos="NN">نینٛدٕر</wf>
		<wf pos="NNC">مولدووٲیی</wf>
		<wf pos="NN">رِسالہٕ</wf>
		<wf pos="NN">پَران-</wf>
		<wf pos="VM">پران</wf>
		<wf pos="SYM">۔</wf>
</sentence>
<sentence s_id="105">
		<wf pos="NN">اَفریٖکاہَس</wf>
		<wf pos="PSP">مُتعلِق</wf>
		<wf pos="CC">یا</wf>
		<wf pos="JJ">اَفریٖکُک:اَفریٖقی</wf>
		<wf pos="NN">مُلکَن</wf>
		<wf pos="VM" sense_id="2">پیٚیہِ</wf>
		<wf pos="NN">آزٲدی</wf>
		<wf pos="PSP">خٲطرٕ</wf>
		<wf pos="INTF">وارِیاہ</wf>
		<wf pos="NN">جدوجہد</wf>
		<wf pos="VM">کَرٕنۍ</wf>
		<wf pos="SYM">۔</wf>
</sentence>
<sentence s_id="106">
		<wf pos="PRP">ییٚمِس</wf>
		<wf pos="NN">سُستی</wf>
		<wf pos="CC">یا</wf>
		<wf pos="NN">کٲہلی</wf>
		<wf pos="VAUX">آسہِ</wf>
		<wf pos="JJ">یِوان:سُست</wf>
		<wf pos="NN">نَفرَس</wf>
		<wf pos="VM" sense_id="2">پیٚیہِ</wf>
		<wf pos="NN">زٔمیٖنہِ</wf>
		<wf pos="RB">پٮ۪ٹھٕے</wf>
		<wf pos="NN">نینٛدٕر</wf>
		<wf pos="SYM">۔</wf>
</sentence>
<sentence s_id="107">
		<wf pos="NN">بال</wf>
		<wf pos="POW">یِتھٕے</wf>
		<wf pos="VM" sense_id="2">پیٚیہِ</wf>
		<wf pos="VAUX">بٮ۪لٕز</wf>
		<wf pos="NST">پَتھر</wf>
		<wf pos="SYM">۔</wf>
</sentence>
<sentence s_id="108">
		<wf pos="RB">سُلہِ</wf>
		<wf pos="RB">ژیٖرۍ</wf>
		<wf pos="VM" sense_id="2">پیٚیہِ</wf>
		<wf pos="PRP">تَس</wf>
		<wf pos="PRP">میٲنۍ</wf>
		<wf pos="NN">کَتھ</wf>
		<wf pos="VM">مانٕنۍ</wf>
		<wf pos="SYM">۔</wf>
</sentence>

</contextfile>