<?xml version="1.0" encoding="utf-8" ?>
<contextfile filename="کال" fileno="15">
	<sentence s_id="1">
		<wf pos="RB">زیٚادٕ</wf>
		<wf pos="JJ">اِلٮ۪کٹرٛانِک</wf>
		<wf pos="NN">سامانَس</wf>
		<wf pos="VAUX">چھےٚ</wf>
		<wf pos="JJ">کم</wf>
		<wf pos="NN" sense_id="1">کال</wf>
		<wf pos="VM">نیران</wf>
		<wf pos="SYM">۔</wf>
	</sentence>
	<sentence s_id="2">
		<wf pos="NN">میوٛوِ</wf>
		<wf pos="CC">بیترِ</wf>
		<wf pos="JJ">ذیاد</wf>
		<wf pos="NN" sense_id="1">کال</wf>
		<wf pos="JJ">محفوٗظ</wf>
		<wf pos="VM">تھاونہِ</wf>
		<wf pos="PSP">باپتھ</wf>
		<wf pos="VM">تھٲیِو</wf>
		<wf pos="JJ">کم</wf>
		<wf pos="NN">دَرجہِ</wf>
		<wf pos="PSP">ہَرارت</wf>
		<wf pos="NN">کمرَن</wf>
		<wf pos="PSP">منٛز</wf>
		<wf pos="SYM">۔</wf>
	</sentence>
	<sentence s_id="3">
		<wf pos="NNP">موہنس</wf>
		<wf pos="VAUX">ووت</wf>
		<wf pos="NEG">نہِ</wf>
		<wf pos="JJ">کم</wf>
		<wf pos="NN" sense_id="1">کال</wf>
		<wf pos="NN">دُکانٛدٲری</wf>
		<wf pos="VM">کٔرِتھ</wf>
		<wf pos="NN">پونٛسہٕ</wf>
		<wf pos="VM">کماوان</wf>
		<wf pos="SYM">۔</wf>
	</sentence>
	<sentence s_id="4">
		<wf pos="JJ">واریاہ</wf>
		<wf pos="NN" sense_id="1">کال</wf>
		<wf pos="RB">لَگاتار</wf>
		<wf pos="VM">ہارنہٕ</wf>
		<wf pos="PSP">سۭتۍ</wf>
		<wf pos="VAUX">گٔیہِ</wf>
		<wf pos="NN">فوجَس</wf>
		<wf pos="NN">ہٮ۪مَتھ</wf>
		<wf pos="JJ">کم</wf>
		<wf pos="SYM">۔</wf>
	</sentence>
	<sentence s_id="5">
		<wf pos="PRP">سانۍ</wf>
		<wf pos="NN">کمپٔنی</wf>
		<wf pos="VAUX">گو</wf>
		<wf pos="RB">واریاہ</wf>
		<wf pos="NN" sense_id="1">کال</wf>
		<wf pos="NN">پالسی</wf>
		<wf pos="NN">جٲری</wf>
		<wf pos="VM">کَرنسی</wf>
		<wf pos="SYM">۔</wf>
	</sentence>
	<sentence s_id="6">
		<wf pos="RB">واریاہ</wf>
		<wf pos="NN" sense_id="1">کال</wf>
		<wf pos="VAUX">گو</wf>
		<wf pos="PRP">مے</wf>
		<wf pos="PRP">پَنُنہِ</wf>
		<wf pos="NN">کمایہِ</wf>
		<wf pos="PSP">ہُنٛد</wf>
		<wf pos="QC">اکھ</wf>
		<wf pos="NN">حِصہِ</wf>
		<wf pos="NN">اِنشورَنٕس</wf>
		<wf pos="NN">رَقمَس</wf>
		<wf pos="PSP">منٛز</wf>
		<wf pos="VM">تراوان</wf>
		<wf pos="SYM">۔</wf>
	</sentence>
	<sentence s_id="7">
		<wf pos="PRP">سُہ</wf>
		<wf pos="VAUX">چُھ</wf>
		<wf pos="PRP">پَنُن</wf>
		<wf pos="NN">وَزَن</wf>
		<wf pos="JJ">کم</wf>
		<wf pos="VM">کَرنہٕ</wf>
		<wf pos="PSP">خٲطرٕ</wf>
		<wf pos="NN">أکِس</wf>
		<wf pos="NN">دایٹِشَن</wf>
		<wf pos="PSP">سٕنٛدِ</wf>
		<wf pos="NN">وَنٛنہٕ</wf>
		<wf pos="PSP">مُطٲبِق</wf>
		<wf pos="QC">اکھ</wf>
		<wf pos="NN" sense_id="1">کال</wf>
		<wf pos="VM">کھٮ۪وان</wf>
		<wf pos="SYM">۔</wf>
	</sentence>
	<sentence s_id="8">
		<wf pos="PRP">میٛٲنِس</wf>
		<wf pos="NN">کمپیوٗٹرَس</wf>
		<wf pos="PSP">منٛز</wf>
		<wf pos="VAUX">گو</wf>
		<wf pos="RB">واریاہ</wf>
		<wf pos="NN" sense_id="1">کال</wf>
		<wf pos="DEM">یتھ</wf>
		<wf pos="NN">گیمہٕ</wf>
		<wf pos="VM">اَپلوڑ</wf>
		<wf pos="SYM">۔</wf>
	</sentence>
	<sentence s_id="9">
		<wf pos="PRP">تٔمۍ</wf>
		<wf pos="VM">وُچھ</wf>
		<wf pos="RB">واریاہ</wf>
		<wf pos="NN" sense_id="1">کال</wf>
		<wf pos="PSP">پٮ۪ٹھ</wf>
		<wf pos="NN">ژوٗر</wf>
		<wf pos="PRP">پانِس</wf>
		<wf pos="PSP">کُن</wf>
		<wf pos="VM">وُچھان</wf>
		<wf pos="VM">ہیوٚتُن</wf>
		<wf pos="JJ">کم</wf>
		<wf pos="NN">رَفتارِ</wf>
		<wf pos="PSP">منٛز</wf>
		<wf pos="RB">پَتھ</wf>
		<wf pos="PSP">کُن</wf>
		<wf pos="VM">نیرُن</wf>
		<wf pos="SYM">۔</wf>
	</sentence>
	<sentence s_id="10">
		<wf pos="PRP">کینٛہہ</wf>
		<wf pos="NN" sense_id="1">کال</wf>
		<wf pos="PSP">پٮ۪ٹھ</wf>
		<wf pos="VAUX">اوس</wf>
		<wf pos="PRP">سُہ</wf>
		<wf pos="JJ">کم</wf>
		<wf pos="NN">رَفتارِ</wf>
		<wf pos="PSP">منٛز</wf>
		<wf pos="RB">برٛونٛٹھ</wf>
		<wf pos="VM">پَکان</wf>
		<wf pos="SYM">۔</wf>
	</sentence>
	<sentence s_id="11">
		<wf pos="NN" sense_id="2">کال</wf>
		<wf pos="NEG">نہ</wf>
		<wf pos="VM">کھٮ۪ین</wf>
		<wf pos="PSP">کنۍ</wf>
		<wf pos="VAUX">چُھ</wf>
		<wf pos="PRP">سُہ</wf>
		<wf pos="JJ">کم</wf>
		<wf pos="NN">رَفتارِس</wf>
		<wf pos="PSP">منٛز</wf>
		<wf pos="VM">پَکان</wf>
		<wf pos="SYM">۔</wf>
	</sentence>
	<sentence s_id="12">
		<wf pos="NN">سردی</wf>
		<wf pos="PSP">منٛز</wf>
		<wf pos="VAUX">چُھ</wf>
		<wf pos="PRP">سُہ</wf>
		<wf pos="NN" sense_id="2">کال</wf>
		<wf pos="JJ">کم</wf>
		<wf pos="VM">کھٮ۪وان</wf>
		<wf pos="SYM">۔</wf>
	</sentence>
	<sentence s_id="13">
		<wf pos="NNP">تھوڑا</wf>
		<wf pos="VM">کر</wf>
		<wf pos="NN" sense_id="2">کال</wf>
		<wf pos="VM">کھٮ۪ین</wf>
		<wf pos="JJ">کم</wf>
		<wf pos="SYM">۔</wf>
	</sentence>
	<sentence s_id="14">
		<wf pos="NN">گُرۍ</wf>
		<wf pos="NN">سوارَن</wf>
		<wf pos="PRP">ہنٛدس</wf>
		<wf pos="NN">قٲفلس</wf>
		<wf pos="VAUX">گو</wf>
		<wf pos="PRP">کینٛہہ</wf>
		<wf pos="NN" sense_id="1">کال</wf>
		<wf pos="NN">یپٲرِ</wf>
		<wf pos="VM">درامتس</wf>
		<wf pos="SYM">۔</wf>
	</sentence>
	<sentence s_id="15">
		<wf pos="PRP">کینٛہہ</wf>
		<wf pos="NN" sense_id="1">کال</wf>
		<wf pos="PSP">پٮ۪ٹھ</wf>
		<wf pos="NN">بازرس</wf>
		<wf pos="PSP">منٛز</wf>
		<wf pos="JJ">نٔوۍ</wf>
		<wf pos="RDP">نٔوۍ</wf>
		<wf pos="NN">چیٖز</wf>
		<wf pos="VM">یِنہٕ</wf>
		<wf pos="PSP">کہِ</wf>
		<wf pos="NN">وجہہ</wf>
		<wf pos="VAUX">چُھ</wf>
		<wf pos="NN">چیٖزن</wf>
		<wf pos="NN">قۭمتھ</wf>
		<wf pos="JJ">کم</wf>
		<wf pos="VM">گوٚمُت</wf>
		<wf pos="SYM">۔</wf>
	</sentence>
	<sentence s_id="16">
		<wf pos="RB">میٛٲنِس</wf>
		<wf pos="NN">کمپیوٗٹرَس</wf>
		<wf pos="VAUX">گو</wf>
		<wf pos="RB">واریاہ</wf>
		<wf pos="NN" sense_id="1">کال</wf>
		<wf pos="RB">توے</wf>
		<wf pos="VAUX">چُھس</wf>
		<wf pos="PRP">بہٕ</wf>
		<wf pos="DEM">اتٕھ</wf>
		<wf pos="JJ">کم</wf>
		<wf pos="NN">قۭمتھ</wf>
		<wf pos="VM">کران</wf>
		<wf pos="SYM">۔</wf>
	</sentence>
	<sentence s_id="17">
		<wf pos="QC">اکھ</wf>
		<wf pos="JJ">بڈ</wf>
		<wf pos="VAUX">گو</wf>
		<wf pos="PRP">مے</wf>
		<wf pos="NN" sense_id="2">کال</wf>
		<wf pos="VM">کھٮ۪ین</wf>
		<wf pos="RB">پتہٕ</wf>
		<wf pos="NN">پَٹرِ</wf>
		<wf pos="PSP">پٮ۪ٹھ</wf>
		<wf pos="VM">نظرِ</wf>
		<wf pos="SYM">۔</wf>
	</sentence>
	<sentence s_id="18">
		<wf pos="PRP">تٔمِس</wf>
		<wf pos="VAUX">گو</wf>
		<wf pos="RB">واریاہ</wf>
		<wf pos="NN" sense_id="1">کال</wf>
		<wf pos="DEM">اتھ</wf>
		<wf pos="NN">کرٛانٛکہٕ</wf>
		<wf pos="CC">واجِنۍ</wf>
		<wf pos="NN">وٲج</wf>
		<wf pos="VM">لٲگِتھ</wf>
		<wf pos="SYM">۔</wf>
	</sentence>
	<sentence s_id="19">
		<wf pos="RB">ییٚتہِ</wf>
		<wf pos="VAUX">چُھس</wf>
		<wf pos="NEG">نہ</wf>
		<wf pos="PRP">بہ</wf>
		<wf pos="NN" sense_id="2">کال</wf>
		<wf pos="VM">کھٮ۪وان</wf>
		<wf pos="SYM">۔</wf>
	</sentence>
	<sentence s_id="20">
		<wf pos="NN" sense_id="2">کال</wf>
		<wf pos="VM">کھٮ۪ین</wf>
		<wf pos="NN">شہرٕ</wf>
		<wf pos="RB">دوٗر</wf>
		<wf pos="VAUX">چھِ</wf>
		<wf pos="JJ">رِہٲیشی</wf>
		<wf pos="NN">عَلاقَن</wf>
		<wf pos="PSP">مَنٛز</wf>
		<wf pos="RB">تہِ</wf>
		<wf pos="VM">مِلان</wf>
		<wf pos="SYM">۔</wf>
	</sentence>
	<sentence s_id="21">
		<wf pos="NNP">سوہنَس</wf>
		<wf pos="VAUX">چُھ</wf>
		<wf pos="NN">مَدرَسَس</wf>
		<wf pos="PSP">مَنٛز</wf>
		<wf pos="NN" sense_id="2">کال</wf>
		<wf pos="VM">کھٮ۪یُن</wf>
		<wf pos="PSP">خۄش</wf>
		<wf pos="VM">کَران</wf>
		<wf pos="SYM">۔</wf>
	</sentence>
	<sentence s_id="22">
		<wf pos="RB">ییٚتہِ</wf>
		<wf pos="NN" sense_id="2">کال</wf>
		<wf pos="VM">کھیوٚن</wf>
		<wf pos="NN">چھٚا</wf>
		<wf pos="NN">مے</wf>
		<wf pos="JJ">کم</wf>
		<wf pos="NN">درٚوٚگ</wf>
		<wf pos="VM">گژُھان</wf>
		<wf pos="SYM">۔</wf>
	</sentence>
	<sentence s_id="23">
		<wf pos="JJ">ظٲلِم</wf>
		<wf pos="PSP">سٕنٛدِس</wf>
		<wf pos="VM">مَرنَس</wf>
		<wf pos="PSP">پٮ۪ٹھ</wf>
		<wf pos="VAUX">چُھ</wf>
		<wf pos="RB">واریاہ</wf>
		<wf pos="JJ">کم</wf>
		<wf pos="NN" sense_id="1">کال</wf>
		<wf pos="NN">لوٗکَن</wf>
		<wf pos="NN">دۄکھ</wf>
		<wf pos="VM">روزان</wf>
		<wf pos="SYM">۔</wf>
	</sentence>
	<sentence s_id="24">
		<wf pos="NNP">کھِمِندر</wf>
		<wf pos="VAUX">چُھ</wf>
		<wf pos="PRP">پننہِ</wf>
		<wf pos="QC">أکس</wf>
		<wf pos="NN">کتابہِ</wf>
		<wf pos="PSP">منز</wf>
		<wf pos="QC">اکہِ</wf>
		<wf pos="NN">واقہٕہُک</wf>
		<wf pos="NN">تزکر</wf>
		<wf pos="VM">کران</wf>
		<wf pos="DEM">یَتھ</wf>
		<wf pos="PSP">منز</wf>
		<wf pos="QC">اکھ</wf>
		<wf pos="JJ">داشتہٕ</wf>
		<wf pos="NN">زنانہٕ</wf>
		<wf pos="VM">بنےیہٕ</wf>
		<wf pos="QC">أکس</wf>
		<wf pos="JJ">امیٖرس</wf>
		<wf pos="PSP">سۭتۍ</wf>
		<wf pos="INTF">واریاہ</wf>
		<wf pos="NN" sense_id="1">کال</wf>
		<wf pos="VM">گزارنس</wf>
		<wf pos="PSP">پٮ۪ٹھ</wf>
		<wf pos="PRP">تسٕندِ</wf>
		<wf pos="VM">مرنہٕ</wf>
		<wf pos="RB">پتہٕ</wf>
		<wf pos="PRP">تِہندِ</wf>
		<wf pos="NN">جادادٕچ</wf>
		<wf pos="NN">وٲرِث</wf>
		<wf pos="CC">تہٕ</wf>
		<wf pos="NN">جاداد</wf>
		<wf pos="VM">بنیوٚو</wf>
		<wf pos="QC">اکہِ</wf>
		<wf pos="JJ">سرکٲرۍ</wf>
		<wf pos="NN">حُکمہٕ</wf>
		<wf pos="PSP">موٗجوٗب</wf>
		<wf pos="PRP">تسُند</wf>
		<wf pos="SYM">۔</wf>
	</sentence>
	<sentence s_id="25">
		<wf pos="NN">کتھ</wf>
		<wf pos="RB">برٛۄنہہ</wf>
		<wf pos="PSP">کن</wf>
		<wf pos="VM">پکہٕناونہٕ</wf>
		<wf pos="RB">برٛۄنہہ</wf>
		<wf pos="VM">روزِ</wf>
		<wf pos="DEM">یَتھ</wf>
		<wf pos="NN">کتھہِ</wf>
		<wf pos="PSP">کن</wf>
		<wf pos="RP">تہِ</wf>
		<wf pos="NN">اشارٕ</wf>
		<wf pos="VM">کرُن</wf>
		<wf pos="JJ">منٲسب</wf>
		<wf pos="CC">زِ</wf>
		<wf pos="RB">ڈاکٹَر</wf>
		<wf pos="NNP">کیصر</wf>
		<wf pos="CC">تہٕ</wf>
		<wf pos="PSP">تسٕندٮ۪ن</wf>
		<wf pos="DEM">یمن</wf>
		<wf pos="QC">ژورن</wf>
		<wf pos="NN">دوستن</wf>
		<wf pos="PSP">متعلق</wf>
		<wf pos="VAUX">اوس</wf>
		<wf pos="PRP">کینٛہہ</wf>
		<wf pos="NN" sense_id="1">کال</wf>
		<wf pos="RB">برٛۄنہہ</wf>
		<wf pos="CC">یِتہِ</wf>
		<wf pos="VM">وننہٕ</wf>
		<wf pos="VAUX">یوان</wf>
		<wf pos="CC">زِ</wf>
		<wf pos="DEM">یِم</wf>
		<wf pos="VAUX">چھہِ</wf>
		<wf pos="RB">وۄنۍ</wf>
		<wf pos="VM">برٛیٹھےمٕتۍ</wf>
		<wf pos="SYM">۔</wf>
	</sentence>
	<sentence s_id="26">
		<wf pos="CC">مگر</wf>
		<wf pos="NEG">نہ</wf>
		<wf pos="VAUX">اوس</wf>
		<wf pos="NNP">غٔنۍ</wf>
		<wf pos="POW">یَس</wf>
		<wf pos="NN">یاد</wf>
		<wf pos="CC">زِ</wf>
		<wf pos="PRP">تٔمِس</wf>
		<wf pos="WQ">کوٗت</wf>
		<wf pos="NN" sense_id="1">کال</wf>
		<wf pos="VM">گۄو</wf>
		<wf pos="NNP">سُلطانَس</wf>
		<wf pos="PSP">نِش</wf>
		<wf pos="NN">کٲم</wf>
		<wf pos="VM">کران</wf>
		<wf pos="CC">تہٕ</wf>
		<wf pos="NEG">نہ</wf>
		<wf pos="VAUX">اوس</wf>
		<wf pos="NNP">عبداللہ</wf>
		<wf pos="POW">ہس</wf>
		<wf pos="NN">یاد</wf>
		<wf pos="PRP">تِم</wf>
		<wf pos="VAUX">ٲسۍ</wf>
		<wf pos="PRP">اکھ</wf>
		<wf pos="POW">أکس</wf>
		<wf pos="RB">پتہٕ</wf>
		<wf pos="VM">آمٕتۍ</wf>
		<wf pos="CC">تہٕ</wf>
		<wf pos="VAUX">ٲسٕکھ</wf>
		<wf pos="NN">کاندر</wf>
		<wf pos="NN">کٲم</wf>
		<wf pos="VM">ہیٚژمٕژ</wf>
		<wf pos="VM">شروٗع</wf>
		<wf pos="VM">کرٕنۍ</wf>
		<wf pos="CC">تہٕ</wf>
		<wf pos="RB">ازتام</wf>
		<wf pos="VAUX">ٲسۍ</wf>
		<wf pos="PRP">تِم</wf>
		<wf pos="RB">برابر</wf>
		<wf pos="DEM">یِہَے</wf>
		<wf pos="NN">کٲم</wf>
		<wf pos="VM">کران</wf>
		<wf pos="SYM">۔</wf>
	</sentence>
	<sentence s_id="27">
		<wf pos="NN">کۄکر</wf>
		<wf pos="VM">لوٚگ</wf>
		<wf pos="NN">بوٚچھۍ</wf>
		<wf pos="PSP">سٕندۍ</wf>
		<wf pos="RB">پٲٹھۍ</wf>
		<wf pos="NN">ہۄبٮ۪و</wf>
		<wf pos="RDP">ہۄبٮ۪و</wf>
		<wf pos="NN">بوس</wf>
		<wf pos="VM">برنہِ</wf>
		<wf pos="CC">زَن</wf>
		<wf pos="QC">ژور</wf>
		<wf pos="NN" sense_id="1">کال</wf>
		<wf pos="VAUX">ٲسِس</wf>
		<wf pos="NNP">کیہنہ</wf>
		<wf pos="NN">بُتھِ</wf>
		<wf pos="VM">وُچھنس</wf>
		<wf pos="VM">گٲمٕتۍ</wf>
		<wf pos="SYM">۔</wf>
	</sentence>
	<sentence s_id="28">
		<wf pos="NNP">مرزاحیدرن</wf>
		<wf pos="VM">کٔر</wf>
		<wf pos="NNP">کٲشرِ</wf>
		<wf pos="JJ">مسلکی</wf>
		<wf pos="NN">تنازعہ</wf>
		<wf pos="VM">تُلِتھ</wf>
		<wf pos="NN">فرقہدٲری</wf>
		<wf pos="PSP">منٛز</wf>
		<wf pos="NN">آوٕرۍ</wf>
		<wf pos="CC">تہٕ</wf>
		<wf pos="VM">بیوٗٹھ</wf>
		<wf pos="RB">آرامہ</wf>
		<wf pos="PSP">سان</wf>
		<wf pos="NNP">کٲشرٮ۪ن</wf>
		<wf pos="PSP">پٮ۪ٹھ</wf>
		<wf pos="NN">حکوٗمت</wf>
		<wf pos="VM">کرنہِ</wf>
		<wf pos="JJ">پوٚز</wf>
		<wf pos="PRP">کیٚنٛہہ</wf>
		<wf pos="NN" sense_id="1">کال</wf>
		<wf pos="RB">پتہٕ</wf>
		<wf pos="NNP">کٲشرٮ۪ن</wf>
		<wf pos="NN">موٗل</wf>
		<wf pos="VM">گالان</wf>
		<wf pos="CC">تہٕ</wf>
		<wf pos="PRP">تمے</wf>
		<wf pos="NN">فرقہ</wf>
		<wf pos="PSP">کٮ۪و</wf>
		<wf pos="NN">لکو</wf>
		<wf pos="VM">کوٚر</wf>
		<wf pos="PRP">سُہ</wf>
		<wf pos="NNP">ژوڈرٕ</wf>
		<wf pos="VM">ہلاک</wf>
		<wf pos="DEM">یمن</wf>
		<wf pos="PSP">سۭتۍ</wf>
		<wf pos="PRP">سُہ</wf>
		<wf pos="JJ">مضموعی</wf>
		<wf pos="NN">ہمدردی</wf>
		<wf pos="VM">ہاوان</wf>
		<wf pos="VAUX">اوس</wf>
		<wf pos="SYM">۔</wf>
	</sentence>
	<sentence s_id="29">
		<wf pos="NN">مٲنٛزرٲژ</wf>
		<wf pos="NN">دۄہہ</wf>
		<wf pos="NN" sense_id="2">کال</wf>
		<wf pos="VM">کھیتہ</wf>
		<wf pos="CC">یا</wf>
		<wf pos="DEM">اَمی</wf>
		<wf pos="NN">دۄہہ</wf>
		<wf pos="VAUX">چھیٚہ</wf>
		<wf pos="NN">زنانہٕ</wf>
		<wf pos="RB">سٔمِتھ</wf>
		<wf pos="RDP">کٔرِتھ</wf>
		<wf pos="NN">مَہریٚنہِ</wf>
		<wf pos="NN">آب</wf>
		<wf pos="VM">شیران</wf>
		<wf pos="SYM">۔</wf>
	</sentence>
	<sentence s_id="30">
		<wf pos="NNC">سوٗترٛ</wf>
		<wf pos="NN" sense_id="1">کال</wf>
		<wf pos="PSP">پٮ۪ٹھٕ</wf>
		<wf pos="RB">وُنیُک</wf>
		<wf pos="PSP">تام</wf>
		<wf pos="VAUX">چُھ</wf>
		<wf pos="DEM">یِمَن</wf>
		<wf pos="NN">رَسمَن</wf>
		<wf pos="CC">تہٕ</wf>
		<wf pos="NN">رٮ۪واجَن</wf>
		<wf pos="PSP">منٛز</wf>
		<wf pos="INTF">وارِیاہ</wf>
		<wf pos="NN">فرق</wf>
		<wf pos="VM">آمٕژ</wf>
		<wf pos="SYM">۔</wf>
	</sentence>
	<sentence s_id="31">
		<wf pos="RB">پتھ</wf>
		<wf pos="NN" sense_id="1">کال</wf>
		<wf pos="RP">چہِ</wf>
		<wf pos="NNP">کٲشرِ</wf>
		<wf pos="NN">زنانہِ</wf>
		<wf pos="PSP">متعلق</wf>
		<wf pos="PRP">کینٛہہ</wf>
		<wf pos="VM">زاننہٕ</wf>
		<wf pos="RB">برٛۄنہہ</wf>
		<wf pos="VAUX">چھٚے</wf>
		<wf pos="DEM">یہِ</wf>
		<wf pos="NN">کتھ</wf>
		<wf pos="NN">ذِہنس</wf>
		<wf pos="PSP">منز</wf>
		<wf pos="VM">تھونۍ</wf>
		<wf pos="VAUX">پٮ۪وان</wf>
		<wf pos="CC">زِ</wf>
		<wf pos="PRP">خۄد</wf>
		<wf pos="NNP">کٔشیٖر</wf>
		<wf pos="VAUX">چھٚے</wf>
		<wf pos="NNPC">موج</wf>
		<wf pos="NNP">کٔشیٖر</wf>
		<wf pos="VM">ؤنِتھ</wf>
		<wf pos="QC">اکھ</wf>
		<wf pos="JJ">مقدس</wf>
		<wf pos="NN">موج</wf>
		<wf pos="CC">یا</wf>
		<wf pos="VM">وَنو</wf>
		<wf pos="NN">زنانہٕ</wf>
		<wf pos="VM">ماننہٕ</wf>
		<wf pos="VAUX">یوان</wf>
		<wf pos="SYM">۔</wf>
	</sentence>
	<sentence s_id="32">
		<wf pos="DEM">امہِ</wf>
		<wf pos="RB">پَتھ</wf>
		<wf pos="NN" sense_id="1">کال</wf>
		<wf pos="PSP">پٮ۪ٹھہٕ</wf>
		<wf pos="DEM">یَتھ</wf>
		<wf pos="NN">دورَس</wf>
		<wf pos="PSP">تام</wf>
		<wf pos="VM">واتان</wf>
		<wf pos="RDP">واتان</wf>
		<wf pos="PRP">کم</wf>
		<wf pos="RDP">کم</wf>
		<wf pos="NN">وَلگَتٕنۍ</wf>
		<wf pos="VM">دیٲوۍ</wf>
		<wf pos="NN">زمانن</wf>
		<wf pos="NNP">کٲشرِ</wf>
		<wf pos="NN">زنانہ</wf>
		<wf pos="PSP">ہنز</wf>
		<wf pos="NN">زندگیِہ</wf>
		<wf pos="CC">تہٕ</wf>
		<wf pos="PRP">تسٕندۍ</wf>
		<wf pos="NN">حالات</wf>
		<wf pos="WQ">کتھۍ</wf>
		<wf pos="CC">تہٕ</wf>
		<wf pos="WQ">کیاہ</wf>
		<wf pos="VM">روٗدۍ</wf>
		<wf pos="JJ">مختلف</wf>
		<wf pos="NN">دورن</wf>
		<wf pos="PSP">اندر</wf>
		<wf pos="DEM">تَمہِ،</wf>
		<wf pos="PRP">سارِکے</wf>
		<wf pos="NN">تصویٖر</wf>
		<wf pos="VM">وُچھنہٕ</wf>
		<wf pos="PSP">باپتھ</wf>
		<wf pos="VAUX">چُھ</wf>
		<wf pos="JJ">ضروٗری</wf>
		<wf pos="CC">زِ</wf>
		<wf pos="PRP">أسۍ</wf>
		<wf pos="VM">دِمَو</wf>
		<wf pos="NN">توٲریٖخہٕ</wf>
		<wf pos="PSP">کس</wf>
		<wf pos="NN">ٲنس</wf>
		<wf pos="PSP">کن</wf>
		<wf pos="NN">نظر</wf>
		<wf pos="SYM">۔</wf>
	</sentence>
	<sentence s_id="33">
		<wf pos="DEM">یِمن</wf>
		<wf pos="NN">نظمن</wf>
		<wf pos="PSP">منٛز</wf>
		<wf pos="RB">یِتھہٕ</wf>
		<wf pos="POW">پٲٹھۍ</wf>
		<wf pos="RB">گۄڈٕ</wf>
		<wf pos="NN" sense_id="1">کال</wf>
		<wf pos="PSP">چہِ</wf>
		<wf pos="NNP">کشیٖرِ</wf>
		<wf pos="PSP">منٛز</wf>
		<wf pos="JJ">بَد</wf>
		<wf pos="NN">اخلٲقی</wf>
		<wf pos="PSP">ہندِس</wf>
		<wf pos="NN">ہوانواہَس</wf>
		<wf pos="PSP">متعلق</wf>
		<wf pos="DEM">یہِ</wf>
		<wf pos="PRP">کینژھاہ</wf>
		<wf pos="VM">وننہٕ</wf>
		<wf pos="VAUX">چُھ</wf>
		<wf pos="VM">آمُت،</wf>
		<wf pos="DEM">تمہِ</wf>
		<wf pos="PSP">سۭتۍ</wf>
		<wf pos="VAUX">گٔیہِ</wf>
		<wf pos="NN">سماجس</wf>
		<wf pos="PSP">منٛز</wf>
		<wf pos="PRP">کینہہ</wf>
		<wf pos="JJ">ناکارٕ</wf>
		<wf pos="NN">رسم</wf>
		<wf pos="VM">پٲدٕ</wf>
		<wf pos="DEM">یِمَو</wf>
		<wf pos="PSP">منٛزٕ</wf>
		<wf pos="VAUX">چُھ</wf>
		<wf pos="NNP">دیودٲسی</wf>
		<wf pos="PRP">تہُند</wf>
		<wf pos="NN">اِدارٕ</wf>
		<wf pos="NN">توجُہَس</wf>
		<wf pos="JJ">لایق</wf>
		<wf pos="SYM">۔</wf>
	</sentence>
	<sentence s_id="34">
		<wf pos="NNPC">شُتٕلۍ</wf>
		<wf pos="NNP">کوکٕر</wf>
		<wf pos="VM">کرنُک</wf>
		<wf pos="NN">پو٘تمَنٛظر</wf>
		<wf pos="VAUX">چُھ</wf>
		<wf pos="RB">غٲلبَن</wf>
		<wf pos="CC">زِ</wf>
		<wf pos="RB">پَتھ</wf>
		<wf pos="NN" sense_id="1">کال</wf>
		<wf pos="VAUX">ٲسۍ</wf>
		<wf pos="NN">زاۍشُرۍ</wf>
		<wf pos="RB">یَسلہٕ</wf>
		<wf pos="NN">شُتلٮ۪و</wf>
		<wf pos="PSP">سۭتۍ</wf>
		<wf pos="VM">مران</wf>
		<wf pos="CC">اَوٕمۄکھہٕ</wf>
		<wf pos="VAUX">اوس</wf>
		<wf pos="NN">لوٗکن</wf>
		<wf pos="DEM">اَمہِ</wf>
		<wf pos="NN">بٮ۪مارِ</wf>
		<wf pos="PSP">ہُنٛد</wf>
		<wf pos="INTF">سَخ</wf>
		<wf pos="NN">کانٛپھ</wf>
		<wf pos="SYM">۔</wf>
	</sentence>
	<sentence s_id="35">
		<wf pos="NN">آدن</wf>
		<wf pos="NN" sense_id="1">کال</wf>
		<wf pos="PSP">پیٹَھے</wf>
		<wf pos="VAUX">اوس</wf>
		<wf pos="PRP">تٔمِس</wf>
		<wf pos="NN">جاناوارن</wf>
		<wf pos="PSP">ہٕنٛدۍ</wf>
		<wf pos="RB">پٲٹھۍ</wf>
		<wf pos="VM">وُپھٕنُک</wf>
		<wf pos="NN">شوق</wf>
		<wf pos="NN">وۄٹہِ</wf>
		<wf pos="VM">انان</wf>
		<wf pos="SYM">۔</wf>
	</sentence>
	<sentence s_id="36">
		<wf pos="PRP">یِہہنز</wf>
		<wf pos="INTF">بٔڑ</wf>
		<wf pos="NN">بدقسمتی</wf>
		<wf pos="VAUX">ٲس</wf>
		<wf pos="DEM">یہِ</wf>
		<wf pos="CC">زِ</wf>
		<wf pos="DEM">یِم</wf>
		<wf pos="VAUX">ٲسۍ</wf>
		<wf pos="JJ">وارِیاہ</wf>
		<wf pos="NN" sense_id="1">کال</wf>
		<wf pos="PSP">پٮ۪ٹھہٕ</wf>
		<wf pos="NN">موتس</wf>
		<wf pos="RP">تہِ</wf>
		<wf pos="RP">زنتہٕ</wf>
		<wf pos="JJ">مٔشتھٕے</wf>
		<wf pos="VAUX">گٔمٕتۍ</wf>
		<wf pos="SYM">۔</wf>
	</sentence>
	<sentence s_id="37">
		<wf pos="CC">مگر</wf>
		<wf pos="RB">وۄنۍ</wf>
		<wf pos="VAUX">ٲس</wf>
		<wf pos="JJ">واریاہ</wf>
		<wf pos="NN" sense_id="1">کال</wf>
		<wf pos="PSP">پٮ۪ٹھہٕ</wf>
		<wf pos="NN">تنہٲیی</wf>
		<wf pos="PSP">منز</wf>
		<wf pos="VM">روزان</wf>
		<wf pos="SYM">۔</wf>
	</sentence>
	<sentence s_id="38">
		<wf pos="PRP">تمہِ</wf>
		<wf pos="VM">نیُو</wf>
		<wf pos="PRP">پنُن</wf>
		<wf pos="NN">بُتھ</wf>
		<wf pos="VM">ٲنَس</wf>
		<wf pos="RB">نکھہٕ</wf>
		<wf pos="RP">پہن</wf>
		<wf pos="DEM">یہِ</wf>
		<wf pos="VM">وُچھنہٕ</wf>
		<wf pos="PSP">باپت</wf>
		<wf pos="CC">زِ</wf>
		<wf pos="NN">یٔژ</wf>
		<wf pos="NN" sense_id="1">کال</wf>
		<wf pos="PSP">چہِ</wf>
		<wf pos="NN">گیٚنہِ</wf>
		<wf pos="NN">پھُچہِ</wf>
		<wf pos="VAUX">چھا</wf>
		<wf pos="RB">پٔزی</wf>
		<wf pos="VM">ژٔجمٕژ</wf>
		<wf pos="CC">کنہٕ</wf>
		<wf pos="NEG">نہ</wf>
		<wf pos="SYM">۔</wf>
	</sentence>
	<sentence s_id="39">
		<wf pos="NN" sense_id="2">کال</wf>
		<wf pos="VM">کھٮ۪نہٕ</wf>
		<wf pos="RB">پتہٕ</wf>
		<wf pos="VAUX">اوس</wf>
		<wf pos="PRP">سُہ</wf>
		<wf pos="RB">دُور</wf>
		<wf pos="QC">ٲکس</wf>
		<wf pos="NN">بالہٕدامنس</wf>
		<wf pos="PSP">تل</wf>
		<wf pos="SYM">۔</wf>
	</sentence>
	<sentence s_id="40">
		<wf pos="PRP">اَسہِ</wf>
		<wf pos="VAUX">پَزِ</wf>
		<wf pos="PSP">ہا</wf>
		<wf pos="RB">کرتام</wf>
		<wf pos="DEM">یِمَن</wf>
		<wf pos="NNP">گاڈَن</wf>
		<wf pos="PSP">ہُنٛد</wf>
		<wf pos="NN">شُکر</wf>
		<wf pos="NN">گُزار</wf>
		<wf pos="VM">روزُن</wf>
		<wf pos="CC">تِکیازِ</wf>
		<wf pos="PRP">یِمَن</wf>
		<wf pos="VM">ووت</wf>
		<wf pos="INTF">یوٗت</wf>
		<wf pos="NN" sense_id="1">کال</wf>
		<wf pos="PRP">سانہِ</wf>
		<wf pos="NN">شِکمُک</wf>
		<wf pos="NN">نار</wf>
		<wf pos="VM">ژھٮ۪وراوان</wf>
		<wf pos="CC">بٔلۍ</wf>
		<wf pos="PSP">کہِ</wf>
		<wf pos="DEM">یہِ</wf>
		<wf pos="NN">آرٕ</wf>
		<wf pos="SYM">۔</wf>
	</sentence>
	<sentence s_id="41">
		<wf pos="PRP">مےٚ</wf>
		<wf pos="VAUX">چُھ</wf>
		<wf pos="VM">باسان</wf>
		<wf pos="PRP">مےٚ</wf>
		<wf pos="VAUX">گوٚو</wf>
		<wf pos="JJ">واریاہ</wf>
		<wf pos="NN" sense_id="1">کال</wf>
		<wf pos="VM">پن</wf>
		<wf pos="NN">پونٛپرس</wf>
		<wf pos="VM">وٕچھنَہ</wf>
		<wf pos="POW">سٕے</wf>
		<wf pos="SYM">۔</wf>
	</sentence>
	<sentence s_id="42">
		<wf pos="PRP">کیٚنٛہہ</wf>
		<wf pos="NN" sense_id="1">کال</wf>
		<wf pos="RB">گٔژھۍتھٕے</wf>
		<wf pos="VM">لٔج</wf>
		<wf pos="NN">ماجہِ</wf>
		<wf pos="PSP">ہٕنٛزِ</wf>
		<wf pos="NN">کھۄنہِ</wf>
		<wf pos="PSP">منٛز</wf>
		<wf pos="VM">شینٛگِتھ</wf>
		<wf pos="NN">بَچَس</wf>
		<wf pos="NN">پھِپھرارے</wf>
		<wf pos="SYM">۔</wf>
	</sentence>
	<sentence s_id="43">
		<wf pos="PRP">تٔمۍ</wf>
		<wf pos="VAUX">چھِ</wf>
		<wf pos="JJ">واریاہ</wf>
		<wf pos="NN" sense_id="1">کال</wf>
		<wf pos="PRP">برٛوٚنٛہہ</wf>
		<wf pos="NN">ماشٹری</wf>
		<wf pos="VM">ترٲوۍمٕژ</wf>
		<wf pos="SYM">۔</wf>
	</sentence>
	<sentence s_id="44">
		<wf pos="VM">کھہٕ</wf>
		<wf pos="NN" sense_id="2">کال</wf>
		<wf pos="JJ">پھِاکے</wf>
		<wf pos="VAUX">چھِ</wf>
		<wf pos="NEG">نہِ</wf>
		<wf pos="VM">شینٛگان</wf>
		<wf pos="SYM">۔</wf>
	</sentence>
	<sentence s_id="45">
		<wf pos="NNP">مجہِ</wf>
		<wf pos="VM">چھہٕ</wf>
		<wf pos="JJ">صٕرِف</wf>
		<wf pos="NN" sense_id="2">کال</wf>
		<wf pos="VM">کھٮ۪وان</wf>
		<wf pos="SYM">۔</wf>
	</sentence>
	<sentence s_id="46">
		<wf pos="NN" sense_id="2">کال</wf>
		<wf pos="NEG">نہٕ</wf>
		<wf pos="VM">کھٮ۪نہٕ</wf>
		<wf pos="PSP">کنۍ</wf>
		<wf pos="VAUX">چھنہٕ</wf>
		<wf pos="PRP">مےٚ</wf>
		<wf pos="NN">صحت</wf>
		<wf pos="JJ">ٹھیک</wf>
		<wf pos="VM">روزان</wf>
		<wf pos="SYM">۔</wf>
	</sentence>
	<sentence s_id="47">
		<wf pos="PRP">مےٚ</wf>
		<wf pos="VAUX">چُھ</wf>
		<wf pos="JJ">واریاہ</wf>
		<wf pos="NN" sense_id="1">کال</wf>
		<wf pos="PRP">برٛوٚنٛہہ</wf>
		<wf pos="NNP">بَہریٖن</wf>
		<wf pos="VM">وُچُھمُت</wf>
		<wf pos="SYM">۔</wf>
	</sentence>
	<sentence s_id="48">
		<wf pos="NN" sense_id="2">کال</wf>
		<wf pos="VM">کھٮ۪تھ</wf>
		<wf pos="VM">گوو</wf>
		<wf pos="PRP">سہُ</wf>
		<wf pos="VM">شۄنٛگنہِ</wf>
		<wf pos="SYM">۔</wf>
	</sentence>
	<sentence s_id="49">
		<wf pos="PRP">مےٚ</wf>
		<wf pos="NN">لَگہٕ</wf>
		<wf pos="RB">ییٚتہِ</wf>
		<wf pos="NN">زٲنۍیاب</wf>
		<wf pos="VM">سَپدٕنَس</wf>
		<wf pos="JJ">واریاہ</wf>
		<wf pos="NN" sense_id="1">کال</wf>
		<wf pos="SYM">۔</wf>
	</sentence>
	<sentence s_id="50">
		<wf pos="JJ">واریاہ</wf>
		<wf pos="NN" sense_id="1">کال</wf>
		<wf pos="RB">برٛۄنٛہہ</wf>
		<wf pos="VAUX">اوس</wf>
		<wf pos="NNP">لَنٛدنَس</wf>
		<wf pos="PSP">منٛز</wf>
		<wf pos="QC">اَکھ</wf>
		<wf pos="NN">بادشاہ</wf>
		<wf pos="SYM">۔</wf>
	</sentence>
	<sentence s_id="51">
		<wf pos="DEM">یہِ</wf>
		<wf pos="NN">چیٖز</wf>
		<wf pos="VAUX">چُھ</wf>
		<wf pos="RB">پوٚت</wf>
		<wf pos="NN" sense_id="1">کال</wf>
		<wf pos="PSP">پٮ۪ٹھٕ</wf>
		<wf pos="NN">اِستعمال</wf>
		<wf pos="VAUX">یِوان</wf>
		<wf pos="VM">کرنہٕ</wf>
		<wf pos="SYM">۔</wf>
	</sentence>
	<sentence s_id="52">
		<wf pos="PRP">تِمَو</wf>
		<wf pos="VM">کٔر</wf>
		<wf pos="RB">ییٚتہِ</wf>
		<wf pos="JJ">واریاہ</wf>
		<wf pos="NN" sense_id="1">کال</wf>
		<wf pos="RB">برٛۄنٛہہ</wf>
		<wf pos="NN">ہِجرَت</wf>
		<wf pos="SYM">۔</wf>
	</sentence>
	<sentence s_id="53">
		<wf pos="PRP">تٔمِس</wf>
		<wf pos="VM">ووت</wf>
		<wf pos="JJ">واریاہ</wf>
		<wf pos="NN" sense_id="1">کال</wf>
		<wf pos="NN">مِرگی</wf>
		<wf pos="SYM">۔</wf>
	</sentence>
	<sentence s_id="54">
		<wf pos="INTF">یوٗت</wf>
		<wf pos="NN" sense_id="1">کال</wf>
		<wf pos="NEG">نہٕ</wf>
		<wf pos="PRP">ژٕ</wf>
		<wf pos="NN">بَلغم</wf>
		<wf pos="VM">تُلَکھ</wf>
		<wf pos="NN">تِیوٗت</wf>
		<wf pos="NN">کال</wf>
		<wf pos="RB">بٔلی</wf>
		<wf pos="NEG">نہٕ</wf>
		<wf pos="NN">ژےٛ</wf>
		<wf pos="VM">چھٲتۍ</wf>
		<wf pos="SYM">۔</wf>
	</sentence>
	<sentence s_id="55">
		<wf pos="INTF">یوٗت</wf>
		<wf pos="NN" sense_id="1">کال</wf>
		<wf pos="PRP">ٕبہ</wf>
		<wf pos="PRP">ژٕہ</wf>
		<wf pos="NN">مُطمیٖن</wf>
		<wf pos="VM">کرتھ</wf>
		<wf pos="CC">یا</wf>
		<wf pos="PRP">ژٕہ</wf>
		<wf pos="PRP">میٚہ</wf>
		<wf pos="NN">مُطمیٖن</wf>
		<wf pos="VM">کرکھ</wf>
		<wf pos="RB">توٚت</wf>
		<wf pos="PSP">تام</wf>
		<wf pos="VAUX">گژِھ</wf>
		<wf pos="INTF">وَخ</wf>
		<wf pos="SYM">۔</wf>
	</sentence>
	<sentence s_id="56">
		<wf pos="DEM">یہِ</wf>
		<wf pos="VM">وَنتم</wf>
		<wf pos="NNPC">بشیٖر</wf>
		<wf pos="NNP">احمدس</wf>
		<wf pos="CC">تہٕ</wf>
		<wf pos="NNP">ہاجرس</wf>
		<wf pos="WQ">کوٗت</wf>
		<wf pos="NN" sense_id="1">کال</wf>
		<wf pos="VAUX">اوس</wf>
		<wf pos="PRP">پانہٕ</wf>
		<wf pos="POW">وٲنۍ</wf>
		<wf pos="NN">محبّت</wf>
		<wf pos="SYM">۔</wf>
	</sentence>
	<sentence s_id="57">
		<wf pos="PRP">یَمَن</wf>
		<wf pos="NN">تقریٖٮ۪ن</wf>
		<wf pos="PSP">ہٕنز</wf>
		<wf pos="NN">ذکر</wf>
		<wf pos="PRP">بہٕ</wf>
		<wf pos="RB">برۄنہہ</wf>
		<wf pos="VM">کُن</wf>
		<wf pos="NN">کرٕ</wf>
		<wf pos="NN">تمن</wf>
		<wf pos="PSP">منٛز</wf>
		<wf pos="VM">چھِنہٕ</wf>
		<wf pos="RB">کینہ</wf>
		<wf pos="NN">رسم</wf>
		<wf pos="CC">تہٕ</wf>
		<wf pos="NN">رٮ۪واج</wf>
		<wf pos="NN">ُونکٮ۪ن</wf>
		<wf pos="DEM">تمِہ</wf>
		<wf pos="RB">رنگہٕ</wf>
		<wf pos="CC">یا</wf>
		<wf pos="RB">انمانہٕ</wf>
		<wf pos="VM">لٮ۪نہٕ</wf>
		<wf pos="VAUX">یِوان</wf>
		<wf pos="QC">یٚمِہ</wf>
		<wf pos="JJ">رنگہٕ</wf>
		<wf pos="CC">تہٕ</wf>
		<wf pos="RB">انمانہٕ</wf>
		<wf pos="PRP">میٚہ</wf>
		<wf pos="PRP">تِم</wf>
		<wf pos="RB">اَز</wf>
		<wf pos="RB">برۄنہہ</wf>
		<wf pos="NN">کمےٕ</wf>
		<wf pos="NN" sense_id="1">کال</wf>
		<wf pos="VM">وُچھمٕتۍ</wf>
		<wf pos="RP">تہِ</wf>
		<wf pos="VM">پٲلۍمٕتۍ</wf>
		<wf pos="VAUX">چھِ</wf>
		<wf pos="CC">تہٕ</wf>
		<wf pos="PRP">یِہُند</wf>
		<wf pos="NN">نقشِہ</wf>
		<wf pos="PRP">میٚہ</wf>
		<wf pos="NN">ذیہٚنسَ</wf>
		<wf pos="PSP">پٮ۪ٹھ</wf>
		<wf pos="VAUX">چُھ</wf>
		<wf pos="SYM">۔</wf>
	</sentence>
	<sentence s_id="58">
		<wf pos="RB">پَتھ</wf>
		<wf pos="NN" sense_id="1">کال</wf>
		<wf pos="VAUX">اوس</wf>
		<wf pos="NN">وَردنَس</wf>
		<wf pos="PSP">منز</wf>
		<wf pos="QC">یٚمِہ</wf>
		<wf pos="NN">قٕسمٔک</wf>
		<wf pos="NNP">جور</wf>
		<wf pos="VM">آسان</wf>
		<wf pos="SYM">۔</wf>
	</sentence>
	<sentence s_id="59">
		<wf pos="PRP">مےٚ</wf>
		<wf pos="VAUX">گوٚو</wf>
		<wf pos="INTF">یوٗت</wf>
		<wf pos="NN" sense_id="1">کال</wf>
		<wf pos="NN">دۄسِہ</wf>
		<wf pos="PSP">پٮ۪ٹھ</wf>
		<wf pos="NN">نظر</wf>
		<wf pos="VM">تھٲوِتھ</wf>
		<wf pos="SYM">۔</wf>
	</sentence>
	<sentence s_id="60">
		<wf pos="NN" sense_id="2">کال</wf>
		<wf pos="VM">کھٮ۪نہٕ</wf>
		<wf pos="RB">پتہٕ</wf>
		<wf pos="RDP">گٔژھۍ</wf>
		<wf pos="NEG">نہٕ</wf>
		<wf pos="RB">جلدی</wf>
		<wf pos="NN">شینٛگُن</wf>
		<wf pos="SYM">۔</wf>
	</sentence>
	<sentence s_id="61">
		<wf pos="PRP">مےٚ</wf>
		<wf pos="NN">کھٮیوٗ</wf>
		<wf pos="NNP">راتھٕ</wf>
		<wf pos="NN" sense_id="2">کال</wf>
		<wf pos="NN">مام</wf>
		<wf pos="NN">سندٕ</wf>
		<wf pos="SYM">۔</wf>
	</sentence>
	<sentence s_id="62">
		<wf pos="NN" sense_id="2">کال</wf>
		<wf pos="NEG">نہٕ</wf>
		<wf pos="VM">کھٮ۪نہٕ</wf>
		<wf pos="???">ستۍ</wf>
		<wf pos="VM">چھہٕ</wf>
		<wf pos="NN">بجر</wf>
		<wf pos="RDP">جلدی</wf>
		<wf pos="VM">اِوان</wf>
		<wf pos="SYM">۔</wf>
	</sentence>
	<sentence s_id="63">
		<wf pos="PRP">سُہ</wf>
		<wf pos="VAUX">اوس</wf>
		<wf pos="">کہنٛہ</wf>
		<wf pos="RB" sense_id="1">کال</wf>
		<wf pos="RB">یور</wf>
		<wf pos="RP">تہِ</wf>
		<wf pos="VAUX">آمُت</wf>
		<wf pos="SYM">۔</wf>
	</sentence>
	<sentence s_id="64">
		<wf pos="RB">پتھ</wf>
		<wf pos="NN" sense_id="1">کال</wf>
		<wf pos="VAUX">ٲس</wf>
		<wf pos="NEG">غٲر</wf>
		<wf pos="JJ">ساینٔسی</wf>
		<wf pos="NN">طٔریٖقہٕ</wf>
		<wf pos="VM">اِستعمال</wf>
		<wf pos="VM">کَران</wf>
		<wf pos="SYM">۔</wf>
	</sentence>
	<sentence s_id="65">
		<wf pos="RB">پتھ</wf>
		<wf pos="NN" sense_id="1">کال</wf>
		<wf pos="PSP">کِس</wf>
		<wf pos="NN">وَقتَس</wf>
		<wf pos="PSP">منٛز</wf>
		<wf pos="VAUX">چُھ</wf>
		<wf pos="NN">فِرقہٕ</wf>
		<wf pos="JJ">وَرانہٕ</wf>
		<wf pos="NN">ہِشر</wf>
		<wf pos="QC">اَکھ</wf>
		<wf pos="JJ">لَگہٕ</wf>
		<wf pos="POW">ہار</wf>
		<wf pos="NN">موضوٗع</wf>
		<wf pos="VM">بَنیومُت</wf>
		<wf pos="SYM">۔</wf>
	</sentence>
	<sentence s_id="66">
		<wf pos="DEM">یہِ</wf>
		<wf pos="NN">کٲم</wf>
		<wf pos="VAUX">ٲس</wf>
		<wf pos="RB">پتھ</wf>
		<wf pos="NN" sense_id="1">کال</wf>
		<wf pos="VM">کَران</wf>
		<wf pos="SYM">۔</wf>
	</sentence>
	<sentence s_id="67">
		<wf pos="RB">پتھ</wf>
		<wf pos="NN" sense_id="1">کال</wf>
		<wf pos="VAUX">ٲس</wf>
		<wf pos="PRP">وَبَہہ</wf>
		<wf pos="PSP">سۭتۍ</wf>
		<wf pos="NN">گامَن</wf>
		<wf pos="PSP">منٛز</wf>
		<wf pos="JJ">واریاہ</wf>
		<wf pos="NN">لُک</wf>
		<wf pos="VM">مَران</wf>
		<wf pos="SYM">۔</wf>
	</sentence>
	<sentence s_id="68">
		<wf pos="NNP">ہِنٛدُستانَس</wf>
		<wf pos="PSP">پٮ۪ٹھ</wf>
		<wf pos="VAUX">ٲس</wf>
		<wf pos="RB">پتھ</wf>
		<wf pos="NN" sense_id="1">کال</wf>
		<wf pos="NN">اَنٛگریزَن</wf>
		<wf pos="PSP">ہٕنٛز</wf>
		<wf pos="NN">بَرتٔری</wf>
		<wf pos="SYM">۔</wf>
	</sentence>
	<sentence s_id="69">
		<wf pos="DEM">یَتھ</wf>
		<wf pos="NN">چینہِ</wf>
		<wf pos="INTF">کوٗتاہ</wf>
		<wf pos="NN" sense_id="1">کال</wf>
		<wf pos="RB">لَگہِ</wf>
		<wf pos="NN">واٹھ</wf>
		<wf pos="VAUX">دِنَس؟</wf>
		<wf pos="SYM">۔</wf>
	</sentence>
	<sentence s_id="70">
		<wf pos="NN">کَتھ</wf>
		<wf pos="RDP">کَتھہِ</wf>
		<wf pos="PSP">مَنٛز</wf>
		<wf pos="INTF">کوٗتاہ</wf>
		<wf pos="NN" sense_id="1">کال</wf>
		<wf pos="VAUX">گوٚو</wf>
		<wf pos="INTF">پَتہٕے</wf>
		<wf pos="VM">لوٚگ</wf>
		<wf pos="NEG">نہٕ</wf>
		<wf pos="SYM">۔</wf>
	</sentence>
	<sentence s_id="71">
		<wf pos="DEM">ییٚمہِ</wf>
		<wf pos="NN">مَحکَمکس</wf>
		<wf pos="NN">نِظامس</wf>
		<wf pos="RB">ووٗت</wf>
		<wf pos="JJ">واریاہ</wf>
		<wf pos="NN" sense_id="1">کال</wf>
		<wf pos="NN">بےٚکار</wf>
		<wf pos="CC">زٕ</wf>
		<wf pos="PRP">کانٛہہ</wf>
		<wf pos="CC">تہٕ</wf>
		<wf pos="NN">کٲم</wf>
		<wf pos="VM">چھِنہٕ</wf>
		<wf pos="NN">وَقتَس</wf>
		<wf pos="PSP">پٮ۪ٹھ</wf>
		<wf pos="VM">اَندان</wf>
		<wf pos="SYM">۔</wf>
	</sentence>
	<sentence s_id="72">
		<wf pos="JJ">واریاہ</wf>
		<wf pos="NN" sense_id="1">کال</wf>
		<wf pos="PSP">پٮ۪ٹھہٕ</wf>
		<wf pos="JJ">یٔڑ</wf>
		<wf pos="NN">دود</wf>
		<wf pos="VAUX">آسنُک</wf>
		<wf pos="PRP">وَجَہہ</wf>
		<wf pos="VM">زاننہٕ</wf>
		<wf pos="PSP">خٲطرٕ</wf>
		<wf pos="VM">ووٚن</wf>
		<wf pos="PRP">تٔمِس</wf>
		<wf pos="NN">ڈاکٹَرَن</wf>
		<wf pos="JJ">سونوگرٛافی</wf>
		<wf pos="VM">کَرٕنۍ</wf>
		<wf pos="SYM">۔</wf>
	</sentence>
	<sentence s_id="73">
		<wf pos="INTF">یوٗت</wf>
		<wf pos="NN" sense_id="1">کال</wf>
		<wf pos="NEG">نہٕ</wf>
		<wf pos="NN">مُشکِلات</wf>
		<wf pos="JJ">واضح</wf>
		<wf pos="VM">آسَن</wf>
		<wf pos="NN">تِیوٗت</wf>
		<wf pos="NN" sense_id="1">کال</wf>
		<wf pos="VM">نیرِ</wf>
		<wf pos="NEG">نہٕ</wf>
		<wf pos="PRP">تِمَن</wf>
		<wf pos="NN">حَل</wf>
		<wf pos="SYM">۔</wf>
	</sentence>
	<sentence s_id="74">
		<wf pos="RB">کِہنٛہ</wf>
		<wf pos="NN" sense_id="1">کال</wf>
		<wf pos="VAUX">چھِ</wf>
		<wf pos="JJ">دُنیٲوی</wf>
		<wf pos="NN">چیز</wf>
		<wf pos="NN">دِلس</wf>
		<wf pos="NN">رٲغِب</wf>
		<wf pos="VM">کٔرِتھ</wf>
		<wf pos="NN">سۄکھ</wf>
		<wf pos="VM">واتناوان</wf>
		<wf pos="SYM">۔</wf>
	</sentence>
	<sentence s_id="75">
		<wf pos="RB">برٛۄنٛہہ</wf>
		<wf pos="NN" sense_id="1">کال</wf>
		<wf pos="VAUX">اوس</wf>
		<wf pos="NN">مور</wf>
		<wf pos="POW">پَکھ</wf>
		<wf pos="QC">اَکھ</wf>
		<wf pos="VM">لٮ۪کھنُک</wf>
		<wf pos="NN">آلہٕ</wf>
		<wf pos="SYM">۔</wf>
	</sentence>
	<sentence s_id="76">
		<wf pos="PRP">بہٕ</wf>
		<wf pos="VM">وٕچھٕ</wf>
		<wf pos="SYM">،</wf>
		<wf pos="NN">اَپزِکِس</wf>
		<wf pos="NN">بُنیادَس</wf>
		<wf pos="PSP">پٮ۪ٹھ</wf>
		<wf pos="WQ">کوٗت</wf>
		<wf pos="NN" sense_id="1">کال</wf>
		<wf pos="VM">چَلہِ</wf>
		<wf pos="DEM">یہِ</wf>
		<wf pos="NN">رِشتہٕ</wf>
		<wf pos="SYM">۔</wf>
	</sentence>
	<sentence s_id="77">
		<wf pos="PRP">سُہ</wf>
		<wf pos="VAUX">چُھ</wf>
		<wf pos="JJ">صٕرِف</wf>
		<wf pos="NN" sense_id="2">کال</wf>
		<wf pos="VM">کھٮ۪وان</wf>
		<wf pos="NN">کوٗج</wf>
		<wf pos="NEG">نہٕ</wf>
		<wf pos="VAUX">کِہنٛہ</wf>
		<wf pos="SYM">۔</wf>
	</sentence>
	<sentence s_id="78">
		<wf pos="RB">پگاہ</wf>
		<wf pos="NN" sense_id="2">کال</wf>
		<wf pos="VAUX">چھےٚ</wf>
		<wf pos="PRP">ٲسہٕ</wf>
		<wf pos="NN">تتہٕ</wf>
		<wf pos="VM">کھٮ۪ون</wf>
		<wf pos="SYM">۔</wf>
	</sentence>
	<sentence s_id="79">
		<wf pos="PRP">سُہٕ</wf>
		<wf pos="VAUX">اوس</wf>
		<wf pos="PRP">مےٚ</wf>
		<wf pos="NN" sense_id="2">کال</wf>
		<wf pos="VM">کھٮ۪نہٕ</wf>
		<wf pos="RB">پتہٕ</wf>
		<wf pos="NN">پت</wf>
		<wf pos="POW">پت</wf>
		<wf pos="VM">پکان</wf>
		<wf pos="SYM">۔</wf>
	</sentence>
	<sentence s_id="80">
		<wf pos="PRP">مےٚ</wf>
		<wf pos="VAUX">گوٚو</wf>
		<wf pos="NN" sense_id="2">کال</wf>
		<wf pos="VM">کھٮ۪نہٕ</wf>
		<wf pos="RB">پتہٕ</wf>
		<wf pos="PRP">سُہٕ</wf>
		<wf pos="NN">سڑکہٕ</wf>
		<wf pos="PSP">پٮ۪ٹھ</wf>
		<wf pos="NN">نظرٕ</wf>
		<wf pos="SYM">۔</wf>
	</sentence>
	<sentence s_id="81">
		<wf pos="NN" sense_id="2">کال</wf>
		<wf pos="VM">کھٮ۪نہٕ</wf>
		<wf pos="RB">پتہٕ</wf>
		<wf pos="VM">چھٕ</wf>
		<wf pos="PRP">سُہٕ</wf>
		<wf pos="NN">ہوشیار</wf>
		<wf pos="VM">روزان</wf>
		<wf pos="SYM">۔</wf>
	</sentence>
	<sentence s_id="82">
		<wf pos="NN" sense_id="2">کال</wf>
		<wf pos="VAUX">گٔژھۍ</wf>
		<wf pos="NN">سوٗلِ</wf>
		<wf pos="VM">کھٮیون</wf>
		<wf pos="SYM">۔</wf>
	</sentence>
	<sentence s_id="83">
		<wf pos="NN" sense_id="2">کال</wf>
		<wf pos="VM">کھٮ۪نہٕ</wf>
		<wf pos="RB">پتہٕ</wf>
		<wf pos="VAUX">چھٕ</wf>
		<wf pos="JJ">بڑ</wf>
		<wf pos="NN">مز</wf>
		<wf pos="VM">اِوان</wf>
		<wf pos="NN">شینٛگُنس</wf>
		<wf pos="SYM">۔</wf>
	</sentence>
	<sentence s_id="84">
		<wf pos="PRP">بہٕ</wf>
		<wf pos="VM">شینٛگُنس</wf>
		<wf pos="NNP">راتھٕ</wf>
		<wf pos="NN" sense_id="2">کال</wf>
		<wf pos="VM">کھٮ۪نےٚ</wf>
		<wf pos="SYM">۔</wf>
	</sentence>
	<sentence s_id="85">
		<wf pos="PRP">کہنٛہ</wf>
		<wf pos="NN" sense_id="1">کال</wf>
		<wf pos="RB">اَتہِ</wf>
		<wf pos="VM">بِہَتھ</wf>
		<wf pos="VM">کھوٚت</wf>
		<wf pos="CC">بیٚیہِ</wf>
		<wf pos="NN">پانہٕ</wf>
		<wf pos="NNP">ہٲج</wf>
		<wf pos="NN">بالَس</wf>
		<wf pos="PSP">پٮ۪ٹھ</wf>
		<wf pos="NN">دٕنہٕ</wf>
		<wf pos="POW">ناہ</wf>
		<wf pos="VM">دِژٕن</wf>
		<wf pos="SYM">۔</wf>
	</sentence>
	<sentence s_id="86">
		<wf pos="CC">وۄںگۄو</wf>
		<wf pos="NNP">کٲشرِ</wf>
		<wf pos="NN">زبٲنۍ</wf>
		<wf pos="PSP">ہٕنٛدِس</wf>
		<wf pos="RB">أزکس</wf>
		<wf pos="JJ">سٔنٛجیدٕ</wf>
		<wf pos="NNC">طالب</wf>
		<wf pos="NN">عٔلمَس</wf>
		<wf pos="VAUX">چُھ</wf>
		<wf pos="NEG">نہٕ</wf>
		<wf pos="DEM">یہِ</wf>
		<wf pos="VM">وننَس</wf>
		<wf pos="NN">چارَے</wf>
		<wf pos="VM">روزان</wf>
		<wf pos="DEM">زِ</wf>
		<wf pos="NNP">کٲشِر</wf>
		<wf pos="NN">ڈِکشنٔری</wf>
		<wf pos="PSP">ہٕنٛدِس</wf>
		<wf pos="NN">ایڈِٹوریل</wf>
		<wf pos="NN">بوڈس</wf>
		<wf pos="NEG">چُھنہٕ</wf>
		<wf pos="JJ">لسٲنی</wf>
		<wf pos="NN">زٲویجارن</wf>
		<wf pos="PSP">ہُنٛد</wf>
		<wf pos="NN">ادراک</wf>
		<wf pos="VM">اوسمُت</wf>
		<wf pos="DEM">یَتھ</wf>
		<wf pos="PRP">تِم</wf>
		<wf pos="JJ">لِسٲنی</wf>
		<wf pos="NN">اصوٗلن</wf>
		<wf pos="PSP">تحت</wf>
		<wf pos="NN">لفظن</wf>
		<wf pos="PSP">ہُنٛد</wf>
		<wf pos="JJ">اصٕل</wf>
		<wf pos="NN">موٗل</wf>
		<wf pos="VM">دٔرۍیافت</wf>
		<wf pos="VM">کٔرِتھ</wf>
		<wf pos="VAUX">ہٮ۪کہٕ</wf>
		<wf pos="POW">ہَن</wf>
		<wf pos="DEM">اَتھ</wf>
		<wf pos="RB">برعکس</wf>
		<wf pos="VAUX">چُھ</wf>
		<wf pos="PRP">تِمَو</wf>
		<wf pos="RB">محض</wf>
		<wf pos="NN">جزباتن</wf>
		<wf pos="PSP">ہٕنٛز</wf>
		<wf pos="NN">بُنیٲذ</wf>
		<wf pos="PSP">پٮ۪ٹھ</wf>
		<wf pos="NN">جلدبٲزی</wf>
		<wf pos="PSP">منٛز</wf>
		<wf pos="RB">اکثر</wf>
		<wf pos="NNP">کٲشرٮ۪ن</wf>
		<wf pos="NN">لفظن</wf>
		<wf pos="PSP">ہُنٛد</wf>
		<wf pos="NN">موٗل</wf>
		<wf pos="JJ">غلط</wf>
		<wf pos="VM">ہوومُت</wf>
		<wf pos="DEM">ییٚمہِ</wf>
		<wf pos="PSP">سۭتۍ</wf>
		<wf pos="PRP">کینٛہہ</wf>
		<wf pos="NN" sense_id="1">کال</wf>
		<wf pos="NNP">کٲشرِ</wf>
		<wf pos="NN">زبٲنی</wf>
		<wf pos="PSP">ہٕنٛدِس</wf>
		<wf pos="NN">آگرس</wf>
		<wf pos="CC">تہٕ</wf>
		<wf pos="DEM">اَمہِ</wf>
		<wf pos="PSP">کس</wf>
		<wf pos="JJ">لِسٲنۍ</wf>
		<wf pos="NN">شناختس</wf>
		<wf pos="PSP">متعلق</wf>
		<wf pos="PRP">کینٛہہ</wf>
		<wf pos="JJ">غلط</wf>
		<wf pos="NN">فہمیہِ</wf>
		<wf pos="RP">تہِ</wf>
		<wf pos="VM">پٲدٕ</wf>
		<wf pos="VAUX">گٔیِہ</wf>
		<wf pos="SYM">۔</wf>
	</sentence>
	<sentence s_id="87">
		<wf pos="JJ">حٲران</wf>
		<wf pos="CC">تہٕ</wf>
		<wf pos="JJ">پریشانےٕ</wf>
		<wf pos="RB">یوت</wf>
		<wf pos="NEG">نہٕ</wf>
		<wf pos="PRP">تَس</wf>
		<wf pos="VAUX">اوس</wf>
		<wf pos="RB">تیوت</wf>
		<wf pos="VAUX">اوس</wf>
		<wf pos="PRP">تَس</wf>
		<wf pos="NN">مَنَس</wf>
		<wf pos="NN">کھوژُن</wf>
		<wf pos="VM">ژامُت</wf>
		<wf pos="CC">تہٕ</wf>
		<wf pos="NN">پھوٚر</wf>
		<wf pos="VAUX">اوسُس</wf>
		<wf pos="QF">گز</wf>
		<wf pos="RDP">گز</wf>
		<wf pos="JJ">تھوٚد</wf>
		<wf pos="VAUX">گژھان</wf>
		<wf pos="VM">ؤتِھتھ</wf>
		<wf pos="RB">ٲخٕر</wf>
		<wf pos="VM">آو</wf>
		<wf pos="PRP">تس</wf>
		<wf pos="RB">دوٗر</wf>
		<wf pos="NN">پَچہِ</wf>
		<wf pos="PSP">ہُند</wf>
		<wf pos="JJ">گوٚٹ</wf>
		<wf pos="NN">آکار</wf>
		<wf pos="VM">نظرِ</wf>
		<wf pos="CC">تہٕ</wf>
		<wf pos="PRP">کیہنہ</wf>
		<wf pos="NN" sense_id="1">کال</wf>
		<wf pos="RB">پتہٕ</wf>
		<wf pos="VM">وٲژ</wf>
		<wf pos="NNP">دٮ۪دِ</wf>
		<wf pos="PSP">ہٕنز</wf>
		<wf pos="NN">پٔٹ</wf>
		<wf pos="PRP">تَس</wf>
		<wf pos="PSP">نِش</wf>
		<wf pos="SYM">۔</wf>
	</sentence>
	<sentence s_id="88">
		<wf pos="NNP">صمٕدۍ</wf>
		<wf pos="VM">کور</wf>
		<wf pos="RB">یوت</wf>
		<wf pos="NN" sense_id="1">کال</wf>
		<wf pos="RB">فریکھ</wf>
		<wf pos="VM">ترٲوِتھ</wf>
		<wf pos="NN">آراماہ</wf>
		<wf pos="SYM">۔</wf>
	</sentence>
	<sentence s_id="89">
		<wf pos="NNP">ہندوستانہٕ</wf>
		<wf pos="PSP">کٮ۪ن</wf>
		<wf pos="RB">باقی</wf>
		<wf pos="NN">حِصن</wf>
		<wf pos="NN">مقابلہٕ</wf>
		<wf pos="VAUX">اوس</wf>
		<wf pos="NNP">کشیٖرِ</wf>
		<wf pos="PSP">منٛز</wf>
		<wf pos="NN">زنانن</wf>
		<wf pos="PSP">ہُند</wf>
		<wf pos="NN">درجہِ</wf>
		<wf pos="INTF">زیادٕ</wf>
		<wf pos="JJ">تھوٚد</wf>
		<wf pos="NN">زنانن</wf>
		<wf pos="PSP">ہندِس</wf>
		<wf pos="DEM">اَتھ</wf>
		<wf pos="NN">مرتبس</wf>
		<wf pos="PSP">متعلق</wf>
		<wf pos="VAUX">چُھ</wf>
		<wf pos="NNPC">سُنیل</wf>
		<wf pos="NNP">چندررے“</wf>
		<wf pos="NNPC">“کٹنیم</wf>
		<wf pos="NNP">اتاکاوِ“</wf>
		<wf pos="CC">تہٕ</wf>
		<wf pos="NNP">دیواژٔرِت“</wf>
		<wf pos="NN">کتابن</wf>
		<wf pos="PSP">ہُند</wf>
		<wf pos="NN">حوالہٕ</wf>
		<wf pos="VM">دِتھ</wf>
		<wf pos="VM">ونان</wf>
		<wf pos="CC">زِ</wf>
		<wf pos="RB">پتھ</wf>
		<wf pos="NN" sense_id="1">کال</wf>
		<wf pos="NNP">کشیٖرِ</wf>
		<wf pos="PSP">منٛز</wf>
		<wf pos="NN">زنانَن</wf>
		<wf pos="PSP">ہندِس</wf>
		<wf pos="NN">مرتبس</wf>
		<wf pos="VAUX">چُھ</wf>
		<wf pos="PRP">اسہِ</wf>
		<wf pos="DEM">یہِ</wf>
		<wf pos="VM">ننان</wf>
		<wf pos="CC">زِ</wf>
		<wf pos="NN">زنانہِ</wf>
		<wf pos="PSP">ہنزِ</wf>
		<wf pos="NN">زِندگیہِ</wf>
		<wf pos="PSP">ہُند</wf>
		<wf pos="QO">گۄڈنیُک</wf>
		<wf pos="NN">حِصہٕ</wf>
		<wf pos="VAUX">اوس</wf>
		<wf pos="PRP">تسٕندِس</wf>
		<wf pos="NN">مالِنِس</wf>
		<wf pos="PSP">منٛز</wf>
		<wf pos="VM">گُزران</wf>
		<wf pos="RB">ییٚتہِ</wf>
		<wf pos="PRP">تَس</wf>
		<wf pos="RB">کھلہٕپٲٹھۍ</wf>
		<wf pos="NN">تعلیٖم</wf>
		<wf pos="VM">دِنہٕ</wf>
		<wf pos="VAUX">ٲس</wf>
		<wf pos="VM">یِوان</wf>
		<wf pos="QC">نٔوۍمہِ</wf>
		<wf pos="NN">صدی</wf>
		<wf pos="NN">عیٖسوی</wf>
		<wf pos="PSP">منٛز</wf>
		<wf pos="VAUX">ٲسۍ</wf>
		<wf pos="NN">تعلیٖمہِ</wf>
		<wf pos="PSP">ہندِس</wf>
		<wf pos="NN">نِصابس</wf>
		<wf pos="PSP">منٛز</wf>
		<wf pos="NNP">“وِتھسیانا“،</wf>
		<wf pos="NNP">“دَتَک“،</wf>
		<wf pos="NNP">“وِتپر“،</wf>
		<wf pos="CC">تہٕ</wf>
		<wf pos="NNPC">“راج</wf>
		<wf pos="NNP">پُتر“</wf>
		<wf pos="PSP">سٕندۍ</wf>
		<wf pos="JJ">جنسی</wf>
		<wf pos="NN">علوٗم،</wf>
		<wf pos="NNP">بھرت</wf>
		<wf pos="PSP">سٕنز</wf>
		<wf pos="JJ">“ناٹیہ</wf>
		<wf pos="NN">شاستر“،</wf>
		<wf pos="NN">فنس</wf>
		<wf pos="PSP">پٮ۪ٹھ</wf>
		<wf pos="NNP">“وِساکھل“</wf>
		<wf pos="PSP">سُند</wf>
		<wf pos="NN">رِسالہٕ،</wf>
		<wf pos="NN">موٗسیٖقی</wf>
		<wf pos="PSP">پٮ۪ٹھ</wf>
		<wf pos="NNP">“دٔبثِل“</wf>
		<wf pos="PSP">سٕنز</wf>
		<wf pos="NNC">تصنیٖف</wf>
		<wf pos="NN">“ورٚک</wf>
		<wf pos="NNP">سَیُروید“</wf>
		<wf pos="CC">تہٕ</wf>
		<wf pos="NNP">مصوری،</wf>
		<wf pos="NNC">ٹۄپہِ</wf>
		<wf pos="NN">کٲم،</wf>
		<wf pos="NNC">سۄنر</wf>
		<wf pos="NN">کٲم،</wf>
		<wf pos="NNC">میٚژِ</wf>
		<wf pos="NN">موٗرتیہِ</wf>
		<wf pos="VM">بناونہِ،</wf>
		<wf pos="NNC">رَنہٕ</wf>
		<wf pos="NN">پٮ۪و،</wf>
		<wf pos="NN">ساز</wf>
		<wf pos="VM">واینٕچ</wf>
		<wf pos="CC">تہٕ</wf>
		<wf pos="NN">نژنٕچ</wf>
		<wf pos="JJ">عملی</wf>
		<wf pos="NN">ترتیٖب</wf>
		<wf pos="RP">تہِ</wf>
		<wf pos="VM">شٲمِل</wf>
		<wf pos="SYM">۔</wf>
	</sentence>
	<sentence s_id="90">
		<wf pos="RB">پَتھ</wf>
		<wf pos="NN" sense_id="1">کال</wf>
		<wf pos="VAUX">ٲسۍ</wf>
		<wf pos="NN">پھِرٕسال</wf>
		<wf pos="RP">تہِ</wf>
		<wf pos="VM">آسان</wf>
		<wf pos="NN">دۄہہٕ</wf>
		<wf pos="QF">وادَن</wf>
		<wf pos="PSP">پٮ۪ٹھ</wf>
		<wf pos="CC">،مگر</wf>
		<wf pos="RB">وۄنۍ</wf>
		<wf pos="VAUX">چُھ</wf>
		<wf pos="DEM">یہِ</wf>
		<wf pos="RB">صرف</wf>
		<wf pos="QC">اَکھ</wf>
		<wf pos="NN">کالاہ</wf>
		<wf pos="VM">آسان</wf>
		<wf pos="CC">تہٕ</wf>
		<wf pos="NN">شامَن</wf>
		<wf pos="VAUX">چِھ</wf>
		<wf pos="NN">کوٗر</wf>
		<wf pos="NN">زامتُر</wf>
		<wf pos="RB">واپَس</wf>
		<wf pos="NN">گَرٕ</wf>
		<wf pos="VM">گژھان</wf>
		<wf pos="SYM">۔</wf>
	</sentence>
	<sentence s_id="91">
		<wf pos="NNPC">بَٹہٕ</wf>
		<wf pos="NNP">مالیُن</wf>
		<wf pos="VAUX">اوس</wf>
		<wf pos="RB">پَتھ</wf>
		<wf pos="NN" sense_id="1">کال</wf>
		<wf pos="QF">اَکھ</wf>
		<wf pos="NN">گام</wf>
		<wf pos="DEM">یُس</wf>
		<wf pos="RB">اَز</wf>
		<wf pos="NNP">سرینگر</wf>
		<wf pos="PSP">کہِ</wf>
		<wf pos="QC">اَکہِ</wf>
		<wf pos="NN">علاقہٕ</wf>
		<wf pos="PSP">رٔٛنگۍ</wf>
		<wf pos="VM">زاننہٕ</wf>
		<wf pos="VAUX">چُھ</wf>
		<wf pos="VM">یِوان</wf>
		<wf pos="SYM">۔</wf>
	</sentence>
	<sentence s_id="92">
		<wf pos="NNP">زَباندٲنی</wf>
		<wf pos="PSP">ہٕنٛدۍ</wf>
		<wf pos="PRP">کینٛہہ</wf>
		<wf pos="JJ">اہم</wf>
		<wf pos="NN">اَنٛگ</wf>
		<wf pos="VAUX">چِھ</wf>
		<wf pos="DEM">اَتھ</wf>
		<wf pos="NN">کتھِ</wf>
		<wf pos="RB">ژٔرۍپٲٹھۍ</wf>
		<wf pos="NN">پوچھَر</wf>
		<wf pos="VM">کران</wf>
		<wf pos="DEM">زِ</wf>
		<wf pos="DEM">یہِ</wf>
		<wf pos="NNP">ارین</wf>
		<wf pos="PSP">ہٕنٛز</wf>
		<wf pos="NN">ڈینپھٕر</wf>
		<wf pos="VAUX">چھٚے</wf>
		<wf pos="INTF">سٮ۪ٹھاہ</wf>
		<wf pos="NN">کالَس</wf>
		<wf pos="NNP">ہندستانٕکہِ</wf>
		<wf pos="NN">پوٗرووترٕ</wf>
		<wf pos="PSP">طرفہٕ</wf>
		<wf pos="VM">پھیٖرمٕژ</wf>
		<wf pos="PRP">کینٛژن</wf>
		<wf pos="NN">جایَن</wf>
		<wf pos="NN">ٹھہراو</wf>
		<wf pos="VM">کوٚرمُت</wf>
		<wf pos="RB">توپَتہٕ</wf>
		<wf pos="VAUX">چھٚے</wf>
		<wf pos="DEM">یہِ</wf>
		<wf pos="NN">انٛدۍپٔکۍ</wf>
		<wf pos="RB">پھیٖرِتھ</wf>
		<wf pos="RDP">تھوٗرِتھ</wf>
		<wf pos="NNP">کٔشیٖرِ</wf>
		<wf pos="PSP">ہٕنٛد</wf>
		<wf pos="NN">دکھنہٕ</wf>
		<wf pos="PSP">طرفہٕ</wf>
		<wf pos="NNP">جوم,</wf>
		<wf pos="NNP">وُدمپور</wf>
		<wf pos="NN">سَر</wf>
		<wf pos="VM">کرنہٕ</wf>
		<wf pos="RB">بغٲرٕے</wf>
		<wf pos="NNP">چمبَا</wf>
		<wf pos="CC">تہٕ</wf>
		<wf pos="NNP">بسولی</wf>
		<wf pos="PSP">ہِنٛزِ</wf>
		<wf pos="JJ">پرٛانہِ</wf>
		<wf pos="NN">وَتہِ</wf>
		<wf pos="PSP">کنۍ</wf>
		<wf pos="VM">پٔکتھ</wf>
		<wf pos="NNP">کشٹواڈ,</wf>
		<wf pos="NNP">,بٔدرواہ</wf>
		<wf pos="CC">تہٕ</wf>
		<wf pos="NNP">ڈوڈاہس</wf>
		<wf pos="PSP">منٛز</wf>
		<wf pos="VM">ژامٕژ</wf>
		<wf pos="PRP">کینٛہہ</wf>
		<wf pos="NN" sense_id="1">کال</wf>
		<wf pos="VM">گٔژِھتھ</wf>
		<wf pos="VAUX">چھٚے</wf>
		<wf pos="PRP">یِمن</wf>
		<wf pos="PSP">ہٕنٛز</wf>
		<wf pos="QC">اَکھ</wf>
		<wf pos="NN">لٔٛنٛڈ</wf>
		<wf pos="NNP">رامبن</wf>
		<wf pos="RB">برٛونٹھ</wf>
		<wf pos="VM">پٔکتھ</wf>
		<wf pos="NNPC">پوگَل</wf>
		<wf pos="NNP">پٔرِستانہٕ</wf>
		<wf pos="VM">بسیٲمٕژ</wf>
		<wf pos="SYM">۔</wf>
	</sentence>
	<sentence s_id="93">
		<wf pos="NN">بانہالہِ</wf>
		<wf pos="NN">دامنَس</wf>
		<wf pos="PSP">تَل</wf>
		<wf pos="DEM">یَتھ</wf>
		<wf pos="NN">جایہِ</wf>
		<wf pos="DEM">یِم</wf>
		<wf pos="RB">گۄڈ</wf>
		<wf pos="VM">بَسیٲے</wf>
		<wf pos="DEM">اَتھ</wf>
		<wf pos="VM">تھوو</wf>
		<wf pos="PRP">تِمَو</wf>
		<wf pos="NNPC">”آرِیہ</wf>
		<wf pos="NNPC">اُترگ</wf>
		<wf pos="NNP">رٛام“</wf>
		<wf pos="NN">ناو</wf>
		<wf pos="DEM">یَتھ</wf>
		<wf pos="PSP">زَن</wf>
		<wf pos="RB">اَز</wf>
		<wf pos="VAUX">چِھ</wf>
		<wf pos="VM">وَنان</wf>
		<wf pos="NNP">تارٕگام</wf>
		<wf pos="PRP">کینہ</wf>
		<wf pos="NN" sense_id="1">کال</wf>
		<wf pos="PSP">پٮ۪ٹھٕ</wf>
		<wf pos="VM">تھوو</wf>
		<wf pos="PRP">یِمَو</wf>
		<wf pos="DEM">اَتھ</wf>
		<wf pos="JJ">سٲرۍسٕے</wf>
		<wf pos="NN">علاقَس</wf>
		<wf pos="NN">ناو</wf>
		<wf pos="NN">{Pilow</wf>
		<wf pos="PSP">of</wf>
		<wf pos="NN">snow}</wf>
		<wf pos="NN">کارٕگن</wf>
		<wf pos="DEM">‘’یَتھ</wf>
		<wf pos="RB">اَز</wf>
		<wf pos="VAUX">چِھ</wf>
		<wf pos="VM">وَنان</wf>
		<wf pos="NNP">قٲضۍگُنٛڈ</wf>
		<wf pos="SYM">۔</wf>
	</sentence>
	<sentence s_id="94">
		<wf pos="RB">پَتھ</wf>
		<wf pos="NN" sense_id="1">کال</wf>
		<wf pos="VAUX">اوس</wf>
		<wf pos="NN">خاندرُک</wf>
		<wf pos="QC">اَکھ</wf>
		<wf pos="NN">وَجَہ</wf>
		<wf pos="DEM">یُتُے</wf>
		<wf pos="VM">ماننہٕ</wf>
		<wf pos="VAUX">یِوان</wf>
		<wf pos="DEM">زِ</wf>
		<wf pos="NN">خاندَر</wf>
		<wf pos="VM">کرُن</wf>
		<wf pos="NN">بَچہٕ</wf>
		<wf pos="VM">پٲدٕ</wf>
		<wf pos="VM">کرُن</wf>
		<wf pos="CC">یُتھزن</wf>
		<wf pos="NN">پِچہِ</wf>
		<wf pos="NN">کہٲر</wf>
		<wf pos="VM">وزِ</wf>
		<wf pos="VAUX">ہے</wf>
		<wf pos="CC">تہٕ</wf>
		<wf pos="NN">خاندان</wf>
		<wf pos="VM">پَکہِ</wf>
		<wf pos="VAUX">ہے</wf>
		<wf pos="RB">برٛونٛہہ</wf>
		<wf pos="PSP">کن</wf>
		<wf pos="SYM">۔</wf>
	</sentence>
	<sentence s_id="95">
		<wf pos="NNP">ٹایسن</wf>
		<wf pos="VAUX">چُھ</wf>
		<wf pos="RB">ذٲتی</wf>
		<wf pos="POW">طور</wf>
		<wf pos="CC">تہِ</wf>
		<wf pos="NNPC">محمد</wf>
		<wf pos="NNPC">علی</wf>
		<wf pos="NNP">کلے</wf>
		<wf pos="PSP">سُند</wf>
		<wf pos="JJ">ظٲہری</wf>
		<wf pos="CC">تہٕ</wf>
		<wf pos="JJ">بٲتنی</wf>
		<wf pos="NN">عظمتہٕ</wf>
		<wf pos="PSP">سۭتۍ</wf>
		<wf pos="NEG">نہَ</wf>
		<wf pos="CC">صرف</wf>
		<wf pos="JJ">مُتٲثِر</wf>
		<wf pos="CC">بٔلۍکہِ</wf>
		<wf pos="DEM">تَمہِ</wf>
		<wf pos="PSP">سۭتۍ</wf>
		<wf pos="QC">اَکھ</wf>
		<wf pos="INTF">زبردَس</wf>
		<wf pos="JJ">روحٲنی</wf>
		<wf pos="CC">تہٕ</wf>
		<wf pos="JJ">جِسمٲنی</wf>
		<wf pos="NN">قوت</wf>
		<wf pos="VM">حٲصِل</wf>
		<wf pos="VM">کران</wf>
		<wf pos="PRP">دۄشوٕنۍ</wf>
		<wf pos="NN">پایہِ</wf>
		<wf pos="JJ">بَڈٮ۪ن</wf>
		<wf pos="VAUX">چِھ</wf>
		<wf pos="QC">اَکھ</wf>
		<wf pos="NN">کتھ</wf>
		<wf pos="JJ">مشترکہٕ</wf>
		<wf pos="NN">یعنی</wf>
		<wf pos="NNPC">محمد</wf>
		<wf pos="NNPC">علی</wf>
		<wf pos="NNP">کلے</wf>
		<wf pos="POW">یَس</wf>
		<wf pos="VAUX">روٗدۍ</wf>
		<wf pos="JJ">سفید</wf>
		<wf pos="NN">ژمہِ</wf>
		<wf pos="PSP">ہٕندۍ</wf>
		<wf pos="JJ">مغرِبی</wf>
		<wf pos="NN">اجارٕدار</wf>
		<wf pos="RB">ہمیشہٕ</wf>
		<wf pos="JJ">مُخٲلِف</wf>
		<wf pos="CC">تہٕ</wf>
		<wf pos="JJ">رنگہٕ</wf>
		<wf pos="RB">رنگہٕ</wf>
		<wf pos="VM">اوٚنُکھ</wf>
		<wf pos="NN">تنگ</wf>
		<wf pos="PRP">کینٛہہ</wf>
		<wf pos="NN" sense_id="1">کال</wf>
		<wf pos="RB">برٛونٹھ</wf>
		<wf pos="VAUX">آو</wf>
		<wf pos="NNPC">سفید</wf>
		<wf pos="NNPC">فام</wf>
		<wf pos="NNP">لابی</wf>
		<wf pos="PSP">ہٕندِ</wf>
		<wf pos="PRP">طرفہٕ</wf>
		<wf pos="NNP">ٹایسن</wf>
		<wf pos="QC">اَکھ</wf>
		<wf pos="JJ">اَپُز</wf>
		<wf pos="NNC">ریپ</wf>
		<wf pos="NN">کیس</wf>
		<wf pos="VM">کرنہٕ</wf>
		<wf pos="CC">تہٕ</wf>
		<wf pos="PRP">سُہ</wf>
		<wf pos="VAUX">آو</wf>
		<wf pos="NN">جیل</wf>
		<wf pos="VM">بھَرنہٕ</wf>
		<wf pos="SYM">۔</wf>
	</sentence>
	<sentence s_id="96">
		<wf pos="INTF">سٮ۪ٹھاہ</wf>
		<wf pos="NN" sense_id="1">کال</wf>
		<wf pos="VAUX">چُھو</wf>
		<wf pos="RB">تنہٕ</wf>
		<wf pos="VAUX">گژھان</wf>
		<wf pos="VM">دپان</wf>
		<wf pos="QC">أکس</wf>
		<wf pos="NN">گامس</wf>
		<wf pos="PSP">منز</wf>
		<wf pos="VAUX">اوس</wf>
		<wf pos="QC">اَکھ</wf>
		<wf pos="NN">سوداگارا</wf>
		<wf pos="VM">روزان</wf>
		<wf pos="PRP">یُس</wf>
		<wf pos="NN">کوکر</wf>
		<wf pos="VAUX">اوس</wf>
		<wf pos="VM">رَچھان</wf>
		<wf pos="SYM">۔</wf>
	</sentence>

</contextfile>