<?xml version='1.0' encoding='utf-8'?>
<contextfile filename="کوٚنٛڑ" fileno="54">
<sentence s_id="1">
		<wf pos="NN">سیٹھ</wf>
		<wf pos="PSP">دٔنی</wf>
		<wf pos="NNPC">رام</wf>
		<wf pos="VAUX">چُھ</wf>
		<wf pos="RB">وارِیاہ</wf>
		<wf pos="JJ" sense_id="1">کوٚنٛڑ</wf>
		<wf pos="NN">نَفَر</wf>
		<wf pos="RDP">،اَکھ</wf>
		<wf pos="NN">پونٛسہٕ</wf>
		<wf pos="RP">تہِ</wf>
		<wf pos="NEG">چُھنہٕ</wf>
		<wf pos="JJ">خرٕچ</wf>
		<wf pos="VAUX">یَژھان</wf>
		<wf pos="VM">کَرُن</wf>
		<wf pos="SYM">۔</wf>
</sentence>
<sentence s_id="2">
		<wf pos="NNP">رَمیش</wf>
		<wf pos="VAUX">چُھ</wf>
		<wf pos="RB">واریاہ</wf>
		<wf pos="JJ" sense_id="1">کوٚنٛڑ</wf>
		<wf pos="SYM">۔</wf>
</sentence>
<sentence s_id="3">
		<wf pos="NN">سیٹھ</wf>
		<wf pos="PSP">دٔنی</wf>
		<wf pos="NNPC">رام</wf>
		<wf pos="VAUX">چُھ</wf>
		<wf pos="JJ">وارِیاہ</wf>
		<wf pos="JJ" sense_id="1">کوٚنٛڑ</wf>
		<wf pos="NN">نَفَر</wf>
		<wf pos="RDP">،اَکھ</wf>
		<wf pos="NN">پونٛسہٕ</wf>
		<wf pos="RP">تہِ</wf>
		<wf pos="NEG">چُھنہٕ</wf>
		<wf pos="JJ">خرٕچ</wf>
		<wf pos="VAUX">یَژھان</wf>
		<wf pos="VM">کَرُن</wf>
		<wf pos="SYM">۔</wf>
</sentence>
<sentence s_id="4">
		<wf pos="NN">کھۄرَس</wf>
		<wf pos="JJ" sense_id="2">کوٚنٛڑ</wf>
		<wf pos="VM">اَژنہٕ</wf>
		<wf pos="NN">کہِِ</wf>
		<wf pos="NN">آزارٕ</wf>
		<wf pos="PSP">نِش</wf>
		<wf pos="VM">بَچنہٕ</wf>
		<wf pos="PSP">خٲطرٕ</wf>
		<wf pos="VAUX">چھہِ</wf>
		<wf pos="NN">کھۄربانہٕ</wf>
		<wf pos="VM">یِوان</wf>
		<wf pos="VM">لاگنہٕ</wf>
		<wf pos="SYM">۔</wf>
</sentence>
<sentence s_id="5">
		<wf pos="NNP">جنگلہٕ</wf>
		<wf pos="PSP">مٔنٛزۍ</wf>
		<wf pos="VM">پَکان</wf>
		<wf pos="VM">پکان</wf>
		<wf pos="VM">ژاو</wf>
		<wf pos="PRP">تَس</wf>
		<wf pos="NN">کھۄرس</wf>
		<wf pos="JJ" sense_id="2">کوٚنٛڑ</wf>
		<wf pos="SYM">۔</wf>
</sentence>
<sentence s_id="6">
		<wf pos="NN">رامس</wf>
		<wf pos="VM">ژاو</wf>
		<wf pos="NN">گاڈٕ</wf>
		<wf pos="NNC">کھیٚنہٕ</wf>
		<wf pos="NN">وِزِ</wf>
		<wf pos="NN">ٲسَس</wf>
		<wf pos="JJ" sense_id="2">کوٚنٛڑ</wf>
		<wf pos="SYM">۔</wf>
</sentence>
<sentence s_id="7">
		<wf pos="NN">نٲوۍدَن</wf>
		<wf pos="JJ">کوٚڑ</wf>
		<wf pos="NN">کھۄرٕ</wf>
		<wf pos="PSP">منٛزٕ</wf>
		<wf pos="JJ" sense_id="2">کوٚنٛڑ</wf>
		<wf pos="SYM">۔</wf>
</sentence>
<sentence s_id="8">
		<wf pos="NNC">رَمیش</wf>
		<wf pos="VAUX">چُھ</wf>
		<wf pos="JJ">واریاہ</wf>
		<wf pos="JJ" sense_id="1">کوٚنٛڑ</wf>
		<wf pos="SYM">۔</wf>
</sentence>
<sentence s_id="9">
		<wf pos="NNC">نَنہٕ</wf>
		<wf pos="NN">وٲرِس</wf>
		<wf pos="NN">نفرَس</wf>
		<wf pos="VM">ژاو</wf>
		<wf pos="NN">کھۄرَس</wf>
		<wf pos="JJ" sense_id="2">کوٚنٛڑ</wf>
		<wf pos="SYM">۔</wf>
</sentence>
<sentence s_id="10">
		<wf pos="INTF">یوٗتاہ</wf>
		<wf pos="NN">پونٛسہٕ</wf>
		<wf pos="PSP">وول</wf>
		<wf pos="VM">ٲسِتھ</wf>
		<wf pos="RP">تہِ</wf>
		<wf pos="VAUX">چُھ</wf>
		<wf pos="PRP">سُہ</wf>
		<wf pos="JJ">واریاہ</wf>
		<wf pos="JJ" sense_id="1">کوٚنٛڑ</wf>
		<wf pos="SYM">۔</wf>
</sentence>
<sentence s_id="11">
		<wf pos="INTF">یوٗتاہ</wf>
		<wf pos="NN">پونٛسہٕ</wf>
		<wf pos="PSP">وول</wf>
		<wf pos="VM">ٲسِتھ</wf>
		<wf pos="RP">تہِ</wf>
		<wf pos="VAUX">چُھ</wf>
		<wf pos="PRP">سُہ</wf>
		<wf pos="JJ">واریاہ</wf>
		<wf pos="JJ" sense_id="1">کوٚنٛڑ</wf>
		<wf pos="SYM">۔</wf>
</sentence>
<sentence s_id="12">
		<wf pos="PRP">مےٚ</wf>
		<wf pos="VM">چھٕ</wf>
		<wf pos="NN">سٲرسی</wf>
		<wf pos="PRP">پانَس</wf>
		<wf pos="JJ" sense_id="3">کوٚنٛڑ</wf>
		<wf pos="VM">لَگان</wf>
		<wf pos="SYM">۔</wf>
</sentence>
<sentence s_id="13">
		<wf pos="NN">ڈارکٹَرَن</wf>
		<wf pos="VM">کوٚڈ</wf>
		<wf pos="PRP">تَس</wf>
		<wf pos="JJ" sense_id="4">کوٚنٛڑ</wf>
		<wf pos="SYM">۔</wf>
</sentence>
<sentence s_id="14">
		<wf pos="NN">ناو</wf>
		<wf pos="PSP">وٲلۍ</wf>
		<wf pos="VM">ترٛوو</wf>
		<wf pos="NN">آرام</wf>
		<wf pos="VM">کرنہٕ</wf>
		<wf pos="PSP">خٲطرٕ</wf>
		<wf pos="NN">دٔرِیاو</wf>
		<wf pos="NN">بٔٹھِس</wf>
		<wf pos="JJ" sense_id="5">کوٚنٛڑ</wf>
		<wf pos="SYM">۔</wf>
</sentence>
<sentence s_id="15">
		<wf pos="NN">جَہازَ</wf>
		<wf pos="VM">رُکاونہٕ</wf>
		<wf pos="PSP">خٲطرٕ</wf>
		<wf pos="VAUX">چُھ</wf>
		<wf pos="JJ" sense_id="5">کوٚنٛڑ</wf>
		<wf pos="VM">ترٛاوُن</wf>
		<wf pos="SYM">۔</wf>
</sentence>
<sentence s_id="16">
		<wf pos="NN">ناو</wf>
		<wf pos="PSP">وٲلۍ</wf>
		<wf pos="VM">ترٛوو</wf>
		<wf pos="NN">آرام</wf>
		<wf pos="VM">کرنہٕ</wf>
		<wf pos="PSP">خٲطرٕ</wf>
		<wf pos="NN">دٔرِیاو</wf>
		<wf pos="NN">بٔٹھِس</wf>
		<wf pos="JJ" sense_id="5">کوٚنٛڑ</wf>
		<wf pos="SYM">۔</wf>
</sentence>
<sentence s_id="17">
		<wf pos="NN">جَہازَس</wf>
		<wf pos="VM">رُکاونہٕ</wf>
		<wf pos="PSP">خٲطرٕ</wf>
		<wf pos="VAUX">آو</wf>
		<wf pos="JJ" sense_id="5">کوٚنٛڑ</wf>
		<wf pos="VM">ترٛاونہٕ</wf>
		<wf pos="SYM">۔</wf>
</sentence>
<sentence s_id="18">
		<wf pos="PRP">تُہنٛدِ</wf>
		<wf pos="NN">ڑُپٹٕچ</wf>
		<wf pos="NN">دٔنٛدٕر</wf>
		<wf pos="VM">پھنٛسییہِ</wf>
		<wf pos="JJ" sense_id="2">کٔنٛڑِس</wf>
		<wf pos="PSP">منٛز</wf>
		<wf pos="SYM">۔</wf>
</sentence>
<sentence s_id="19">
		<wf pos="NN">گاڈ</wf>
		<wf pos="VM">رَٹنہٕ</wf>
		<wf pos="PSP">خٲطرٕ</wf>
		<wf pos="VM">لوگ</wf>
		<wf pos="VAUX">موہَنن</wf>
		<wf pos="NNC">کٔنٛڑِس</wf>
		<wf pos="NN">دانہٕ</wf>
		<wf pos="CC">یا</wf>
		<wf pos="PRP">کھیٚن</wf>
		<wf pos="SYM">۔</wf>
</sentence>
<sentence s_id="20">
		<wf pos="NN">نَرِ</wf>
		<wf pos="PSP">مَنٛز</wf>
		<wf pos="VM">لاگنہٕ</wf>
		<wf pos="NNC">یٕیٚنہٕ</wf>
		<wf pos="NN">واجینۍ</wf>
		<wf pos="NN">ہُکہٕ</wf>
		<wf pos="POW">دار</wf>
		<wf pos="NN">بِنٛگٕر</wf>
		<wf pos="NN">:چٔھتیٖسگٔڑی</wf>
		<wf pos="VM">زَنان</wf>
		<wf pos="VAUX">چھےٚ</wf>
		<wf pos="NN">ہُکہٕ</wf>
		<wf pos="POW">دار</wf>
		<wf pos="NN">بٕنٛگرٕ</wf>
		<wf pos="VM">لاگان</wf>
		<wf pos="SYM">۔</wf>
</sentence>
<sentence s_id="21">
		<wf pos="CC">اَگَر</wf>
		<wf pos="QC">زٕ</wf>
		<wf pos="NN">ییٖژا</wf>
		<wf pos="JJ" sense_id="2">کوٚنٛڑ</wf>
		<wf pos="NN">کَرَکھ</wf>
		<wf pos="JJ">ژٕتہِ</wf>
		<wf pos="VAUX">گََژھکھ</wf>
		<wf pos="PRP">کَنٛڈٮ۪ن</wf>
		<wf pos="PSP">منٛز</wf>
		<wf pos="NN">شُمار</wf>
		<wf pos="SYM">۔</wf>
</sentence>
<sentence s_id="22">
		<wf pos="NNP">رَمیش</wf>
		<wf pos="VAUX">چُھ</wf>
		<wf pos="RB">واریاہ</wf>
		<wf pos="JJ" sense_id="1">کوٚنٛڑ</wf>
		<wf pos="SYM">۔</wf>
</sentence>
<sentence s_id="23">
		<wf pos="NN">سیٹھ</wf>
		<wf pos="PSP">دٔنی</wf>
		<wf pos="NNPC">رام</wf>
		<wf pos="VAUX">چُھ</wf>
		<wf pos="JJ">وارِیاہ</wf>
		<wf pos="JJ" sense_id="1">کوٚنٛڑ</wf>
		<wf pos="NN">نَفَر</wf>
		<wf pos="RDP">،اَکھ</wf>
		<wf pos="NN">پونٛسہٕ</wf>
		<wf pos="RP">تہِ</wf>
		<wf pos="NEG">چُھنہٕ</wf>
		<wf pos="JJ">خرٕچ</wf>
		<wf pos="VAUX">یَژھان</wf>
		<wf pos="VM">کَرُن</wf>
		<wf pos="SYM">۔</wf>
</sentence>
<sentence s_id="24">
		<wf pos="NN">کھۄرَس</wf>
		<wf pos="JJ" sense_id="2">کوٚنٛڑ</wf>
		<wf pos="VM">اَژنہٕ</wf>
		<wf pos="NN">کہِِ</wf>
		<wf pos="NN">آزارٕ</wf>
		<wf pos="PSP">نِش</wf>
		<wf pos="VM">بَچنہٕ</wf>
		<wf pos="PSP">خٲطرٕ</wf>
		<wf pos="VAUX">چھہِ</wf>
		<wf pos="NN">کھۄربانہٕ</wf>
		<wf pos="VM">یِوان</wf>
		<wf pos="VM">لاگنہٕ</wf>
		<wf pos="SYM">۔</wf>
</sentence>
<sentence s_id="25">
		<wf pos="NNP">جنگلہٕ</wf>
		<wf pos="PSP">مٔنٛزۍ</wf>
		<wf pos="VM">پَکان</wf>
		<wf pos="VM">پکان</wf>
		<wf pos="VM">ژاو</wf>
		<wf pos="PRP">تَس</wf>
		<wf pos="NN">کھۄرس</wf>
		<wf pos="JJ" sense_id="2">کوٚنٛڑ</wf>
		<wf pos="SYM">۔</wf>
</sentence>
<sentence s_id="26">
		<wf pos="NN">رامس</wf>
		<wf pos="VM">ژاو</wf>
		<wf pos="NN">گاڈٕ</wf>
		<wf pos="NNC">کھیٚنہٕ</wf>
		<wf pos="NN">وِزِ</wf>
		<wf pos="NN">ٲسَس</wf>
		<wf pos="JJ" sense_id="2">کوٚنٛڑ</wf>
		<wf pos="SYM">۔</wf>
</sentence>
<sentence s_id="27">
		<wf pos="NN">نٲوۍدَن</wf>
		<wf pos="JJ">کوٚڑ</wf>
		<wf pos="NN">کھۄرٕ</wf>
		<wf pos="PSP">منٛزٕ</wf>
		<wf pos="JJ" sense_id="2">کوٚنٛڑ</wf>
		<wf pos="SYM">۔</wf>
</sentence>
<sentence s_id="28">
		<wf pos="NNC">رَمیش</wf>
		<wf pos="VAUX">چُھ</wf>
		<wf pos="JJ">واریاہ</wf>
		<wf pos="JJ" sense_id="1">کوٚنٛڑ</wf>
		<wf pos="SYM">۔</wf>
</sentence>
<sentence s_id="29">
		<wf pos="NNC">نَنہٕ</wf>
		<wf pos="NN">وٲرِس</wf>
		<wf pos="NN">نفرَس</wf>
		<wf pos="VM">ژاو</wf>
		<wf pos="NN">کھۄرَس</wf>
		<wf pos="JJ" sense_id="2">کوٚنٛڑ</wf>
		<wf pos="SYM">۔</wf>
</sentence>
<sentence s_id="30">
		<wf pos="INTF">یوٗتاہ</wf>
		<wf pos="NN">پونٛسہٕ</wf>
		<wf pos="PSP">وول</wf>
		<wf pos="VM">ٲسِتھ</wf>
		<wf pos="RP">تہِ</wf>
		<wf pos="VAUX">چُھ</wf>
		<wf pos="PRP">سُہ</wf>
		<wf pos="JJ">واریاہ</wf>
		<wf pos="JJ" sense_id="1">کوٚنٛڑ</wf>
		<wf pos="SYM">۔</wf>
</sentence>
<sentence s_id="31">
		<wf pos="INTF">یوٗتاہ</wf>
		<wf pos="NN">پونٛسہٕ</wf>
		<wf pos="PSP">وول</wf>
		<wf pos="VM">ٲسِتھ</wf>
		<wf pos="RP">تہِ</wf>
		<wf pos="VAUX">چُھ</wf>
		<wf pos="PRP">سُہ</wf>
		<wf pos="JJ">واریاہ</wf>
		<wf pos="JJ" sense_id="1">کوٚنٛڑ</wf>
		<wf pos="SYM">۔</wf>
</sentence>
<sentence s_id="32">
		<wf pos="PRP">مےٚ</wf>
		<wf pos="VM">چھٕ</wf>
		<wf pos="NN">سٲرسی</wf>
		<wf pos="PRP">پانَس</wf>
		<wf pos="JJ" sense_id="3">کوٚنٛڑ</wf>
		<wf pos="VM">لَگان</wf>
		<wf pos="SYM">۔</wf>
</sentence>
<sentence s_id="33">
		<wf pos="NN">ڈارکٹَرَن</wf>
		<wf pos="VM">کوٚڈ</wf>
		<wf pos="PRP">تَس</wf>
		<wf pos="JJ" sense_id="4">کوٚنٛڑ</wf>
		<wf pos="SYM">۔</wf>
</sentence>
<sentence s_id="34">
		<wf pos="NN">ناو</wf>
		<wf pos="PSP">وٲلۍ</wf>
		<wf pos="VM">ترٛوو</wf>
		<wf pos="NN">آرام</wf>
		<wf pos="VM">کرنہٕ</wf>
		<wf pos="PSP">خٲطرٕ</wf>
		<wf pos="NN">دٔرِیاو</wf>
		<wf pos="NN">بٔٹھِس</wf>
		<wf pos="JJ" sense_id="5">کوٚنٛڑ</wf>
		<wf pos="SYM">۔</wf>
</sentence>
<sentence s_id="35">
		<wf pos="NN">جَہازَ</wf>
		<wf pos="VM">رُکاونہٕ</wf>
		<wf pos="PSP">خٲطرٕ</wf>
		<wf pos="VAUX">چُھ</wf>
		<wf pos="JJ" sense_id="5">کوٚنٛڑ</wf>
		<wf pos="VM">ترٛاوُن</wf>
		<wf pos="SYM">۔</wf>
</sentence>
<sentence s_id="36">
		<wf pos="NN">ناو</wf>
		<wf pos="PSP">وٲلۍ</wf>
		<wf pos="VM">ترٛوو</wf>
		<wf pos="NN">آرام</wf>
		<wf pos="VM">کرنہٕ</wf>
		<wf pos="PSP">خٲطرٕ</wf>
		<wf pos="NN">دٔرِیاو</wf>
		<wf pos="NN">بٔٹھِس</wf>
		<wf pos="JJ" sense_id="5">کوٚنٛڑ</wf>
		<wf pos="SYM">۔</wf>
</sentence>
<sentence s_id="37">
		<wf pos="NN">جَہازَس</wf>
		<wf pos="VM">رُکاونہٕ</wf>
		<wf pos="PSP">خٲطرٕ</wf>
		<wf pos="VAUX">آو</wf>
		<wf pos="JJ" sense_id="5">کوٚنٛڑ</wf>
		<wf pos="VM">ترٛاونہٕ</wf>
		<wf pos="SYM">۔</wf>
</sentence>
<sentence s_id="38">
		<wf pos="PRP">تُہنٛدِ</wf>
		<wf pos="NN">ڑُپٹٕچ</wf>
		<wf pos="NN">دٔنٛدٕر</wf>
		<wf pos="VM">پھنٛسییہِ</wf>
		<wf pos="JJ" sense_id="2">کٔنٛڑِس</wf>
		<wf pos="PSP">منٛز</wf>
		<wf pos="SYM">۔</wf>
</sentence>
<sentence s_id="39">
		<wf pos="NN">گاڈ</wf>
		<wf pos="VM">رَٹنہٕ</wf>
		<wf pos="PSP">خٲطرٕ</wf>
		<wf pos="VM">لوگ</wf>
		<wf pos="VAUX">موہَنن</wf>
		<wf pos="NNC">کٔنٛڑِس</wf>
		<wf pos="NN">دانہٕ</wf>
		<wf pos="CC">یا</wf>
		<wf pos="PRP">کھیٚن</wf>
		<wf pos="SYM">۔</wf>
</sentence>
<sentence s_id="40">
		<wf pos="NN">نَرِ</wf>
		<wf pos="PSP">مَنٛز</wf>
		<wf pos="VM">لاگنہٕ</wf>
		<wf pos="NNC">یٕیٚنہٕ</wf>
		<wf pos="NN">واجینۍ</wf>
		<wf pos="NN">ہُکہٕ</wf>
		<wf pos="POW">دار</wf>
		<wf pos="NN">بِنٛگٕر</wf>
		<wf pos="NN">:چٔھتیٖسگٔڑی</wf>
		<wf pos="VM">زَنان</wf>
		<wf pos="VAUX">چھےٚ</wf>
		<wf pos="NN">ہُکہٕ</wf>
		<wf pos="POW">دار</wf>
		<wf pos="NN">بٕنٛگرٕ</wf>
		<wf pos="VM">لاگان</wf>
		<wf pos="SYM">۔</wf>
</sentence>
<sentence s_id="41">
		<wf pos="CC">اَگَر</wf>
		<wf pos="QC">زٕ</wf>
		<wf pos="NN">ییٖژا</wf>
		<wf pos="JJ" sense_id="2">کوٚنٛڑ</wf>
		<wf pos="NN">کَرَکھ</wf>
		<wf pos="JJ">ژٕتہِ</wf>
		<wf pos="VAUX">گََژھکھ</wf>
		<wf pos="PRP">کَنٛڈٮ۪ن</wf>
		<wf pos="PSP">منٛز</wf>
		<wf pos="NN">شُمار</wf>
		<wf pos="SYM">۔</wf>
</sentence>
<sentence s_id="1">
		<wf pos="NN">سیٹھ</wf>
		<wf pos="PSP">دٔنی</wf>
		<wf pos="NNPC">رام</wf>
		<wf pos="VAUX">چُھ</wf>
		<wf pos="RB">وارِیاہ</wf>
		<wf pos="JJ" sense_id="1">کوٚنٛڑ</wf>
		<wf pos="NN">نَفَر</wf>
		<wf pos="RDP">،اَکھ</wf>
		<wf pos="NN">پونٛسہٕ</wf>
		<wf pos="RP">تہِ</wf>
		<wf pos="NEG">چُھنہٕ</wf>
		<wf pos="JJ">خرٕچ</wf>
		<wf pos="VAUX">یَژھان</wf>
		<wf pos="VM">کَرُن</wf>
		<wf pos="SYM">۔</wf>
</sentence>
<sentence s_id="2">
		<wf pos="NNP">رَمیش</wf>
		<wf pos="VAUX">چُھ</wf>
		<wf pos="RB">واریاہ</wf>
		<wf pos="JJ" sense_id="1">کوٚنٛڑ</wf>
		<wf pos="SYM">۔</wf>
</sentence>
<sentence s_id="3">
		<wf pos="NN">سیٹھ</wf>
		<wf pos="PSP">دٔنی</wf>
		<wf pos="NNPC">رام</wf>
		<wf pos="VAUX">چُھ</wf>
		<wf pos="JJ">وارِیاہ</wf>
		<wf pos="JJ" sense_id="1">کوٚنٛڑ</wf>
		<wf pos="NN">نَفَر</wf>
		<wf pos="RDP">،اَکھ</wf>
		<wf pos="NN">پونٛسہٕ</wf>
		<wf pos="RP">تہِ</wf>
		<wf pos="NEG">چُھنہٕ</wf>
		<wf pos="JJ">خرٕچ</wf>
		<wf pos="VAUX">یَژھان</wf>
		<wf pos="VM">کَرُن</wf>
		<wf pos="SYM">۔</wf>
</sentence>
<sentence s_id="4">
		<wf pos="NN">کھۄرَس</wf>
		<wf pos="JJ" sense_id="2">کوٚنٛڑ</wf>
		<wf pos="VM">اَژنہٕ</wf>
		<wf pos="NN">کہِِ</wf>
		<wf pos="NN">آزارٕ</wf>
		<wf pos="PSP">نِش</wf>
		<wf pos="VM">بَچنہٕ</wf>
		<wf pos="PSP">خٲطرٕ</wf>
		<wf pos="VAUX">چھہِ</wf>
		<wf pos="NN">کھۄربانہٕ</wf>
		<wf pos="VM">یِوان</wf>
		<wf pos="VM">لاگنہٕ</wf>
		<wf pos="SYM">۔</wf>
</sentence>
<sentence s_id="5">
		<wf pos="NNP">جنگلہٕ</wf>
		<wf pos="PSP">مٔنٛزۍ</wf>
		<wf pos="VM">پَکان</wf>
		<wf pos="VM">پکان</wf>
		<wf pos="VM">ژاو</wf>
		<wf pos="PRP">تَس</wf>
		<wf pos="NN">کھۄرس</wf>
		<wf pos="JJ" sense_id="2">کوٚنٛڑ</wf>
		<wf pos="SYM">۔</wf>
</sentence>
<sentence s_id="6">
		<wf pos="NN">رامس</wf>
		<wf pos="VM">ژاو</wf>
		<wf pos="NN">گاڈٕ</wf>
		<wf pos="NNC">کھیٚنہٕ</wf>
		<wf pos="NN">وِزِ</wf>
		<wf pos="NN">ٲسَس</wf>
		<wf pos="JJ" sense_id="2">کوٚنٛڑ</wf>
		<wf pos="SYM">۔</wf>
</sentence>
<sentence s_id="7">
		<wf pos="NN">نٲوۍدَن</wf>
		<wf pos="JJ">کوٚڑ</wf>
		<wf pos="NN">کھۄرٕ</wf>
		<wf pos="PSP">منٛزٕ</wf>
		<wf pos="JJ" sense_id="2">کوٚنٛڑ</wf>
		<wf pos="SYM">۔</wf>
</sentence>
<sentence s_id="8">
		<wf pos="NNC">رَمیش</wf>
		<wf pos="VAUX">چُھ</wf>
		<wf pos="JJ">واریاہ</wf>
		<wf pos="JJ" sense_id="1">کوٚنٛڑ</wf>
		<wf pos="SYM">۔</wf>
</sentence>
<sentence s_id="9">
		<wf pos="NNC">نَنہٕ</wf>
		<wf pos="NN">وٲرِس</wf>
		<wf pos="NN">نفرَس</wf>
		<wf pos="VM">ژاو</wf>
		<wf pos="NN">کھۄرَس</wf>
		<wf pos="JJ" sense_id="2">کوٚنٛڑ</wf>
		<wf pos="SYM">۔</wf>
</sentence>
<sentence s_id="10">
		<wf pos="INTF">یوٗتاہ</wf>
		<wf pos="NN">پونٛسہٕ</wf>
		<wf pos="PSP">وول</wf>
		<wf pos="VM">ٲسِتھ</wf>
		<wf pos="RP">تہِ</wf>
		<wf pos="VAUX">چُھ</wf>
		<wf pos="PRP">سُہ</wf>
		<wf pos="JJ">واریاہ</wf>
		<wf pos="JJ" sense_id="1">کوٚنٛڑ</wf>
		<wf pos="SYM">۔</wf>
</sentence>
<sentence s_id="11">
		<wf pos="INTF">یوٗتاہ</wf>
		<wf pos="NN">پونٛسہٕ</wf>
		<wf pos="PSP">وول</wf>
		<wf pos="VM">ٲسِتھ</wf>
		<wf pos="RP">تہِ</wf>
		<wf pos="VAUX">چُھ</wf>
		<wf pos="PRP">سُہ</wf>
		<wf pos="JJ">واریاہ</wf>
		<wf pos="JJ" sense_id="1">کوٚنٛڑ</wf>
		<wf pos="SYM">۔</wf>
</sentence>
<sentence s_id="12">
		<wf pos="PRP">مےٚ</wf>
		<wf pos="VM">چھٕ</wf>
		<wf pos="NN">سٲرسی</wf>
		<wf pos="PRP">پانَس</wf>
		<wf pos="JJ" sense_id="3">کوٚنٛڑ</wf>
		<wf pos="VM">لَگان</wf>
		<wf pos="SYM">۔</wf>
</sentence>
<sentence s_id="13">
		<wf pos="NN">ڈارکٹَرَن</wf>
		<wf pos="VM">کوٚڈ</wf>
		<wf pos="PRP">تَس</wf>
		<wf pos="JJ" sense_id="4">کوٚنٛڑ</wf>
		<wf pos="SYM">۔</wf>
</sentence>
<sentence s_id="14">
		<wf pos="NN">ناو</wf>
		<wf pos="PSP">وٲلۍ</wf>
		<wf pos="VM">ترٛوو</wf>
		<wf pos="NN">آرام</wf>
		<wf pos="VM">کرنہٕ</wf>
		<wf pos="PSP">خٲطرٕ</wf>
		<wf pos="NN">دٔرِیاو</wf>
		<wf pos="NN">بٔٹھِس</wf>
		<wf pos="JJ" sense_id="5">کوٚنٛڑ</wf>
		<wf pos="SYM">۔</wf>
</sentence>
<sentence s_id="15">
		<wf pos="NN">جَہازَ</wf>
		<wf pos="VM">رُکاونہٕ</wf>
		<wf pos="PSP">خٲطرٕ</wf>
		<wf pos="VAUX">چُھ</wf>
		<wf pos="JJ" sense_id="5">کوٚنٛڑ</wf>
		<wf pos="VM">ترٛاوُن</wf>
		<wf pos="SYM">۔</wf>
</sentence>
<sentence s_id="16">
		<wf pos="NN">ناو</wf>
		<wf pos="PSP">وٲلۍ</wf>
		<wf pos="VM">ترٛوو</wf>
		<wf pos="NN">آرام</wf>
		<wf pos="VM">کرنہٕ</wf>
		<wf pos="PSP">خٲطرٕ</wf>
		<wf pos="NN">دٔرِیاو</wf>
		<wf pos="NN">بٔٹھِس</wf>
		<wf pos="JJ" sense_id="5">کوٚنٛڑ</wf>
		<wf pos="SYM">۔</wf>
</sentence>
<sentence s_id="17">
		<wf pos="NN">جَہازَس</wf>
		<wf pos="VM">رُکاونہٕ</wf>
		<wf pos="PSP">خٲطرٕ</wf>
		<wf pos="VAUX">آو</wf>
		<wf pos="JJ" sense_id="5">کوٚنٛڑ</wf>
		<wf pos="VM">ترٛاونہٕ</wf>
		<wf pos="SYM">۔</wf>
</sentence>
<sentence s_id="18">
		<wf pos="PRP">تُہنٛدِ</wf>
		<wf pos="NN">ڑُپٹٕچ</wf>
		<wf pos="NN">دٔنٛدٕر</wf>
		<wf pos="VM">پھنٛسییہِ</wf>
		<wf pos="JJ" sense_id="2">کٔنٛڑِس</wf>
		<wf pos="PSP">منٛز</wf>
		<wf pos="SYM">۔</wf>
</sentence>
<sentence s_id="19">
		<wf pos="NN">گاڈ</wf>
		<wf pos="VM">رَٹنہٕ</wf>
		<wf pos="PSP">خٲطرٕ</wf>
		<wf pos="VM">لوگ</wf>
		<wf pos="VAUX">موہَنن</wf>
		<wf pos="NNC">کٔنٛڑِس</wf>
		<wf pos="NN">دانہٕ</wf>
		<wf pos="CC">یا</wf>
		<wf pos="PRP">کھیٚن</wf>
		<wf pos="SYM">۔</wf>
</sentence>
<sentence s_id="20">
		<wf pos="NN">نَرِ</wf>
		<wf pos="PSP">مَنٛز</wf>
		<wf pos="VM">لاگنہٕ</wf>
		<wf pos="NNC">یٕیٚنہٕ</wf>
		<wf pos="NN">واجینۍ</wf>
		<wf pos="NN">ہُکہٕ</wf>
		<wf pos="POW">دار</wf>
		<wf pos="NN">بِنٛگٕر</wf>
		<wf pos="NN">:چٔھتیٖسگٔڑی</wf>
		<wf pos="VM">زَنان</wf>
		<wf pos="VAUX">چھےٚ</wf>
		<wf pos="NN">ہُکہٕ</wf>
		<wf pos="POW">دار</wf>
		<wf pos="NN">بٕنٛگرٕ</wf>
		<wf pos="VM">لاگان</wf>
		<wf pos="SYM">۔</wf>
</sentence>
<sentence s_id="21">
		<wf pos="CC">اَگَر</wf>
		<wf pos="QC">زٕ</wf>
		<wf pos="NN">ییٖژا</wf>
		<wf pos="JJ" sense_id="2">کوٚنٛڑ</wf>
		<wf pos="NN">کَرَکھ</wf>
		<wf pos="JJ">ژٕتہِ</wf>
		<wf pos="VAUX">گََژھکھ</wf>
		<wf pos="PRP">کَنٛڈٮ۪ن</wf>
		<wf pos="PSP">منٛز</wf>
		<wf pos="NN">شُمار</wf>
		<wf pos="SYM">۔</wf>
</sentence>
<?xml version='1.0' encoding='utf-8'?>
<contextfile filename="کوٚنٛڑ" fileno="131">
<sentence s_id="1">
		<wf pos="NN">سیٹھ</wf>
		<wf pos="PSP">دٔنی</wf>
		<wf pos="NNPC">رام</wf>
		<wf pos="VAUX">چُھ</wf>
		<wf pos="RB">وارِیاہ</wf>
		<wf pos="JJ" sense_id="1">کوٚنٛڑ</wf>
		<wf pos="NN">نَفَر</wf>
		<wf pos="RDP">،اَکھ</wf>
		<wf pos="NN">پونٛسہٕ</wf>
		<wf pos="RP">تہِ</wf>
		<wf pos="NEG">چُھنہٕ</wf>
		<wf pos="JJ">خرٕچ</wf>
		<wf pos="VAUX">یَژھان</wf>
		<wf pos="VM">کَرُن</wf>
		<wf pos="SYM">۔</wf>
</sentence>
<sentence s_id="2">
		<wf pos="NNP">رَمیش</wf>
		<wf pos="VAUX">چُھ</wf>
		<wf pos="RB">واریاہ</wf>
		<wf pos="JJ" sense_id="1">کوٚنٛڑ</wf>
		<wf pos="SYM">۔</wf>
</sentence>
<sentence s_id="3">
		<wf pos="NN">سیٹھ</wf>
		<wf pos="PSP">دٔنی</wf>
		<wf pos="NNPC">رام</wf>
		<wf pos="VAUX">چُھ</wf>
		<wf pos="JJ">وارِیاہ</wf>
		<wf pos="JJ" sense_id="1">کوٚنٛڑ</wf>
		<wf pos="NN">نَفَر</wf>
		<wf pos="RDP">،اَکھ</wf>
		<wf pos="NN">پونٛسہٕ</wf>
		<wf pos="RP">تہِ</wf>
		<wf pos="NEG">چُھنہٕ</wf>
		<wf pos="JJ">خرٕچ</wf>
		<wf pos="VAUX">یَژھان</wf>
		<wf pos="VM">کَرُن</wf>
		<wf pos="SYM">۔</wf>
</sentence>
<sentence s_id="4">
		<wf pos="NN">کھۄرَس</wf>
		<wf pos="JJ" sense_id="2">کوٚنٛڑ</wf>
		<wf pos="VM">اَژنہٕ</wf>
		<wf pos="NN">کہِِ</wf>
		<wf pos="NN">آزارٕ</wf>
		<wf pos="PSP">نِش</wf>
		<wf pos="VM">بَچنہٕ</wf>
		<wf pos="PSP">خٲطرٕ</wf>
		<wf pos="VAUX">چھہِ</wf>
		<wf pos="NN">کھۄربانہٕ</wf>
		<wf pos="VM">یِوان</wf>
		<wf pos="VM">لاگنہٕ</wf>
		<wf pos="SYM">۔</wf>
</sentence>
<sentence s_id="5">
		<wf pos="NNP">جنگلہٕ</wf>
		<wf pos="PSP">مٔنٛزۍ</wf>
		<wf pos="VM">پَکان</wf>
		<wf pos="VM">پکان</wf>
		<wf pos="VM">ژاو</wf>
		<wf pos="PRP">تَس</wf>
		<wf pos="NN">کھۄرس</wf>
		<wf pos="JJ" sense_id="2">کوٚنٛڑ</wf>
		<wf pos="SYM">۔</wf>
</sentence>
<sentence s_id="6">
		<wf pos="NN">رامس</wf>
		<wf pos="VM">ژاو</wf>
		<wf pos="NN">گاڈٕ</wf>
		<wf pos="NNC">کھیٚنہٕ</wf>
		<wf pos="NN">وِزِ</wf>
		<wf pos="NN">ٲسَس</wf>
		<wf pos="JJ" sense_id="2">کوٚنٛڑ</wf>
		<wf pos="SYM">۔</wf>
</sentence>
<sentence s_id="7">
		<wf pos="NN">نٲوۍدَن</wf>
		<wf pos="JJ">کوٚڑ</wf>
		<wf pos="NN">کھۄرٕ</wf>
		<wf pos="PSP">منٛزٕ</wf>
		<wf pos="JJ" sense_id="2">کوٚنٛڑ</wf>
		<wf pos="SYM">۔</wf>
</sentence>
<sentence s_id="8">
		<wf pos="NNC">رَمیش</wf>
		<wf pos="VAUX">چُھ</wf>
		<wf pos="JJ">واریاہ</wf>
		<wf pos="JJ" sense_id="1">کوٚنٛڑ</wf>
		<wf pos="SYM">۔</wf>
</sentence>
<sentence s_id="9">
		<wf pos="NNC">نَنہٕ</wf>
		<wf pos="NN">وٲرِس</wf>
		<wf pos="NN">نفرَس</wf>
		<wf pos="VM">ژاو</wf>
		<wf pos="NN">کھۄرَس</wf>
		<wf pos="JJ" sense_id="2">کوٚنٛڑ</wf>
		<wf pos="SYM">۔</wf>
</sentence>
<sentence s_id="10">
		<wf pos="INTF">یوٗتاہ</wf>
		<wf pos="NN">پونٛسہٕ</wf>
		<wf pos="PSP">وول</wf>
		<wf pos="VM">ٲسِتھ</wf>
		<wf pos="RP">تہِ</wf>
		<wf pos="VAUX">چُھ</wf>
		<wf pos="PRP">سُہ</wf>
		<wf pos="JJ">واریاہ</wf>
		<wf pos="JJ" sense_id="1">کوٚنٛڑ</wf>
		<wf pos="SYM">۔</wf>
</sentence>
<sentence s_id="11">
		<wf pos="INTF">یوٗتاہ</wf>
		<wf pos="NN">پونٛسہٕ</wf>
		<wf pos="PSP">وول</wf>
		<wf pos="VM">ٲسِتھ</wf>
		<wf pos="RP">تہِ</wf>
		<wf pos="VAUX">چُھ</wf>
		<wf pos="PRP">سُہ</wf>
		<wf pos="JJ">واریاہ</wf>
		<wf pos="JJ" sense_id="1">کوٚنٛڑ</wf>
		<wf pos="SYM">۔</wf>
</sentence>
<sentence s_id="12">
		<wf pos="PRP">مےٚ</wf>
		<wf pos="VM">چھٕ</wf>
		<wf pos="NN">سٲرسی</wf>
		<wf pos="PRP">پانَس</wf>
		<wf pos="JJ" sense_id="3">کوٚنٛڑ</wf>
		<wf pos="VM">لَگان</wf>
		<wf pos="SYM">۔</wf>
</sentence>
<sentence s_id="13">
		<wf pos="NN">ڈارکٹَرَن</wf>
		<wf pos="VM">کوٚڈ</wf>
		<wf pos="PRP">تَس</wf>
		<wf pos="JJ" sense_id="4">کوٚنٛڑ</wf>
		<wf pos="SYM">۔</wf>
</sentence>
<sentence s_id="14">
		<wf pos="NN">ناو</wf>
		<wf pos="PSP">وٲلۍ</wf>
		<wf pos="VM">ترٛوو</wf>
		<wf pos="NN">آرام</wf>
		<wf pos="VM">کرنہٕ</wf>
		<wf pos="PSP">خٲطرٕ</wf>
		<wf pos="NN">دٔرِیاو</wf>
		<wf pos="NN">بٔٹھِس</wf>
		<wf pos="JJ" sense_id="5">کوٚنٛڑ</wf>
		<wf pos="SYM">۔</wf>
</sentence>
<sentence s_id="15">
		<wf pos="NN">جَہازَ</wf>
		<wf pos="VM">رُکاونہٕ</wf>
		<wf pos="PSP">خٲطرٕ</wf>
		<wf pos="VAUX">چُھ</wf>
		<wf pos="JJ" sense_id="5">کوٚنٛڑ</wf>
		<wf pos="VM">ترٛاوُن</wf>
		<wf pos="SYM">۔</wf>
</sentence>
<sentence s_id="16">
		<wf pos="NN">ناو</wf>
		<wf pos="PSP">وٲلۍ</wf>
		<wf pos="VM">ترٛوو</wf>
		<wf pos="NN">آرام</wf>
		<wf pos="VM">کرنہٕ</wf>
		<wf pos="PSP">خٲطرٕ</wf>
		<wf pos="NN">دٔرِیاو</wf>
		<wf pos="NN">بٔٹھِس</wf>
		<wf pos="JJ" sense_id="5">کوٚنٛڑ</wf>
		<wf pos="SYM">۔</wf>
</sentence>
<sentence s_id="17">
		<wf pos="NN">جَہازَس</wf>
		<wf pos="VM">رُکاونہٕ</wf>
		<wf pos="PSP">خٲطرٕ</wf>
		<wf pos="VAUX">آو</wf>
		<wf pos="JJ" sense_id="5">کوٚنٛڑ</wf>
		<wf pos="VM">ترٛاونہٕ</wf>
		<wf pos="SYM">۔</wf>
</sentence>
<sentence s_id="18">
		<wf pos="PRP">تُہنٛدِ</wf>
		<wf pos="NN">ڑُپٹٕچ</wf>
		<wf pos="NN">دٔنٛدٕر</wf>
		<wf pos="VM">پھنٛسییہِ</wf>
		<wf pos="JJ" sense_id="2">کٔنٛڑِس</wf>
		<wf pos="PSP">منٛز</wf>
		<wf pos="SYM">۔</wf>
</sentence>
<sentence s_id="19">
		<wf pos="NN">گاڈ</wf>
		<wf pos="VM">رَٹنہٕ</wf>
		<wf pos="PSP">خٲطرٕ</wf>
		<wf pos="VM">لوگ</wf>
		<wf pos="VAUX">موہَنن</wf>
		<wf pos="NNC">کٔنٛڑِس</wf>
		<wf pos="NN">دانہٕ</wf>
		<wf pos="CC">یا</wf>
		<wf pos="PRP">کھیٚن</wf>
		<wf pos="SYM">۔</wf>
</sentence>
<sentence s_id="20">
		<wf pos="NN">نَرِ</wf>
		<wf pos="PSP">مَنٛز</wf>
		<wf pos="VM">لاگنہٕ</wf>
		<wf pos="NNC">یٕیٚنہٕ</wf>
		<wf pos="NN">واجینۍ</wf>
		<wf pos="NN">ہُکہٕ</wf>
		<wf pos="POW">دار</wf>
		<wf pos="NN">بِنٛگٕر</wf>
		<wf pos="NN">:چٔھتیٖسگٔڑی</wf>
		<wf pos="VM">زَنان</wf>
		<wf pos="VAUX">چھےٚ</wf>
		<wf pos="NN">ہُکہٕ</wf>
		<wf pos="POW">دار</wf>
		<wf pos="NN">بٕنٛگرٕ</wf>
		<wf pos="VM">لاگان</wf>
		<wf pos="SYM">۔</wf>
</sentence>
<sentence s_id="21">
		<wf pos="CC">اَگَر</wf>
		<wf pos="QC">زٕ</wf>
		<wf pos="NN">ییٖژا</wf>
		<wf pos="JJ" sense_id="2">کوٚنٛڑ</wf>
		<wf pos="NN">کَرَکھ</wf>
		<wf pos="JJ">ژٕتہِ</wf>
		<wf pos="VAUX">گََژھکھ</wf>
		<wf pos="PRP">کَنٛڈٮ۪ن</wf>
		<wf pos="PSP">منٛز</wf>
		<wf pos="NN">شُمار</wf>
		<wf pos="SYM">۔</wf>
</sentence>
<?xml version='1.0' encoding='utf-8'?>
<contextfile filename="کوٚنٛڑ" fileno="131">
<sentence s_id="1">
		<wf pos="NN">سیٹھ</wf>
		<wf pos="PSP">دٔنی</wf>
		<wf pos="NNPC">رام</wf>
		<wf pos="VAUX">چُھ</wf>
		<wf pos="RB">وارِیاہ</wf>
		<wf pos="JJ" sense_id="1">کوٚنٛڑ</wf>
		<wf pos="NN">نَفَر</wf>
		<wf pos="RDP">،اَکھ</wf>
		<wf pos="NN">پونٛسہٕ</wf>
		<wf pos="RP">تہِ</wf>
		<wf pos="NEG">چُھنہٕ</wf>
		<wf pos="JJ">خرٕچ</wf>
		<wf pos="VAUX">یَژھان</wf>
		<wf pos="VM">کَرُن</wf>
		<wf pos="SYM">۔</wf>
</sentence>
<sentence s_id="2">
		<wf pos="NNP">رَمیش</wf>
		<wf pos="VAUX">چُھ</wf>
		<wf pos="RB">واریاہ</wf>
		<wf pos="JJ" sense_id="1">کوٚنٛڑ</wf>
		<wf pos="SYM">۔</wf>
</sentence>
<sentence s_id="3">
		<wf pos="NN">سیٹھ</wf>
		<wf pos="PSP">دٔنی</wf>
		<wf pos="NNPC">رام</wf>
		<wf pos="VAUX">چُھ</wf>
		<wf pos="JJ">وارِیاہ</wf>
		<wf pos="JJ" sense_id="1">کوٚنٛڑ</wf>
		<wf pos="NN">نَفَر</wf>
		<wf pos="RDP">،اَکھ</wf>
		<wf pos="NN">پونٛسہٕ</wf>
		<wf pos="RP">تہِ</wf>
		<wf pos="NEG">چُھنہٕ</wf>
		<wf pos="JJ">خرٕچ</wf>
		<wf pos="VAUX">یَژھان</wf>
		<wf pos="VM">کَرُن</wf>
		<wf pos="SYM">۔</wf>
</sentence>
<sentence s_id="4">
		<wf pos="NN">کھۄرَس</wf>
		<wf pos="JJ" sense_id="2">کوٚنٛڑ</wf>
		<wf pos="VM">اَژنہٕ</wf>
		<wf pos="NN">کہِِ</wf>
		<wf pos="NN">آزارٕ</wf>
		<wf pos="PSP">نِش</wf>
		<wf pos="VM">بَچنہٕ</wf>
		<wf pos="PSP">خٲطرٕ</wf>
		<wf pos="VAUX">چھہِ</wf>
		<wf pos="NN">کھۄربانہٕ</wf>
		<wf pos="VM">یِوان</wf>
		<wf pos="VM">لاگنہٕ</wf>
		<wf pos="SYM">۔</wf>
</sentence>
<sentence s_id="5">
		<wf pos="NNP">جنگلہٕ</wf>
		<wf pos="PSP">مٔنٛزۍ</wf>
		<wf pos="VM">پَکان</wf>
		<wf pos="VM">پکان</wf>
		<wf pos="VM">ژاو</wf>
		<wf pos="PRP">تَس</wf>
		<wf pos="NN">کھۄرس</wf>
		<wf pos="JJ" sense_id="2">کوٚنٛڑ</wf>
		<wf pos="SYM">۔</wf>
</sentence>
<sentence s_id="6">
		<wf pos="NN">رامس</wf>
		<wf pos="VM">ژاو</wf>
		<wf pos="NN">گاڈٕ</wf>
		<wf pos="NNC">کھیٚنہٕ</wf>
		<wf pos="NN">وِزِ</wf>
		<wf pos="NN">ٲسَس</wf>
		<wf pos="JJ" sense_id="2">کوٚنٛڑ</wf>
		<wf pos="SYM">۔</wf>
</sentence>
<sentence s_id="7">
		<wf pos="NN">نٲوۍدَن</wf>
		<wf pos="JJ">کوٚڑ</wf>
		<wf pos="NN">کھۄرٕ</wf>
		<wf pos="PSP">منٛزٕ</wf>
		<wf pos="JJ" sense_id="2">کوٚنٛڑ</wf>
		<wf pos="SYM">۔</wf>
</sentence>
<sentence s_id="8">
		<wf pos="NNC">رَمیش</wf>
		<wf pos="VAUX">چُھ</wf>
		<wf pos="JJ">واریاہ</wf>
		<wf pos="JJ" sense_id="1">کوٚنٛڑ</wf>
		<wf pos="SYM">۔</wf>
</sentence>
<sentence s_id="9">
		<wf pos="NNC">نَنہٕ</wf>
		<wf pos="NN">وٲرِس</wf>
		<wf pos="NN">نفرَس</wf>
		<wf pos="VM">ژاو</wf>
		<wf pos="NN">کھۄرَس</wf>
		<wf pos="JJ" sense_id="2">کوٚنٛڑ</wf>
		<wf pos="SYM">۔</wf>
</sentence>
<sentence s_id="10">
		<wf pos="INTF">یوٗتاہ</wf>
		<wf pos="NN">پونٛسہٕ</wf>
		<wf pos="PSP">وول</wf>
		<wf pos="VM">ٲسِتھ</wf>
		<wf pos="RP">تہِ</wf>
		<wf pos="VAUX">چُھ</wf>
		<wf pos="PRP">سُہ</wf>
		<wf pos="JJ">واریاہ</wf>
		<wf pos="JJ" sense_id="1">کوٚنٛڑ</wf>
		<wf pos="SYM">۔</wf>
</sentence>
<sentence s_id="11">
		<wf pos="INTF">یوٗتاہ</wf>
		<wf pos="NN">پونٛسہٕ</wf>
		<wf pos="PSP">وول</wf>
		<wf pos="VM">ٲسِتھ</wf>
		<wf pos="RP">تہِ</wf>
		<wf pos="VAUX">چُھ</wf>
		<wf pos="PRP">سُہ</wf>
		<wf pos="JJ">واریاہ</wf>
		<wf pos="JJ" sense_id="1">کوٚنٛڑ</wf>
		<wf pos="SYM">۔</wf>
</sentence>
<sentence s_id="12">
		<wf pos="PRP">مےٚ</wf>
		<wf pos="VM">چھٕ</wf>
		<wf pos="NN">سٲرسی</wf>
		<wf pos="PRP">پانَس</wf>
		<wf pos="JJ" sense_id="3">کوٚنٛڑ</wf>
		<wf pos="VM">لَگان</wf>
		<wf pos="SYM">۔</wf>
</sentence>
<sentence s_id="13">
		<wf pos="NN">ڈارکٹَرَن</wf>
		<wf pos="VM">کوٚڈ</wf>
		<wf pos="PRP">تَس</wf>
		<wf pos="JJ" sense_id="4">کوٚنٛڑ</wf>
		<wf pos="SYM">۔</wf>
</sentence>
<sentence s_id="14">
		<wf pos="NN">ناو</wf>
		<wf pos="PSP">وٲلۍ</wf>
		<wf pos="VM">ترٛوو</wf>
		<wf pos="NN">آرام</wf>
		<wf pos="VM">کرنہٕ</wf>
		<wf pos="PSP">خٲطرٕ</wf>
		<wf pos="NN">دٔرِیاو</wf>
		<wf pos="NN">بٔٹھِس</wf>
		<wf pos="JJ" sense_id="5">کوٚنٛڑ</wf>
		<wf pos="SYM">۔</wf>
</sentence>
<sentence s_id="15">
		<wf pos="NN">جَہازَ</wf>
		<wf pos="VM">رُکاونہٕ</wf>
		<wf pos="PSP">خٲطرٕ</wf>
		<wf pos="VAUX">چُھ</wf>
		<wf pos="JJ" sense_id="5">کوٚنٛڑ</wf>
		<wf pos="VM">ترٛاوُن</wf>
		<wf pos="SYM">۔</wf>
</sentence>
<sentence s_id="16">
		<wf pos="NN">ناو</wf>
		<wf pos="PSP">وٲلۍ</wf>
		<wf pos="VM">ترٛوو</wf>
		<wf pos="NN">آرام</wf>
		<wf pos="VM">کرنہٕ</wf>
		<wf pos="PSP">خٲطرٕ</wf>
		<wf pos="NN">دٔرِیاو</wf>
		<wf pos="NN">بٔٹھِس</wf>
		<wf pos="JJ" sense_id="5">کوٚنٛڑ</wf>
		<wf pos="SYM">۔</wf>
</sentence>
<sentence s_id="17">
		<wf pos="NN">جَہازَس</wf>
		<wf pos="VM">رُکاونہٕ</wf>
		<wf pos="PSP">خٲطرٕ</wf>
		<wf pos="VAUX">آو</wf>
		<wf pos="JJ" sense_id="5">کوٚنٛڑ</wf>
		<wf pos="VM">ترٛاونہٕ</wf>
		<wf pos="SYM">۔</wf>
</sentence>
<sentence s_id="18">
		<wf pos="PRP">تُہنٛدِ</wf>
		<wf pos="NN">ڑُپٹٕچ</wf>
		<wf pos="NN">دٔنٛدٕر</wf>
		<wf pos="VM">پھنٛسییہِ</wf>
		<wf pos="JJ" sense_id="2">کٔنٛڑِس</wf>
		<wf pos="PSP">منٛز</wf>
		<wf pos="SYM">۔</wf>
</sentence>
<sentence s_id="19">
		<wf pos="NN">گاڈ</wf>
		<wf pos="VM">رَٹنہٕ</wf>
		<wf pos="PSP">خٲطرٕ</wf>
		<wf pos="VM">لوگ</wf>
		<wf pos="VAUX">موہَنن</wf>
		<wf pos="NNC">کٔنٛڑِس</wf>
		<wf pos="NN">دانہٕ</wf>
		<wf pos="CC">یا</wf>
		<wf pos="PRP">کھیٚن</wf>
		<wf pos="SYM">۔</wf>
</sentence>
<sentence s_id="20">
		<wf pos="NN">نَرِ</wf>
		<wf pos="PSP">مَنٛز</wf>
		<wf pos="VM">لاگنہٕ</wf>
		<wf pos="NNC">یٕیٚنہٕ</wf>
		<wf pos="NN">واجینۍ</wf>
		<wf pos="NN">ہُکہٕ</wf>
		<wf pos="POW">دار</wf>
		<wf pos="NN">بِنٛگٕر</wf>
		<wf pos="NN">:چٔھتیٖسگٔڑی</wf>
		<wf pos="VM">زَنان</wf>
		<wf pos="VAUX">چھےٚ</wf>
		<wf pos="NN">ہُکہٕ</wf>
		<wf pos="POW">دار</wf>
		<wf pos="NN">بٕنٛگرٕ</wf>
		<wf pos="VM">لاگان</wf>
		<wf pos="SYM">۔</wf>
</sentence>
<sentence s_id="21">
		<wf pos="CC">اَگَر</wf>
		<wf pos="QC">زٕ</wf>
		<wf pos="NN">ییٖژا</wf>
		<wf pos="JJ" sense_id="2">کوٚنٛڑ</wf>
		<wf pos="NN">کَرَکھ</wf>
		<wf pos="JJ">ژٕتہِ</wf>
		<wf pos="VAUX">گََژھکھ</wf>
		<wf pos="PRP">کَنٛڈٮ۪ن</wf>
		<wf pos="PSP">منٛز</wf>
		<wf pos="NN">شُمار</wf>
		<wf pos="SYM">۔</wf>
</sentence>
<?xml version='1.0' encoding='utf-8'?>
<contextfile filename="کوٚنٛڑ" fileno="131">
<sentence s_id="1">
		<wf pos="NN">سیٹھ</wf>
		<wf pos="PSP">دٔنی</wf>
		<wf pos="NNPC">رام</wf>
		<wf pos="VAUX">چُھ</wf>
		<wf pos="RB">وارِیاہ</wf>
		<wf pos="JJ" sense_id="1">کوٚنٛڑ</wf>
		<wf pos="NN">نَفَر</wf>
		<wf pos="RDP">،اَکھ</wf>
		<wf pos="NN">پونٛسہٕ</wf>
		<wf pos="RP">تہِ</wf>
		<wf pos="NEG">چُھنہٕ</wf>
		<wf pos="JJ">خرٕچ</wf>
		<wf pos="VAUX">یَژھان</wf>
		<wf pos="VM">کَرُن</wf>
		<wf pos="SYM">۔</wf>
</sentence>
<sentence s_id="2">
		<wf pos="NNP">رَمیش</wf>
		<wf pos="VAUX">چُھ</wf>
		<wf pos="RB">واریاہ</wf>
		<wf pos="JJ" sense_id="1">کوٚنٛڑ</wf>
		<wf pos="SYM">۔</wf>
</sentence>
<sentence s_id="3">
		<wf pos="NN">سیٹھ</wf>
		<wf pos="PSP">دٔنی</wf>
		<wf pos="NNPC">رام</wf>
		<wf pos="VAUX">چُھ</wf>
		<wf pos="JJ">وارِیاہ</wf>
		<wf pos="JJ" sense_id="1">کوٚنٛڑ</wf>
		<wf pos="NN">نَفَر</wf>
		<wf pos="RDP">،اَکھ</wf>
		<wf pos="NN">پونٛسہٕ</wf>
		<wf pos="RP">تہِ</wf>
		<wf pos="NEG">چُھنہٕ</wf>
		<wf pos="JJ">خرٕچ</wf>
		<wf pos="VAUX">یَژھان</wf>
		<wf pos="VM">کَرُن</wf>
		<wf pos="SYM">۔</wf>
</sentence>
<sentence s_id="4">
		<wf pos="NN">کھۄرَس</wf>
		<wf pos="JJ" sense_id="2">کوٚنٛڑ</wf>
		<wf pos="VM">اَژنہٕ</wf>
		<wf pos="NN">کہِِ</wf>
		<wf pos="NN">آزارٕ</wf>
		<wf pos="PSP">نِش</wf>
		<wf pos="VM">بَچنہٕ</wf>
		<wf pos="PSP">خٲطرٕ</wf>
		<wf pos="VAUX">چھہِ</wf>
		<wf pos="NN">کھۄربانہٕ</wf>
		<wf pos="VM">یِوان</wf>
		<wf pos="VM">لاگنہٕ</wf>
		<wf pos="SYM">۔</wf>
</sentence>
<sentence s_id="5">
		<wf pos="NNP">جنگلہٕ</wf>
		<wf pos="PSP">مٔنٛزۍ</wf>
		<wf pos="VM">پَکان</wf>
		<wf pos="VM">پکان</wf>
		<wf pos="VM">ژاو</wf>
		<wf pos="PRP">تَس</wf>
		<wf pos="NN">کھۄرس</wf>
		<wf pos="JJ" sense_id="2">کوٚنٛڑ</wf>
		<wf pos="SYM">۔</wf>
</sentence>
<sentence s_id="6">
		<wf pos="NN">رامس</wf>
		<wf pos="VM">ژاو</wf>
		<wf pos="NN">گاڈٕ</wf>
		<wf pos="NNC">کھیٚنہٕ</wf>
		<wf pos="NN">وِزِ</wf>
		<wf pos="NN">ٲسَس</wf>
		<wf pos="JJ" sense_id="2">کوٚنٛڑ</wf>
		<wf pos="SYM">۔</wf>
</sentence>
<sentence s_id="7">
		<wf pos="NN">نٲوۍدَن</wf>
		<wf pos="JJ">کوٚڑ</wf>
		<wf pos="NN">کھۄرٕ</wf>
		<wf pos="PSP">منٛزٕ</wf>
		<wf pos="JJ" sense_id="2">کوٚنٛڑ</wf>
		<wf pos="SYM">۔</wf>
</sentence>
<sentence s_id="8">
		<wf pos="NNC">رَمیش</wf>
		<wf pos="VAUX">چُھ</wf>
		<wf pos="JJ">واریاہ</wf>
		<wf pos="JJ" sense_id="1">کوٚنٛڑ</wf>
		<wf pos="SYM">۔</wf>
</sentence>
<sentence s_id="9">
		<wf pos="NNC">نَنہٕ</wf>
		<wf pos="NN">وٲرِس</wf>
		<wf pos="NN">نفرَس</wf>
		<wf pos="VM">ژاو</wf>
		<wf pos="NN">کھۄرَس</wf>
		<wf pos="JJ" sense_id="2">کوٚنٛڑ</wf>
		<wf pos="SYM">۔</wf>
</sentence>
<sentence s_id="10">
		<wf pos="INTF">یوٗتاہ</wf>
		<wf pos="NN">پونٛسہٕ</wf>
		<wf pos="PSP">وول</wf>
		<wf pos="VM">ٲسِتھ</wf>
		<wf pos="RP">تہِ</wf>
		<wf pos="VAUX">چُھ</wf>
		<wf pos="PRP">سُہ</wf>
		<wf pos="JJ">واریاہ</wf>
		<wf pos="JJ" sense_id="1">کوٚنٛڑ</wf>
		<wf pos="SYM">۔</wf>
</sentence>
<sentence s_id="11">
		<wf pos="INTF">یوٗتاہ</wf>
		<wf pos="NN">پونٛسہٕ</wf>
		<wf pos="PSP">وول</wf>
		<wf pos="VM">ٲسِتھ</wf>
		<wf pos="RP">تہِ</wf>
		<wf pos="VAUX">چُھ</wf>
		<wf pos="PRP">سُہ</wf>
		<wf pos="JJ">واریاہ</wf>
		<wf pos="JJ" sense_id="1">کوٚنٛڑ</wf>
		<wf pos="SYM">۔</wf>
</sentence>
<sentence s_id="12">
		<wf pos="PRP">مےٚ</wf>
		<wf pos="VM">چھٕ</wf>
		<wf pos="NN">سٲرسی</wf>
		<wf pos="PRP">پانَس</wf>
		<wf pos="JJ" sense_id="3">کوٚنٛڑ</wf>
		<wf pos="VM">لَگان</wf>
		<wf pos="SYM">۔</wf>
</sentence>
<sentence s_id="13">
		<wf pos="NN">ڈارکٹَرَن</wf>
		<wf pos="VM">کوٚڈ</wf>
		<wf pos="PRP">تَس</wf>
		<wf pos="JJ" sense_id="4">کوٚنٛڑ</wf>
		<wf pos="SYM">۔</wf>
</sentence>
<sentence s_id="14">
		<wf pos="NN">ناو</wf>
		<wf pos="PSP">وٲلۍ</wf>
		<wf pos="VM">ترٛوو</wf>
		<wf pos="NN">آرام</wf>
		<wf pos="VM">کرنہٕ</wf>
		<wf pos="PSP">خٲطرٕ</wf>
		<wf pos="NN">دٔرِیاو</wf>
		<wf pos="NN">بٔٹھِس</wf>
		<wf pos="JJ" sense_id="5">کوٚنٛڑ</wf>
		<wf pos="SYM">۔</wf>
</sentence>
<sentence s_id="125">
		<wf pos="NN">جَہازَ</wf>
		<wf pos="VM">رُکاونہٕ</wf>
		<wf pos="PSP">خٲطرٕ</wf>
		<wf pos="VAUX">چُھ</wf>
		<wf pos="JJ" sense_id="5">کوٚنٛڑ</wf>
		<wf pos="VM">ترٛاوُن</wf>
		<wf pos="SYM">۔</wf>
</sentence>
<sentence s_id="126">
		<wf pos="NN">ناو</wf>
		<wf pos="PSP">وٲلۍ</wf>
		<wf pos="VM">ترٛوو</wf>
		<wf pos="NN">آرام</wf>
		<wf pos="VM">کرنہٕ</wf>
		<wf pos="PSP">خٲطرٕ</wf>
		<wf pos="NN">دٔرِیاو</wf>
		<wf pos="NN">بٔٹھِس</wf>
		<wf pos="JJ" sense_id="5">کوٚنٛڑ</wf>
		<wf pos="SYM">۔</wf>
</sentence>
<sentence s_id="127">
		<wf pos="NN">جَہازَس</wf>
		<wf pos="VM">رُکاونہٕ</wf>
		<wf pos="PSP">خٲطرٕ</wf>
		<wf pos="VAUX">آو</wf>
		<wf pos="JJ" sense_id="5">کوٚنٛڑ</wf>
		<wf pos="VM">ترٛاونہٕ</wf>
		<wf pos="SYM">۔</wf>
</sentence>
<sentence s_id="128">
		<wf pos="PRP">تُہنٛدِ</wf>
		<wf pos="NN">ڑُپٹٕچ</wf>
		<wf pos="NN">دٔنٛدٕر</wf>
		<wf pos="VM">پھنٛسییہِ</wf>
		<wf pos="JJ" sense_id="2">کٔنٛڑِس</wf>
		<wf pos="PSP">منٛز</wf>
		<wf pos="SYM">۔</wf>
</sentence>
<sentence s_id="129">
		<wf pos="NN">گاڈ</wf>
		<wf pos="VM">رَٹنہٕ</wf>
		<wf pos="PSP">خٲطرٕ</wf>
		<wf pos="VM">لوگ</wf>
		<wf pos="VAUX">موہَنن</wf>
		<wf pos="NNC">کٔنٛڑِس</wf>
		<wf pos="NN">دانہٕ</wf>
		<wf pos="CC">یا</wf>
		<wf pos="PRP">کھیٚن</wf>
		<wf pos="SYM">۔</wf>
</sentence>
<sentence s_id="129">
		<wf pos="NN">نَرِ</wf>
		<wf pos="PSP">مَنٛز</wf>
		<wf pos="VM">لاگنہٕ</wf>
		<wf pos="NNC">یٕیٚنہٕ</wf>
		<wf pos="NN">واجینۍ</wf>
		<wf pos="NN">ہُکہٕ</wf>
		<wf pos="POW">دار</wf>
		<wf pos="NN">بِنٛگٕر</wf>
		<wf pos="NN">:چٔھتیٖسگٔڑی</wf>
		<wf pos="VM">زَنان</wf>
		<wf pos="VAUX">چھےٚ</wf>
		<wf pos="NN">ہُکہٕ</wf>
		<wf pos="POW">دار</wf>
		<wf pos="NN">بٕنٛگرٕ</wf>
		<wf pos="VM">لاگان</wf>
		<wf pos="SYM">۔</wf>
</sentence>
<sentence s_id="130">
		<wf pos="CC">اَگَر</wf>
		<wf pos="QC">زٕ</wf>
		<wf pos="NN">ییٖژا</wf>
		<wf pos="JJ" sense_id="2">کوٚنٛڑ</wf>
		<wf pos="NN">کَرَکھ</wf>
		<wf pos="JJ">ژٕتہِ</wf>
		<wf pos="VAUX">گََژھکھ</wf>
		<wf pos="PRP">کَنٛڈٮ۪ن</wf>
		<wf pos="PSP">منٛز</wf>
		<wf pos="NN">شُمار</wf>
		<wf pos="SYM">۔</wf>
</sentence>
</contextfile>