<?xml version="1.0" encoding="utf-8" ?>
<contextfile fileno="78" filename="کوٚچ">
	<sentence s_id="1">
		<wf pos="NN" sense_id="1">کوٚچ</wf>
		<wf pos="NN">شیٚشتٕر</wf>
		<wf pos="PSP">پٮ۪ٹھ</wf>
		<wf pos="VAUX">چُھ</wf>
		<wf pos="RB">باقٕے</wf>
		<wf pos="WQ">شیٚشتٕروٗ</wf>
		<wf pos="NN">چیٖز</wf>
		<wf pos="VM">بَنان</wf>
		<wf pos="SYM">۔</wf>
	</sentence>
	<sentence s_id="2">
		<wf pos="PRP">سُہ</wf>
		<wf pos="VAUX">چُھ</wf>
		<wf pos="NN" sense_id="1">کوٚچ</wf>
		<wf pos="JJ">شیٚشتٕر</wf>
		<wf pos="NN">نارَس</wf>
		<wf pos="PSP">پٮ۪ٹھ</wf>
		<wf pos="VM">تٔژراوان</wf>
		<wf pos="SYM">۔</wf>
	</sentence>
	<sentence s_id="3">
		<wf pos="NN" sense_id="2">کوٚچ</wf>
		<wf pos="NN">رَنٛگ</wf>
		<wf pos="VAUX">چُھ</wf>
		<wf pos="NEG">نہٕ</wf>
		<wf pos="JJ">زیٛادٕ</wf>
		<wf pos="NN">وَقتَس</wf>
		<wf pos="PSP">خٲطرٕ</wf>
		<wf pos="VM">روزان</wf>
		<wf pos="SYM">۔</wf>
	</sentence>
	<sentence s_id="4">
		<wf pos="PRP">تٔمۍ</wf>
		<wf pos="VM">دیُت</wf>
		<wf pos="NN">دوتہِ</wf>
		<wf pos="NN" sense_id="2">کوٚچ</wf>
		<wf pos="NN">رَنٛگَس</wf>
		<wf pos="PSP">منٛز</wf>
		<wf pos="NN">رَنٛگ</wf>
		<wf pos="SYM">۔</wf>
	</sentence>
	<sentence s_id="5">
		<wf pos="NN" sense_id="3">کوٚچ</wf>
		<wf pos="NN">اَمبَن</wf>
		<wf pos="VM">ہۄکھنٲوِتھ</wf>
		<wf pos="VM">بَناونہٕ</wf>
		<wf pos="VAUX">آمٕژ</wf>
		<wf pos="VM">پھٮ۪کھ</wf>
		<wf pos="VAUX">چھِ</wf>
		<wf pos="NN">کھٮ۪ن</wf>
		<wf pos="CC">بیٚیہِ</wf>
		<wf pos="JJ">مَزدار</wf>
		<wf pos="VM">بَناونہٕ</wf>
		<wf pos="PSP">خٲطرٕ</wf>
		<wf pos="NN">اَستعمال</wf>
		<wf pos="VM">گَژھان</wf>
		<wf pos="SYM">۔</wf>
	</sentence>
	<sentence s_id="6">
		<wf pos="NN">کھٮ۪ن</wf>
		<wf pos="CC">بیٚیہِ</wf>
		<wf pos="JJ">مَزدار</wf>
		<wf pos="VM">بَناونہٕ</wf>
		<wf pos="PSP">خٲطرٕ</wf>
		<wf pos="VAUX">چھِ</wf>
		<wf pos="NN" sense_id="3">کوٚچ</wf>
		<wf pos="VM">آم</wf>
		<wf pos="NN">اَستعمال</wf>
		<wf pos="VM">کَران</wf>
		<wf pos="SYM">۔</wf>
	</sentence>
	<sentence s_id="7">
		<wf pos="NN">موج</wf>
		<wf pos="VAUX">ٲس</wf>
		<wf pos="NN" sense_id="3">کوٚچ</wf>
		<wf pos="NN">پپیٖتاہٕچ</wf>
		<wf pos="NN">سبزی</wf>
		<wf pos="VM">بَناوان</wf>
		<wf pos="SYM">۔</wf>
	</sentence>
	<sentence s_id="8">
		<wf pos="NN">روٗدَس</wf>
		<wf pos="PSP">منٛز</wf>
		<wf pos="VAUX">چھےٚ</wf>
		<wf pos="PRP">تَمام</wf>
		<wf pos="NN" sense_id="4">کوٚچ</wf>
		<wf pos="NN">وَتہٕ</wf>
		<wf pos="VM">رَبہِ</wf>
		<wf pos="PSP">سۭتۍ</wf>
		<wf pos="VM">بَرنہٕ</wf>
		<wf pos="VAUX">یِوان</wf>
		<wf pos="SYM">۔</wf>
	</sentence>
	<sentence s_id="9">
		<wf pos="NN" sense_id="3">کوٚچ</wf>
		<wf pos="NN">کَھنٛڈ</wf>
		<wf pos="VAUX">چھِ</wf>
		<wf pos="RP">ہَنا</wf>
		<wf pos="NNP">دالچیٖن</wf>
		<wf pos="NN">رَنٛگ</wf>
		<wf pos="VM">آسان</wf>
		<wf pos="SYM">۔</wf>
	</sentence>
	<sentence s_id="10">
		<wf pos="NN" sense_id="3">کوٚچ</wf>
		<wf pos="NN">تریٛل</wf>
		<wf pos="NEG">چُھنہٕ</wf>
		<wf pos="NNC">کھٮ۪نَس</wf>
		<wf pos="PSP">منٛز</wf>
		<wf pos="VM">مَزٕدارآسان</wf>
		<wf pos="SYM">۔</wf>
	</sentence>
	<sentence s_id="11">
		<wf pos="NN">یٖہٕ</wf>
		<wf pos="NN">وَتھہٕ</wf>
		<wf pos="VAUX">چھِ</wf>
		<wf pos="RP">ہَنا</wf>
		<wf pos="NN" sense_id="4">کوٚچ</wf>
		<wf pos="SYM">۔</wf>
	</sentence>
	<sentence s_id="12">
		<wf pos="RB">غَلہٕ</wf>
		<wf pos="NN">فَروشَن</wf>
		<wf pos="VM">ترٛٲو</wf>
		<wf pos="NN" sense_id="3">کوٚچ</wf>
		<wf pos="NN">بیٛازَس</wf>
		<wf pos="PSP">پٮ۪ٹھ</wf>
		<wf pos="QC">اَکھ</wf>
		<wf pos="NN">نَظر</wf>
		<wf pos="CC">تہٕ</wf>
		<wf pos="NN">دِتٕنٛۍ</wf>
		<wf pos="NN">زٔمیٖن</wf>
		<wf pos="NN">دارَس</wf>
		<wf pos="QC">پانٛژہَتھ</wf>
		<wf pos="NN">رۄپیہِ</wf>
		<wf pos="SYM">۔</wf>
	</sentence>
	<sentence s_id="13">
		<wf pos="NN">روٗدَس</wf>
		<wf pos="PSP">منٛز</wf>
		<wf pos="VAUX">چھُ</wf>
		<wf pos="NN" sense_id="4">کوٚچ</wf>
		<wf pos="NN">سَڑکہِ</wf>
		<wf pos="NN">رَب</wf>
		<wf pos="VM">وۄتھان</wf>
		<wf pos="SYM">۔</wf>
	</sentence>
	<sentence s_id="14">
		<wf pos="NN">سٕژَن</wf>
		<wf pos="VM">ترٛٲو</wf>
		<wf pos="RB">گۄڈٕ</wf>
		<wf pos="NN" sense_id="1">کوٚچ</wf>
		<wf pos="PSP">ٹیٛب</wf>
		<wf pos="SYM">۔</wf>
	</sentence>
	<sentence s_id="15">
		<wf pos="NN">کھاجہٕ،سِتھٕر</wf>
		<wf pos="NN">بیترٕ</wf>
		<wf pos="VM">چھہٕ</wf>
		<wf pos="NN" sense_id="1">کوٚچ</wf>
		<wf pos="NN">مالَس</wf>
		<wf pos="PSP">مَنٛز</wf>
		<wf pos="VM">یِوان</wf>
		<wf pos="SYM">۔</wf>
	</sentence>
	<sentence s_id="16">
		<wf pos="NN" sense_id="3">کوٚچ</wf>
		<wf pos="PSP">اَمب</wf>
		<wf pos="NN">گَژھ</wf>
		<wf pos="NNC">کَھنٛڈٕ</wf>
		<wf pos="NN">آبَس</wf>
		<wf pos="PSP">منٛز</wf>
		<wf pos="VM">گرٮ۪کناونہٕ</wf>
		<wf pos="VM">یِون</wf>
		<wf pos="SYM">۔</wf>
	</sentence>
	<sentence s_id="17">
		<wf pos="JJ">بٔڑۍ</wf>
		<wf pos="NN">بَب</wf>
		<wf pos="VAUX">چُھ</wf>
		<wf pos="NN" sense_id="3">کوٚچ</wf>
		<wf pos="NN">تریل</wf>
		<wf pos="VM">کھٮ۪وان</wf>
		<wf pos="SYM">۔</wf>
	</sentence>
	<sentence s_id="18">
		<wf pos="NN" sense_id="3">کوٚچ</wf>
		<wf pos="NN">اَمبہِ</wf>
		<wf pos="PSP">ہٕںٛدِ</wf>
		<wf pos="NN">رَس</wf>
		<wf pos="VM">چھہٕ</wf>
		<wf pos="JJ">مزدار</wf>
		<wf pos="SYM">۔</wf>
	</sentence>
	<sentence s_id="19">
		<wf pos="NNC">شیٖلایہِ</wf>
		<wf pos="NN">چھٖےٚ</wf>
		<wf pos="NN" sense_id="3">کوٚچ</wf>
		<wf pos="NNPC">اَمبہِ</wf>
		<wf pos="NNP">رَںٛگٕچۍ</wf>
		<wf pos="QC">اَکھ</wf>
		<wf pos="NN">سٲڈۍ</wf>
		<wf pos="SYM">۔</wf>
	</sentence>
	<sentence s_id="20">
		<wf pos="PRP">تٔمۍ</wf>
		<wf pos="NN">دِیژ</wf>
		<wf pos="PRP">مےٚ</wf>
		<wf pos="QC">اَکہِ</wf>
		<wf pos="NNP">قٔسٕمٕچۍ</wf>
		<wf pos="NN" sense_id="3">کوٚچ</wf>
		<wf pos="PSP">اَمب</wf>
		<wf pos="SYM">۔</wf>
	</sentence>
	<sentence s_id="21">
		<wf pos="PRP">تِمۍ</wf>
		<wf pos="NN">کیسَر</wf>
		<wf pos="NN">اَمبہٕ</wf>
		<wf pos="VAUX">آسہٕ</wf>
		<wf pos="NN" sense_id="3">کوٚچ</wf>
		<wf pos="SYM">۔</wf>
	</sentence>
	<sentence s_id="22">
		<wf pos="NN">آمچوٗر</wf>
		<wf pos="VM">بناونہٕ</wf>
		<wf pos="PSP">خٲطرٕ</wf>
		<wf pos="VAUX">چھٚے</wf>
		<wf pos="VM">یوان</wf>
		<wf pos="NN" sense_id="3">کوٚچ</wf>
		<wf pos="NN">امبہٕ</wf>
		<wf pos="VM">ہۄکھناونہٕ</wf>
		<wf pos="SYM">۔</wf>
	</sentence>
	<sentence s_id="23">
		<wf pos="NN">شیٖلایہِ</wf>
		<wf pos="VAUX">ٲس</wf>
		<wf pos="QC">اَکہِ</wf>
		<wf pos="NN" sense_id="4">کوٚچ</wf>
		<wf pos="NN">سَڑکہِ</wf>
		<wf pos="PSP">پٮ۪ٹھ</wf>
		<wf pos="VM">پکان</wf>
		<wf pos="SYM">۔</wf>
	</sentence>
	<sentence s_id="24">
		<wf pos="NNP">کیری</wf>
		<wf pos="PSP">اَمب</wf>
		<wf pos="VAUX">چھےٚ</wf>
		<wf pos="NN" sense_id="3">کوٚچ</wf>
		<wf pos="VM">آسان</wf>
		<wf pos="SYM">۔</wf>
	</sentence>
	<sentence s_id="25">
		<wf pos="NN">دٔریاو</wf>
		<wf pos="PSP">کِس</wf>
		<wf pos="NN" sense_id="4">کوٚچ</wf>
		<wf pos="NN">بٔٹھِس</wf>
		<wf pos="PSP">پٮ۪ٹھ</wf>
		<wf pos="VM">چھہٕ</wf>
		<wf pos="QC">اَکھ</wf>
		<wf pos="NNP">سٹیج</wf>
		<wf pos="VM">بَنوومُت</wf>
		<wf pos="SYM">۔</wf>
	</sentence>
	<sentence s_id="26">
		<wf pos="PRP">تٔمۍ</wf>
		<wf pos="NN">لُکھ</wf>
		<wf pos="NN" sense_id="2">کوٚچ</wf>
		<wf pos="NN">رَنٛگَ</wf>
		<wf pos="PSP">سۭتۍ</wf>
		<wf pos="NN">ناو</wf>
		<wf pos="SYM">۔</wf>
	</sentence>
	<sentence s_id="27">
		<wf pos="PRP">ییٚمِس</wf>
		<wf pos="VAUX">چھِ</wf>
		<wf pos="NN" sense_id="5">کوٚچ</wf>
		<wf pos="NN">علِم</wf>
		<wf pos="SYM">۔</wf>
	</sentence>
	<sentence s_id="28">
		<wf pos="NN">توٚہیِہِ</wf>
		<wf pos="NN">مَہ</wf>
		<wf pos="VM">ہیٚیِو</wf>
		<wf pos="DEM">یَتھ</wf>
		<wf pos="NN">کامہِ</wf>
		<wf pos="PSP">مَںٛز</wf>
		<wf pos="PRP">کٲنٛسہِ</wf>
		<wf pos="NN" sense_id="6">کوٚچ</wf>
		<wf pos="NN">نَفرَس</wf>
		<wf pos="NN">راے</wf>
		<wf pos="SYM">۔</wf>
	</sentence>
	<sentence s_id="29">
		<wf pos="NN" sense_id="2">کوٚچ</wf>
		<wf pos="NN">رَنٛگَ</wf>
		<wf pos="VAUX">چھِ</wf>
		<wf pos="PRP">مےٚ</wf>
		<wf pos="JJ">پسنٛد</wf>
		<wf pos="SYM">۔</wf>
	</sentence>
	<sentence s_id="30">
		<wf pos="DEM">یَتھ</wf>
		<wf pos="NN">دروازس</wf>
		<wf pos="VM">کٔرِو</wf>
		<wf pos="NN" sense_id="2">کوٚچ</wf>
		<wf pos="NN">رنٛگ</wf>
		<wf pos="SYM">۔</wf>
	</sentence>
	<sentence s_id="31">
		<wf pos="NN" sense_id="2">کوٚچ</wf>
		<wf pos="NN">رنٛگ</wf>
		<wf pos="NEG">نہٕ</wf>
		<wf pos="JJ">زیادٕ</wf>
		<wf pos="NN">کالَس</wf>
		<wf pos="VM">روز</wf>
		<wf pos="CC">یا</wf>
		<wf pos="DEM">یُس</wf>
		<wf pos="PRP">کیٚنٛہہ</wf>
		<wf pos="NN">کالہٕ</wf>
		<wf pos="RB">پَتہٕ</wf>
		<wf pos="VM">وٕڑِتھ</wf>
		<wf pos="VM">گَژھ</wf>
		<wf pos="SYM">۔</wf>
	</sentence>
	<sentence s_id="32">
		<wf pos="DEM">یَمہِ</wf>
		<wf pos="NN">ساڑِ</wf>
		<wf pos="PSP">ہُنٛد</wf>
		<wf pos="NN" sense_id="2">کوٚچ</wf>
		<wf pos="NN">رَنٛگ</wf>
		<wf pos="VM">دراو</wf>
		<wf pos="QC">اَکے</wf>
		<wf pos="VM">چَھلنہٕ</wf>
		<wf pos="SYM">۔</wf>
	</sentence>
	<sentence s_id="33">
		<wf pos="PRP">تٔمۍ</wf>
		<wf pos="NN">جاے</wf>
		<wf pos="PSP">ہُنٛد</wf>
		<wf pos="VM">چھہٕ</wf>
		<wf pos="PRP">مےٚ</wf>
		<wf pos="NN" sense_id="5">کوٚچ</wf>
		<wf pos="VM">پٔے</wf>
		<wf pos="SYM">۔</wf>
	</sentence>
	<sentence s_id="34">
		<wf pos="PRP">ژٕ</wf>
		<wf pos="NN">اَن</wf>
		<wf pos="RB">کُنِتہِ</wf>
		<wf pos="PRP">مےٚ</wf>
		<wf pos="VAUX">گَژھہِ</wf>
		<wf pos="NN" sense_id="3">کوٚچ</wf>
		<wf pos="NN">تَمبٕر</wf>
		<wf pos="SYM">۔</wf>
	</sentence>
	<sentence s_id="35">
		<wf pos="DEM">یہِ</wf>
		<wf pos="NN">کٲم</wf>
		<wf pos="VAUX">ہٮ۪کہٕ</wf>
		<wf pos="NN" sense_id="6">کوٚچ</wf>
		<wf pos="VM">ہٮیٚچھمُت</wf>
		<wf pos="NN">شَخٕص</wf>
		<wf pos="CC">تہٕ</wf>
		<wf pos="VM">کٔرِتھ</wf>
		<wf pos="SYM">۔</wf>
	</sentence>
	<sentence s_id="36">
		<wf pos="DEM">یَتھ</wf>
		<wf pos="NN">کارخانس</wf>
		<wf pos="PSP">منٛز</wf>
		<wf pos="VM">چھہٕ</wf>
		<wf pos="NN" sense_id="1">کوٚچ</wf>
		<wf pos="NN">مال</wf>
		<wf pos="NN">استعمال</wf>
		<wf pos="VM">کَرتھ</wf>
		<wf pos="JJ">نوٚو</wf>
		<wf pos="NN">کَپُر</wf>
		<wf pos="VM">تیار</wf>
		<wf pos="VM">کَرنہٕ</wf>
		<wf pos="VAUX">یِوان</wf>
		<wf pos="SYM">۔</wf>
	</sentence>
	<sentence s_id="37">
		<wf pos="RB">تِتھَے</wf>
		<wf pos="POW">کٔنۍ</wf>
		<wf pos="VAUX">چُھ</wf>
		<wf pos="NN" sense_id="1">کوٚچ</wf>
		<wf pos="RP">تہِ</wf>
		<wf pos="JJ">خستہٕ</wf>
		<wf pos="VM">گوٚمُت</wf>
		<wf pos="NN">مال</wf>
		<wf pos="PSP">قٲبلہِ</wf>
		<wf pos="NN">استعمال</wf>
		<wf pos="VM">بناونہٕ</wf>
		<wf pos="VAUX">یِوان</wf>
		<wf pos="SYM">۔</wf>
	</sentence>
	<sentence s_id="38">
		<wf pos="NN">شامَن</wf>
		<wf pos="VM">اوٚن</wf>
		<wf pos="NN">بازرٕ</wf>
		<wf pos="NN" sense_id="3">کوٚچ</wf>
		<wf pos="NN">مٮ۪وٕ</wf>
		<wf pos="SYM">۔</wf>
	</sentence>
	<sentence s_id="39">
		<wf pos="DEM">ییٚمۍ</wf>
		<wf pos="NN">کُلِک</wf>
		<wf pos="NN" sense_id="3">کوٚچ</wf>
		<wf pos="NN">پَنہٕ</wf>
		<wf pos="NN">ؤتٕھر</wf>
		<wf pos="VM">چھہٕ</wf>
		<wf pos="NN">دوا</wf>
		<wf pos="PSP">خٲطرٕ</wf>
		<wf pos="NN">استعمال</wf>
		<wf pos="VM">گَژھان</wf>
		<wf pos="SYM">۔</wf>
	</sentence>
	<sentence s_id="40">
		<wf pos="DEM">ییٚمۍ</wf>
		<wf pos="NN">کُلِک</wf>
		<wf pos="NN">مال</wf>
		<wf pos="VAUX">چھےٚ</wf>
		<wf pos="RB">ونہٕ</wf>
		<wf pos="NN" sense_id="3">کوٚچ</wf>
		<wf pos="RP">پہن</wf>
		<wf pos="SYM">۔</wf>
	</sentence>
	<sentence s_id="41">
		<wf pos="NN">سونتس</wf>
		<wf pos="VAUX">چُھ</wf>
		<wf pos="NN">کُلٮ۪ن</wf>
		<wf pos="NN" sense_id="3">کوٚچ</wf>
		<wf pos="NN">پَن</wf>
		<wf pos="VM">آسان</wf>
		<wf pos="SYM">۔</wf>
	</sentence>
	<sentence s_id="42">
		<wf pos="NN">کیٖرٛیُک</wf>
		<wf pos="NN" sense_id="3">کوٚچ</wf>
		<wf pos="NN">پَن</wf>
		<wf pos="VM">چھہٕ</wf>
		<wf pos="DEM">یَتھ</wf>
		<wf pos="NN">دوا</wf>
		<wf pos="SYM">۔</wf>
	</sentence>
	<sentence s_id="43">
		<wf pos="RB">ییٚلہٕ</wf>
		<wf pos="PRP">بہٕ</wf>
		<wf pos="NN">آب</wf>
		<wf pos="PSP">بَرنہِ</wf>
		<wf pos="VAUX">گوس</wf>
		<wf pos="VM">،</wf>
		<wf pos="PRP">مے</wf>
		<wf pos="VM">پٮ۪و</wf>
		<wf pos="NN" sense_id="4">کوٚچ</wf>
		<wf pos="NN">سَڑکہِ</wf>
		<wf pos="PSP">کنۍ</wf>
		<wf pos="VM">گَژُھن</wf>
		<wf pos="SYM">۔</wf>
	</sentence>
	<sentence s_id="44">
		<wf pos="PRP">تٔمۍ</wf>
		<wf pos="NN">دِیژ</wf>
		<wf pos="PRP">مےٚ</wf>
		<wf pos="NN" sense_id="4">کوٚچ</wf>
		<wf pos="NN">سیرن</wf>
		<wf pos="PSP">ہںٛز</wf>
		<wf pos="CC">جاےٚ</wf>
		<wf pos="RDP">بَناوتھٕ</wf>
		<wf pos="SYM">۔</wf>
	</sentence>
	<sentence s_id="45">
		<wf pos="CC">یہٕ</wf>
		<wf pos="RB">شِناختی</wf>
		<wf pos="NN">کارڈ</wf>
		<wf pos="VAUX">چُھ</wf>
		<wf pos="NN" sense_id="6">کوٚچ</wf>
		<wf pos="NN">نفرٕ</wf>
		<wf pos="NN">سنٛد</wf>
		<wf pos="NN">دٕس</wf>
		<wf pos="VM">بَناونہٕ</wf>
		<wf pos="VAUX">آمُت</wf>
		<wf pos="SYM">۔</wf>
	</sentence>
	<sentence s_id="46">
		<wf pos="NNP">سوامی</wf>
		<wf pos="NN">دَیانَنٛد</wf>
		<wf pos="NN">سَرَسؤتی</wf>
		<wf pos="VAUX">اوس</wf>
		<wf pos="NEG">نہٕ</wf>
		<wf pos="NN" sense_id="5">کوٚچ</wf>
		<wf pos="NN">فٲصلہٕ</wf>
		<wf pos="NN">کَرنٕکِس</wf>
		<wf pos="NN">حَقَس</wf>
		<wf pos="PSP">منٛز</wf>
		<wf pos="SYM">۔</wf>
	</sentence>
	<sentence s_id="47">
		<wf pos="NNP">حٔمیٖدَس</wf>
		<wf pos="VAUX">چُھ</wf>
		<wf pos="NN" sense_id="4">کوٚچ</wf>
		<wf pos="NN">مکان</wf>
		<wf pos="VM">بَناوُن</wf>
		<wf pos="SYM">۔</wf>
	</sentence>
	<sentence s_id="48">
		<wf pos="PRP">سُہ</wf>
		<wf pos="VAUX">چُھ</wf>
		<wf pos="NN">ڈولَس</wf>
		<wf pos="NN" sense_id="1">کوٚچ</wf>
		<wf pos="NN">چَمرٕ</wf>
		<wf pos="VM">لاگان</wf>
		<wf pos="SYM">۔</wf>
	</sentence>
	<sentence s_id="49">
		<wf pos="JJ">بٕلیک</wf>
		<wf pos="NN">بوڈَس</wf>
		<wf pos="PSP">پٮ۪ٹھ</wf>
		<wf pos="VAUX">چُھ</wf>
		<wf pos="NN" sense_id="1">کوٚچ</wf>
		<wf pos="NN">رَنٛگ</wf>
		<wf pos="PSP">سۭتۍ</wf>
		<wf pos="VM">لٮ۪کھنہٕ</wf>
		<wf pos="VM">یوان</wf>
		<wf pos="SYM">۔</wf>
	</sentence>
	<sentence s_id="50">
		<wf pos="PRP">مےٚ</wf>
		<wf pos="VAUX">چُھ</wf>
		<wf pos="NN">گَرٕ</wf>
		<wf pos="PSP">خٲطرٕ</wf>
		<wf pos="NN" sense_id="3">کوٚچ</wf>
		<wf pos="NN">مٮ۪وٕ</wf>
		<wf pos="VM">اَنُن</wf>
		<wf pos="SYM">۔</wf>
	</sentence>
	<sentence s_id="51">
		<wf pos="DEM">یہِ</wf>
		<wf pos="VAUX">چُھ</wf>
		<wf pos="QC">اَکہِ</wf>
		<wf pos="NN">قٔسمُک</wf>
		<wf pos="NN" sense_id="1">کوٚچ</wf>
		<wf pos="NN">کَپُر</wf>
		<wf pos="SYM">۔</wf>
	</sentence>
	<sentence s_id="52">
		<wf pos="NN">پوش</wf>
		<wf pos="VM">بَناونہٕ</wf>
		<wf pos="PSP">خٲطرٕ</wf>
		<wf pos="VM">اوٚن</wf>
		<wf pos="NN">شیٖلٲن</wf>
		<wf pos="NN" sense_id="2">کوٚچ</wf>
		<wf pos="NN">رَنٛگ</wf>
		<wf pos="SYM">۔</wf>
	</sentence>
	<sentence s_id="53">
		<wf pos="NN">روٗد</wf>
		<wf pos="VM">پٮ۪نہٕ</wf>
		<wf pos="PSP">سٕتۍ</wf>
		<wf pos="VAUX">وژھ</wf>
		<wf pos="NN" sense_id="4">کوٚچ</wf>
		<wf pos="NN">زٔمیٖنس</wf>
		<wf pos="NN">رب</wf>
		<wf pos="SYM">۔</wf>
	</sentence>
	<sentence s_id="54">
		<wf pos="JJ">بُڑۍ</wf>
		<wf pos="NNP">ببس</wf>
		<wf pos="VAUX">چُھ</wf>
		<wf pos="NN" sense_id="5">کوٚچ</wf>
		<wf pos="NN">علِم</wf>
		<wf pos="PSP">وول</wf>
		<wf pos="JJ">عالِم</wf>
		<wf pos="VM">کھران</wf>
		<wf pos="SYM">۔</wf>
	</sentence>
	<sentence s_id="55">
		<wf pos="NN">روٗد</wf>
		<wf pos="VM">پٮ۪نہٕ</wf>
		<wf pos="PSP">سٕتۍ</wf>
		<wf pos="VAUX">گو</wf>
		<wf pos="NN" sense_id="4">کوٚچ</wf>
		<wf pos="NN">زٔمیٖن</wf>
		<wf pos="RDP">تَباہ</wf>
		<wf pos="SYM">۔</wf>
	</sentence>
	<sentence s_id="56">
		<wf pos="NN">شنٛکٕر</wf>
		<wf pos="NNP">اچاریَن</wf>
		<wf pos="VM">کوٚر</wf>
		<wf pos="NNP">ہِنٛدوٗ</wf>
		<wf pos="NN">مزہَبُک</wf>
		<wf pos="NN" sense_id="5">کوٚچ</wf>
		<wf pos="NN">علِم</wf>
		<wf pos="NN">پَکہٕ</wf>
		<wf pos="SYM">۔</wf>
	</sentence>
	<sentence s_id="57">
		<wf pos="QC">اشتراکی</wf>
		<wf pos="NN">پسنٛدو</wf>
		<wf pos="VM">کوٚر</wf>
		<wf pos="NN" sense_id="5">کوٚچ</wf>
		<wf pos="NN">سَماجَس</wf>
		<wf pos="QC">اکھ</wf>
		<wf pos="JJ">نوٚو</wf>
		<wf pos="NN">طرٕز</wf>
		<wf pos="VM">دِنُک</wf>
		<wf pos="NN">فٲصلہٕ</wf>
		<wf pos="SYM">۔</wf>
	</sentence>
	<sentence s_id="58">
		<wf pos="PRP">مےٚ</wf>
		<wf pos="VAUX">چُھ</wf>
		<wf pos="NN">کارخانہٕ</wf>
		<wf pos="PSP">خٲطرٕ</wf>
		<wf pos="NN" sense_id="1">کوٚچ</wf>
		<wf pos="NN">مال</wf>
		<wf pos="VM">اَنُن</wf>
		<wf pos="SYM">۔</wf>
	</sentence>
	<sentence s_id="59">
		<wf pos="NN" sense_id="1">کوٚچ</wf>
		<wf pos="NN">تیٖل</wf>
		<wf pos="VAUX">چُھ</wf>
		<wf pos="NN">کارخانہٕ</wf>
		<wf pos="VM">چلنہٕ</wf>
		<wf pos="PSP">خٲطرٕ</wf>
		<wf pos="JJ">ضروری</wf>
		<wf pos="SYM">۔</wf>
	</sentence>
	<sentence s_id="60">
		<wf pos="CC">یہٕ</wf>
		<wf pos="NN">تریل</wf>
		<wf pos="VAUX">چُھ</wf>
		<wf pos="JJ">بِلکُل</wf>
		<wf pos="NN" sense_id="3">کوٚچ</wf>
		<wf pos="SYM">۔</wf>
	</sentence>
	<sentence s_id="61">
		<wf pos="DEM">یِم</wf>
		<wf pos="VAUX">چھِ</wf>
		<wf pos="PRP">سٲری</wf>
		<wf pos="NN">وستہٕ</wf>
		<wf pos="PRP">مےٚ</wf>
		<wf pos="NN">گۄڈٔے</wf>
		<wf pos="VM">وچھمٕتۍ</wf>
		<wf pos="DEM">یِم</wf>
		<wf pos="VAUX">چُھ</wf>
		<wf pos="NN" sense_id="6">کوٚچ</wf>
		<wf pos="SYM">۔</wf>
	</sentence>
	<sentence s_id="62">
		<wf pos="NN">چھتیٖس</wf>
		<wf pos="NN">گَڈُک</wf>
		<wf pos="NN">وستہٕ</wf>
		<wf pos="VAUX">چُھ</wf>
		<wf pos="NEG">نہٕ</wf>
		<wf pos="NN" sense_id="6">کوٚچ</wf>
		<wf pos="NN">مکان</wf>
		<wf pos="NN">تٲمیٖر</wf>
		<wf pos="NN">کَرنس</wf>
		<wf pos="PSP">منٛز</wf>
		<wf pos="SYM">۔</wf>
	</sentence>
	<sentence s_id="63">
		<wf pos="INTF">ییٖتِس</wf>
		<wf pos="NN">کالِس</wf>
		<wf pos="VM">رَننہٕ</wf>
		<wf pos="RB">پَتہٕ</wf>
		<wf pos="RP">تہِ</wf>
		<wf pos="VAUX">چُھ</wf>
		<wf pos="NN" sense_id="1">کوٚچ</wf>
		<wf pos="VM">روٗدمُت</wf>
		<wf pos="SYM">۔</wf>
	</sentence>
	<sentence s_id="64">
		<wf pos="NN" sense_id="1">کوٚچ</wf>
		<wf pos="NN">سٮُ۪ن</wf>
		<wf pos="VM">کھیٖت</wf>
		<wf pos="VAUX">چھُ</wf>
		<wf pos="PRP">مےٚ</wf>
		<wf pos="CC">بےٚ</wf>
		<wf pos="NN">آرامیٖ</wf>
		<wf pos="VM">گَژھان</wf>
		<wf pos="SYM">۔</wf>
	</sentence>
	<sentence s_id="65">
		<wf pos="PRP">ییٚمِس</wf>
		<wf pos="VAUX">چُھ</wf>
		<wf pos="NEG">نہٕ</wf>
		<wf pos="RB">اصل</wf>
		<wf pos="CC">پےٚ</wf>
		<wf pos="CC">یہٕ</wf>
		<wf pos="VAUX">چُھ</wf>
		<wf pos="RB">ونہٕ</wf>
		<wf pos="NN" sense_id="6">کوٚچ</wf>
		<wf pos="SYM">۔</wf>
	</sentence>
	<sentence s_id="66">
		<wf pos="NN" sense_id="6">کوٚچ</wf>
		<wf pos="NN">ملازم</wf>
		<wf pos="VAUX">چھےٚ</wf>
		<wf pos="RB">ونہٕ</wf>
		<wf pos="PRP">پَنٛنِس</wf>
		<wf pos="NN">کارس</wf>
		<wf pos="PSP">منٛز</wf>
		<wf pos="JJ">خۄش</wf>
		<wf pos="SYM">۔</wf>
	</sentence>
	<sentence s_id="67">
		<wf pos="PRP">سُہ</wf>
		<wf pos="VAUX">چُھ</wf>
		<wf pos="NN" sense_id="1">کوٚچ</wf>
		<wf pos="NN">تیٖلَس</wf>
		<wf pos="PSP">سۭتۍ</wf>
		<wf pos="JJ">وابَستہٕ</wf>
		<wf pos="NN">کامٮ۪ن</wf>
		<wf pos="PSP">ہٕنٛز</wf>
		<wf pos="NN">رٲچھ</wf>
		<wf pos="NN">راوَٹھ</wf>
		<wf pos="VM">کرِ</wf>
		<wf pos="SYM">۔</wf>
	</sentence>
	<sentence s_id="68">
		<wf pos="NN">تیٖلٕکۍ</wf>
		<wf pos="NNP">ؤزیٖرَن</wf>
		<wf pos="VAUX">چُھ</wf>
		<wf pos="NN" sense_id="1">کوٚچ</wf>
		<wf pos="NN">تیٖل</wf>
		<wf pos="NN">بلیکِس</wf>
		<wf pos="PSP">منٛز</wf>
		<wf pos="VM">کٕنَس</wf>
		<wf pos="NN">روٚٹھ</wf>
		<wf pos="VM">کرنہٕ</wf>
		<wf pos="PSP">خٲطرٕ</wf>
		<wf pos="QC">اَکھ</wf>
		<wf pos="JJ">نوٚو</wf>
		<wf pos="NN">قدَم</wf>
		<wf pos="VM">تُلمُت</wf>
		<wf pos="SYM">۔</wf>
	</sentence>
	<sentence s_id="69">
		<wf pos="NN">تیٖلٕکۍ</wf>
		<wf pos="NNP">ؤزیٖرَن</wf>
		<wf pos="VAUX">چُھ</wf>
		<wf pos="PRP">پَنٛنہِ</wf>
		<wf pos="NN">پِلیٛٹنَم</wf>
		<wf pos="NN">جُبلی</wf>
		<wf pos="PSP">پٮ۪ٹھ</wf>
		<wf pos="NN" sense_id="1">کوٚچ</wf>
		<wf pos="NN">تیٖلس</wf>
		<wf pos="QC">دَہَن</wf>
		<wf pos="NN">رۄپیَن</wf>
		<wf pos="PSP">ہٕنٛز</wf>
		<wf pos="NN">کمیٖ</wf>
		<wf pos="VM">کَرمژ</wf>
		<wf pos="SYM">۔</wf>
	</sentence>
	<sentence s_id="70">
		<wf pos="CC">یہٕ</wf>
		<wf pos="VAUX">چُھ</wf>
		<wf pos="NN" sense_id="1">کوٚچ</wf>
		<wf pos="NN">مالَس</wf>
		<wf pos="PSP">قٲبلہِ</wf>
		<wf pos="NN">استعمال</wf>
		<wf pos="VM">بَناوَن</wf>
		<wf pos="PRP">واجیٚن</wf>
		<wf pos="QC">اَکھ</wf>
		<wf pos="JJ">خاص</wf>
		<wf pos="NN">کَمپٔنی</wf>
		<wf pos="SYM">۔</wf>
	</sentence>
	<sentence s_id="71">
		<wf pos="PRP">مےٚ</wf>
		<wf pos="VAUX">گَژھہِ</wf>
		<wf pos="NEG">نہٕ</wf>
		<wf pos="NN" sense_id="1">کوٚچ</wf>
		<wf pos="VM">سٮُ۪ن</wf>
		<wf pos="SYM">۔</wf>
	</sentence>
	<sentence s_id="72">
		<wf pos="NN" sense_id="6">کوٚچ</wf>
		<wf pos="VM">آسنہٕ</wf>
		<wf pos="NN">سَببہٕ</wf>
		<wf pos="VM">میٖج</wf>
		<wf pos="NEG">نہٕ</wf>
		<wf pos="NN">راموٗوَس</wf>
		<wf pos="NN">نوکری</wf>
		<wf pos="SYM">۔</wf>
	</sentence>
	<sentence s_id="73">
		<wf pos="PRP">سُہ</wf>
		<wf pos="VAUX">چُھ</wf>
		<wf pos="DEM">یَتھ</wf>
		<wf pos="RB">کھیٚلہِ</wf>
		<wf pos="PSP">منٛز</wf>
		<wf pos="NN" sense_id="6">کوٚچ</wf>
		<wf pos="SYM">۔</wf>
	</sentence>
	<sentence s_id="74">
		<wf pos="CC">یہٕ</wf>
		<wf pos="VAUX">چُھ</wf>
		<wf pos="NEG">نہٕ</wf>
		<wf pos="VM">پَپیومُت</wf>
		<wf pos="RB">وٕنہِ</wf>
		<wf pos="VAUX">چُھ</wf>
		<wf pos="NN" sense_id="3">کوٚچ</wf>
		<wf pos="RP">پہن</wf>
		<wf pos="SYM">۔</wf>
	</sentence>
	<sentence s_id="75">
		<wf pos="NN" sense_id="1">کوٚچ</wf>
		<wf pos="QF">مَواد</wf>
		<wf pos="VAUX">چُھ</wf>
		<wf pos="JJ">کیمِیایی</wf>
		<wf pos="NN">عملہِ</wf>
		<wf pos="PSP">ذرِیعہ</wf>
		<wf pos="JJ">شوٚد</wf>
		<wf pos="VAUX">یِوان</wf>
		<wf pos="VM">بناونہٕ</wf>
		<wf pos="SYM">۔</wf>
	</sentence>
	<sentence s_id="76">
		<wf pos="NN" sense_id="1">کوٚچ</wf>
		<wf pos="NN">جانٛور</wf>
		<wf pos="CC">یا</wf>
		<wf pos="NN">کُلۍ</wf>
		<wf pos="VM">خٔلیہٕ</wf>
		<wf pos="DEM">یِم</wf>
		<wf pos="NN">گٮ۪میٹ</wf>
		<wf pos="VM">چھٕ</wf>
		<wf pos="VAUX">مِیاسِس</wf>
		<wf pos="RB">پَتہٕ</wf>
		<wf pos="VM">بَنان</wf>
		<wf pos="SYM">۔</wf>
	</sentence>
	<sentence s_id="77">
		<wf pos="NN">شام</wf>
		<wf pos="VAUX">چُھ</wf>
		<wf pos="NN" sense_id="3">کوٚچ</wf>
		<wf pos="NN">مٮ۪وٕ</wf>
		<wf pos="VM">کھٮ۪وان</wf>
		<wf pos="SYM">۔</wf>
	</sentence>
	<sentence s_id="78">
		<wf pos="NNP">نہروٗجیَن</wf>
		<wf pos="VM">دُیت</wf>
		<wf pos="NN" sense_id="1">کوٚچ</wf>
		<wf pos="PSP">پٮ۪ٹھ</wf>
		<wf pos="NNPC">پۄکھتہٕ</wf>
		<wf pos="NNP">مال</wf>
		<wf pos="VM">بَناونُک</wf>
		<wf pos="NN">کاربارس</wf>
		<wf pos="PSP">پٮ۪ٹھ</wf>
		<wf pos="NN">زور</wf>
		<wf pos="SYM">۔</wf>
	</sentence>
	<sentence s_id="79">
		<wf pos="NNP">ایرٲنۍ</wf>
		<wf pos="NN">معاشیات</wf>
		<wf pos="VAUX">چھِ</wf>
		<wf pos="NN" sense_id="1">کوٚچ</wf>
		<wf pos="NN">تیٖلَس</wf>
		<wf pos="PSP">پٮ۪ٹھ</wf>
		<wf pos="NN">دارمَدار</wf>
		<wf pos="SYM">۔</wf>
	</sentence>
	<sentence s_id="80">
		<wf pos="NN" sense_id="4">کوٚچ</wf>
		<wf pos="NN">زٔمیٖنس</wf>
		<wf pos="VAUX">چھِ</wf>
		<wf pos="NN">ؤلۍتہٕ</wf>
		<wf pos="PSP">ؤلۍ</wf>
		<wf pos="NN">آب</wf>
		<wf pos="VM">پیٛنہٕ</wf>
		<wf pos="PSP">سٲتۍ</wf>
		<wf pos="NN">رَب</wf>
		<wf pos="NN">جمع</wf>
		<wf pos="VM">گژان</wf>
		<wf pos="SYM">۔</wf>
	</sentence>
	<sentence s_id="81">
		<wf pos="NN">آب</wf>
		<wf pos="VM">پیٛنہٕ</wf>
		<wf pos="PSP">سۭتۍ</wf>
		<wf pos="VAUX">چھِ</wf>
		<wf pos="NN" sense_id="4">کوٚچ</wf>
		<wf pos="NN">کِہرِس</wf>
		<wf pos="PSP">نِش</wf>
		<wf pos="NN">چِکٕڈ</wf>
		<wf pos="VM">ؤژمٕژ</wf>
		<wf pos="SYM">۔</wf>
	</sentence>
	<sentence s_id="82">
		<wf pos="PRP">سُہ</wf>
		<wf pos="VAUX">میٚوٕ</wf>
		<wf pos="DEM">یُس</wf>
		<wf pos="NN" sense_id="3">کوٚچ</wf>
		<wf pos="VM">آسہِ</wf>
		<wf pos="VAUX">گژھ</wf>
		<wf pos="NEG">نہٕ</wf>
		<wf pos="NN">کھٮ۪ن</wf>
		<wf pos="SYM">۔</wf>
	</sentence>
	<sentence s_id="83">
		<wf pos="NN" sense_id="3">کوٚچ</wf>
		<wf pos="NN">اَمبہِ</wf>
		<wf pos="VAUX">چُھ</wf>
		<wf pos="PSP">منٛز</wf>
		<wf pos="JJ">واریاہ</wf>
		<wf pos="NN">ژۄکٮ۪رسان</wf>
		<wf pos="VM">آسان</wf>
		<wf pos="SYM">۔</wf>
	</sentence>
	<sentence s_id="84">
		<wf pos="NN" sense_id="3">کوٚچ</wf>
		<wf pos="NN">امبہِ</wf>
		<wf pos="PSP">ہُنٛد</wf>
		<wf pos="PSP">ہیٛوٗ</wf>
		<wf pos="NN">رنٛگ</wf>
		<wf pos="VAUX">چُھ</wf>
		<wf pos="PRP">مےٚ</wf>
		<wf pos="JJ">خوش</wf>
		<wf pos="SYM">۔</wf>
	</sentence>
	<sentence s_id="85">
		<wf pos="DEM">یَتھ</wf>
		<wf pos="NN">کمرس</wf>
		<wf pos="VM">کٔرِو</wf>
		<wf pos="NN" sense_id="2">کوٚچ</wf>
		<wf pos="VM">امبہِ</wf>
		<wf pos="NN">رنٛگ</wf>
		<wf pos="SYM">۔</wf>
	</sentence>
	<sentence s_id="86">
		<wf pos="PRP">کینہہ</wf>
		<wf pos="NN">لُک</wf>
		<wf pos="VM">چھٕ</wf>
		<wf pos="NN" sense_id="1">کوٚچ</wf>
		<wf pos="NN">لیٚدرِ</wf>
		<wf pos="NN">گَنٛڑٕر</wf>
		<wf pos="NN">دۄدَس</wf>
		<wf pos="PSP">مَنٛز</wf>
		<wf pos="VM">مِلٲوِتھ</wf>
		<wf pos="VM">چٮ۪وان</wf>
		<wf pos="SYM">۔</wf>
	</sentence>
	<sentence s_id="87">
		<wf pos="NN">ؤزیٖرِ</wf>
		<wf pos="NN">خزانَن</wf>
		<wf pos="VAUX">چُھ</wf>
		<wf pos="NN" sense_id="1">کوٚچ</wf>
		<wf pos="JJ">ملکی</wf>
		<wf pos="NN">پیداوار</wf>
		<wf pos="PSP">منٛز</wf>
		<wf pos="QC">نَو</wf>
		<wf pos="JJ">فی</wf>
		<wf pos="NN">صدی</wf>
		<wf pos="NN">شراہُک</wf>
		<wf pos="NN">اِضافہٕ</wf>
		<wf pos="VM">ووٚنمُت</wf>
		<wf pos="SYM">۔</wf>
	</sentence>
	<sentence s_id="88">
		<wf pos="PRP">کیٚنٛہہ</wf>
		<wf pos="NN" sense_id="3">کوٚچ</wf>
		<wf pos="VM">سَبزِیہِ</wf>
		<wf pos="VAUX">چھِ</wf>
		<wf pos="NNC">بطورِ</wf>
		<wf pos="NN">سلاد</wf>
		<wf pos="NNC">کھیٚنہٕ</wf>
		<wf pos="VM">یوان</wf>
		<wf pos="SYM">۔</wf>
	</sentence>
	<sentence s_id="89">
		<wf pos="VM">اَرجُن</wf>
		<wf pos="VAUX">چُھ</wf>
		<wf pos="NN">تیٖر</wf>
		<wf pos="POW">بٲزی</wf>
		<wf pos="PSP">منٛز</wf>
		<wf pos="NN" sense_id="6">کوٚچ</wf>
		<wf pos="SYM">۔</wf>
	</sentence>
	<sentence s_id="90">
		<wf pos="NN" sense_id="6">کوٚچ</wf>
		<wf pos="NN">دوستہٕ</wf>
		<wf pos="PSP">سُنٛد</wf>
		<wf pos="NN">پتاہ</wf>
		<wf pos="VAUX">چُھ</wf>
		<wf pos="VM">لگان</wf>
		<wf pos="RB">سَختی</wf>
		<wf pos="PSP">ہِنٛزِ</wf>
		<wf pos="NN">گَرِ</wf>
		<wf pos="PSP">منٛز</wf>
		<wf pos="SYM">۔</wf>
	</sentence>
	<sentence s_id="91">
		<wf pos="NN" sense_id="6">کوٚچ</wf>
		<wf pos="NN">دوستہٕ</wf>
		<wf pos="PSP">سٕنٛز</wf>
		<wf pos="NN">پَرَکھ</wf>
		<wf pos="VAUX">چھےٚ</wf>
		<wf pos="NN">مُشکِلس</wf>
		<wf pos="PSP">منٛز</wf>
		<wf pos="VM">گَژھان</wf>
		<wf pos="SYM">۔</wf>
	</sentence>
	<sentence s_id="92">
		<wf pos="PRP">اَسہِ</wf>
		<wf pos="VM">پیوٚو</wf>
		<wf pos="NN" sense_id="4">کوٚچ</wf>
		<wf pos="NN">وَتہِ</wf>
		<wf pos="PSP">پٮ۪ٹھ</wf>
		<wf pos="VM">واتنہٕ</wf>
		<wf pos="PSP">باپتھ</wf>
		<wf pos="QC">اَکھ</wf>
		<wf pos="JJ">زیٛوٗٹھ</wf>
		<wf pos="NN">مٲدان</wf>
		<wf pos="VM">تَرُن</wf>
		<wf pos="SYM">۔</wf>
	</sentence>
	<sentence s_id="93">
		<wf pos="JJ">نَوِ</wf>
		<wf pos="NN">مکانُک</wf>
		<wf pos="NN">سودا</wf>
		<wf pos="VM">رود</wf>
		<wf pos="NN">راتھ</wf>
		<wf pos="NN" sense_id="5">کوٚچ</wf>
		<wf pos="SYM">۔</wf>
	</sentence>
	<sentence s_id="94">
		<wf pos="CC">یہٕ</wf>
		<wf pos="NN">خانقاہ</wf>
		<wf pos="VAUX">چُھ</wf>
		<wf pos="NN" sense_id="4">کوٚچ</wf>
		<wf pos="SYM">۔</wf>
	</sentence>
	<sentence s_id="95">
		<wf pos="PRP">تٔمۍ</wf>
		<wf pos="PSP">سُنٛد</wf>
		<wf pos="JJ">پرٛوٚن</wf>
		<wf pos="NN">مکانہٕ</wf>
		<wf pos="VAUX">چُھ</wf>
		<wf pos="NN" sense_id="4">کوٚچ</wf>
		<wf pos="NN">سَڑکہِ</wf>
		<wf pos="PSP">نِش</wf>
		<wf pos="QC">۲٠٠</wf>
		<wf pos="NN">میٖٹر</wf>
		<wf pos="RB">دوٗر</wf>
		<wf pos="SYM">۔</wf>
	</sentence>
	<sentence s_id="96">
		<wf pos="NNP">کشیٖرٕ</wf>
		<wf pos="PSP">منز</wf>
		<wf pos="VAUX">چھِ</wf>
		<wf pos="JJ">واریاہ</wf>
		<wf pos="NN">نَیہِ</wf>
		<wf pos="NN">کارخانہٕ</wf>
		<wf pos="NN" sense_id="1">کوٚچ</wf>
		<wf pos="NN">مال</wf>
		<wf pos="NN">استعمال</wf>
		<wf pos="VM">کَران</wf>
		<wf pos="SYM">۔</wf>
	</sentence>
	<sentence s_id="97">
		<wf pos="DEM">یہِ</wf>
		<wf pos="VM">سٮُ۪ن</wf>
		<wf pos="VAUX">چُھ</wf>
		<wf pos="NN" sense_id="1">کوٚچ</wf>
		<wf pos="SYM">۔</wf>
	</sentence>
	<sentence s_id="98">
		<wf pos="PRP">تٔمۍ</wf>
		<wf pos="VAUX">ہیٚوت</wf>
		<wf pos="NN" sense_id="1">کوٚچ</wf>
		<wf pos="NN">مال</wf>
		<wf pos="SYM">۔</wf>
	</sentence>
	<sentence s_id="99">
		<wf pos="DEM">یَتھ</wf>
		<wf pos="NN">کامہِ</wf>
		<wf pos="PSP">منٛز</wf>
		<wf pos="VAUX">چُھس</wf>
		<wf pos="PRP">بہٕ</wf>
		<wf pos="JJ">واریاہ</wf>
		<wf pos="NN" sense_id="6">کوٚچ</wf>
		<wf pos="SYM">۔</wf>
	</sentence>
	<sentence s_id="100">
		<wf pos="NN" sense_id="4">کوٚچ</wf>
		<wf pos="NN">سیٚرٮ۪ن</wf>
		<wf pos="PSP">ہٕنٛد</wf>
		<wf pos="NN">مکانہٕ</wf>
		<wf pos="VAUX">چھِ</wf>
		<wf pos="RB">وُنہِ</wf>
		<wf pos="RP">تہِ</wf>
		<wf pos="NN">دُنہیکٮ۪ن</wf>
		<wf pos="VAUX">کینٛژھن</wf>
		<wf pos="NN">علاقن</wf>
		<wf pos="PSP">منٛز</wf>
		<wf pos="VM">بناونہٕ</wf>
		<wf pos="VAUX">یِوان</wf>
		<wf pos="SYM">۔</wf>
	</sentence>
	<sentence s_id="101">
		<wf pos="NN" sense_id="1">کوٚچ</wf>
		<wf pos="NN">شیٚشتٕر</wf>
		<wf pos="PSP">پٮ۪ٹھ</wf>
		<wf pos="VAUX">چُھ</wf>
		<wf pos="RB">باقٕے</wf>
		<wf pos="WQ">شیٚشتٕروٗ</wf>
		<wf pos="NN">چیٖز</wf>
		<wf pos="VM">بَنان</wf>
		<wf pos="SYM">۔</wf>
	</sentence>
	<sentence s_id="102">
		<wf pos="PRP">سُہ</wf>
		<wf pos="VAUX">چُھ</wf>
		<wf pos="NN" sense_id="1">کوٚچ</wf>
		<wf pos="JJ">شیٚشتٕر</wf>
		<wf pos="NN">نارَس</wf>
		<wf pos="PSP">پٮ۪ٹھ</wf>
		<wf pos="VM">تٔژراوان</wf>
		<wf pos="SYM">۔</wf>
	</sentence>
	<sentence s_id="103">
		<wf pos="NN" sense_id="2">کوٚچ</wf>
		<wf pos="NN">رَنٛگ</wf>
		<wf pos="VAUX">چُھ</wf>
		<wf pos="NEG">نہٕ</wf>
		<wf pos="JJ">زیٛادٕ</wf>
		<wf pos="NN">وَقتَس</wf>
		<wf pos="PSP">خٲطرٕ</wf>
		<wf pos="VM">روزان</wf>
		<wf pos="SYM">۔</wf>
	</sentence>
	<sentence s_id="104">
		<wf pos="PRP">تٔمۍ</wf>
		<wf pos="VM">دیُت</wf>
		<wf pos="NN">دوتہِ</wf>
		<wf pos="NN" sense_id="2">کوٚچ</wf>
		<wf pos="NN">رَنٛگَس</wf>
		<wf pos="PSP">منٛز</wf>
		<wf pos="NN">رَنٛگ</wf>
		<wf pos="SYM">۔</wf>
	</sentence>
	<sentence s_id="105">
		<wf pos="NN" sense_id="3">کوٚچ</wf>
		<wf pos="NN">اَمبَن</wf>
		<wf pos="VM">ہۄکھنٲوِتھ</wf>
		<wf pos="VM">بَناونہٕ</wf>
		<wf pos="VAUX">آمٕژ</wf>
		<wf pos="VM">پھٮ۪کھ</wf>
		<wf pos="VAUX">چھِ</wf>
		<wf pos="NN">کھٮ۪ن</wf>
		<wf pos="CC">بیٚیہِ</wf>
		<wf pos="JJ">مَزدار</wf>
		<wf pos="VM">بَناونہٕ</wf>
		<wf pos="PSP">خٲطرٕ</wf>
		<wf pos="NN">اَستعمال</wf>
		<wf pos="VM">گَژھان</wf>
		<wf pos="SYM">۔</wf>
	</sentence>
	<sentence s_id="106">
		<wf pos="NN">کھٮ۪ن</wf>
		<wf pos="CC">بیٚیہِ</wf>
		<wf pos="JJ">مَزدار</wf>
		<wf pos="VM">بَناونہٕ</wf>
		<wf pos="PSP">خٲطرٕ</wf>
		<wf pos="VAUX">چھِ</wf>
		<wf pos="NN" sense_id="3">کوٚچ</wf>
		<wf pos="VM">آم</wf>
		<wf pos="NN">اَستعمال</wf>
		<wf pos="VM">کَران</wf>
		<wf pos="SYM">۔</wf>
	</sentence>
	<sentence s_id="107">
		<wf pos="NN">موج</wf>
		<wf pos="VAUX">ٲس</wf>
		<wf pos="NN" sense_id="3">کوٚچ</wf>
		<wf pos="NN">پپیٖتاہٕچ</wf>
		<wf pos="NN">سبزی</wf>
		<wf pos="VM">بَناوان</wf>
		<wf pos="SYM">۔</wf>
	</sentence>
	<sentence s_id="108">
		<wf pos="NN">روٗدَس</wf>
		<wf pos="PSP">منٛز</wf>
		<wf pos="VAUX">چھےٚ</wf>
		<wf pos="PRP">تَمام</wf>
		<wf pos="NN" sense_id="4">کوٚچ</wf>
		<wf pos="NN">وَتہٕ</wf>
		<wf pos="VM">رَبہِ</wf>
		<wf pos="PSP">سۭتۍ</wf>
		<wf pos="VM">بَرنہٕ</wf>
		<wf pos="VAUX">یِوان</wf>
		<wf pos="SYM">۔</wf>
	</sentence>
	<sentence s_id="109">
		<wf pos="NN" sense_id="3">کوٚچ</wf>
		<wf pos="NN">کَھنٛڈ</wf>
		<wf pos="VAUX">چھِ</wf>
		<wf pos="RP">ہَنا</wf>
		<wf pos="NNP">دالچیٖن</wf>
		<wf pos="NN">رَنٛگ</wf>
		<wf pos="VM">آسان</wf>
		<wf pos="SYM">۔</wf>
	</sentence>
	<sentence s_id="110">
		<wf pos="NN" sense_id="3">کوٚچ</wf>
		<wf pos="NN">تریٛل</wf>
		<wf pos="NEG">چُھنہٕ</wf>
		<wf pos="NNC">کھٮ۪نَس</wf>
		<wf pos="PSP">منٛز</wf>
		<wf pos="VM">مَزٕدارآسان</wf>
		<wf pos="SYM">۔</wf>
	</sentence>
	<sentence s_id="111">
		<wf pos="NN">یٖہٕ</wf>
		<wf pos="NN">وَتھہٕ</wf>
		<wf pos="VAUX">چھِ</wf>
		<wf pos="RP">ہَنا</wf>
		<wf pos="NN" sense_id="4">کوٚچ</wf>
		<wf pos="SYM">۔</wf>
	</sentence>
	<sentence s_id="112">
		<wf pos="RB">غَلہٕ</wf>
		<wf pos="NN">فَروشَن</wf>
		<wf pos="VM">ترٛٲو</wf>
		<wf pos="NN" sense_id="3">کوٚچ</wf>
		<wf pos="NN">بیٛازَس</wf>
		<wf pos="PSP">پٮ۪ٹھ</wf>
		<wf pos="QC">اَکھ</wf>
		<wf pos="NN">نَظر</wf>
		<wf pos="CC">تہٕ</wf>
		<wf pos="NN">دِتٕنٛۍ</wf>
		<wf pos="NN">زٔمیٖن</wf>
		<wf pos="NN">دارَس</wf>
		<wf pos="QC">پانٛژہَتھ</wf>
		<wf pos="NN">رۄپیہِ</wf>
		<wf pos="SYM">۔</wf>
	</sentence>
	<sentence s_id="113">
		<wf pos="NN">روٗدَس</wf>
		<wf pos="PSP">منٛز</wf>
		<wf pos="VAUX">چھُ</wf>
		<wf pos="NN" sense_id="4">کوٚچ</wf>
		<wf pos="NN">سَڑکہِ</wf>
		<wf pos="NN">رَب</wf>
		<wf pos="VM">وۄتھان</wf>
		<wf pos="SYM">۔</wf>
	</sentence>
	<sentence s_id="114">
		<wf pos="NN">سٕژَن</wf>
		<wf pos="VM">ترٛٲو</wf>
		<wf pos="RB">گۄڈٕ</wf>
		<wf pos="NN" sense_id="1">کوٚچ</wf>
		<wf pos="PSP">ٹیٛب</wf>
		<wf pos="SYM">۔</wf>
	</sentence>
	<sentence s_id="115">
		<wf pos="NN">کھاجہٕ،سِتھٕر</wf>
		<wf pos="NN">بیترٕ</wf>
		<wf pos="VM">چھہٕ</wf>
		<wf pos="NN" sense_id="1">کوٚچ</wf>
		<wf pos="NN">مالَس</wf>
		<wf pos="PSP">مَنٛز</wf>
		<wf pos="VM">یِوان</wf>
		<wf pos="SYM">۔</wf>
	</sentence>
	<sentence s_id="116">
		<wf pos="NN" sense_id="3">کوٚچ</wf>
		<wf pos="PSP">اَمب</wf>
		<wf pos="NN">گَژھ</wf>
		<wf pos="NNC">کَھنٛڈٕ</wf>
		<wf pos="NN">آبَس</wf>
		<wf pos="PSP">منٛز</wf>
		<wf pos="VM">گرٮ۪کناونہٕ</wf>
		<wf pos="VM">یِون</wf>
		<wf pos="SYM">۔</wf>
	</sentence>
	<sentence s_id="117">
		<wf pos="JJ">بٔڑۍ</wf>
		<wf pos="NN">بَب</wf>
		<wf pos="VAUX">چُھ</wf>
		<wf pos="NN" sense_id="3">کوٚچ</wf>
		<wf pos="NN">تریل</wf>
		<wf pos="VM">کھٮ۪وان</wf>
		<wf pos="SYM">۔</wf>
	</sentence>
	<sentence s_id="118">
		<wf pos="NN" sense_id="3">کوٚچ</wf>
		<wf pos="NN">اَمبہِ</wf>
		<wf pos="PSP">ہٕںٛدِ</wf>
		<wf pos="NN">رَس</wf>
		<wf pos="VM">چھہٕ</wf>
		<wf pos="JJ">مزدار</wf>
		<wf pos="SYM">۔</wf>
	</sentence>
	<sentence s_id="119">
		<wf pos="NNC">شیٖلایہِ</wf>
		<wf pos="NN">چھٖےٚ</wf>
		<wf pos="NN" sense_id="3">کوٚچ</wf>
		<wf pos="NNPC">اَمبہِ</wf>
		<wf pos="NNP">رَںٛگٕچۍ</wf>
		<wf pos="QC">اَکھ</wf>
		<wf pos="NN">سٲڈۍ</wf>
		<wf pos="SYM">۔</wf>
	</sentence>
	<sentence s_id="120">
		<wf pos="PRP">تٔمۍ</wf>
		<wf pos="NN">دِیژ</wf>
		<wf pos="PRP">مےٚ</wf>
		<wf pos="QC">اَکہِ</wf>
		<wf pos="NNP">قٔسٕمٕچۍ</wf>
		<wf pos="NN" sense_id="3">کوٚچ</wf>
		<wf pos="PSP">اَمب</wf>
		<wf pos="SYM">۔</wf>
	</sentence>
	<sentence s_id="121">
		<wf pos="PRP">تِمۍ</wf>
		<wf pos="NN">کیسَر</wf>
		<wf pos="NN">اَمبہٕ</wf>
		<wf pos="VAUX">آسہٕ</wf>
		<wf pos="NN" sense_id="3">کوٚچ</wf>
		<wf pos="SYM">۔</wf>
	</sentence>
	<sentence s_id="122">
		<wf pos="NN">آمچوٗر</wf>
		<wf pos="VM">بناونہٕ</wf>
		<wf pos="PSP">خٲطرٕ</wf>
		<wf pos="VAUX">چھٚے</wf>
		<wf pos="VM">یوان</wf>
		<wf pos="NN" sense_id="3">کوٚچ</wf>
		<wf pos="NN">امبہٕ</wf>
		<wf pos="VM">ہۄکھناونہٕ</wf>
		<wf pos="SYM">۔</wf>
	</sentence>
	<sentence s_id="123">
		<wf pos="NN">شیٖلایہِ</wf>
		<wf pos="VAUX">ٲس</wf>
		<wf pos="QC">اَکہِ</wf>
		<wf pos="NN" sense_id="4">کوٚچ</wf>
		<wf pos="NN">سَڑکہِ</wf>
		<wf pos="PSP">پٮ۪ٹھ</wf>
		<wf pos="VM">پکان</wf>
		<wf pos="SYM">۔</wf>
	</sentence>
	<sentence s_id="124">
		<wf pos="NNP">کیری</wf>
		<wf pos="PSP">اَمب</wf>
		<wf pos="VAUX">چھےٚ</wf>
		<wf pos="NN" sense_id="3">کوٚچ</wf>
		<wf pos="VM">آسان</wf>
		<wf pos="SYM">۔</wf>
	</sentence>
	<sentence s_id="125">
		<wf pos="NN">دٔریاو</wf>
		<wf pos="PSP">کِس</wf>
		<wf pos="NN" sense_id="4">کوٚچ</wf>
		<wf pos="NN">بٔٹھِس</wf>
		<wf pos="PSP">پٮ۪ٹھ</wf>
		<wf pos="VM">چھہٕ</wf>
		<wf pos="QC">اَکھ</wf>
		<wf pos="NNP">سٹیج</wf>
		<wf pos="VM">بَنوومُت</wf>
		<wf pos="SYM">۔</wf>
	</sentence>
	<sentence s_id="126">
		<wf pos="PRP">تٔمۍ</wf>
		<wf pos="NN">لُکھ</wf>
		<wf pos="NN" sense_id="2">کوٚچ</wf>
		<wf pos="NN">رَنٛگَ</wf>
		<wf pos="PSP">سۭتۍ</wf>
		<wf pos="NN">ناو</wf>
		<wf pos="SYM">۔</wf>
	</sentence>
	<sentence s_id="127">
		<wf pos="PRP">ییٚمِس</wf>
		<wf pos="VAUX">چھِ</wf>
		<wf pos="NN" sense_id="5">کوٚچ</wf>
		<wf pos="NN">علِم</wf>
		<wf pos="SYM">۔</wf>
	</sentence>
	<sentence s_id="128">
		<wf pos="NN">توٚہیِہِ</wf>
		<wf pos="NN">مَہ</wf>
		<wf pos="VM">ہیٚیِو</wf>
		<wf pos="DEM">یَتھ</wf>
		<wf pos="NN">کامہِ</wf>
		<wf pos="PSP">مَںٛز</wf>
		<wf pos="PRP">کٲنٛسہِ</wf>
		<wf pos="NN" sense_id="6">کوٚچ</wf>
		<wf pos="NN">نَفرَس</wf>
		<wf pos="NN">راے</wf>
		<wf pos="SYM">۔</wf>
	</sentence>
	<sentence s_id="129">
		<wf pos="NN" sense_id="2">کوٚچ</wf>
		<wf pos="NN">رَنٛگَ</wf>
		<wf pos="VAUX">چھِ</wf>
		<wf pos="PRP">مےٚ</wf>
		<wf pos="JJ">پسنٛد</wf>
		<wf pos="SYM">۔</wf>
	</sentence>
	<sentence s_id="130">
		<wf pos="DEM">یَتھ</wf>
		<wf pos="NN">دروازس</wf>
		<wf pos="VM">کٔرِو</wf>
		<wf pos="NN" sense_id="2">کوٚچ</wf>
		<wf pos="NN">رنٛگ</wf>
		<wf pos="SYM">۔</wf>
	</sentence>
	<sentence s_id="131">
		<wf pos="NN" sense_id="2">کوٚچ</wf>
		<wf pos="NN">رنٛگ</wf>
		<wf pos="NEG">نہٕ</wf>
		<wf pos="JJ">زیادٕ</wf>
		<wf pos="NN">کالَس</wf>
		<wf pos="VM">روز</wf>
		<wf pos="CC">یا</wf>
		<wf pos="DEM">یُس</wf>
		<wf pos="PRP">کیٚنٛہہ</wf>
		<wf pos="NN">کالہٕ</wf>
		<wf pos="RB">پَتہٕ</wf>
		<wf pos="VM">وٕڑِتھ</wf>
		<wf pos="VM">گَژھ</wf>
		<wf pos="SYM">۔</wf>
	</sentence>
	<sentence s_id="132">
		<wf pos="DEM">یَمہِ</wf>
		<wf pos="NN">ساڑِ</wf>
		<wf pos="PSP">ہُنٛد</wf>
		<wf pos="NN" sense_id="2">کوٚچ</wf>
		<wf pos="NN">رَنٛگ</wf>
		<wf pos="VM">دراو</wf>
		<wf pos="QC">اَکے</wf>
		<wf pos="VM">چَھلنہٕ</wf>
		<wf pos="SYM">۔</wf>
	</sentence>
</contextfile>