<?xml version='1.0' encoding='utf-8'?>
<contextfile filename="کَھسُن" fileno="110">
<sentence s_id="1">
		<wf pos="NN">ہِمالِیَس</wf>
		<wf pos="PSP">پٮ۪ٹھ</wf>
		<wf pos="VM" sense_id="1">کَھسُن</wf>
		<wf pos="VAUX">چُھ</wf>
		<wf pos="QC">اَکھ</wf>
		<wf pos="JJ">مُشکِل</wf>
		<wf pos="NN">کٲم</wf>
		<wf pos="SYM">۔</wf>
</sentence>
<sentence s_id="2">
		<wf pos="NN">ہِمالِیَس</wf>
		<wf pos="PSP">پٮ۪ٹھ</wf>
		<wf pos="VM" sense_id="1">کَھسُن</wf>
		<wf pos="VAUX">چُھ</wf>
		<wf pos="QC">اَکھ</wf>
		<wf pos="JJ">مُشکِل</wf>
		<wf pos="NN">کٲم</wf>
		<wf pos="SYM">۔</wf>
</sentence>
<sentence s_id="3">
		<wf pos="PRP">تٔمِس</wf>
		<wf pos="VAUX">چُھ</wf>
		<wf pos="NN">ڈاکٹَرَن</wf>
		<wf pos="NN">ہیرَن</wf>
		<wf pos="VM" sense_id="2">کَھسُن</wf>
		<wf pos="JJ">بَنٛد</wf>
		<wf pos="VM">کوٚرمُت</wf>
		<wf pos="SYM">۔</wf>
</sentence>
<sentence s_id="4">
		<wf pos="QC">اَکھ</wf>
		<wf pos="PRP">پہاڑ:سُہ</wf>
		<wf pos="VAUX">چُھ</wf>
		<wf pos="NN">اِراوَتکِس</wf>
		<wf pos="NN">تینٛتٲلِس</wf>
		<wf pos="PSP">پٮ۪ٹھ</wf>
		<wf pos="VM" sense_id="1">کَھسُن</wf>
		<wf pos="VAUX">یَژھان</wf>
		<wf pos="SYM">۔</wf>
</sentence>
<sentence s_id="5">
		<wf pos="PRP">کُنہِ</wf>
		<wf pos="NN">کامہِ</wf>
		<wf pos="CC">یا</wf>
		<wf pos="PRP">کٲنٛسہِ</wf>
		<wf pos="NN">شَخصَص</wf>
		<wf pos="PSP">خلاف</wf>
		<wf pos="INTF">سٮ۪ٹھاہ</wf>
		<wf pos="NN">شَرارت</wf>
		<wf pos="NN">آسُن:رُشوَت</wf>
		<wf pos="RB">کھوری</wf>
		<wf pos="RB">خلاف</wf>
		<wf pos="VAUX">گَژھِ</wf>
		<wf pos="JJ">پرٛتھ</wf>
		<wf pos="JJ">شَخصَص</wf>
		<wf pos="NN">زَہر</wf>
		<wf pos="VM" sense_id="3">کَھسُن</wf>
		<wf pos="SYM">۔</wf>
</sentence>
<sentence s_id="6">
		<wf pos="JJ">تیز</wf>
		<wf pos="VM">دورنہٕ</wf>
		<wf pos="PSP">کہِ</wf>
		<wf pos="NN">وجہہ</wf>
		<wf pos="PSP">سۭتۍ</wf>
		<wf pos="VAUX">چھِ</wf>
		<wf pos="PRP">تَس</wf>
		<wf pos="NNP">شانٛس</wf>
		<wf pos="VM" sense_id="2">کَھسان</wf>
		<wf pos="SYM">۔</wf>
</sentence>
<sentence s_id="7">
		<wf pos="PRP">کینٛہہ</wf>
		<wf pos="NNC">موٗلہٕ</wf>
		<wf pos="NN">بَغٲر</wf>
		<wf pos="VM">کُلۍ</wf>
		<wf pos="NN">کٔٹۍ</wf>
		<wf pos="VAUX">چھِ</wf>
		<wf pos="NN">میٚژ</wf>
		<wf pos="CC">تہٕ</wf>
		<wf pos="NN">آب</wf>
		<wf pos="NN">میٖلۍ</wf>
		<wf pos="POW">تھٕے</wf>
		<wf pos="VM" sense_id="2">کَھسان</wf>
		<wf pos="SYM">۔</wf>
</sentence>
<sentence s_id="8">
		<wf pos="NN">آزٕ</wf>
		<wf pos="VAUX">چھہِ</wf>
		<wf pos="PRP">مےٚ</wf>
		<wf pos="JJ">واریاہ</wf>
		<wf pos="NN">ڈاکَر</wf>
		<wf pos="VM" sense_id="2">کَھسان</wf>
		<wf pos="SYM">۔</wf>
</sentence>
<sentence s_id="9">
		<wf pos="NN">شُرِس</wf>
		<wf pos="PSP">چھٕ</wf>
		<wf pos="INTF">واریاہ</wf>
		<wf pos="RB">ہِکۍ</wf>
		<wf pos="VM" sense_id="2">کَھسان</wf>
		<wf pos="SYM">۔</wf>
</sentence>
<sentence s_id="10">
		<wf pos="NN">روٗدٕ</wf>
		<wf pos="NN">موسمَس</wf>
		<wf pos="PSP">منٛز</wf>
		<wf pos="VAUX">چھِ</wf>
		<wf pos="JJ">واریاہ</wf>
		<wf pos="NN">قٕسمَن</wf>
		<wf pos="PSP">ہٕنٛدۍ</wf>
		<wf pos="NN">کُلۍ</wf>
		<wf pos="VM" sense_id="2">کَھسان</wf>
		<wf pos="SYM">۔</wf>
</sentence>
<sentence s_id="11">
		<wf pos="NN">گٮ۪وَن</wf>
		<wf pos="PSP">واجنہِ</wf>
		<wf pos="PSP">ہُنٛد</wf>
		<wf pos="NN">سُر</wf>
		<wf pos="VAUX">چُھ</wf>
		<wf pos="INTF">واریاہ</wf>
		<wf pos="RB">ہیوٚر</wf>
		<wf pos="VM" sense_id="4">کَھسان</wf>
		<wf pos="SYM">۔</wf>
</sentence>
<sentence s_id="12">
		<wf pos="PRP">اَسہِ</wf>
		<wf pos="VAUX">چھِ</wf>
		<wf pos="NN">گَرِ</wf>
		<wf pos="JJ">واریاہ</wf>
		<wf pos="VM">کُلۍ</wf>
		<wf pos="DEM">یِمَن</wf>
		<wf pos="NN">دانہٕ</wf>
		<wf pos="POW">دار</wf>
		<wf pos="NN">مٮ۪وٕ</wf>
		<wf pos="VAUX">چُھ</wf>
		<wf pos="VM" sense_id="2">کَھسان</wf>
		<wf pos="RB">مَثلاً</wf>
		<wf pos="NN">تُلۍتہٕ</wf>
		<wf pos="NNC">چھانٛچ</wf>
		<wf pos="NN">بیترِ</wf>
		<wf pos="SYM">۔</wf>
</sentence>
<sentence s_id="13">
		<wf pos="JJ">تیز</wf>
		<wf pos="VM">دورنہٕ</wf>
		<wf pos="PSP">سۭتۍ</wf>
		<wf pos="VAUX">چھےٚ</wf>
		<wf pos="PRP">مےٚ</wf>
		<wf pos="NN">شانٛش</wf>
		<wf pos="VM" sense_id="2">کَھسان</wf>
		<wf pos="SYM">۔</wf>
</sentence>
<sentence s_id="14">
		<wf pos="QC">اَکھ</wf>
		<wf pos="NN">لۄکُٹ</wf>
		<wf pos="NN">کُل</wf>
		<wf pos="DEM">یَتھ</wf>
		<wf pos="JJ">مٲرمٔنٛدۍ</wf>
		<wf pos="NN">پوش</wf>
		<wf pos="VM" sense_id="5">کَھسان</wf>
		<wf pos="VM">چھِ:باغوان</wf>
		<wf pos="NN">باے</wf>
		<wf pos="VAUX">ٲس</wf>
		<wf pos="NN">کَچنار</wf>
		<wf pos="PSP">کُلۍچَن</wf>
		<wf pos="NN">لَنٛجَن</wf>
		<wf pos="VM">جُکٲوِتھ</wf>
		<wf pos="NN">پوش</wf>
		<wf pos="VM">ژَٹان</wf>
		<wf pos="SYM">۔</wf>
</sentence>
<sentence s_id="15">
		<wf pos="NNP">تٮ۪مِس</wf>
		<wf pos="PSP">چھٕ</wf>
		<wf pos="JJ">وٕنہِ</wf>
		<wf pos="NN">وَدان</wf>
		<wf pos="VM">وَدان</wf>
		<wf pos="NN">ہٕکۍ</wf>
		<wf pos="PRP">کَھسانتٮ۪مِس</wf>
		<wf pos="VM">چھہٕ</wf>
		<wf pos="VM">وِنہِ</wf>
		<wf pos="RB">ہِکۍ</wf>
		<wf pos="VM" sense_id="2">کَھسان</wf>
		<wf pos="SYM">۔</wf>
</sentence>
<sentence s_id="16">
		<wf pos="NN">مغرِبَس</wf>
		<wf pos="PSP">منٛز</wf>
		<wf pos="VM">لوٗسمُت</wf>
		<wf pos="NN">آفتاب</wf>
		<wf pos="VAUX">چُھ</wf>
		<wf pos="NN">مَشرِقَس</wf>
		<wf pos="PSP">منٛز</wf>
		<wf pos="VM" sense_id="2">کَھسان</wf>
		<wf pos="SYM">۔</wf>
</sentence>
<sentence s_id="17">
		<wf pos="PRP">سُہ</wf>
		<wf pos="NN">مٮ۪وٕ</wf>
		<wf pos="DEM">یُس</wf>
		<wf pos="JJ">نیٖم</wf>
		<wf pos="NN">کُلِس</wf>
		<wf pos="VM" sense_id="4">کَھسان</wf>
		<wf pos="NN">چُھ:نیٖمُک</wf>
		<wf pos="NN">مٮ۪وٕ</wf>
		<wf pos="VAUX">چُھ</wf>
		<wf pos="NN">دَوا</wf>
		<wf pos="VM">بَناونَس</wf>
		<wf pos="PSP">منٛز</wf>
		<wf pos="NN">اِستعمال</wf>
		<wf pos="VM">گَژھان</wf>
		<wf pos="SYM">۔</wf>
</sentence>
<sentence s_id="18">
		<wf pos="NN">آفتاب</wf>
		<wf pos="VAUX">چُھ</wf>
		<wf pos="PSP">مَشرِق</wf>
		<wf pos="NN">طَرفہٕ</wf>
		<wf pos="VM" sense_id="3">کَھسان</wf>
		<wf pos="SYM">۔</wf>
</sentence>
<sentence s_id="19">
		<wf pos="NN">نارٕ</wf>
		<wf pos="POW">برٛٮ۪ہہ</wf>
		<wf pos="VAUX">آسہٕ</wf>
		<wf pos="NN">آسمانَس</wf>
		<wf pos="VM" sense_id="1">کَھسان</wf>
		<wf pos="SYM">۔</wf>
</sentence>
<sentence s_id="20">
		<wf pos="NN">کٔھزرٕ</wf>
		<wf pos="NN">کُلِچ</wf>
		<wf pos="QC">اَکھ</wf>
		<wf pos="NN">خوٗبصوٗرَت</wf>
		<wf pos="NN">زاتھ</wf>
		<wf pos="DEM">یۄس</wf>
		<wf pos="NN">بٔٹِھس</wf>
		<wf pos="PSP">پٮ۪ٹھ</wf>
		<wf pos="VM" sense_id="2">کَھسان</wf>
		<wf pos="NN">چھِ:ٲبی</wf>
		<wf pos="NNP">زٔخیٖرَن</wf>
		<wf pos="RB">أنٛدۍ</wf>
		<wf pos="RDP">أنٛدۍ</wf>
		<wf pos="VAUX">چھِ</wf>
		<wf pos="NN">ہِنٛتال</wf>
		<wf pos="NN">خوٗبصوٗرَت</wf>
		<wf pos="VM">باسان</wf>
		<wf pos="SYM">۔</wf>
</sentence>
<sentence s_id="21">
		<wf pos="QC">اَکھ</wf>
		<wf pos="NN">کُل</wf>
		<wf pos="DEM">یَتھ</wf>
		<wf pos="RB">چھوتہِ</wf>
		<wf pos="NN">لیٚدرِ</wf>
		<wf pos="VM">رَنٛگٕک</wf>
		<wf pos="JJ">خۄشبودار</wf>
		<wf pos="NN">پوش</wf>
		<wf pos="VM" sense_id="2">کَھسان</wf>
		<wf pos="NNP">چھےٚ:تیٚم</wf>
		<wf pos="VM">چھہٕ</wf>
		<wf pos="PRP">پَننِس</wf>
		<wf pos="NN">مکانَس</wf>
		<wf pos="NNPC">برٛونہ</wf>
		<wf pos="PSP">کٕن</wf>
		<wf pos="VM">چَمپا</wf>
		<wf pos="NN">چَمیلیٖ</wf>
		<wf pos="NN">بیٚترِ</wf>
		<wf pos="NN">ؤومٕت</wf>
		<wf pos="SYM">۔</wf>
</sentence>
<sentence s_id="22">
		<wf pos="PRP">سۄ</wf>
		<wf pos="VAUX">چھےٚ</wf>
		<wf pos="PSP">کَتھہِ</wf>
		<wf pos="NN">کَتھہِ</wf>
		<wf pos="PSP">پٮ۪ٹھ</wf>
		<wf pos="NN">وَدنَس</wf>
		<wf pos="VM" sense_id="5">کَھسان</wf>
		<wf pos="SYM">۔</wf>
</sentence>
<sentence s_id="23">
		<wf pos="QC">اَکھ</wf>
		<wf pos="JJ">واریاہ</wf>
		<wf pos="NN">خوٗبصوٗرَت</wf>
		<wf pos="VM">سَدا</wf>
		<wf pos="JJ">بَہار</wf>
		<wf pos="NN">کُل</wf>
		<wf pos="DEM">یَتھ</wf>
		<wf pos="JJ">سفید</wf>
		<wf pos="NN">پوش</wf>
		<wf pos="VM" sense_id="5">کَھسان</wf>
		<wf pos="NN">چھِ:یَتھ</wf>
		<wf pos="NN">باغَس</wf>
		<wf pos="PSP">مںٛز</wf>
		<wf pos="VAUX">چھِ</wf>
		<wf pos="NNPC">کٔثۭر</wf>
		<wf pos="NNP">تَمال</wf>
		<wf pos="SYM">۔</wf>
</sentence>
<sentence s_id="24">
		<wf pos="NNP">بَتَس</wf>
		<wf pos="VAUX">ٲس</wf>
		<wf pos="NN">دانَس</wf>
		<wf pos="PSP">پٮ۪ٹھ</wf>
		<wf pos="NN">گرٛٮ۪کھ</wf>
		<wf pos="VM" sense_id="2">کَھسان</wf>
		<wf pos="SYM">۔</wf>
</sentence>
<sentence s_id="25">
		<wf pos="NN">دَرمِینۍ</wf>
		<wf pos="PSP">قَدُک</wf>
		<wf pos="QC">اَکھ</wf>
		<wf pos="NN">کُل</wf>
		<wf pos="DEM">یَتھ</wf>
		<wf pos="JJ">لَلکٕٹ</wf>
		<wf pos="JJ">خۄشبودار</wf>
		<wf pos="NN">پوش</wf>
		<wf pos="VAUX">چھِ</wf>
		<wf pos="NN">کَھسان:ۂریسنٛگارِکۍ</wf>
		<wf pos="NN">پوش</wf>
		<wf pos="VAUX">چھِ</wf>
		<wf pos="VM" sense_id="2">کَھسان</wf>
		<wf pos="JJ">کَھسٲنۍ</wf>
		<wf pos="RB">ؤسۍ</wf>
		<wf pos="VM">پٮ۪وان</wf>
		<wf pos="SYM">۔</wf>
</sentence>
<sentence s_id="26">
		<wf pos="QC">اَکھ</wf>
		<wf pos="NN">کُل</wf>
		<wf pos="DEM">یَتھ</wf>
		<wf pos="NN">نیٖل</wf>
		<wf pos="VAUX">چُھ</wf>
		<wf pos="RB">نیران:ییٚتہِ</wf>
		<wf pos="VAUX">چھےٚ</wf>
		<wf pos="NN">نیٖلٕچ</wf>
		<wf pos="NN">فَصٕل</wf>
		<wf pos="VM" sense_id="2">کَھسان</wf>
		<wf pos="SYM">۔</wf>
</sentence>
<sentence s_id="27">
		<wf pos="QC">اَکھ</wf>
		<wf pos="NN">بیمٲرۍ</wf>
		<wf pos="DEM">یَتھ</wf>
		<wf pos="PSP">منٛز</wf>
		<wf pos="NN">پَرماز</wf>
		<wf pos="VAUX">چُھ</wf>
		<wf pos="VM" sense_id="2">کَھسان</wf>
		<wf pos="DEM">یُس</wf>
		<wf pos="NEG">نہٕ</wf>
		<wf pos="PRP">کُنہِ</wf>
		<wf pos="JJ">جِسمی</wf>
		<wf pos="NN">عَملہِ</wf>
		<wf pos="PSP">منٛز</wf>
		<wf pos="VM">شٲمِل</wf>
		<wf pos="VAUX">چُھ</wf>
		<wf pos="NN">آسان:واریاہ</wf>
		<wf pos="NN">اعلاج</wf>
		<wf pos="VM">کَرناونہٕ</wf>
		<wf pos="RB">پَتہٕ</wf>
		<wf pos="CC">تہٕ</wf>
		<wf pos="VM">گوو</wf>
		<wf pos="NEG">نہٕ</wf>
		<wf pos="PRP">تَس</wf>
		<wf pos="NN">ٹیوٗمَر</wf>
		<wf pos="JJ">ٹھیٖک</wf>
		<wf pos="SYM">۔</wf>
</sentence>
<sentence s_id="28">
		<wf pos="QC">اَکھ</wf>
		<wf pos="NN">پَہاڑ</wf>
		<wf pos="DEM">یُس</wf>
		<wf pos="NN">بانٛداہَس</wf>
		<wf pos="NN">مَشرِقَس</wf>
		<wf pos="PSP">منٛز</wf>
		<wf pos="PRP">چُھ:کیٚنٛہہ</wf>
		<wf pos="NN">لُکھ</wf>
		<wf pos="VAUX">چھِ</wf>
		<wf pos="NN">کالِنٛجَرَس</wf>
		<wf pos="PSP">پٮ۪ٹھ</wf>
		<wf pos="VM" sense_id="3">کَھسان</wf>
		<wf pos="SYM">۔</wf>
</sentence>
<sentence s_id="29">
		<wf pos="QC">اَکھ</wf>
		<wf pos="JJ">کُل</wf>
		<wf pos="NN">ییٚمکٮ۪ن</wf>
		<wf pos="NN">پَنہٕ</wf>
		<wf pos="NN">ؤتھرَن</wf>
		<wf pos="CC">تہٕ</wf>
		<wf pos="PRP">لَمٛجیٚن</wf>
		<wf pos="NN">خۄشبو</wf>
		<wf pos="POW">دار</wf>
		<wf pos="NN">تیٖل</wf>
		<wf pos="VM">نیران</wf>
		<wf pos="NN">چُھ:پَنٛچبلی</wf>
		<wf pos="VAUX">چُھ</wf>
		<wf pos="JJ">مَغربی</wf>
		<wf pos="NN">بارتَس</wf>
		<wf pos="VM">،</wf>
		<wf pos="NNPC">مٔدِیا</wf>
		<wf pos="NNP">پرٛدیشَس</wf>
		<wf pos="CC">تہٕ</wf>
		<wf pos="NNP">مُمبٕیہِ</wf>
		<wf pos="PSP">منٛ</wf>
		<wf pos="VM" sense_id="2">کَھسان</wf>
		<wf pos="SYM">۔</wf>
</sentence>
<sentence s_id="30">
		<wf pos="NN">آزٕ</wf>
		<wf pos="VAUX">چھہِ</wf>
		<wf pos="PRP">مےٚ</wf>
		<wf pos="JJ">واریاہ</wf>
		<wf pos="NN">ڈاکَر</wf>
		<wf pos="VM" sense_id="2">کَھسان</wf>
		<wf pos="SYM">۔</wf>
</sentence>
<sentence s_id="31">
		<wf pos="NN">بَتہٕ</wf>
		<wf pos="RB">اَصٕل</wf>
		<wf pos="POW">پٲٹھۍ</wf>
		<wf pos="RB">ہَضم</wf>
		<wf pos="NEG">نہ</wf>
		<wf pos="VAUX">گَژھنہٕ</wf>
		<wf pos="VM">کِنۍ</wf>
		<wf pos="VAUX">چھِ</wf>
		<wf pos="NN">داداجِیَس</wf>
		<wf pos="NN">ڈاکَر</wf>
		<wf pos="VM" sense_id="2">کَھسان</wf>
		<wf pos="SYM">۔</wf>
</sentence>
<sentence s_id="32">
		<wf pos="DEM">یَتھ</wf>
		<wf pos="NN">کُلِس</wf>
		<wf pos="VM">چھہٕ</wf>
		<wf pos="JJ">دٔمِیٲنی</wf>
		<wf pos="NN">میٖژُٕک</wf>
		<wf pos="NN">مٮ۪وٕ</wf>
		<wf pos="VM" sense_id="5">کَھسان</wf>
		<wf pos="SYM">۔</wf>
</sentence>
<sentence s_id="33">
		<wf pos="NN">شُرِس</wf>
		<wf pos="PSP">چھٕ</wf>
		<wf pos="INTF">واریاہ</wf>
		<wf pos="RB">ہِکۍ</wf>
		<wf pos="VM" sense_id="3">کَھسان</wf>
		<wf pos="SYM">۔</wf>
</sentence>
<sentence s_id="34">
		<wf pos="RB">لَگاتار</wf>
		<wf pos="VM">وَدنہِ</wf>
		<wf pos="VM">کِنۍ</wf>
		<wf pos="NNPC">شاہ</wf>
		<wf pos="NNP">نَنَس</wf>
		<wf pos="PSP">منٛز</wf>
		<wf pos="PRP">یِنٛنہِ</wf>
		<wf pos="NN">واجین</wf>
		<wf pos="RB">رُکاوَٹ:لَگاتار</wf>
		<wf pos="VM">وَدنہِ</wf>
		<wf pos="NN">کِنۍچھِ</wf>
		<wf pos="RDP">ہِیٚکۍ</wf>
		<wf pos="VM" sense_id="4">کَھسان</wf>
		<wf pos="SYM">۔</wf>
</sentence>
<sentence s_id="35">
		<wf pos="NN">تیٖلہٕ</wf>
		<wf pos="POW">دار</wf>
		<wf pos="NN">چیٖز</wf>
		<wf pos="VM">کھٮ۪نہٕ</wf>
		<wf pos="PSP">سۭتۍ</wf>
		<wf pos="VAUX">چھےٚ</wf>
		<wf pos="JJ">چَربی</wf>
		<wf pos="VM" sense_id="2">کَھسان</wf>
		<wf pos="SYM">۔</wf>
</sentence>
<sentence s_id="36">
		<wf pos="QC">اَکھ</wf>
		<wf pos="NN">کُل</wf>
		<wf pos="DEM">یَتھ</wf>
		<wf pos="JJ">سَفید</wf>
		<wf pos="NN">پوش</wf>
		<wf pos="VAUX">چھِ</wf>
		<wf pos="VM" sense_id="4">کَھسان</wf>
		<wf pos="NN">چھِ:یِمن</wf>
		<wf pos="NN">ڈورین</wf>
		<wf pos="PSP">ہُنٛد</wf>
		<wf pos="NN">سُدرشَن</wf>
		<wf pos="VAUX">چُھ</wf>
		<wf pos="JJ">واریاہ</wf>
		<wf pos="VM">پھولمُت</wf>
		<wf pos="SYM">۔</wf>
</sentence>
<sentence s_id="37">
		<wf pos="NN">آفتاب</wf>
		<wf pos="VAUX">چُھ</wf>
		<wf pos="RB">وارٕ</wf>
		<wf pos="RDP">وارٕ</wf>
		<wf pos="VM" sense_id="3">کَھسان</wf>
		<wf pos="SYM">۔</wf>
</sentence>
<sentence s_id="38">
		<wf pos="NN">روٗدٕ</wf>
		<wf pos="NN">موسمَس</wf>
		<wf pos="PSP">منٛز</wf>
		<wf pos="VAUX">چھِ</wf>
		<wf pos="JJ">واریاہ</wf>
		<wf pos="NN">قٕسمَن</wf>
		<wf pos="PSP">ہٕنٛدۍ</wf>
		<wf pos="NN">کُلۍ</wf>
		<wf pos="VM" sense_id="2">کَھسان</wf>
		<wf pos="SYM">۔</wf>
</sentence>
<sentence s_id="39">
		<wf pos="NN">دانٛدَن</wf>
		<wf pos="PSP">ہٕنٛز</wf>
		<wf pos="NN">أچھ</wf>
		<wf pos="PSP">ہٕنٛز</wf>
		<wf pos="NN">بٮ۪مٲرۍ:جَواہٲس</wf>
		<wf pos="PSP">منٛز</wf>
		<wf pos="VAUX">چُھ</wf>
		<wf pos="NN">أچھ</wf>
		<wf pos="PSP">تَلہٕ</wf>
		<wf pos="NN">وَرٕم</wf>
		<wf pos="VM" sense_id="2">کَھسان</wf>
		<wf pos="SYM">۔</wf>
</sentence>
<sentence s_id="40">
		<wf pos="PRP">سُہ</wf>
		<wf pos="VAUX">چُھ</wf>
		<wf pos="NN">اَنٛگریٖز</wf>
		<wf pos="PRP">تَس</wf>
		<wf pos="VAUX">چُھ</wf>
		<wf pos="NEG">نہٕ</wf>
		<wf pos="PRP">کانٛہہ</wf>
		<wf pos="NN">فِکرٕ</wf>
		<wf pos="VM" sense_id="2">کَھسان</wf>
		<wf pos="SYM">۔</wf>
</sentence>
<sentence s_id="41">
		<wf pos="PRP">سُہ</wf>
		<wf pos="NN">گاسہٕ</wf>
		<wf pos="DEM">یُس</wf>
		<wf pos="JJ">پٔہٲڑی</wf>
		<wf pos="NN">عَلاقَن</wf>
		<wf pos="PSP">منٛز</wf>
		<wf pos="VM" sense_id="2">کَھسان</wf>
		<wf pos="JJ">چُھ:کَنٛگنا</wf>
		<wf pos="NN">گاسہٕ</wf>
		<wf pos="VAUX">چِھ</wf>
		<wf pos="NN">جانوَر</wf>
		<wf pos="RB">چاوٕ</wf>
		<wf pos="POW">سان</wf>
		<wf pos="VM">کھٮ۪وان</wf>
		<wf pos="SYM">۔</wf>
</sentence>
<sentence s_id="42">
		<wf pos="QC">اَکہِ</wf>
		<wf pos="NNP">قٔسمٕچۍ</wf>
		<wf pos="NNPC">بھانٛگ:پُھل</wf>
		<wf pos="NNP">بھانٛگ</wf>
		<wf pos="VAUX">چُھ</wf>
		<wf pos="NN">ہِمالیٲس</wf>
		<wf pos="PSP">مںٛز</wf>
		<wf pos="VM" sense_id="2">کَھسان</wf>
		<wf pos="SYM">۔</wf>
</sentence>
<sentence s_id="43">
		<wf pos="QC">اَکھ</wf>
		<wf pos="NN">بٮ۪مٲرۍ:اَماہ</wf>
		<wf pos="NN">بٮ۪مارِ</wf>
		<wf pos="PSP">منٛز</wf>
		<wf pos="VAUX">چُھ</wf>
		<wf pos="NN">أچھ</wf>
		<wf pos="JJ">وۄزُل</wf>
		<wf pos="NN">ماز</wf>
		<wf pos="VM" sense_id="2">کَھسان</wf>
		<wf pos="SYM">۔</wf>
</sentence>
<sentence s_id="44">
		<wf pos="QC">اَکھ</wf>
		<wf pos="NN">کُل</wf>
		<wf pos="DEM">یُس</wf>
		<wf pos="NN">دَوا</wf>
		<wf pos="VM">بَناونَس</wf>
		<wf pos="VM">لَگان</wf>
		<wf pos="NN">چُھ:سِتاو</wf>
		<wf pos="VAUX">چُھ</wf>
		<wf pos="NN">روٗدَس</wf>
		<wf pos="PSP">منٛز</wf>
		<wf pos="VM" sense_id="3">کَھسان</wf>
		<wf pos="SYM">۔</wf>
</sentence>
<sentence s_id="45">
		<wf pos="QC">اَکھ</wf>
		<wf pos="NN">بٮ۪مٲرۍ:باہیوِرٛدھیَس</wf>
		<wf pos="PSP">منٛز</wf>
		<wf pos="VAUX">چُھ</wf>
		<wf pos="PRP">پانَس</wf>
		<wf pos="PSP">منٛز</wf>
		<wf pos="PRP">کُنہِ</wf>
		<wf pos="RP">تہِ</wf>
		<wf pos="JJ">جایہٕ</wf>
		<wf pos="NN">وَرٕم</wf>
		<wf pos="VM" sense_id="4">کَھسان</wf>
		<wf pos="CC">بیٚیہِ</wf>
		<wf pos="NNC">چھےٛ</wf>
		<wf pos="NN">دَگ</wf>
		<wf pos="RP">تہِ</wf>
		<wf pos="VM">آسان</wf>
		<wf pos="SYM">۔</wf>
</sentence>
<sentence s_id="46">
		<wf pos="QC">اَکہِ</wf>
		<wf pos="NN">قٔسمُک</wf>
		<wf pos="NN">کُل:کوٗروَک</wf>
		<wf pos="NN">کُلِس</wf>
		<wf pos="VAUX">چِھ</wf>
		<wf pos="NNP">وۄزٕلۍ</wf>
		<wf pos="NN">پوش</wf>
		<wf pos="VM" sense_id="5">کَھسان</wf>
		<wf pos="SYM">۔</wf>
</sentence>
<sentence s_id="47">
		<wf pos="QC">اَکہِ</wf>
		<wf pos="NN">قٔسمُک</wf>
		<wf pos="NN">گاسہٕ:نَررَے</wf>
		<wf pos="VAUX">چھےٚ</wf>
		<wf pos="NNP">جَلاشیوَس</wf>
		<wf pos="PSP">نِش</wf>
		<wf pos="VM" sense_id="5">کَھسان</wf>
		<wf pos="SYM">۔</wf>
</sentence>
<sentence s_id="48">
		<wf pos="PRP">سُہ</wf>
		<wf pos="NN">گاسہٕ</wf>
		<wf pos="DEM">یُس</wf>
		<wf pos="NN">آبَس</wf>
		<wf pos="PSP">منٛز</wf>
		<wf pos="VAUX">چُھ</wf>
		<wf pos="NN">کَھسان:ڈَلَس</wf>
		<wf pos="PSP">منٛز</wf>
		<wf pos="VAUX">چھےٚ</wf>
		<wf pos="JJ">ہِل</wf>
		<wf pos="VM" sense_id="2">کَھسان</wf>
		<wf pos="SYM">۔</wf>
</sentence>
<sentence s_id="49">
		<wf pos="QC">اَکھ</wf>
		<wf pos="PRP">کیوٚم:تٔمِس</wf>
		<wf pos="VAUX">اوس</wf>
		<wf pos="PRP">پانَس</wf>
		<wf pos="PSP">پٮ۪ٹھ</wf>
		<wf pos="NN">وِنٛڈُل</wf>
		<wf pos="VM">کیوٚم</wf>
		<wf pos="VM" sense_id="2">کَھسان</wf>
		<wf pos="SYM">۔</wf>
</sentence>
<sentence s_id="50">
		<wf pos="QC">اَکہِ</wf>
		<wf pos="NN">قٔسمُک</wf>
		<wf pos="NN">گاسہٕ:گونٛدری</wf>
		<wf pos="VAUX">چُھ</wf>
		<wf pos="NN">آبَس</wf>
		<wf pos="PSP">منٛز</wf>
		<wf pos="VM" sense_id="2">کَھسان</wf>
		<wf pos="SYM">۔</wf>
</sentence>
<sentence s_id="51">
		<wf pos="QC">اَکہِ</wf>
		<wf pos="NN">قٔسمُک</wf>
		<wf pos="NNP">کُل:گُلچیٖن</wf>
		<wf pos="VAUX">چُھ</wf>
		<wf pos="RB">بٔہۍ</wf>
		<wf pos="POW">مِس</wf>
		<wf pos="NN">رٮ۪تَس</wf>
		<wf pos="PSP">منٛز</wf>
		<wf pos="VM" sense_id="2">کَھسان</wf>
		<wf pos="SYM">۔</wf>
</sentence>
<sentence s_id="52">
		<wf pos="QC">اَکہِ</wf>
		<wf pos="NN">قٔسمُک</wf>
		<wf pos="NN">گاسہٕ:سُراری</wf>
		<wf pos="VAUX">چُھ</wf>
		<wf pos="NN">روٗدَس</wf>
		<wf pos="PSP">منٛز</wf>
		<wf pos="VM" sense_id="2">کَھسان</wf>
		<wf pos="SYM">۔</wf>
</sentence>
<sentence s_id="53">
		<wf pos="QC">اَکہِ</wf>
		<wf pos="NN">قٔسمُک</wf>
		<wf pos="NN">سِسَر</wf>
		<wf pos="NN">کُل</wf>
		<wf pos="DEM">یُس</wf>
		<wf pos="JJ">سَفید</wf>
		<wf pos="NN">رَنٛگُک</wf>
		<wf pos="VM">آسان</wf>
		<wf pos="NN">چُھ:دُونسیٖرس</wf>
		<wf pos="VAUX">چُھ</wf>
		<wf pos="NN">ہِمالِیٲس</wf>
		<wf pos="PSP">منٛز</wf>
		<wf pos="VM" sense_id="2">کَھسان</wf>
		<wf pos="SYM">۔</wf>
</sentence>
<sentence s_id="54">
		<wf pos="QC">اَکہِ</wf>
		<wf pos="NN">قٔسمُک</wf>
		<wf pos="NN">گاسہٕ:مَگھانا</wf>
		<wf pos="VAUX">چُھ</wf>
		<wf pos="NN">روٗدَس</wf>
		<wf pos="PSP">منٛز</wf>
		<wf pos="VM" sense_id="2">کَھسان</wf>
		<wf pos="SYM">۔</wf>
</sentence>
<sentence s_id="55">
		<wf pos="QC">اَکہِ</wf>
		<wf pos="NN">قٔسمُک</wf>
		<wf pos="NN">گاسہٕ:لامیہٕ</wf>
		<wf pos="VAUX">چُھ</wf>
		<wf pos="NN">بَنٛجَر</wf>
		<wf pos="NN">زٔمیٖنَس</wf>
		<wf pos="VM" sense_id="2">کَھسان</wf>
		<wf pos="SYM">۔</wf>
</sentence>
<sentence s_id="56">
		<wf pos="QC">اَکہِ</wf>
		<wf pos="NN">قٔسمُک</wf>
		<wf pos="NN">کیوٚم:چَھپکا</wf>
		<wf pos="VAUX">چُھ</wf>
		<wf pos="NN">دٮ۪وارَس</wf>
		<wf pos="VM" sense_id="2">کَھسان</wf>
		<wf pos="SYM">۔</wf>
</sentence>
<sentence s_id="57">
		<wf pos="QC">اَکہِ</wf>
		<wf pos="NN">قٔسمُک</wf>
		<wf pos="NN">جَنٛگلی</wf>
		<wf pos="RB">گاسہٕ:بَھرونٛٹھ</wf>
		<wf pos="VAUX">چُھ</wf>
		<wf pos="NN">راجَتھانَس</wf>
		<wf pos="PSP">منٛز</wf>
		<wf pos="JJ">زیادٕ</wf>
		<wf pos="NN">تَر</wf>
		<wf pos="VM" sense_id="5">کَھسان</wf>
		<wf pos="SYM">۔</wf>
</sentence>
<sentence s_id="58">
		<wf pos="QC">اَکہِ</wf>
		<wf pos="NNP">قٔسمٕچۍ</wf>
		<wf pos="JJ">بٮ۪مٲرۍ:تورَم</wf>
		<wf pos="NN">ناپھ</wf>
		<wf pos="PSP">منٛز</wf>
		<wf pos="VAUX">چُھ</wf>
		<wf pos="NN">ناپھہِ</wf>
		<wf pos="NN">وَرٕم</wf>
		<wf pos="VM" sense_id="2">کَھسان</wf>
		<wf pos="SYM">۔</wf>
</sentence>
<sentence s_id="59">
		<wf pos="QC">اَکھ</wf>
		<wf pos="NN">بٮ۪مٲرۍ:وِسرٛپَس</wf>
		<wf pos="PSP">منٛز</wf>
		<wf pos="VAUX">چُھ</wf>
		<wf pos="NN">تَپھ</wf>
		<wf pos="VM" sense_id="6">کَھسان</wf>
		<wf pos="SYM">۔</wf>
</sentence>
<sentence s_id="60">
		<wf pos="JJ">تیز</wf>
		<wf pos="VM">دورنہٕ</wf>
		<wf pos="PSP">سۭتۍ</wf>
		<wf pos="VAUX">چھےٚ</wf>
		<wf pos="PRP">مےٚ</wf>
		<wf pos="NN">شانٛش</wf>
		<wf pos="VM" sense_id="5">کَھسان</wf>
		<wf pos="SYM">۔</wf>
</sentence>
<sentence s_id="61">
		<wf pos="QC">اَکہِ</wf>
		<wf pos="NN">قٔسمُک</wf>
		<wf pos="NN">جوڑَن</wf>
		<wf pos="PSP">ہُنٛد</wf>
		<wf pos="JJ">دود:آم</wf>
		<wf pos="NN">واتَس</wf>
		<wf pos="PSP">منٛز</wf>
		<wf pos="VAUX">چُھ</wf>
		<wf pos="NN">اَتھَن</wf>
		<wf pos="NN">کھۄرَن</wf>
		<wf pos="NN">وَرٕم</wf>
		<wf pos="VM" sense_id="2">کَھسان</wf>
		<wf pos="SYM">۔</wf>
</sentence>
<sentence s_id="62">
		<wf pos="QC">اَکھ</wf>
		<wf pos="NN">بٮ۪مٲرۍ:شِخاپِتِت</wf>
		<wf pos="NN">بٮ۪مارِ</wf>
		<wf pos="VM">منٛزچُھ</wf>
		<wf pos="NN">اَتھَن</wf>
		<wf pos="NN">کھۄرَن</wf>
		<wf pos="NN">وَرٕم</wf>
		<wf pos="VM" sense_id="2">کَھسان</wf>
		<wf pos="CC">تہٕ</wf>
		<wf pos="RB">بیٚیہِ</wf>
		<wf pos="VAUX">چھےٚ</wf>
		<wf pos="NN">جَلَن</wf>
		<wf pos="CC">تہٕ</wf>
		<wf pos="NN">محسوٗس</wf>
		<wf pos="VM">گژھان</wf>
		<wf pos="SYM">۔</wf>
</sentence>
<sentence s_id="63">
		<wf pos="PRP">سُہ</wf>
		<wf pos="NN">کُل</wf>
		<wf pos="DEM">یَتھ</wf>
		<wf pos="NNP">آمَرپالی</wf>
		<wf pos="PSP">اَمب</wf>
		<wf pos="VAUX">چھےٚ</wf>
		<wf pos="NN">کَھسان:کٔشیٖرِ</wf>
		<wf pos="PSP">منٛز</wf>
		<wf pos="VM">چُِھنہٕ</wf>
		<wf pos="NNP">آمرپالی</wf>
		<wf pos="NN">اَمبٕہٕ</wf>
		<wf pos="NN">کُلۍ</wf>
		<wf pos="VM" sense_id="5">کَھسان</wf>
		<wf pos="SYM">۔</wf>
</sentence>
<sentence s_id="64">
		<wf pos="PRP">سُہ</wf>
		<wf pos="NN">کُل</wf>
		<wf pos="DEM">یَتھ</wf>
		<wf pos="NN">مینٛزنیلو</wf>
		<wf pos="NN">نونیز</wf>
		<wf pos="NN">اَمبہٕ</wf>
		<wf pos="VAUX">چھےٚ</wf>
		<wf pos="PRP">کَھسان:مینٛز</wf>
		<wf pos="JJ">نیلونو</wf>
		<wf pos="NN">نیز</wf>
		<wf pos="NN">اَمبہٕ</wf>
		<wf pos="NN">کُل</wf>
		<wf pos="VAUX">چُھ</wf>
		<wf pos="NN">فِلپیٖنَس</wf>
		<wf pos="PSP">منٛز</wf>
		<wf pos="VM" sense_id="4">کَھسان</wf>
		<wf pos="SYM">۔</wf>
</sentence>
<sentence s_id="65">
		<wf pos="QC">اَکہِ</wf>
		<wf pos="NNP">قٔسمٕچۍ</wf>
		<wf pos="NNC">اَمب:جولی</wf>
		<wf pos="NN">اَمب</wf>
		<wf pos="VAUX">چھےٚ</wf>
		<wf pos="NN">ویسٹ</wf>
		<wf pos="NN">اِنٛڑیٖزَس</wf>
		<wf pos="PSP">منٛز</wf>
		<wf pos="VM" sense_id="2">کَھسان</wf>
		<wf pos="SYM">۔</wf>
</sentence>
<sentence s_id="66">
		<wf pos="PRP">کیٚنٛہہ</wf>
		<wf pos="VM">کھٮ۪تھ</wf>
		<wf pos="VAUX">چُھ</wf>
		<wf pos="PRP">مےٚ</wf>
		<wf pos="JJ">یٔڑ</wf>
		<wf pos="NN">پھۄکھ</wf>
		<wf pos="VM" sense_id="2">کَھسان</wf>
		<wf pos="SYM">۔</wf>
</sentence>
<sentence s_id="67">
		<wf pos="QC">اَکہِ</wf>
		<wf pos="NN">قٔسمُک</wf>
		<wf pos="NNPC">کُل:گُلا</wf>
		<wf pos="NNP">بانٛس</wf>
		<wf pos="NN">کُلِس</wf>
		<wf pos="VAUX">چِھ</wf>
		<wf pos="NN">وۄزِلۍ</wf>
		<wf pos="NN">پوش</wf>
		<wf pos="VM" sense_id="2">کَھسان</wf>
		<wf pos="SYM">۔</wf>
</sentence>
<sentence s_id="68">
		<wf pos="NN">گٮ۪وَن</wf>
		<wf pos="PSP">واجنہِ</wf>
		<wf pos="PSP">ہُنٛد</wf>
		<wf pos="NN">سُر</wf>
		<wf pos="VAUX">چُھ</wf>
		<wf pos="INTF">واریاہ</wf>
		<wf pos="RB">ہیوٚر</wf>
		<wf pos="VM" sense_id="1">کَھسان</wf>
		<wf pos="SYM">۔</wf>
</sentence>
<sentence s_id="69">
		<wf pos="QC">اَکہِ</wf>
		<wf pos="NN">قٕسمُک</wf>
		<wf pos="VM">گاسہٕ:بَنسا</wf>
		<wf pos="VAUX">چُھ</wf>
		<wf pos="NN">دانہِ</wf>
		<wf pos="NN">کَھاہَس</wf>
		<wf pos="PSP">منٛز</wf>
		<wf pos="VM" sense_id="1">کَھسان</wf>
		<wf pos="SYM">۔</wf>
</sentence>
<sentence s_id="70">
		<wf pos="QC">اَکھ</wf>
		<wf pos="NN">جنٛگلی</wf>
		<wf pos="NN">گاسہٕ:دھوٛنڑا</wf>
		<wf pos="VAUX">چُھ</wf>
		<wf pos="JJ">دانِچہِ</wf>
		<wf pos="NN">فَصٕلہِ</wf>
		<wf pos="PSP">منٛز</wf>
		<wf pos="VM" sense_id="2">کَھسان</wf>
		<wf pos="SYM">۔</wf>
</sentence>
<sentence s_id="71">
		<wf pos="PRP">کینٛہہ</wf>
		<wf pos="NNC">موٗلہٕ</wf>
		<wf pos="NN">بَغٲر</wf>
		<wf pos="VM">کُلۍ</wf>
		<wf pos="NN">کٔٹۍ</wf>
		<wf pos="VAUX">چھِ</wf>
		<wf pos="NN">میٚژ</wf>
		<wf pos="CC">تہٕ</wf>
		<wf pos="NN">آب</wf>
		<wf pos="NN">میٖلۍ</wf>
		<wf pos="POW">تھٕے</wf>
		<wf pos="VM" sense_id="2">کَھسان</wf>
		<wf pos="SYM">۔</wf>
</sentence>
<sentence s_id="72">
		<wf pos="NN">پٮ۪شابہٕ</wf>
		<wf pos="NN">تھیٖلۍ</wf>
		<wf pos="PSP">ہِنٛز</wf>
		<wf pos="QC">اَکھ</wf>
		<wf pos="NN">بٮ۪مٲرۍ:اَشٹھیٖلا</wf>
		<wf pos="PSP">ہَس</wf>
		<wf pos="PSP">مَنٛز</wf>
		<wf pos="VAUX">چُھ</wf>
		<wf pos="NN">پٮ۪شابہٕ</wf>
		<wf pos="NN">تھیٖلہِ</wf>
		<wf pos="PSP">مَنٛز</wf>
		<wf pos="QC">اَکھ</wf>
		<wf pos="NN">سَخٕٮت</wf>
		<wf pos="JJ">وَرَم</wf>
		<wf pos="VM" sense_id="2">کَھسان</wf>
		<wf pos="SYM">۔</wf>
</sentence>
<sentence s_id="73">
		<wf pos="QC">اَکھ</wf>
		<wf pos="JJ">بوٚڈ</wf>
		<wf pos="NN">وۄہ</wf>
		<wf pos="DEM">یُس</wf>
		<wf pos="NN">دٔریاوَس</wf>
		<wf pos="NN">سٔہلاب</wf>
		<wf pos="VM">کھسنُک</wf>
		<wf pos="RB">پٔغام</wf>
		<wf pos="VAUX">چُھ</wf>
		<wf pos="NN">دِوان:اِنٛدرِدَمَن</wf>
		<wf pos="VAUX">چُھ</wf>
		<wf pos="QC">تیٚمہِ</wf>
		<wf pos="NN">وِزِ</wf>
		<wf pos="VM">مَناونہٕ</wf>
		<wf pos="VAUX">یِوان</wf>
		<wf pos="DEM">ییٚمہِ</wf>
		<wf pos="NN">وِزِ</wf>
		<wf pos="NN">سٔہلابُک</wf>
		<wf pos="NN">آب</wf>
		<wf pos="VAUX">چُھ</wf>
		<wf pos="NN">بَنٛڈٕ</wf>
		<wf pos="RB">ہیوٚر</wf>
		<wf pos="VM" sense_id="2">کَھسان</wf>
		<wf pos="SYM">۔</wf>
</sentence>
<sentence s_id="74">
		<wf pos="QC">اَکھ</wf>
		<wf pos="JJ">رانٛٹھِ</wf>
		<wf pos="POW">دار</wf>
		<wf pos="NN">کُل</wf>
		<wf pos="DEM">یَتھ</wf>
		<wf pos="PSP">وۄزٕلۍ</wf>
		<wf pos="NN">پوش</wf>
		<wf pos="VAUX">چھِ</wf>
		<wf pos="NN">کَھسان:عشق</wf>
		<wf pos="NN">پیچانَس</wf>
		<wf pos="VAUX">چھِ</wf>
		<wf pos="NNP">وۄزٕلۍ</wf>
		<wf pos="NN">پوش</wf>
		<wf pos="VM" sense_id="2">کَھسان</wf>
		<wf pos="SYM">۔</wf>
</sentence>
<sentence s_id="75">
		<wf pos="PRP">زَرا</wf>
		<wf pos="NN">گَڑبَڑ</wf>
		<wf pos="VM">سۭۭتۍ</wf>
		<wf pos="VAUX">چُھ</wf>
		<wf pos="NN">تٔس</wf>
		<wf pos="NN">شَرارت</wf>
		<wf pos="VM" sense_id="2">کَھسان</wf>
		<wf pos="SYM">۔</wf>
</sentence>
<sentence s_id="76">
		<wf pos="PRP">سُہ</wf>
		<wf pos="QC">کھاہ</wf>
		<wf pos="NN">ییٚتہٕ</wf>
		<wf pos="NN">پان</wf>
		<wf pos="VM" sense_id="2">کَھسان</wf>
		<wf pos="PRP">چُھ:سُہ</wf>
		<wf pos="VAUX">چُھ</wf>
		<wf pos="PRP">پانہٕ</wf>
		<wf pos="NN">کَھہَس</wf>
		<wf pos="NN">آب</wf>
		<wf pos="VM">دِوان</wf>
		<wf pos="SYM">۔</wf>
</sentence>
<sentence s_id="77">
		<wf pos="NNP">مَہاراشٹٕکہِ</wf>
		<wf pos="JJ">مغرِبی</wf>
		<wf pos="PSP">طرفُک</wf>
		<wf pos="QC">اَکھ</wf>
		<wf pos="NN">عَلاقہٕ:کوکَنَس</wf>
		<wf pos="PSP">منٛز</wf>
		<wf pos="VAUX">چُھ</wf>
		<wf pos="JJ">خاص</wf>
		<wf pos="POW">پٲٹھۍ</wf>
		<wf pos="RB">کھوٗپرٕ،سُپٲرۍ</wf>
		<wf pos="CC">تہٕ</wf>
		<wf pos="NN">اَمبہٕ</wf>
		<wf pos="VM" sense_id="1">کَھسان</wf>
		<wf pos="SYM">۔</wf>
</sentence>
<sentence s_id="78">
		<wf pos="NNP">نیپال</wf>
		<wf pos="PSP">کِس</wf>
		<wf pos="JJ">ناراینی</wf>
		<wf pos="NN">عَلاقُک</wf>
		<wf pos="QC">اَکھ</wf>
		<wf pos="NNP">ضِلہٕ:چِتوَنَس</wf>
		<wf pos="PSP">مںٛز</wf>
		<wf pos="VAUX">چُھ</wf>
		<wf pos="NN">تِلہٕ</wf>
		<wf pos="NN">گۄگُل</wf>
		<wf pos="INTF">واریاہ</wf>
		<wf pos="JJ">اَصٕل</wf>
		<wf pos="VM" sense_id="1">کَھسان</wf>
		<wf pos="SYM">۔</wf>
</sentence>
<sentence s_id="79">
		<wf pos="PRP">کنِہ</wf>
		<wf pos="NN">وِزِ</wf>
		<wf pos="VAUX">چُھ</wf>
		<wf pos="NN">بَچَس</wf>
		<wf pos="PRP">تِمَن</wf>
		<wf pos="NN">مَرحَلَن</wf>
		<wf pos="PSP">مَنٛز</wf>
		<wf pos="RP">تِہ</wf>
		<wf pos="VM" sense_id="1">کَھسان</wf>
		<wf pos="VAUX">پی٘وان</wf>
		<wf pos="DEM">یی٘مِہ</wf>
		<wf pos="PSP">سۭتۍ</wf>
		<wf pos="PRP">تٔمۍ</wf>
		<wf pos="PSP">سٕنٛزِ</wf>
		<wf pos="NN">زِنٛدٕگی</wf>
		<wf pos="PSP">پٚٹھ</wf>
		<wf pos="JJ">وارِیاہ</wf>
		<wf pos="NN">فَرَق</wf>
		<wf pos="VAUX">چُھ</wf>
		<wf pos="VM">پی٘وان</wf>
		<wf pos="PRP">تٔمِس</wf>
		<wf pos="VAUX">چِھ</wf>
		<wf pos="PRP">کنِہ</wf>
		<wf pos="NN">وَقتہٕ</wf>
		<wf pos="PRP">تِمہٕ</wf>
		<wf pos="NN">بٚیمارِ</wf>
		<wf pos="NN">حَملہٕ</wf>
		<wf pos="VM">کران</wf>
		<wf pos="DEM">یِم</wf>
		<wf pos="INTF">سٚٹھہٕہٕے</wf>
		<wf pos="JJ">خَطَرناکھ</wf>
		<wf pos="VAUX">چِھ</wf>
		<wf pos="VM">آسان</wf>
		<wf pos="DEM">تِمَن</wf>
		<wf pos="PSP">مَنٛز</wf>
		<wf pos="VAUX">چِھ</wf>
		<wf pos="NN">شُتٕلۍ،</wf>
		<wf pos="NN">ہۄلہٕج،</wf>
		<wf pos="NN">،واوٕپٔتۍ</wf>
		<wf pos="NN">بیترِ</wf>
		<wf pos="RP">تِہ</wf>
		<wf pos="VAUX">یِوان</wf>
		<wf pos="DEM">یِمَن</wf>
		<wf pos="NN">چیٖزَن</wf>
		<wf pos="PSP">نِش</wf>
		<wf pos="RB">دوٗر</wf>
		<wf pos="VM">تھاونہٕ</wf>
		<wf pos="PSP">خٲطرٕ</wf>
		<wf pos="VAUX">ٲسۍ</wf>
		<wf pos="RB">اَکثَر</wf>
		<wf pos="NN">لوٗکھ</wf>
		<wf pos="PRP">تِم</wf>
		<wf pos="NN">چیٖز</wf>
		<wf pos="VM">کران</wf>
		<wf pos="DEM">یی٘مِہ</wf>
		<wf pos="PSP">سۭتۍ</wf>
		<wf pos="DEM">تِمَن</wf>
		<wf pos="NN">تَسلَہ</wf>
		<wf pos="VAUX">اوس</wf>
		<wf pos="VM">گَژھان</wf>
		<wf pos="PSP">کہ</wf>
		<wf pos="RB">وۄنۍ</wf>
		<wf pos="VM">پورِنہٕ</wf>
		<wf pos="PRP">ﺃمِس</wf>
		<wf pos="NN">بَچَس</wf>
		<wf pos="NEG">کٕہنۍ</wf>
		<wf pos="NN">بٚمٲرۍ</wf>
		<wf pos="SYM">۔</wf>
</sentence>
<sentence s_id="80">
		<wf pos="NNC">ٹرانسپورٹ</wf>
		<wf pos="NN">محکمہٕ</wf>
		<wf pos="PSP">کٮ۪ن</wf>
		<wf pos="NN">ملٲزمن</wf>
		<wf pos="PSP">ہُنٛد</wf>
		<wf pos="RB">پٔتۍمٮ۪و</wf>
		<wf pos="QC">پانٛژو</wf>
		<wf pos="NN">رٮ۪تو</wf>
		<wf pos="PSP">پٮ۪ٹھہٕ</wf>
		<wf pos="RB">لگاتار</wf>
		<wf pos="NN">احتجاج</wf>
		<wf pos="CC">تہٕ</wf>
		<wf pos="NN">ہرتال</wf>
		<wf pos="VM">کرنہٕ,</wf>
		<wf pos="NN">سڈکن</wf>
		<wf pos="PSP">پٮ۪ٹھ</wf>
		<wf pos="NN">پُلسہٕ</wf>
		<wf pos="PSP">دٔسۍ</wf>
		<wf pos="RB">کالہٕ</wf>
		<wf pos="RB">پگاہ</wf>
		<wf pos="PRP">یِہُنٛد</wf>
		<wf pos="NN">مار</wf>
		<wf pos="VM">کھیٛون</wf>
		<wf pos="NNC">شُرۍ</wf>
		<wf pos="NN">بٲژ</wf>
		<wf pos="PSP">ہیتھ</wf>
		<wf pos="NN">سڈکن</wf>
		<wf pos="PSP">پٮ۪ٹھ</wf>
		<wf pos="VM" sense_id="1">کَھسان</wf>
		<wf pos="CC">تہٕ</wf>
		<wf pos="NNC">سکول</wf>
		<wf pos="NN">بیگ</wf>
		<wf pos="VM">زالٕنۍ</wf>
		<wf pos="VAUX">چِھ</wf>
		<wf pos="PRP">تِم</wf>
		<wf pos="NN">کتھہٕ</wf>
		<wf pos="PRP">یِمو</wf>
		<wf pos="PSP">سۭتۍ</wf>
		<wf pos="QC">اَکھ</wf>
		<wf pos="NN">سوال</wf>
		<wf pos="VAUX">چُھ</wf>
		<wf pos="NN">ذٮ۪ہنس</wf>
		<wf pos="PSP">منٛز</wf>
		<wf pos="VM">وۄتلان</wf>
		<wf pos="PRP">سُہ</wf>
		<wf pos="VAUX">گۄو</wf>
		<wf pos="DEM">یہِ</wf>
		<wf pos="CC">زِ</wf>
		<wf pos="WQ">کیا</wf>
		<wf pos="JJ">جٲیز</wf>
		<wf pos="NN">مطالبہ</wf>
		<wf pos="JJ">پوٗرٕ</wf>
		<wf pos="VM">کرناونہٕ</wf>
		<wf pos="PSP">باپَتھ</wf>
		<wf pos="VAUX">چھا</wf>
		<wf pos="RB">وۄنۍ</wf>
		<wf pos="JJ">ضوٚروٗری</wf>
		<wf pos="VM">بنیومُت</wf>
		<wf pos="CC">زِ</wf>
		<wf pos="NN">گنڈ</wf>
		<wf pos="VAUX">گَژِھ</wf>
		<wf pos="JJ">سرکٲرۍ</wf>
		<wf pos="NNC">ڈنٛڈٕ</wf>
		<wf pos="NN">بردارو</wf>
		<wf pos="PSP">دٔسۍ</wf>
		<wf pos="RB">بےٚوایہِ</wf>
		<wf pos="NN">مار</wf>
		<wf pos="VM">کھیوٚن</wf>
		<wf pos="CC">یا</wf>
		<wf pos="NNC">شُرۍ</wf>
		<wf pos="NN">بٲژ</wf>
		<wf pos="PSP">ہٮ۪تھ</wf>
		<wf pos="NN">سڈکن</wf>
		<wf pos="PSP">پٮ۪ٹھ</wf>
		<wf pos="VM" sense_id="1">کَھسان</wf>
		<wf pos="CC">تہٕ</wf>
		<wf pos="RB">اَدٕ</wf>
		<wf pos="VM">واتہِ</wf>
		<wf pos="NN">حٲکمن</wf>
		<wf pos="PSP">تام</wf>
		<wf pos="NN">آواز؟</wf>
		<wf pos="SYM">۔</wf>
</sentence>
<sentence s_id="81">
		<wf pos="NNC">ٹرانسپورٹ</wf>
		<wf pos="NN">محکمہٕ</wf>
		<wf pos="PSP">کٮ۪ن</wf>
		<wf pos="NN">ملٲزمن</wf>
		<wf pos="PSP">ہُنٛد</wf>
		<wf pos="RB">پٔتۍمٮ۪و</wf>
		<wf pos="QC">پانٛژو</wf>
		<wf pos="NN">رٮ۪تو</wf>
		<wf pos="PSP">پٮ۪ٹھہٕ</wf>
		<wf pos="RB">لگاتار</wf>
		<wf pos="VM" sense_id="1">کَھسان</wf>
		<wf pos="SYM">۔</wf>
</sentence>
<sentence s_id="82">
		<wf pos="PSP">پٮ۪ٹھٕ</wf>
		<wf pos="CC">اگر</wf>
		<wf pos="PRP">کٲنٛسِہ</wf>
		<wf pos="NN">اِفشا</wf>
		<wf pos="VAUX">گو</wf>
		<wf pos="CC">زِہ</wf>
		<wf pos="NN">تھۄندٕ</wf>
		<wf pos="WQ">کیا</wf>
		<wf pos="VAUX">چُھ</wf>
		<wf pos="NN">اَن</wf>
		<wf pos="NN">ہرشہِ</wf>
		<wf pos="NNC">کورِ</wf>
		<wf pos="NN">لَو</wf>
		<wf pos="VM">کران</wf>
		<wf pos="PRP">تَس</wf>
		<wf pos="VAUX">ہَے</wf>
		<wf pos="QC">أٹۍ</wf>
		<wf pos="QC">أٹۍ</wf>
		<wf pos="VAUX">چُھ</wf>
		<wf pos="VM" sense_id="1">کَھسان</wf>
		<wf pos="PRP">تس</wf>
		<wf pos="VAUX">ہے</wf>
		<wf pos="RB">تیٚلہِ</wf>
		<wf pos="VAUX">چُھ</wf>
		<wf pos="NEG">پیٖرُں</wf>
		<wf pos="NN">یار</wf>
		<wf pos="VM" sense_id="5">کَھسان</wf>
		<wf pos="SYM">۔</wf>
</sentence>
<sentence s_id="83">
		<wf pos="PRP">سُہ</wf>
		<wf pos="VAUX">چُھ</wf>
		<wf pos="NNP">گُمنٲمی</wf>
		<wf pos="PSP">ہِنٛدِس</wf>
		<wf pos="VM">اَنہِ</wf>
		<wf pos="NN">گٔٹِس</wf>
		<wf pos="PSP">منٛز</wf>
		<wf pos="RB">نٮ۪بَر</wf>
		<wf pos="VM" sense_id="1">کَھسان</wf>
		<wf pos="JJ">یَژھانسَمٲجی</wf>
		<wf pos="NN">خِدمَت</wf>
		<wf pos="PSP">منٛز</wf>
		<wf pos="PRP">پَنُن</wf>
		<wf pos="JJ">سورُے</wf>
		<wf pos="VM">لُٹٲوِتھ</wf>
		<wf pos="VM">آیہِ</wf>
		<wf pos="QC">تٮ۪مِس</wf>
		<wf pos="JJ">تَوٲریٖخی</wf>
		<wf pos="NN">حِصہٕ</wf>
		<wf pos="SYM">۔</wf>
</sentence>
<sentence s_id="84">
		<wf pos="JJ">پرٛانہِ</wf>
		<wf pos="NN">زمانہٕ</wf>
		<wf pos="VAUX">اوس</wf>
		<wf pos="NN">کوٖرِ</wf>
		<wf pos="PSP">ہُنٛد</wf>
		<wf pos="VM" sense_id="1">کَھسان</wf>
		<wf pos="VM">سجان</wf>
		<wf pos="RB">ییٚلہِ</wf>
		<wf pos="PRP">تس</wf>
		<wf pos="NN">زانٛپانس</wf>
		<wf pos="PSP">منٛز</wf>
		<wf pos="VM">کڈان</wf>
		<wf pos="NN">ٲسۍمٔہرِنۍ</wf>
		<wf pos="VAUX">چھےٚ</wf>
		<wf pos="NN">زانٛپانَس</wf>
		<wf pos="PSP">منٛز</wf>
		<wf pos="VM">بِہِتھ</wf>
		<wf pos="VM" sense_id="5">کَھسان</wf>
		<wf pos="SYM">۔</wf>
</sentence>
<sentence s_id="85">
		<wf pos="PRP">سُہ</wf>
		<wf pos="VAUX">چُھ</wf>
		<wf pos="NNP">گُمنٲمی</wf>
		<wf pos="PSP">ہِنٛدِس</wf>
		<wf pos="VM">اَنہِ</wf>
		<wf pos="NN">گٔٹِس</wf>
		<wf pos="PSP">منٛز</wf>
		<wf pos="RB">نٮ۪بَر</wf>
		<wf pos="VM" sense_id="1">کَھسان</wf>
		<wf pos="JJ">یَژھانسَمٲجی</wf>
		<wf pos="NN">خِدمَت</wf>
		<wf pos="PSP">منٛز</wf>
		<wf pos="PRP">پَنُن</wf>
		<wf pos="JJ">سورُے</wf>
		<wf pos="VM">لُٹٲوِتھ</wf>
		<wf pos="VM" sense_id="5">کَھسان</wf>
		<wf pos="SYM">۔</wf>
</sentence>
<sentence s_id="86">
		<wf pos="PRP">تٔمۍ</wf>
		<wf pos="VM">وُچھ</wf>
		<wf pos="RB">پَتھ</wf>
		<wf pos="NN">کُنژوٗر</wf>
		<wf pos="VM">ہیوٚتُن</wf>
		<wf pos="NN">کَم</wf>
		<wf pos="NN">رَفتارِ</wf>
		<wf pos="PSP">منٛز</wf>
		<wf pos="RB">پَتھ</wf>
		<wf pos="VM">کُن</wf>
		<wf pos="VM" sense_id="5">کَھسان</wf>
		<wf pos="SYM">۔</wf>
</sentence>
<sentence s_id="87">
		<wf pos="PRP">سُہ</wf>
		<wf pos="VAUX">چُھ</wf>
		<wf pos="NNP">گُمنٲمی</wf>
		<wf pos="PSP">ہِنٛدِس</wf>
		<wf pos="VM">اَنہِ</wf>
		<wf pos="NN">گٔٹِس</wf>
		<wf pos="PSP">منٛز</wf>
		<wf pos="VM" sense_id="3">کَھسان</wf>
		<wf pos="NN">خِدمَت</wf>
		<wf pos="PSP">منٛز</wf>
		<wf pos="PRP">پَنُن</wf>
		<wf pos="JJ">سورُے</wf>
		<wf pos="VM">لُٹٲوِتھ</wf>
		<wf pos="VM">آیہِ</wf>
		<wf pos="QC">تٮ۪مِس</wf>
		<wf pos="JJ">تَوٲریٖخی</wf>
		<wf pos="NN">حِصہٕ</wf>
		<wf pos="SYM">۔</wf>
</sentence>
<sentence s_id="88">
		<wf pos="JJ">پرٛانہِ</wf>
		<wf pos="NN">زمانہٕ</wf>
		<wf pos="VAUX">اوس</wf>
		<wf pos="NN">کوٖرِ</wf>
		<wf pos="PSP">ہُنٛد</wf>
		<wf pos="VM" sense_id="1">کَھسان</wf>
		<wf pos="VM">سجان</wf>
		<wf pos="RB">ییٚلہِ</wf>
		<wf pos="PRP">تس</wf>
		<wf pos="NN">زانٛپانس</wf>
		<wf pos="PSP">منٛز</wf>
		<wf pos="VM" sense_id="5">کَھسان</wf>
		<wf pos="SYM">۔</wf>
</sentence>
<sentence s_id="89">
		<wf pos="PRP">پرٛانِس</wf>
		<wf pos="NN">دورَس</wf>
		<wf pos="PSP">مَنٛز</wf>
		<wf pos="VAUX">اوس</wf>
		<wf pos="NN">کوٖرِ</wf>
		<wf pos="PSP">ہُنٛد</wf>
		<wf pos="VM" sense_id="1">کَھسان</wf>
		<wf pos="VM">سجان</wf>
		<wf pos="RB">ییٚلہِ</wf>
		<wf pos="PRP">تس</wf>
		<wf pos="NN">زانٛپانس</wf>
		<wf pos="PSP">منٛز</wf>
		<wf pos="VM" sense_id="5">کَھسان</wf>
		<wf pos="SYM">۔</wf>
</sentence>
<sentence s_id="90">
		<wf pos="JJ">پرٛانہِ</wf>
		<wf pos="NN">زمانہٕ</wf>
		<wf pos="VAUX">اوس</wf>
		<wf pos="NN">کوٖرِ</wf>
		<wf pos="PSP">ہُنٛد</wf>
		<wf pos="VM" sense_id="5">کَھسان</wf>
		<wf pos="SYM">۔</wf>
</sentence>
<sentence s_id="91">
		<wf pos="PRP">تٔمۍ</wf>
		<wf pos="VM">وُچھ</wf>
		<wf pos="RB">پَتھ</wf>
		<wf pos="NN">کُنژوٗر</wf>
		<wf pos="VM">ہیوٚتُن</wf>
		<wf pos="RB">وارٕ</wf>
		<wf pos="RB">وارٕ</wf>
		<wf pos="RB">پَتھ</wf>
		<wf pos="VM">کُن</wf>
		<wf pos="VM" sense_id="4">کَھسان</wf>
		<wf pos="SYM">۔</wf>
</sentence>
<sentence s_id="92">
		<wf pos="JJ">اَزخًد</wf>
		<wf pos="NN">خوشی</wf>
		<wf pos="NN">میلنی</wf>
		<wf pos="VAUX">چُھ</wf>
		<wf pos="JJ">پوٚز</wf>
		<wf pos="NN">اَرمانَن</wf>
		<wf pos="PSP">ہُنٛد</wf>
		<wf pos="VM" sense_id="1">کَھسان</wf>
		<wf pos="SYM">۔</wf>
</sentence>
<sentence s_id="93">
		<wf pos="PRP">سُہ</wf>
		<wf pos="VAUX">چُھ</wf>
		<wf pos="NNP">گُمنٲمی</wf>
		<wf pos="PSP">ہِنٛدِس</wf>
		<wf pos="VM">اَنہِ</wf>
		<wf pos="NN">گٔٹِس</wf>
		<wf pos="PSP">منٛز</wf>
		<wf pos="RB">نٮ۪بَر</wf>
		<wf pos="VM" sense_id="1">کَھسان</wf>
		<wf pos="JJ">یَژھانسَمٲجی</wf>
		<wf pos="NN">خِدمَت</wf>
		<wf pos="PSP">منٛز</wf>
		<wf pos="PRP">پَنُن</wf>
		<wf pos="JJ">سورُے</wf>
		<wf pos="VM">لُٹٲوِتھ</wf>
		<wf pos="VM">آیہِ</wf>
		<wf pos="QC">تٮ۪مِس</wf>
		<wf pos="JJ">تَوٲریٖخی</wf>
		<wf pos="NN">حِصہٕ</wf>
		<wf pos="SYM">۔</wf>
</sentence>
<sentence s_id="94">
		<wf pos="PRP">سُہ</wf>
		<wf pos="VAUX">چُھ</wf>
		<wf pos="NN">لڑایہِ</wf>
		<wf pos="PSP">ہٕنٛدِ</wf>
		<wf pos="NN">وجہہ</wf>
		<wf pos="PSP">سۭتۍ</wf>
		<wf pos="VM" sense_id="1">کَھسان</wf>
		<wf pos="VAUX">یژھان</wf>
		<wf pos="SYM">۔</wf>
</sentence>
<sentence s_id="95">
		<wf pos="JJ">پرٛانہِ</wf>
		<wf pos="NN">زمانہٕ</wf>
		<wf pos="VAUX">اوس</wf>
		<wf pos="NN">کوٖرِ</wf>
		<wf pos="PSP">ہُنٛد</wf>
		<wf pos="VM" sense_id="1">کَھسان</wf>
		<wf pos="VM">سجان</wf>
		<wf pos="RB">ییٚلہِ</wf>
		<wf pos="PRP">تس</wf>
		<wf pos="NN">زانٛپانس</wf>
		<wf pos="PSP">منٛز</wf>
		<wf pos="VM">کڈان</wf>
		<wf pos="NN">ٲسۍمٔہرِنۍ</wf>
		<wf pos="VAUX">چھےٚ</wf>
		<wf pos="NN">زانٛپانَس</wf>
		<wf pos="PSP">منٛز</wf>
		<wf pos="VM">بِہِتھ</wf>
		<wf pos="SYM">۔</wf>
</sentence>
<sentence s_id="96">
		<wf pos="PRP">مےٚ</wf>
		<wf pos="VM">لوٚگ</wf>
		<wf pos="INTF">سٮ۪ٹھاہ</wf>
		<wf pos="NN">بُرٕ</wf>
		<wf pos="PRP">تٔمۍ</wf>
		<wf pos="PSP">سُنٛد</wf>
		<wf pos="VM">روٗشِتھ</wf>
		<wf pos="VM" sense_id="1">کَھسان</wf>
		<wf pos="SYM">۔</wf>
</sentence>
<sentence s_id="97">
		<wf pos="PRP">میٲنِس</wf>
		<wf pos="NN">نیٚچِوۍ</wf>
		<wf pos="PSP">سُنٛد</wf>
		<wf pos="DEM">یِتھۍ</wf>
		<wf pos="RB">پٲٹھۍ</wf>
		<wf pos="VM">وَننہٕ</wf>
		<wf pos="RB">روٚستُے</wf>
		<wf pos="NN">گَرِ</wf>
		<wf pos="VM" sense_id="1">کَھسان</wf>
		<wf pos="VAUX">چُھ</wf>
		<wf pos="PRP">مےٚ</wf>
		<wf pos="JJ">وٕنہِ</wf>
		<wf pos="RP">تہِ</wf>
		<wf pos="VM">تیلان</wf>
		<wf pos="SYM">۔</wf>
</sentence>
<sentence s_id="98">
		<wf pos="NN">آتَش</wf>
		<wf pos="NN">وِشا</wf>
		<wf pos="NN">پہاڑ</wf>
		<wf pos="RB">پھٔٹۍتھٕے</wf>
		<wf pos="VM">ہیوٚتُن</wf>
		<wf pos="NN">لاوٕ</wf>
		<wf pos="VM" sense_id="1">کَھسان</wf>
		<wf pos="SYM">۔</wf>
</sentence>
<sentence s_id="99">
		<wf pos="WQ">کیاہ</wf>
		<wf pos="PRP">مےٚ</wf>
		<wf pos="NN">پیٚیَہ</wf>
		<wf pos="VAUX">دُ</wf>
		<wf pos="DEM">شیٖتمِہ</wf>
		<wf pos="NN">گرٕ</wf>
		<wf pos="PSP">منٛز</wf>
		<wf pos="RP">تہِ</wf>
		<wf pos="NN">معیوٗس</wf>
		<wf pos="VM" sense_id="1">کَھسان</wf>
		<wf pos="SYM">۔</wf>
</sentence>
<sentence s_id="100">
		<wf pos="PRP">تٔمِس</wf>
		<wf pos="VAUX">چُھ</wf>
		<wf pos="VM" sense_id="1">کَھسان</wf>
		<wf pos="JJ">حٔلی</wf>
		<wf pos="NN">کافٹَرَس</wf>
		<wf pos="PSP">مَنٛز</wf>
		<wf pos="SYM">۔</wf>
</sentence>
<sentence s_id="101">
		<wf pos="QC">کایستھ</wf>
		<wf pos="NN">ذٲژ</wf>
		<wf pos="PSP">ہِنٛز</wf>
		<wf pos="QC">اَکھ</wf>
		<wf pos="NN">زنان:کایستھ</wf>
		<wf pos="PSP">بایہِ</wf>
		<wf pos="VM">سٟتۍ</wf>
		<wf pos="NN">خانٛدر</wf>
		<wf pos="VM">کرنہٕ</wf>
		<wf pos="VM">کِنۍ</wf>
		<wf pos="CC">پیٛو</wf>
		<wf pos="NNPC">پٔنٛڈِت</wf>
		<wf pos="NNP">رامیشوَرس</wf>
		<wf pos="PRP">پنٛنہِ</wf>
		<wf pos="NN">ذٲژ</wf>
		<wf pos="PSP">منٛز</wf>
		<wf pos="NST">نٮ۪بر</wf>
		<wf pos="VM" sense_id="1">کَھسان</wf>
		<wf pos="SYM">۔</wf>
</sentence>
<sentence s_id="102">
		<wf pos="NN">سڑکہِ</wf>
		<wf pos="PSP">ہِنٛز</wf>
		<wf pos="NN">کَمی:سَڑکہِ</wf>
		<wf pos="RB">کامٔنۍ</wf>
		<wf pos="VM">آسنہٕ</wf>
		<wf pos="VM">کِن</wf>
		<wf pos="VAUX">اوس</wf>
		<wf pos="NNP">جنٛگلہٕ</wf>
		<wf pos="PSP">منٛز</wf>
		<wf pos="NN">نیٚبَر</wf>
		<wf pos="VM" sense_id="1">کَھسان</wf>
		<wf pos="INTF">واریاہ</wf>
		<wf pos="JJ">مُشکِل</wf>
		<wf pos="SYM">۔</wf>
</sentence>
<sentence s_id="103">
		<wf pos="PRP">سُہ</wf>
		<wf pos="NN">دانہٕ</wf>
		<wf pos="CC">یا</wf>
		<wf pos="NN">پھیٚپُھر</wf>
		<wf pos="DEM">یَتھ</wf>
		<wf pos="NN">رَس</wf>
		<wf pos="VAUX">آسہِ</wf>
		<wf pos="NN">نیران:پاکہٕ</wf>
		<wf pos="NN">دانَس</wf>
		<wf pos="PSP">پٮ۪ٹھ</wf>
		<wf pos="NN">پٔٹ</wf>
		<wf pos="VM">لاگنہٕ</wf>
		<wf pos="RB">پَتہٕ</wf>
		<wf pos="CC">تہٕ</wf>
		<wf pos="VAUX">چُھ</wf>
		<wf pos="NEG">نہٕ</wf>
		<wf pos="DEM">یَتھ</wf>
		<wf pos="NN">رس</wf>
		<wf pos="VM" sense_id="1">کَھسان</wf>
		<wf pos="VM">رُکان</wf>
		<wf pos="SYM">۔</wf>
</sentence>
<sentence s_id="104">
		<wf pos="NN">دم</wf>
		<wf pos="CC">یا</wf>
		<wf pos="NN">شہہ</wf>
		<wf pos="JJ">بَنٛد</wf>
		<wf pos="NN">کَرَن</wf>
		<wf pos="NN">وول:یتکہِ</wf>
		<wf pos="VM">دَم</wf>
		<wf pos="NN">گَژَھَن</wf>
		<wf pos="NN">والہِ</wf>
		<wf pos="NN">ماہولہٕ</wf>
		<wf pos="PSP">منٛز</wf>
		<wf pos="VAUX">چَھس</wf>
		<wf pos="PRP">بہٕ</wf>
		<wf pos="RB">جلدی</wf>
		<wf pos="VM" sense_id="1">کَھسان</wf>
		<wf pos="VAUX">یژھان</wf>
		<wf pos="SYM">۔</wf>
</sentence>
<sentence s_id="105">
		<wf pos="NN">وَقتَس</wf>
		<wf pos="PSP">پٮ۪ٹھ</wf>
		<wf pos="NEG">نہٕ</wf>
		<wf pos="VM">واتنٕچ</wf>
		<wf pos="NN">وجہ</wf>
		<wf pos="NEG">نہٕ</wf>
		<wf pos="PRP">میٚلِن:مےٚ</wf>
		<wf pos="VAUX">چُھ</wf>
		<wf pos="NN">صبنَس</wf>
		<wf pos="PRP">دَہہِ</wf>
		<wf pos="RDP">بَجہِ</wf>
		<wf pos="NN">گرِ</wf>
		<wf pos="VM" sense_id="1">کَھسان</wf>
		<wf pos="SYM">۔</wf>
</sentence>
<sentence s_id="106">
		<wf pos="RB">وارٕ</wf>
		<wf pos="RDP">وارٕ</wf>
		<wf pos="NNP">دزنَس</wf>
		<wf pos="PSP">سۭتۍ</wf>
		<wf pos="QC">دُہہ</wf>
		<wf pos="NN">نیرُن:لٔکرِ</wf>
		<wf pos="NNP">أدٕر</wf>
		<wf pos="VM">آسنِکِن</wf>
		<wf pos="VAUX">اوٚس</wf>
		<wf pos="PRP">تِمَن</wf>
		<wf pos="RB">وارٕ</wf>
		<wf pos="RDP">وارٕ</wf>
		<wf pos="NNP">دزنَس</wf>
		<wf pos="PSP">سۭتۍ</wf>
		<wf pos="NN">دُہہ</wf>
		<wf pos="VM" sense_id="2">کَھسان</wf>
		<wf pos="SYM">۔</wf>
</sentence>
<sentence s_id="107">
		<wf pos="VM">أزچ</wf>
		<wf pos="DEM">یہ</wf>
		<wf pos="NN">راتھ</wf>
		<wf pos="NN">ٹھہر</wf>
		<wf pos="VM">،</wf>
		<wf pos="VM">نیر</wf>
		<wf pos="RB">کوٚت</wf>
		<wf pos="PRP">ژےٚ</wf>
		<wf pos="VM" sense_id="2">کَھسان</wf>
		<wf pos="VM">چھی</wf>
		<wf pos="SYM">۔</wf>
</sentence>
<sentence s_id="108">
		<wf pos="DEM">یہِ</wf>
		<wf pos="NN">کتھ</wf>
		<wf pos="VAUX">چھَ</wf>
		<wf pos="NEG">نہٕ</wf>
		<wf pos="PRP">کٲنٛسِہ</wf>
		<wf pos="NN">ژھایہِ</wf>
		<wf pos="CC">زِ</wf>
		<wf pos="NNP">کٔشیٖرِ</wf>
		<wf pos="PSP">مَنٛز</wf>
		<wf pos="VAUX">چِھ</wf>
		<wf pos="NNC">سڈک</wf>
		<wf pos="NN">وٲرۍداتھ</wf>
		<wf pos="NN">دۄہہٕ</wf>
		<wf pos="RP">کھۄتہٕ</wf>
		<wf pos="NN">دۄہہٕ</wf>
		<wf pos="VM" sense_id="3">کَھسان</wf>
		<wf pos="CC">تہٕ</wf>
		<wf pos="JJ">ہر</wf>
		<wf pos="NN">دۄہہٕ</wf>
		<wf pos="VAUX">چِھ</wf>
		<wf pos="JJ">کم</wf>
		<wf pos="POW">ازکم</wf>
		<wf pos="QC">ژور</wf>
		<wf pos="QC">پانٛژھ</wf>
		<wf pos="NN">نفر</wf>
		<wf pos="NN">ازجان</wf>
		<wf pos="VM">سپدان</wf>
		<wf pos="SYM">۔</wf>
</sentence>
<sentence s_id="109">
		<wf pos="NN">دۄہ</wf>
		<wf pos="RP">کھۄتہٕ</wf>
		<wf pos="NN">دۄہ</wf>
		<wf pos="VAUX">چُھ</wf>
		<wf pos="CC">بےٚ</wf>
		<wf pos="NN">کارَن</wf>
		<wf pos="PSP">ہُنٛد</wf>
		<wf pos="NN">تعداد</wf>
		<wf pos="VM" sense_id="3">کَھسان</wf>
		<wf pos="SYM">۔</wf>
</sentence>
<sentence s_id="110">
		<wf pos="NN">روٗدٕ</wf>
		<wf pos="NN">موسمَس</wf>
		<wf pos="PSP">منٛز</wf>
		<wf pos="VAUX">چھےٚ</wf>
		<wf pos="NN">دٔریاوَن</wf>
		<wf pos="PSP">ہِنٛز</wf>
		<wf pos="NNC">سطح</wf>
		<wf pos="VM" sense_id="3">کَھسان</wf>
		<wf pos="SYM">۔</wf>
</sentence>
<sentence s_id="111">
		<wf pos="NN">بوبس</wf>
		<wf pos="VAUX">چُھ</wf>
		<wf pos="NN">دۄہ</wf>
		<wf pos="RB">پتہٕ</wf>
		<wf pos="NN">دۄہ</wf>
		<wf pos="NN">ٲنکس</wf>
		<wf pos="XC">نمبر</wf>
		<wf pos="VM" sense_id="3">کَھسان</wf>
		<wf pos="SYM">۔</wf>
</sentence>
<sentence s_id="112">
		<wf pos="NN">دۄہ</wf>
		<wf pos="RP">کھۄتہٕ</wf>
		<wf pos="NN">دۄہ</wf>
		<wf pos="VAUX">چُھ</wf>
		<wf pos="CC">بےٚ</wf>
		<wf pos="NN">کارَن</wf>
		<wf pos="PSP">ہُنٛد</wf>
		<wf pos="NN">تعداد</wf>
		<wf pos="VM" sense_id="3">کَھسان</wf>
		<wf pos="SYM">۔</wf>
</sentence>
<sentence s_id="113">
		<wf pos="PRP">سُہ</wf>
		<wf pos="RDP">کرٛانٛک</wf>
		<wf pos="PRP">یُس</wf>
		<wf pos="JJ">مُختٔلِف</wf>
		<wf pos="NNC">رَنٛگَن</wf>
		<wf pos="PSP">مَنٛز</wf>
		<wf pos="VAUX">چُھ</wf>
		<wf pos="VM">میٛلان</wf>
		<wf pos="CC">تہٕ</wf>
		<wf pos="VM">بیٚیہٕ</wf>
		<wf pos="DEM">یَتھ</wf>
		<wf pos="PSP">پٮ۪ٹھ</wf>
		<wf pos="JJ">سفید</wf>
		<wf pos="NN">نیوٗل</wf>
		<wf pos="JJ">زَرٕد</wf>
		<wf pos="NN">بیترِ</wf>
		<wf pos="NN">رَنٛگٕکۍ</wf>
		<wf pos="NN">داغ</wf>
		<wf pos="PSP">چھٕ</wf>
		<wf pos="NN">آسان:آبَس</wf>
		<wf pos="CC">یا</wf>
		<wf pos="NN">دۄدَس</wf>
		<wf pos="PSP">مَنٛز</wf>
		<wf pos="VM">ترٛاونہٕ</wf>
		<wf pos="PSP">سۭتۍ</wf>
		<wf pos="VAUX">چھےٚ</wf>
		<wf pos="NN">اُپلَک</wf>
		<wf pos="NN">کرٛانٛکٕچ</wf>
		<wf pos="NN">چَمَک</wf>
		<wf pos="VM" sense_id="3">کَھسان</wf>
		<wf pos="SYM">۔</wf>
</sentence>
<sentence s_id="114">
		<wf pos="NN">وۄزجہِ</wf>
		<wf pos="VM">رَنٛگٕچ</wf>
		<wf pos="PRP">کِشمِش:کِشمِس</wf>
		<wf pos="NN">آبَس</wf>
		<wf pos="PSP">مَنٛز</wf>
		<wf pos="VM">چٮ۪نہٕ</wf>
		<wf pos="PSP">سۭتۍ</wf>
		<wf pos="VAUX">چُھ</wf>
		<wf pos="NN">خوٗنَس</wf>
		<wf pos="PSP">مَنٛز</wf>
		<wf pos="NN">اےرَن</wf>
		<wf pos="VM" sense_id="3">کَھسان</wf>
		<wf pos="SYM">۔</wf>
</sentence>
<sentence s_id="115">
		<wf pos="NNP">گُرین</wf>
		<wf pos="PSP">ہٕٕنٛد</wf>
		<wf pos="NN">أچھَن</wf>
		<wf pos="PSP">ہٕنٛز</wf>
		<wf pos="PRP">سۄ</wf>
		<wf pos="QC">اَکھ</wf>
		<wf pos="NN">بیمٲرۍ</wf>
		<wf pos="DEM">یَتھ</wf>
		<wf pos="PSP">منٛز</wf>
		<wf pos="NN">أچھن</wf>
		<wf pos="RB">أنٛدۍ</wf>
		<wf pos="POW">پٔکۍ</wf>
		<wf pos="PSP">ہُنٛد</wf>
		<wf pos="NN">ماز</wf>
		<wf pos="VAUX">چُھ</wf>
		<wf pos="VM" sense_id="3">کَھسان</wf>
		<wf pos="CC">تہٕ</wf>
		<wf pos="NN">نظَر</wf>
		<wf pos="VAUX">چُھ</wf>
		<wf pos="NN">رُکاوان:پرچارٕ</wf>
		<wf pos="PSP">سۭتۍ</wf>
		<wf pos="JJ">مُتٲثِر</wf>
		<wf pos="JJ">گٔمتِس</wf>
		<wf pos="NN">گُرِس</wf>
		<wf pos="VAUX">چُھ</wf>
		<wf pos="NN">علاج</wf>
		<wf pos="VM">کرنہٕ</wf>
		<wf pos="VAUX">یِوان</wf>
		<wf pos="SYM">۔</wf>
</sentence>
<sentence s_id="116">
		<wf pos="DEM">یۅہے</wf>
		<wf pos="NN">حال</wf>
		<wf pos="VAUX">چھُ</wf>
		<wf pos="NNPC">شمس</wf>
		<wf pos="NNP">فقیر﴿</wf>
		<wf pos="NN">وفات</wf>
		<wf pos="NN">1901ئ﴾</wf>
		<wf pos="PSP">سٕندِ</wf>
		<wf pos="NN">معراج</wf>
		<wf pos="NN">نامُک</wf>
		<wf pos="CC">بلکہ</wf>
		<wf pos="VAUX">چھُ</wf>
		<wf pos="DEM">تَتھ</wf>
		<wf pos="PSP">منز</wf>
		<wf pos="JJ">سِری</wf>
		<wf pos="NN">اظہار</wf>
		<wf pos="JJ">زیادے</wf>
		<wf pos="NN">کاڈ</wf>
		<wf pos="POW">کٔڈِتھ</wf>
		<wf pos="VM">گومُت</wf>
		<wf pos="DEM">اَتھ</wf>
		<wf pos="NN">منظومس</wf>
		<wf pos="VAUX">چھِ</wf>
		<wf pos="RB">صرف</wf>
		<wf pos="VM">پانژٕ</wf>
		<wf pos="QC">تٲجی</wf>
		<wf pos="DEM">شعرامیُک</wf>
		<wf pos="JJ">صوٗفیانہٕ</wf>
		<wf pos="NN">طرزِ</wf>
		<wf pos="NN">اظہار</wf>
		<wf pos="VAUX">چھُ</wf>
		<wf pos="DEM">اَتھ</wf>
		<wf pos="QC">اکھ</wf>
		<wf pos="VM">چُس</wf>
		<wf pos="VM">،</wf>
		<wf pos="JJ">خوبصورت</wf>
		<wf pos="CC">تہٕ</wf>
		<wf pos="JJ">حیرت</wf>
		<wf pos="POW">انگیز</wf>
		<wf pos="NN">فن</wf>
		<wf pos="VM">پارٕ</wf>
		<wf pos="NN">بناوانحٲرت</wf>
		<wf pos="CC">تہٕ</wf>
		<wf pos="NN">آورن</wf>
		<wf pos="POW">کٲری</wf>
		<wf pos="VAUX">چھِ</wf>
		<wf pos="JJ">زیادے</wf>
		<wf pos="VM" sense_id="3">کَھسان</wf>
		<wf pos="RB">ییلہ</wf>
		<wf pos="NNC">صنعتِ</wf>
		<wf pos="NN">تضاد</wf>
		<wf pos="PSP">وٲلۍ</wf>
		<wf pos="NN">شعر</wf>
		<wf pos="NN">نظرِ</wf>
		<wf pos="VM">گژھان</wf>
		<wf pos="VAUX">چھِ</wf>
		<wf pos="DEM">اَمیُک</wf>
		<wf pos="JJ">سورُے</wf>
		<wf pos="NN">حُسن</wf>
		<wf pos="VAUX">چھُ</wf>
		<wf pos="NNC">موٗلہٕ</wf>
		<wf pos="PSP">تلہٕ</wf>
		<wf pos="NEG">تمہ</wf>
		<wf pos="NN">لفظہٕ</wf>
		<wf pos="CC">و</wf>
		<wf pos="NN">وترِ</wf>
		<wf pos="CC">تہٕ</wf>
		<wf pos="NN">ترکیبہٕ</wf>
		<wf pos="NNP">تھُریہ</wf>
		<wf pos="PSP">سٍتۍ</wf>
		<wf pos="NN">بارسس</wf>
		<wf pos="VAUX">آمُت</wf>
		<wf pos="NN">یۅسہٕ</wf>
		<wf pos="PRP">بہ</wf>
		<wf pos="NN">ظٲہر</wf>
		<wf pos="JJ">شعوٗری</wf>
		<wf pos="NN">کو</wf>
		<wf pos="PSP">ششہ</wf>
		<wf pos="VM">سٍتۍ</wf>
		<wf pos="VAUX">سپدیمٕژ</wf>
		<wf pos="VM">چھنہٕ</wf>
		<wf pos="CC">بلکہ</wf>
		<wf pos="PRP">أمِس</wf>
		<wf pos="VAUX">وٲتِس</wf>
		<wf pos="INTF">پرٲتِس</wf>
		<wf pos="JJ">صوٗفی</wf>
		<wf pos="CC">تہٕ</wf>
		<wf pos="JJ">صوٗفی</wf>
		<wf pos="NN">شٲعرٕ</wf>
		<wf pos="PSP">سٕنز</wf>
		<wf pos="NN">ازلہٕ</wf>
		<wf pos="NNPC">باگہ</wf>
		<wf pos="NNP">آمٕژِ</wf>
		<wf pos="NNPC">ناگہٕ</wf>
		<wf pos="NN">وُزیہ</wf>
		<wf pos="PSP">سٍتۍ</wf>
		<wf pos="VM">پٲدٕ</wf>
		<wf pos="VAUX">چھِ</wf>
		<wf pos="VM">گٲمٕژ</wf>
		<wf pos="DEM">یِمہٕ</wf>
		<wf pos="NN">لفظٕ</wf>
		<wf pos="NN">ملہٕ</wf>
		<wf pos="VM">وَنہٕ</wf>
		<wf pos="CC">تہٕ</wf>
		<wf pos="PSP">زیرِ</wf>
		<wf pos="NN">نظر</wf>
		<wf pos="NN">پیکر</wf>
		<wf pos="CC">تہٕ</wf>
		<wf pos="NN">شبیہہ</wf>
		<wf pos="PSP">وٲلۍ</wf>
		<wf pos="NN">شعر</wf>
		<wf pos="VAUX">چھِ</wf>
		<wf pos="NN">اَسہ</wf>
		<wf pos="PSP">ہوٮ۪ن</wf>
		<wf pos="JJ">عام</wf>
		<wf pos="NN">قٲ</wf>
		<wf pos="NNP">رین</wf>
		<wf pos="PSP">ہٕندِ</wf>
		<wf pos="PSP">خٲطرٕ</wf>
		<wf pos="RB">محض</wf>
		<wf pos="NN">پرژھٕ</wf>
		<wf pos="VM">باسان</wf>
		<wf pos="CC">اماپوز</wf>
		<wf pos="DEM">یِم</wf>
		<wf pos="VAUX">چھِ</wf>
		<wf pos="PRP">تِم</wf>
		<wf pos="JJ">اکٲیل</wf>
		<wf pos="NN">تجربہٕ</wf>
		<wf pos="DEM">یمن</wf>
		<wf pos="NN">تجربن</wf>
		<wf pos="NN">کاے</wf>
		<wf pos="VM">بخشنہٕ</wf>
		<wf pos="PSP">خٲطرٕ</wf>
		<wf pos="NNPC">شمس</wf>
		<wf pos="NNPC">فقیر</wf>
		<wf pos="NNPC">س</wf>
		<wf pos="PSP">ہیوٗ</wf>
		<wf pos="JJ">معرفتہٕ</wf>
		<wf pos="NN">موت</wf>
		<wf pos="JJ">صوٗفی</wf>
		<wf pos="NN">شٲعرٕے</wf>
		<wf pos="VM">آسُن</wf>
		<wf pos="VAUX">گژھِ</wf>
		<wf pos="NN">صوٗفین</wf>
		<wf pos="NN">تامَتھ</wf>
		<wf pos="VAUX">چھِ</wf>
		<wf pos="VM">سیرِ</wf>
		<wf pos="NN">اسرارن</wf>
		<wf pos="PSP">ہٕنز</wf>
		<wf pos="NN">باوَتھ</wf>
		<wf pos="NNPC">پیر</wf>
		<wf pos="PSP">در</wf>
		<wf pos="NNPC">پیر</wf>
		<wf pos="NNP">سینہٕ</wf>
		<wf pos="PRP">بہ</wf>
		<wf pos="NN">سینہٕ</wf>
		<wf pos="VM">سپدان</wf>
		<wf pos="VM">روزان</wf>
		<wf pos="DEM">یِم</wf>
		<wf pos="VM">چھِنہٕ</wf>
		<wf pos="RB">ظٲہری</wf>
		<wf pos="PRP">عٔلِمس</wf>
		<wf pos="RB">لٲرۍ</wf>
		<wf pos="DEM">یِم</wf>
		<wf pos="VAUX">چھِ</wf>
		<wf pos="VM">بٲطنٕکۍ</wf>
		<wf pos="NN">طٲلب</wf>
		<wf pos="CC">تہٕ</wf>
		<wf pos="NN">وتہٕ</wf>
		<wf pos="VM">گتھ</wf>
		<wf pos="CC">اوَے</wf>
		<wf pos="NEG">چھُنہٕ</wf>
		<wf pos="NNPC">شمس</wf>
		<wf pos="NNP">فقیرنس</wf>
		<wf pos="NNPC">معراج</wf>
		<wf pos="NNP">نامس</wf>
		<wf pos="PSP">منز</wf>
		<wf pos="CC">تہ</wf>
		<wf pos="NN">واقعاتن</wf>
		<wf pos="PSP">ہٕندِس</wf>
		<wf pos="NN">بیانس</wf>
		<wf pos="VM">کُن</wf>
		<wf pos="JJ">خاص</wf>
		<wf pos="NN">ظۅن</wf>
		<wf pos="VM">دِنہٕ</wf>
		<wf pos="VAUX">آمُت</wf>
		<wf pos="VM">بوزوے</wf>
		<wf pos="CC">تہٕ</wf>
		<wf pos="DEM">یہ</wf>
		<wf pos="NNPC">معراج</wf>
		<wf pos="NNP">نامہٕ</wf>
		<wf pos="NN">چُھیی</wf>
		<wf pos="NEG">نہٕ</wf>
		<wf pos="VM">بیان،</wf>
		<wf pos="DEM">یہ</wf>
		<wf pos="VAUX">چھُ</wf>
		<wf pos="QC">اکھ</wf>
		<wf pos="JJ">سِری</wf>
		<wf pos="NN">تجربہٕ</wf>
		<wf pos="CC">تہٕ</wf>
		<wf pos="DEM">أتھۍ</wf>
		<wf pos="JJ">سِری</wf>
		<wf pos="NN">تجربس</wf>
		<wf pos="VAUX">چھِ</wf>
		<wf pos="NN">شعرٕ</wf>
		<wf pos="NN">وردَن</wf>
		<wf pos="VM">پٲرنہٕ</wf>
		<wf pos="VAUX">آمُت</wf>
		<wf pos="NN">شعرٕ</wf>
		<wf pos="NN">زٲژ</wf>
		<wf pos="VM">کِنۍ</wf>
		<wf pos="NEG">چھُنہٕ</wf>
		<wf pos="PRP">یہ</wf>
		<wf pos="PRP">سانٮ۪ن</wf>
		<wf pos="JJ">روایتی</wf>
		<wf pos="NN">معراج</wf>
		<wf pos="NN">نامن</wf>
		<wf pos="PSP">نِش</wf>
		<wf pos="JJ">مختلف</wf>
		<wf pos="NN">اتہ</wf>
		<wf pos="VAUX">چھِ</wf>
		<wf pos="NNPC">وہاب</wf>
		<wf pos="NNPC">کھارنہ</wf>
		<wf pos="NNPC">معراج</wf>
		<wf pos="NN">نامٕکۍ</wf>
		<wf pos="POW">پٲٹھۍ</wf>
		<wf pos="NN">وُپھٕ</wf>
		<wf pos="NN">وٲری</wf>
		<wf pos="NN">،وُژھٕ</wf>
		<wf pos="NN">وٲری</wf>
		<wf pos="NN">،حٲرٕتُک</wf>
		<wf pos="CC">تہٕ</wf>
		<wf pos="NN">وۅسہٕ</wf>
		<wf pos="NN">درۅسہ</wf>
		<wf pos="NN">ہُندماحول</wf>
		<wf pos="VM">وۅتلاونہٕ</wf>
		<wf pos="VAUX">آمُت</wf>
		<wf pos="DEM">یِتھِ</wf>
		<wf pos="NN">ماحولہٕ</wf>
		<wf pos="PSP">خٲطرٕ</wf>
		<wf pos="VAUX">چھِ</wf>
		<wf pos="NN">شعرن</wf>
		<wf pos="PSP">ہٕنز</wf>
		<wf pos="RB">روٲنی</wf>
		<wf pos="JJ">ضروری</wf>
		<wf pos="CC">تہٕ</wf>
		<wf pos="NNPC">شمس</wf>
		<wf pos="VM">فقیرُن</wf>
		<wf pos="PRP">پرٮ۪تھ</wf>
		<wf pos="PRP">کانہہ</wf>
		<wf pos="NN">شعر</wf>
		<wf pos="VAUX">چھُ</wf>
		<wf pos="RB">روٲنی</wf>
		<wf pos="POW">دار</wf>
		<wf pos="SYM">:</wf>
		<wf pos="SYM">۔</wf>
</sentence>
<sentence s_id="117">
		<wf pos="JJ">نٔو</wf>
		<wf pos="NNP">کشیر</wf>
		<wf pos="VAUX">چھے</wf>
		<wf pos="NN">مہجورنٮ۪و</wf>
		<wf pos="PRP">تِمو</wf>
		<wf pos="NN">نظمو</wf>
		<wf pos="PSP">منزٕ</wf>
		<wf pos="QC">اکھ</wf>
		<wf pos="JJ">نُمایندٕ</wf>
		<wf pos="NN">نظم</wf>
		<wf pos="VM">،</wf>
		<wf pos="DEM">یِمن</wf>
		<wf pos="PSP">اندر</wf>
		<wf pos="NN">تمٔۍ</wf>
		<wf pos="VM">یِنہٕ</wf>
		<wf pos="PSP">وٲلِس</wf>
		<wf pos="NN">زمانس</wf>
		<wf pos="PSP">مُتعلق</wf>
		<wf pos="VM">پیش</wf>
		<wf pos="RB">گوٗیی</wf>
		<wf pos="VAUX">کٔرمٕژچھے</wf>
		<wf pos="DEM">یہ</wf>
		<wf pos="NN">نظم</wf>
		<wf pos="VAUX">چھے</wf>
		<wf pos="RB">دراصل</wf>
		<wf pos="NNPC">جموں</wf>
		<wf pos="CC">و</wf>
		<wf pos="NNPC">کشمیرنیشنل</wf>
		<wf pos="NNP">کانفرنسکہ</wf>
		<wf pos="NNPC">تمہ</wf>
		<wf pos="NNP">منشوٗرٕچ</wf>
		<wf pos="JJ">شاعرانہٕ</wf>
		<wf pos="NN">باوَتھ</wf>
		<wf pos="VM">،</wf>
		<wf pos="NNP">یُسنیا</wf>
		<wf pos="VM">کشمیرناوٕ</wf>
		<wf pos="NN">1944ءاندر</wf>
		<wf pos="VM">چھاپ</wf>
		<wf pos="VM">کرنہٕ</wf>
		<wf pos="NN">آیو</wf>
		<wf pos="CC">و</wf>
		<wf pos="JJ">نوِ</wf>
		<wf pos="NNP">کٔشیرِ</wf>
		<wf pos="PSP">ہٕندِس</wf>
		<wf pos="RB">پٔزۍ</wf>
		<wf pos="POW">پٲٹھۍ</wf>
		<wf pos="NN">وجودس</wf>
		<wf pos="PSP">منز</wf>
		<wf pos="VM">یِنٕچ</wf>
		<wf pos="NN">یۅسہٕ</wf>
		<wf pos="NN">یقین</wf>
		<wf pos="NN">دہٲنی</wf>
		<wf pos="NN">مہجورن</wf>
		<wf pos="DEM">اَتھ</wf>
		<wf pos="NN">نظمہ</wf>
		<wf pos="PSP">منز</wf>
		<wf pos="VM">کٔرمٕژ</wf>
		<wf pos="VAUX">چھے</wf>
		<wf pos="DEM">،تمیُک</wf>
		<wf pos="NN">اندازِ</wf>
		<wf pos="VM">بیان</wf>
		<wf pos="VAUX">چھُ</wf>
		<wf pos="NNPC">نٮ۪رل</wf>
		<wf pos="NNP">کٲشرۍ</wf>
		<wf pos="VAUX">ہٮ۪کہٕ</wf>
		<wf pos="CC">ہن</wf>
		<wf pos="NEG">نہٕ</wf>
		<wf pos="DEM">اَمہ</wf>
		<wf pos="PSP">کہ</wf>
		<wf pos="JJ">علامتی</wf>
		<wf pos="CC">تہٕ</wf>
		<wf pos="JJ">اسطوٗری</wf>
		<wf pos="NN">طرزِ</wf>
		<wf pos="JJ">بیانہٕ</wf>
		<wf pos="VM">سٍتۍ</wf>
		<wf pos="DEM">اَمہ</wf>
		<wf pos="NN">کِس</wf>
		<wf pos="CC">پوز</wf>
		<wf pos="VAUX">آسہٕ</wf>
		<wf pos="NN">نس</wf>
		<wf pos="PSP">پٮ۪ٹھ</wf>
		<wf pos="NN">آسٕرۍ</wf>
		<wf pos="NN">دانُک</wf>
		<wf pos="INTF">یوتاہ</wf>
		<wf pos="RP">تہ</wf>
		<wf pos="NN">شک</wf>
		<wf pos="VM">کٔرِتھ</wf>
		<wf pos="NNP">کٲشِرۍ</wf>
		<wf pos="VAUX">چھِ</wf>
		<wf pos="NN">وٲنسہٕ</wf>
		<wf pos="NNP">وادو</wf>
		<wf pos="PSP">پٮ۪ٹھ</wf>
		<wf pos="NNPC">پیر</wf>
		<wf pos="POW">سرپرست</wf>
		<wf pos="VAUX">ٲسۍ</wf>
		<wf pos="VM">مٕتۍ،</wf>
		<wf pos="NNP">مہجور</wf>
		<wf pos="VAUX">چھُ</wf>
		<wf pos="NNP">ونا</wf>
		<wf pos="NN">ن</wf>
		<wf pos="NN">استانن</wf>
		<wf pos="VM">،پھیوٗرُس</wf>
		<wf pos="PRP">مے</wf>
		<wf pos="VM">رٔٹۍ</wf>
		<wf pos="NN">پیرن</wf>
		<wf pos="NN">فقیرن</wf>
		<wf pos="CC">تہٕ</wf>
		<wf pos="NN">جوٗگۍ</wf>
		<wf pos="NN">مستانن</wf>
		<wf pos="NN">کھۅر</wf>
		<wf pos="VM">،</wf>
		<wf pos="RB">ٲخر</wf>
		<wf pos="NN">ترٲوٕم</wf>
		<wf pos="NN">تھزرس</wf>
		<wf pos="NN">أکِس</wf>
		<wf pos="PSP">پٮ۪ٹھ</wf>
		<wf pos="NN">لر</wf>
		<wf pos="CC">مگر</wf>
		<wf pos="NN">من</wf>
		<wf pos="VM">تھووُم</wf>
		<wf pos="NN">بٮ۪دار،</wf>
		<wf pos="RB">أتۍ</wf>
		<wf pos="NN">گوم</wf>
		<wf pos="QC">اکھ</wf>
		<wf pos="POW">نوو</wf>
		<wf pos="NN">نغمہٕ</wf>
		<wf pos="NN">کنن</wf>
		<wf pos="VM">،</wf>
		<wf pos="CC">کنہٕ</wf>
		<wf pos="NN">وان</wf>
		<wf pos="NN">گٔیم</wf>
		<wf pos="CC">زِ</wf>
		<wf pos="NN">صُبحُک</wf>
		<wf pos="NN">واو</wf>
		<wf pos="VAUX">اوس</wf>
		<wf pos="NN">باغس</wf>
		<wf pos="VM">یِنہٕ</wf>
		<wf pos="NNP">والہ</wf>
		<wf pos="NN">بہارٕچ</wf>
		<wf pos="CC">تہٕ</wf>
		<wf pos="JJ">سۅ</wf>
		<wf pos="NN">کالچ</wf>
		<wf pos="NN">شیچھ</wf>
		<wf pos="VM">ونان</wf>
		<wf pos="DEM">یِہے</wf>
		<wf pos="NN">شیچھ</wf>
		<wf pos="VAUX">چھُ</wf>
		<wf pos="NNP">مہجوٗر</wf>
		<wf pos="VM">نظماوان</wf>
		<wf pos="VM">،</wf>
		<wf pos="DEM">ییمہ</wf>
		<wf pos="PSP">سٍتۍ</wf>
		<wf pos="NNP">کٲشرٮ۪ن</wf>
		<wf pos="NN">شانہٕ</wf>
		<wf pos="NNP">وۅگنیارُک</wf>
		<wf pos="NN">احساس</wf>
		<wf pos="VM">گنان</wf>
		<wf pos="VAUX">چُھ،</wf>
		<wf pos="PRP">پانس</wf>
		<wf pos="CC">تہٕ</wf>
		<wf pos="PRP">پنہٕ</wf>
		<wf pos="NEG">نہ</wf>
		<wf pos="NN">تحریکہ</wf>
		<wf pos="PSP">پٮ۪ٹھ</wf>
		<wf pos="NN">پژھ</wf>
		<wf pos="VM" sense_id="3">کَھسان</wf>
		<wf pos="VAUX">چھے</wf>
		<wf pos="DEM">اَتھ</wf>
		<wf pos="NN">نظمہ</wf>
		<wf pos="PSP">منز</wf>
		<wf pos="VAUX">چھُ</wf>
		<wf pos="VM">یِنہٕ</wf>
		<wf pos="NNP">والہ</wf>
		<wf pos="NN">زمانُک</wf>
		<wf pos="CC">تہٕ</wf>
		<wf pos="NN">تصورتہٕ</wf>
		<wf pos="NN">تصویر</wf>
		<wf pos="SYM">۔</wf>
</sentence>
<sentence s_id="118">
		<wf pos="NNP">سرینگر</wf>
		<wf pos="NN">مال</wf>
		<wf pos="NN">رپوٹ</wf>
		<wf pos="NNP">کٲشرٮ۪ن</wf>
		<wf pos="RB">ییٚتہِ</wf>
		<wf pos="RB">دۄہدِشُک</wf>
		<wf pos="NNC">لۄہ</wf>
		<wf pos="NN">لنگر</wf>
		<wf pos="VM">چلاونَس</wf>
		<wf pos="PSP">منٛز</wf>
		<wf pos="JJ">واریاہِہ</wf>
		<wf pos="PSP">رٔنگۍ</wf>
		<wf pos="JJ">ٹھٔرۍ</wf>
		<wf pos="NN">بُتھ</wf>
		<wf pos="VAUX">چِھ،</wf>
		<wf pos="NST">تتہِ</wf>
		<wf pos="VAUX">چُھ</wf>
		<wf pos="JJ">اہم</wf>
		<wf pos="JJ">استمٲلی</wf>
		<wf pos="NN">چیٖزَن</wf>
		<wf pos="PSP">ہُنٛد</wf>
		<wf pos="NN">مۄل</wf>
		<wf pos="JJ">تیز</wf>
		<wf pos="VM" sense_id="3">کَھسان</wf>
		<wf pos="NNP">کٲشرٮ۪ن</wf>
		<wf pos="NN">لُکن</wf>
		<wf pos="PSP">باپَتھ</wf>
		<wf pos="VM">بنٛیوومُت</wf>
		<wf pos="NN">تشویٖش</wf>
		<wf pos="PSP">لایق</wf>
		<wf pos="NN">معاملہٕ</wf>
		<wf pos="SYM">۔</wf>
</sentence>
<sentence s_id="119">
		<wf pos="NNP">کٲشرٮ۪ن</wf>
		<wf pos="RB">ییٚتہِ</wf>
		<wf pos="RB">دۄہدِشُک</wf>
		<wf pos="NNC">لۄہ</wf>
		<wf pos="NN">لنگر</wf>
		<wf pos="VM">چلاونَس</wf>
		<wf pos="PSP">منٛز</wf>
		<wf pos="JJ">واریاہِہ</wf>
		<wf pos="PSP">رٔنگۍ</wf>
		<wf pos="JJ">ٹھٔرۍ</wf>
		<wf pos="NN">بُتھ</wf>
		<wf pos="VAUX">چِھ،</wf>
		<wf pos="NST">تتہِ</wf>
		<wf pos="VAUX">چُھ</wf>
		<wf pos="JJ">اہم</wf>
		<wf pos="JJ">استمٲلی</wf>
		<wf pos="NN">چیٖزَن</wf>
		<wf pos="PSP">ہُنٛد</wf>
		<wf pos="NN">مۄل</wf>
		<wf pos="RB">تیزی</wf>
		<wf pos="POW">سان</wf>
		<wf pos="VM" sense_id="3">کَھسان</wf>
		<wf pos="NNP">کٲشرٮ۪ن</wf>
		<wf pos="NN">لُکن</wf>
		<wf pos="PSP">باپَتھ</wf>
		<wf pos="QC">اَکھ</wf>
		<wf pos="JJ">اہم</wf>
		<wf pos="NN">مسلہ</wf>
		<wf pos="VM">بنٛیوومُت</wf>
		<wf pos="NN">سبزی</wf>
		<wf pos="NN">ؤتھرس</wf>
		<wf pos="PSP">پٮ۪ٹھٕ</wf>
		<wf pos="JJ">تعمیٖری</wf>
		<wf pos="NN">ساز</wf>
		<wf pos="CC">و</wf>
		<wf pos="NN">سامانس</wf>
		<wf pos="PSP">تام</wf>
		<wf pos="VAUX">چھےٚ</wf>
		<wf pos="NN">بازرس</wf>
		<wf pos="RB">ژوپٲرۍ</wf>
		<wf pos="NN">ژِنۍ</wf>
		<wf pos="VM">گٔمِژ</wf>
		<wf pos="NN">حٲرتَس</wf>
		<wf pos="PSP">لایق</wf>
		<wf pos="VAUX">چھے</wf>
		<wf pos="NN">کتھ</wf>
		<wf pos="CC">زِ</wf>
		<wf pos="NN">سرکارس</wf>
		<wf pos="VAUX">چُھ</wf>
		<wf pos="NEG">نہٕ</wf>
		<wf pos="NN">کنَن</wf>
		<wf pos="NN">گۭس</wf>
		<wf pos="RP">تہِ</wf>
		<wf pos="VM">گژھان</wf>
		<wf pos="CC">حالانکہِ</wf>
		<wf pos="DEM">یہِ</wf>
		<wf pos="VAUX">گۄٚژھ</wf>
		<wf pos="NEG">نہٕ</wf>
		<wf pos="VM">آسُن</wf>
		<wf pos="CC">تِکیازِ</wf>
		<wf pos="JJ">اہم</wf>
		<wf pos="JJ">استعمٲلی</wf>
		<wf pos="NN">چیٖزن</wf>
		<wf pos="PSP">ہُنٛد</wf>
		<wf pos="NN">مۄل</wf>
		<wf pos="NN">دۄہ</wf>
		<wf pos="RP">کھۄتہٕ</wf>
		<wf pos="NN">دۄہ</wf>
		<wf pos="NN">آسمانس</wf>
		<wf pos="VM">کھسُن</wf>
		<wf pos="VAUX">چُھ</wf>
		<wf pos="NN">تشویٖش</wf>
		<wf pos="PSP">لایق</wf>
		<wf pos="NN">معاملہٕ</wf>
		<wf pos="SYM">۔</wf>
</sentence>
<sentence s_id="120">
		<wf pos="NNP">سرینگر</wf>
		<wf pos="NN">مال</wf>
		<wf pos="NN">رپوٹ</wf>
		<wf pos="NNP">کٲشرٮ۪ن</wf>
		<wf pos="RB">ییٚتہِ</wf>
		<wf pos="RB">دۄہدِشُک</wf>
		<wf pos="NNC">لۄہ</wf>
		<wf pos="NN">لنگر</wf>
		<wf pos="VM">چلاونَس</wf>
		<wf pos="PSP">منٛز</wf>
		<wf pos="JJ">واریاہِہ</wf>
		<wf pos="PSP">رٔنگۍ</wf>
		<wf pos="JJ">ٹھٔرۍ</wf>
		<wf pos="NN">بُتھ</wf>
		<wf pos="VAUX">چِھ،</wf>
		<wf pos="NST">تتہِ</wf>
		<wf pos="VAUX">چُھ</wf>
		<wf pos="JJ">اہم</wf>
		<wf pos="JJ">استمٲلی</wf>
		<wf pos="NN">چیٖزَن</wf>
		<wf pos="PSP">ہُنٛد</wf>
		<wf pos="NN">مۄل</wf>
		<wf pos="RB">تیزی</wf>
		<wf pos="POW">سان</wf>
		<wf pos="VM" sense_id="3">کَھسان</wf>
		<wf pos="NNP">کٲشرٮ۪ن</wf>
		<wf pos="NN">لُکن</wf>
		<wf pos="PSP">باپَتھ</wf>
		<wf pos="VM">بنٛیوومُت</wf>
		<wf pos="SYM">۔</wf>
</sentence>
<sentence s_id="121">
		<wf pos="NNP">کٲشرٮ۪ن</wf>
		<wf pos="RB">ییٚتہِ</wf>
		<wf pos="RB">دۄہدِشُک</wf>
		<wf pos="NNC">لۄہ</wf>
		<wf pos="NN">لنگر</wf>
		<wf pos="VM">چلاونَس</wf>
		<wf pos="PSP">منٛز</wf>
		<wf pos="JJ">واریاہِہ</wf>
		<wf pos="PSP">رٔنگۍ</wf>
		<wf pos="JJ">ٹھٔرۍ</wf>
		<wf pos="NN">بُتھ</wf>
		<wf pos="VAUX">چِھ،</wf>
		<wf pos="NST">تتہِ</wf>
		<wf pos="VAUX">چُھ</wf>
		<wf pos="JJ">اہم</wf>
		<wf pos="JJ">استمٲلی</wf>
		<wf pos="NN">چیٖزَن</wf>
		<wf pos="PSP">ہُنٛد</wf>
		<wf pos="NN">مۄل</wf>
		<wf pos="RB">تیزی</wf>
		<wf pos="POW">سان</wf>
		<wf pos="VM" sense_id="3">کَھسان</wf>
		<wf pos="NNP">کٲشرٮ۪ن</wf>
		<wf pos="NN">لُکن</wf>
		<wf pos="PSP">باپَتھ</wf>
		<wf pos="VM">بنٛیوومُت</wf>
		<wf pos="NN">تشویٖش</wf>
		<wf pos="PSP">لایق</wf>
		<wf pos="NN">معاملہٕ</wf>
		<wf pos="SYM">۔</wf>
</sentence>
<sentence s_id="122">
		<wf pos="DEM">ییٚمکہِ</wf>
		<wf pos="NN">بڑنہٕ</wf>
		<wf pos="PSP">سۭتۍ</wf>
		<wf pos="NN">جٕسمَس</wf>
		<wf pos="NN">خرٲبی</wf>
		<wf pos="NN">گَژھان:کٮ۪لَسٹرٛالُک</wf>
		<wf pos="VM" sense_id="3">کَھسان</wf>
		<wf pos="VAUX">چُھ</wf>
		<wf pos="NN">جِسمَس</wf>
		<wf pos="PSP">خٲطرٕ</wf>
		<wf pos="JJ">خطرناک</wf>
		<wf pos="SYM">۔</wf>
</sentence>
<sentence s_id="123">
		<wf pos="DEM">تَمہِ</wf>
		<wf pos="NN" sense_id="4">کھوول</wf>
		<wf pos="NN">شُر</wf>
		<wf pos="NN">گُرِس</wf>
		<wf pos="PSP">پٮ۪ٹھ</wf>
		<wf pos="SYM">۔</wf>
</sentence>
<sentence s_id="124">
		<wf pos="PRP">سۄ</wf>
		<wf pos="NN">کَوَل</wf>
		<wf pos="PRP">یۄس</wf>
		<wf pos="QC">ٲٹَھو</wf>
		<wf pos="NN">پَنہٕ</wf>
		<wf pos="NN">ؤتھرَن</wf>
		<wf pos="PSP">ہٕنٛز</wf>
		<wf pos="VAUX">آسہِ</wf>
		<wf pos="NNPC">بَنیمٕژ:پٔنڈِتجین</wf>
		<wf pos="NN" sense_id="4">کھوول</wf>
		<wf pos="NN">بَگوانَس</wf>
		<wf pos="NN">پریساد</wf>
		<wf pos="QC">ٲٹھَن</wf>
		<wf pos="NN">پَنؤتھرو</wf>
		<wf pos="QC">سۭتؠ</wf>
		<wf pos="VM">بَنیمٕژ</wf>
		<wf pos="NN">کَولہِ</wf>
		<wf pos="PSP">منٛز</wf>
		<wf pos="SYM">۔</wf>
</sentence>
<sentence s_id="125">
		<wf pos="NN">أکِس</wf>
		<wf pos="NN">کِلوَس</wf>
		<wf pos="VM" sense_id="6">کَھژٕ</wf>
		<wf pos="JJ">صِرِف</wf>
		<wf pos="QC">پانٛژھ</wf>
		<wf pos="NN">اَمٛبٕ</wf>
		<wf pos="SYM">۔</wf>
</sentence>
<sentence s_id="126">
		<wf pos="NNP">سرینگر</wf>
		<wf pos="NN">مال</wf>
		<wf pos="NN">رپوٹ</wf>
		<wf pos="NNP">کٲشرٮ۪ن</wf>
		<wf pos="RB">ییٚتہِ</wf>
		<wf pos="RB">دۄہدِشُک</wf>
		<wf pos="NNC">لۄہ</wf>
		<wf pos="NN">لنگر</wf>
		<wf pos="VM">چلاونَس</wf>
		<wf pos="PSP">منٛز</wf>
		<wf pos="JJ">واریاہِہ</wf>
		<wf pos="PSP">رٔنگۍ</wf>
		<wf pos="JJ">ٹھٔرۍ</wf>
		<wf pos="NN">بُتھ</wf>
		<wf pos="VAUX">چِھ،</wf>
		<wf pos="NST">تتہِ</wf>
		<wf pos="VAUX">چُھ</wf>
		<wf pos="JJ">اہم</wf>
		<wf pos="JJ">استمٲلی</wf>
		<wf pos="NN">چیٖزَن</wf>
		<wf pos="PSP">ہُنٛد</wf>
		<wf pos="NN">مۄل</wf>
		<wf pos="JJ">تیز</wf>
		<wf pos="VM" sense_id="3">کَھسان</wf>
		<wf pos="NNP">کٲشرٮ۪ن</wf>
		<wf pos="NN">لُکن</wf>
		<wf pos="PSP">باپَتھ</wf>
		<wf pos="VM">بنٛیوومُت</wf>
		<wf pos="NN">تشویٖش</wf>
		<wf pos="PSP">لایق</wf>
		<wf pos="NN">معاملہٕ</wf>
		<wf pos="SYM">۔</wf>
</sentence>
<sentence s_id="127">
		<wf pos="NNP">کٲشرٮ۪ن</wf>
		<wf pos="RB">ییٚتہِ</wf>
		<wf pos="RB">دۄہدِشُک</wf>
		<wf pos="NNC">لۄہ</wf>
		<wf pos="NN">لنگر</wf>
		<wf pos="VM">چلاونَس</wf>
		<wf pos="PSP">منٛز</wf>
		<wf pos="JJ">واریاہِہ</wf>
		<wf pos="PSP">رٔنگۍ</wf>
		<wf pos="JJ">ٹھٔرۍ</wf>
		<wf pos="NN">بُتھ</wf>
		<wf pos="VAUX">چِھ،</wf>
		<wf pos="NST">تتہِ</wf>
		<wf pos="VAUX">چُھ</wf>
		<wf pos="JJ">اہم</wf>
		<wf pos="JJ">استمٲلی</wf>
		<wf pos="NN">چیٖزَن</wf>
		<wf pos="PSP">ہُنٛد</wf>
		<wf pos="NN">مۄل</wf>
		<wf pos="RB">تیزی</wf>
		<wf pos="POW">سان</wf>
		<wf pos="VM" sense_id="1">کَھسان</wf>
		<wf pos="NNP">کٲشرٮ۪ن</wf>
		<wf pos="NN">لُکن</wf>
		<wf pos="PSP">باپَتھ</wf>
		<wf pos="QC">اَکھ</wf>
		<wf pos="JJ">اہم</wf>
		<wf pos="NN">مسلہ</wf>
		<wf pos="VM">بنٛیوومُت</wf>
		<wf pos="NN">سبزی</wf>
		<wf pos="NN">ؤتھرس</wf>
		<wf pos="PSP">پٮ۪ٹھٕ</wf>
		<wf pos="JJ">تعمیٖری</wf>
		<wf pos="NN">ساز</wf>
		<wf pos="CC">و</wf>
		<wf pos="NN">سامانس</wf>
		<wf pos="PSP">تام</wf>
		<wf pos="VAUX">چھےٚ</wf>
		<wf pos="NN">بازرس</wf>
		<wf pos="RB">ژوپٲرۍ</wf>
		<wf pos="NN">ژِنۍ</wf>
		<wf pos="VM">گٔمِژ</wf>
		<wf pos="NN">حٲرتَس</wf>
		<wf pos="PSP">لایق</wf>
		<wf pos="VAUX">چھے</wf>
		<wf pos="NN">کتھ</wf>
		<wf pos="CC">زِ</wf>
		<wf pos="NN">سرکارس</wf>
		<wf pos="VAUX">چُھ</wf>
		<wf pos="NEG">نہٕ</wf>
		<wf pos="NN">کنَن</wf>
		<wf pos="NN">گۭس</wf>
		<wf pos="RP">تہِ</wf>
		<wf pos="VM">گژھان</wf>
		<wf pos="CC">حالانکہِ</wf>
		<wf pos="DEM">یہِ</wf>
		<wf pos="VAUX">گۄٚژھ</wf>
		<wf pos="NEG">نہٕ</wf>
		<wf pos="VM">آسُن</wf>
		<wf pos="CC">تِکیازِ</wf>
		<wf pos="JJ">اہم</wf>
		<wf pos="JJ">استعمٲلی</wf>
		<wf pos="NN">چیٖزن</wf>
		<wf pos="PSP">ہُنٛد</wf>
		<wf pos="NN">مۄل</wf>
		<wf pos="NN">دۄہ</wf>
		<wf pos="RP">کھۄتہٕ</wf>
		<wf pos="NN">دۄہ</wf>
		<wf pos="NN">آسمانس</wf>
		<wf pos="VM">کھسُن</wf>
		<wf pos="VAUX">چُھ</wf>
		<wf pos="NN">تشویٖش</wf>
		<wf pos="PSP">لایق</wf>
		<wf pos="NN">معاملہٕ</wf>
		<wf pos="SYM">۔</wf>
</sentence>
<sentence s_id="128">
		<wf pos="NNP">سرینگر</wf>
		<wf pos="NN">مال</wf>
		<wf pos="NN">رپوٹ</wf>
		<wf pos="NNP">کٲشرٮ۪ن</wf>
		<wf pos="RB">ییٚتہِ</wf>
		<wf pos="RB">دۄہدِشُک</wf>
		<wf pos="NNC">لۄہ</wf>
		<wf pos="NN">لنگر</wf>
		<wf pos="VM">چلاونَس</wf>
		<wf pos="PSP">منٛز</wf>
		<wf pos="JJ">واریاہِہ</wf>
		<wf pos="PSP">رٔنگۍ</wf>
		<wf pos="JJ">ٹھٔرۍ</wf>
		<wf pos="NN">بُتھ</wf>
		<wf pos="VAUX">چِھ،</wf>
		<wf pos="NST">تتہِ</wf>
		<wf pos="VAUX">چُھ</wf>
		<wf pos="JJ">اہم</wf>
		<wf pos="JJ">استمٲلی</wf>
		<wf pos="NN">چیٖزَن</wf>
		<wf pos="PSP">ہُنٛد</wf>
		<wf pos="NN">مۄل</wf>
		<wf pos="RB">تیزی</wf>
		<wf pos="POW">سان</wf>
		<wf pos="VM" sense_id="3">کَھسان</wf>
		<wf pos="NNP">کٲشرٮ۪ن</wf>
		<wf pos="NN">لُکن</wf>
		<wf pos="PSP">باپَتھ</wf>
		<wf pos="VM">بنٛیوومُت</wf>
		<wf pos="SYM">۔</wf>
</sentence>
<sentence s_id="129">
		<wf pos="NNP">کٲشرٮ۪ن</wf>
		<wf pos="RB">ییٚتہِ</wf>
		<wf pos="RB">دۄہدِشُک</wf>
		<wf pos="NNC">لۄہ</wf>
		<wf pos="NN">لنگر</wf>
		<wf pos="VM">چلاونَس</wf>
		<wf pos="PSP">منٛز</wf>
		<wf pos="JJ">واریاہِہ</wf>
		<wf pos="PSP">رٔنگۍ</wf>
		<wf pos="JJ">ٹھٔرۍ</wf>
		<wf pos="NN">بُتھ</wf>
		<wf pos="VAUX">چِھ،</wf>
		<wf pos="NST">تتہِ</wf>
		<wf pos="VAUX">چُھ</wf>
		<wf pos="JJ">اہم</wf>
		<wf pos="JJ">استمٲلی</wf>
		<wf pos="NN">چیٖزَن</wf>
		<wf pos="PSP">ہُنٛد</wf>
		<wf pos="NN">مۄل</wf>
		<wf pos="RB">تیزی</wf>
		<wf pos="POW">سان</wf>
		<wf pos="VM" sense_id="3">کَھسان</wf>
		<wf pos="NNP">کٲشرٮ۪ن</wf>
		<wf pos="NN">لُکن</wf>
		<wf pos="PSP">باپَتھ</wf>
		<wf pos="VM">بنٛیوومُت</wf>
		<wf pos="NN">تشویٖش</wf>
		<wf pos="PSP">لایق</wf>
		<wf pos="NN">معاملہٕ</wf>
		<wf pos="SYM">۔</wf>
</sentence>
<sentence s_id="130">
		<wf pos="DEM">ییٚمکہِ</wf>
		<wf pos="NN">بڑنہٕ</wf>
		<wf pos="PSP">سۭتۍ</wf>
		<wf pos="NN">جٕسمَس</wf>
		<wf pos="NN">خرٲبی</wf>
		<wf pos="NN">گَژھان:کٮ۪لَسٹرٛالُک</wf>
		<wf pos="VM" sense_id="3">کَھسان</wf>
		<wf pos="VAUX">چُھ</wf>
		<wf pos="NN">جِسمَس</wf>
		<wf pos="PSP">خٲطرٕ</wf>
		<wf pos="JJ">خطرناک</wf>
		<wf pos="SYM">۔</wf>
</sentence>
<sentence s_id="131">
		<wf pos="NN">نمبلہِ</wf>
		<wf pos="PSP">منٛز</wf>
		<wf pos="VAUX">چھہِ</wf>
		<wf pos="NN">پمپوش</wf>
		<wf pos="VM" sense_id="3">کَھسان</wf>
		<wf pos="POW">مٕتۍ</wf>
		<wf pos="SYM">۔</wf>
</sentence>
<sentence s_id="132">
		<wf pos="PRP">سُہ</wf>
		<wf pos="DEM">یُس</wf>
		<wf pos="NN">بٔگی</wf>
		<wf pos="VM">چَلاوان</wf>
		<wf pos="NN">چُھ:بٔگی</wf>
		<wf pos="PSP">وٲلۍ</wf>
		<wf pos="VM">رُکٲو</wf>
		<wf pos="NN">بٔگی</wf>
		<wf pos="CC">تہٕ</wf>
		<wf pos="PRP">أسۍ</wf>
		<wf pos="JJ">سٲری</wf>
		<wf pos="VM" sense_id="4">کٔھتۍ</wf>
		<wf pos="DEM">تَتھ</wf>
		<wf pos="SYM">۔</wf>
</sentence>
<sentence s_id="133">
		<wf pos="PRP">سُہ</wf>
		<wf pos="NN">کُل</wf>
		<wf pos="DEM">یَتھ</wf>
		<wf pos="VM">تُلۍ</wf>
		<wf pos="VM">کھَسان</wf>
		<wf pos="VM">چھِ:تُلۍ</wf>
		<wf pos="VM">کھٮ۪نہٕ</wf>
		<wf pos="PSP">خٲطرٕ</wf>
		<wf pos="VM" sense_id="4">کٔھتۍ</wf>
		<wf pos="PRP">أسۍ</wf>
		<wf pos="NNPC">تُلہٕ</wf>
		<wf pos="NNP">کُلِس</wf>
		<wf pos="PSP">پٮ۪ٹھ</wf>
		<wf pos="SYM">۔</wf>
</sentence>
<sentence s_id="134">
		<wf pos="QC">اَکہِ</wf>
		<wf pos="NN">قٔسمُک</wf>
		<wf pos="NN">ٹانٛگہٕ:گام</wf>
		<wf pos="VAUX">گَژھنہٕ</wf>
		<wf pos="NN">خٲطرِٕ</wf>
		<wf pos="VM" sense_id="4">کٔھتۍ</wf>
		<wf pos="PRP">أسۍ</wf>
		<wf pos="NN">أکِس</wf>
		<wf pos="JJ">گُڑ</wf>
		<wf pos="NN">بہَلَس</wf>
		<wf pos="SYM">۔</wf>
</sentence>
<sentence s_id="135">
		<wf pos="QC">اَکھ</wf>
		<wf pos="NN">کُل</wf>
		<wf pos="DEM">یُس</wf>
		<wf pos="JJ">عَربی</wf>
		<wf pos="NN">ذٲژ</wf>
		<wf pos="PSP">ہُنٛد</wf>
		<wf pos="VM">آسان</wf>
		<wf pos="RB">چُھ:ییٚتہِ</wf>
		<wf pos="VAUX">چِھ</wf>
		<wf pos="NN">بَھنٛڑا</wf>
		<wf pos="VM">کُلۍ</wf>
		<wf pos="NN" sense_id="2">کھوول</wf>
		<wf pos="POW">مٕتۍ</wf>
		<wf pos="SYM">۔</wf>
</sentence>
<sentence s_id="136">
		<wf pos="RB">لَگ</wf>
		<wf pos="POW">بَگ</wf>
		<wf pos="QC">پانٛژہٲٹھَن</wf>
		<wf pos="NN">تام:سہلاب</wf>
		<wf pos="VM">یَِنَس</wf>
		<wf pos="PSP">پٮ۪ٹھ</wf>
		<wf pos="NN" sense_id="2">کھوول</wf>
		<wf pos="VM">پانٛژٕ</wf>
		<wf pos="QC">ہٲٹھ</wf>
		<wf pos="NN">لُکھ</wf>
		<wf pos="NN">پَہاڑَس</wf>
		<wf pos="PSP">پٮ۪ٹھ</wf>
		<wf pos="SYM">۔</wf>
</sentence>
<sentence s_id="137">
		<wf pos="NN">توتا</wf>
		<wf pos="JJ">پٔری</wf>
		<wf pos="NN">اَمبہِ</wf>
		<wf pos="PSP">ہُنٛد</wf>
		<wf pos="NN">کُل:پٔنٛزۍ</wf>
		<wf pos="VAUX">چِھ</wf>
		<wf pos="NN">توتا</wf>
		<wf pos="JJ">پٔری</wf>
		<wf pos="NN">اَمبہٕ</wf>
		<wf pos="NN">کُلِس</wf>
		<wf pos="PSP">پٮ۪ٹھ</wf>
		<wf pos="NN" sense_id="2">کھوول</wf>
		<wf pos="POW">مٕتۍ</wf>
		<wf pos="SYM">۔</wf>
</sentence>

</contextfile>