<?xml version='1.0' encoding='utf-8'?>
<contextfile filename="xml" fileno="58">
<sentence s_id="1">
		<wf pos="DEM">یہِ</wf>
		<wf pos="NN">کتھ</wf>
		<wf pos="RP">تہِ</wf>
		<wf pos="NEG">چَھنہٕ</wf>
		<wf pos="JJ">اَپٕز</wf>
		<wf pos="PRP">کینٛہہ</wf>
		<wf pos="DEM">زِ</wf>
		<wf pos="DEM">اَتھ</wf>
		<wf pos="NNP">کٲشِرس</wf>
		<wf pos="PSP">پٮ۪ٹھ</wf>
		<wf pos="VAUX">چُھ</wf>
		<wf pos="NNP">پَہٲڈی</wf>
		<wf pos="NN">زبانَو</wf>
		<wf pos="PRP">پَنُن</wf>
		<wf pos="INTF">سٮ۪ٹھاہ</wf>
		<wf pos="NN">رَنٛگ</wf>
		<wf pos="VM">کھورمُت</wf>
		<wf pos="RP">تہِ</wf>
		<wf pos="VM">کٔرِتھ</wf>
		<wf pos="RP">تہِ</wf>
		<wf pos="VAUX">چُھ</wf>
		<wf pos="NNP">بانہالہِ,</wf>
		<wf pos="NNP">,پوگلہٕ</wf>
		<wf pos="CC">تہٕ</wf>
		<wf pos="NNP">کشتٕوارٕ</wf>
		<wf pos="NNP">بٔدرواہہٕ</wf>
		<wf pos="CC">تہٕ</wf>
		<wf pos="NNP">ڈوڈہہٕ</wf>
		<wf pos="NNP">کٲشِر</wf>
		<wf pos="NN">باشہِ</wf>
		<wf pos="PSP">منٛز</wf>
		<wf pos="NNP">کٲشریُک</wf>
		<wf pos="NN" sense_id="2">گَنٛڈ</wf>
		<wf pos="NN">واٹھ</wf>
		<wf pos="CC">یا</wf>
		<wf pos="JJ">صٔحیٖی</wf>
		<wf pos="NN">توٚژِھ</wf>
		<wf pos="PSP">مَنٛز</wf>
		<wf pos="VM">موٗجوٗد</wf>
		<wf pos="SYM">۔</wf>
</sentence>
<sentence s_id="2">
		<wf pos="JJ">مَزۂبی</wf>
		<wf pos="NN">رَسمَن</wf>
		<wf pos="PSP">منٛز</wf>
		<wf pos="NN">زَنانہِ</wf>
		<wf pos="CC">تہٕ</wf>
		<wf pos="NN">خانٛدار</wf>
		<wf pos="PSP">سٕنٛدِس</wf>
		<wf pos="NN">ڈُپٹَس</wf>
		<wf pos="NN" sense_id="1">گَنٛڈ</wf>
		<wf pos="VM">کَرنٕچ</wf>
		<wf pos="QC">عَمَل:سَتہِ</wf>
		<wf pos="NNP">نارایَن</wf>
		<wf pos="QC">کَتھا</wf>
		<wf pos="VM">بوزنہٕ</wf>
		<wf pos="NN">وِزِ</wf>
		<wf pos="VM">کوٚر</wf>
		<wf pos="NN">نٲوِد</wf>
		<wf pos="PSP">بایہِ</wf>
		<wf pos="PRP">تِمَن</wf>
		<wf pos="RB">گَنٛٹھ</wf>
		<wf pos="NN">بَنٛدَن</wf>
		<wf pos="SYM">۔</wf>
</sentence>
<sentence s_id="3">
		<wf pos="JJ">نٮ۪ٹھِ</wf>
		<wf pos="CC">تہٕ</wf>
		<wf pos="NN">اُنٛگجہِ</wf>
		<wf pos="PSP">سۭتۍ</wf>
		<wf pos="NN">ماز</wf>
		<wf pos="VM">وٕٹھنٕچ</wf>
		<wf pos="PRP">عَمَل:تٔمۍ</wf>
		<wf pos="PSP">سٕنٛزِ</wf>
		<wf pos="NN">ژُمٹہٕ</wf>
		<wf pos="PSP">سۭتۍ</wf>
		<wf pos="VM">گوو</wf>
		<wf pos="PRP">مےٚ</wf>
		<wf pos="NN">اَتَھس</wf>
		<wf pos="RB">رَتھٕ</wf>
		<wf pos="NN" sense_id="1">گَنٛڈ</wf>
		<wf pos="SYM">۔</wf>
</sentence>
<sentence s_id="4">
		<wf pos="PRP">کانٛہہ</wf>
		<wf pos="NN" sense_id="1">گَنٛڈ</wf>
		<wf pos="NEG">نہٕ</wf>
		<wf pos="VM">آسنٕچ</wf>
		<wf pos="NN">حالَت:ڈیٖلہِ</wf>
		<wf pos="PSP">سۭتۍ</wf>
		<wf pos="VAUX">چُھ</wf>
		<wf pos="NN">سَماجَس</wf>
		<wf pos="PSP">منٛز</wf>
		<wf pos="NN">سَرکٔشی</wf>
		<wf pos="RB">پھۄلان</wf>
		<wf pos="SYM">۔</wf>
</sentence>
<sentence s_id="5">
		<wf pos="NN">دَجہِ</wf>
		<wf pos="PSP">منٛز</wf>
		<wf pos="PRP">کیٚنٛہہ</wf>
		<wf pos="VM">بٔرِتھ</wf>
		<wf pos="DEM">یَتھ</wf>
		<wf pos="PSP">پٮ۪ٹھٕ</wf>
		<wf pos="VM">کَنہِ</wf>
		<wf pos="NN" sense_id="1">گَنٛڈ</wf>
		<wf pos="VAUX">چُھ</wf>
		<wf pos="VM">آسان</wf>
		<wf pos="PRP">کٔرِتھ:تٔمۍ</wf>
		<wf pos="JJ">کٔڑۍ</wf>
		<wf pos="NN">پٕھٹجہِ</wf>
		<wf pos="PSP">منٛز</wf>
		<wf pos="NN">پَلَو</wf>
		<wf pos="SYM">۔</wf>
</sentence>
<sentence s_id="6">
		<wf pos="PRP">سُہ</wf>
		<wf pos="VAUX">اوس</wf>
		<wf pos="NN">لٔکٕر</wf>
		<wf pos="VM">گٔنٛڈِتھ</wf>
		<wf pos="PRP">تھاوانتٔمۍ</wf>
		<wf pos="VM">تھٲو</wf>
		<wf pos="NN">گاو</wf>
		<wf pos="VM">رَزِ</wf>
		<wf pos="PSP">سۭتۍ</wf>
		<wf pos="NN" sense_id="1">گَنٛڈ</wf>
		<wf pos="VM">کٔرِتھ</wf>
		<wf pos="SYM">۔</wf>
</sentence>
<sentence s_id="7">
		<wf pos="JJ">نٲوِ</wf>
		<wf pos="NN">زٲژ</wf>
		<wf pos="PSP">ہٕنٛز</wf>
		<wf pos="NN">زَنان:نٲوِدباے</wf>
		<wf pos="VAUX">ٲس</wf>
		<wf pos="NN">مہرِنہِ</wf>
		<wf pos="CC">تہٕ</wf>
		<wf pos="NN">مہرازَس</wf>
		<wf pos="NN" sense_id="2">گَنٛڈ</wf>
		<wf pos="JJ">بَنٛد</wf>
		<wf pos="VM">کَران</wf>
		<wf pos="SYM">۔</wf>
</sentence>
<sentence s_id="8">
		<wf pos="NN" sense_id="1">گَنٛڈ</wf>
		<wf pos="VM">کٔرِتھ</wf>
		<wf pos="NN">رنٛگ</wf>
		<wf pos="VM">دِنہٕ</wf>
		<wf pos="VAUX">آمُت</wf>
		<wf pos="PRP">کَپُر:تیٚمۍ</wf>
		<wf pos="PSP">سٕنٛز</wf>
		<wf pos="JJ">بانٛدنی</wf>
		<wf pos="NN">سٲڑۍ</wf>
		<wf pos="VAUX">چھےٚ</wf>
		<wf pos="JJ">اَصٕل</wf>
		<wf pos="VM">سَجان</wf>
		<wf pos="SYM">۔</wf>
</sentence>
<sentence s_id="9">
		<wf pos="NN" sense_id="1">گَنٛڈ</wf>
		<wf pos="VM">کٔرِتھ</wf>
		<wf pos="NN">رنٛگ</wf>
		<wf pos="VM">دِنُک</wf>
		<wf pos="NNPC">ہُنَر:مَنورما</wf>
		<wf pos="VAUX">چھےٚ</wf>
		<wf pos="JJ">بانٛدنی</wf>
		<wf pos="VM">ہیٚچھناوان</wf>
		<wf pos="SYM">۔</wf>
</sentence>
<sentence s_id="10">
		<wf pos="NN">کُلِک</wf>
		<wf pos="PRP">کُنہِ</wf>
		<wf pos="NN">حِصُک</wf>
		<wf pos="PSP">تَھزَر:یتھ</wf>
		<wf pos="NN">کُلِس</wf>
		<wf pos="PSP">منٛز</wf>
		<wf pos="VAUX">چِھ</wf>
		<wf pos="JJ">واریاہ</wf>
		<wf pos="NN" sense_id="3">گَنٛڈ</wf>
		<wf pos="SYM">۔</wf>
</sentence>
<sentence s_id="11">
		<wf pos="VM">رَزِ</wf>
		<wf pos="PSP">ہٕنٛد</wf>
		<wf pos="QC">زٕ</wf>
		<wf pos="NN">اَنٛد</wf>
		<wf pos="PRP">پانہٕ</wf>
		<wf pos="POW">وٲنۍ</wf>
		<wf pos="VM">جوٗڑِتھ</wf>
		<wf pos="NN" sense_id="1">گَنٛڈ</wf>
		<wf pos="PRP">کرُن:تٔمۍ</wf>
		<wf pos="RDP">گونٛڈ</wf>
		<wf pos="NN">کُلِس</wf>
		<wf pos="PSP">پٮ۪ٹھ</wf>
		<wf pos="NN">جوٗلہٕ</wf>
		<wf pos="SYM">۔</wf>
</sentence>
<sentence s_id="12">
		<wf pos="DEM">یہِ</wf>
		<wf pos="NN">بیان</wf>
		<wf pos="VM">بوٗزِتھ</wf>
		<wf pos="VAUX">گو</wf>
		<wf pos="NNPC">نوٗر</wf>
		<wf pos="NNP">جہانہِ</wf>
		<wf pos="NN">پھرٛٹھ</wf>
		<wf pos="VM">ہیٛوٗہ</wf>
		<wf pos="NN">أش</wf>
		<wf pos="NN" sense_id="3">گَنٛڈ</wf>
		<wf pos="VAUX">پھٔٹِس،</wf>
		<wf pos="NN">دِل</wf>
		<wf pos="VM">رووُس</wf>
		<wf pos="SYM">ہیوٗہ</wf>
		<wf pos="NN">تَپھ</wf>
		<wf pos="POW">تۭر</wf>
		<wf pos="VM">کھژٕس</wf>
		<wf pos="CC">تہٕ</wf>
		<wf pos="VAUX">گٔیہِ</wf>
		<wf pos="JJ">بٮ۪مار</wf>
		<wf pos="SYM">۔</wf>
</sentence>
<sentence s_id="13">
		<wf pos="PRP">سُہ</wf>
		<wf pos="VAUX">ہیوٚک</wf>
		<wf pos="NEG">نہٕ</wf>
		<wf pos="NN">پَلوَن</wf>
		<wf pos="NN" sense_id="1">گَنٛڈ</wf>
		<wf pos="VM">کھوٗلِتھ</wf>
		<wf pos="SYM">۔</wf>
</sentence>
<sentence s_id="14">
		<wf pos="NN">کَپرُک</wf>
		<wf pos="CC">یا</wf>
		<wf pos="RB">ڈورٕ</wf>
		<wf pos="NN">بیترِ</wf>
		<wf pos="PSP">ہُنٛد</wf>
		<wf pos="NN">اَنٛد</wf>
		<wf pos="PRP">یُس</wf>
		<wf pos="VM">وٕٹھِتھ</wf>
		<wf pos="JJ">آسہِ:رَزِ</wf>
		<wf pos="PSP">ہُنٛد</wf>
		<wf pos="NN" sense_id="1">گَنٛڈ</wf>
		<wf pos="NN">مٕژرٲوتٕھے</wf>
		<wf pos="VM">ژوٚل</wf>
		<wf pos="DEM">تَتھ</wf>
		<wf pos="NN">وَر</wf>
		<wf pos="SYM">۔</wf>
</sentence>
<sentence s_id="15">
		<wf pos="QC">لَچھ</wf>
		<wf pos="NN">کوٗشہٕ</wf>
		<wf pos="VM">کٔرِتھ</wf>
		<wf pos="CC">تہٕ</wf>
		<wf pos="VAUX">ہیوٚک</wf>
		<wf pos="NEG">نہٕ</wf>
		<wf pos="NN">ژوٗرَن</wf>
		<wf pos="NN" sense_id="2">گَنٛڈ</wf>
		<wf pos="VM">مٕژرِتھ</wf>
		<wf pos="SYM">۔</wf>
</sentence>
<sentence s_id="16">
		<wf pos="PRP">کاٛنہہ</wf>
		<wf pos="NN">چیٖز</wf>
		<wf pos="VM">گَنٛڈنہٕ</wf>
		<wf pos="PSP">خٲطرٕ</wf>
		<wf pos="NN">چَمرُو</wf>
		<wf pos="CC">یا</wf>
		<wf pos="NN">کَپرُو</wf>
		<wf pos="NN">پھیٖتہٕ:رِکابہِ</wf>
		<wf pos="PSP">ہِنٛزٕ</wf>
		<wf pos="NNC">ژیٚنمَژِ</wf>
		<wf pos="NN">رٮ۪لہٕ</wf>
		<wf pos="NN" sense_id="2">گَنٛڈ</wf>
		<wf pos="SYM">۔</wf>
</sentence>
<sentence s_id="17">
		<wf pos="NN">پِھیٖتِک</wf>
		<wf pos="POW">پٲٹھۍ</wf>
		<wf pos="QC">اَکھ</wf>
		<wf pos="JJ">زِیوٗٹھ</wf>
		<wf pos="NN">چیٖز</wf>
		<wf pos="DEM">یُس</wf>
		<wf pos="NN">گَردَنہِ</wf>
		<wf pos="PSP">نِش</wf>
		<wf pos="NN">کَمیٖزِکالرَس</wf>
		<wf pos="NN">ٲندٕر</wf>
		<wf pos="VAUX">چھےٚ</wf>
		<wf pos="VM">لاگنہٕ</wf>
		<wf pos="VM">یِوان</wf>
		<wf pos="CC">تہٕ</wf>
		<wf pos="VM">بٕتھکَنہِ</wf>
		<wf pos="VAUX">چُھس</wf>
		<wf pos="NN" sense_id="1">گَنٛڈ</wf>
		<wf pos="VM">یِوان</wf>
		<wf pos="RB">کَرنہٕ:ٹَے</wf>
		<wf pos="VAUX">چھے</wf>
		<wf pos="JJ">ؤلٲتی</wf>
		<wf pos="NN">پوشاک</wf>
		<wf pos="SYM">۔</wf>
</sentence>
<sentence s_id="18">
		<wf pos="NN">انسان</wf>
		<wf pos="PSP">سٕنٛزَن</wf>
		<wf pos="NN">اوٚنٛگجین</wf>
		<wf pos="VAUX">چھِ</wf>
		<wf pos="QC">ترٛے</wf>
		<wf pos="NN" sense_id="2">گَنٛڈ</wf>
		<wf pos="VM">آسان</wf>
		<wf pos="SYM">۔</wf>
</sentence>
<sentence s_id="19">
		<wf pos="NNP">گُلیلُک</wf>
		<wf pos="NN">فیٖتہٕ:گُلیلَس</wf>
		<wf pos="NEG">نَے</wf>
		<wf pos="JJ">وارِیاہ</wf>
		<wf pos="NN">پھِرِ</wf>
		<wf pos="NN">وَلَو</wf>
		<wf pos="NN">اَمیُٛک</wf>
		<wf pos="NN" sense_id="2">گَنٛڈ</wf>
		<wf pos="VAUX">چُھ</wf>
		<wf pos="VM">پُھٹان</wf>
		<wf pos="SYM">۔</wf>
</sentence>
<sentence s_id="20">
		<wf pos="NN" sense_id="3">گَنٛڈ</wf>
		<wf pos="VAUX">چُھ</wf>
		<wf pos="NN">بَلغَم</wf>
		<wf pos="PSP">کہِ</wf>
		<wf pos="INTF">وَجَہسۭتۍ</wf>
		<wf pos="VM">گَژھان</wf>
		<wf pos="SYM">۔</wf>
</sentence>
<sentence s_id="21">
		<wf pos="PRP">سۄ</wf>
		<wf pos="NN">کار</wf>
		<wf pos="CC">یا</wf>
		<wf pos="NN">کٲم</wf>
		<wf pos="DEM">یَتھ</wf>
		<wf pos="PSP">منٛز</wf>
		<wf pos="NN" sense_id="1">گَنٛڈ</wf>
		<wf pos="VM">آسہِ</wf>
		<wf pos="CC">یا</wf>
		<wf pos="VM">یۄنہٕ</wf>
		<wf pos="JJ">ٹھیٖک</wf>
		<wf pos="NN">آسہِ:بہٕ</wf>
		<wf pos="NN">کَتھ</wf>
		<wf pos="NN" sense_id="2">گَنٛڈ</wf>
		<wf pos="JJ">لَد</wf>
		<wf pos="NN">کارَس</wf>
		<wf pos="PSP">منٛز</wf>
		<wf pos="VM">آس</wf>
		<wf pos="VM">وَلنہٕ</wf>
		<wf pos="SYM">۔</wf>
</sentence>
<sentence s_id="22">
		<wf pos="NN">کاشتکار</wf>
		<wf pos="VAUX">چُھ</wf>
		<wf pos="NN">وَر</wf>
		<wf pos="NN">لَجہِ</wf>
		<wf pos="VAUX">مٕژَن</wf>
		<wf pos="NN">رَزَن</wf>
		<wf pos="NN" sense_id="1">گَنٛڈ</wf>
		<wf pos="VM">کَڑان</wf>
		<wf pos="SYM">۔</wf>
</sentence>
<sentence s_id="23">
		<wf pos="DEM">یہِ</wf>
		<wf pos="NN" sense_id="1">گَنٛڈ</wf>
		<wf pos="RB">کِتھہٕ</wf>
		<wf pos="POW">کٔنۍ</wf>
		<wf pos="RB">نیٚرِ</wf>
		<wf pos="DEM">یَتھ</wf>
		<wf pos="SYM">۔</wf>
</sentence>
<sentence s_id="24">
		<wf pos="JJ">پرٛٮ۪تھ</wf>
		<wf pos="NN" sense_id="1">گَنٛڈ</wf>
		<wf pos="NN">پتہ</wf>
		<wf pos="VM">کنہ</wf>
		<wf pos="NN">ہتہ</wf>
		<wf pos="PSP">بدۍ</wf>
		<wf pos="NN" sense_id="1">گَنٛڈ</wf>
		<wf pos="SYM">۔</wf>
</sentence>
<sentence s_id="25">
		<wf pos="NN">گُلوکار،بیترِ</wf>
		<wf pos="PSP">ہٕنٛد</wf>
		<wf pos="NN">وستادَو</wf>
		<wf pos="PSP">ذریعہ</wf>
		<wf pos="NN">شاگِردَن</wf>
		<wf pos="VM">لاگنہٕ</wf>
		<wf pos="NN">یٕنہٕ</wf>
		<wf pos="PSP">وول</wf>
		<wf pos="NN">پَن:گُلوکارٕ</wf>
		<wf pos="PSP">سٕنٛد</wf>
		<wf pos="NN">گُروٗنَن</wf>
		<wf pos="RDP">گوٚنٛڈ</wf>
		<wf pos="PRP">تٔمِس</wf>
		<wf pos="NN" sense_id="1">گَنٛڈ</wf>
		<wf pos="SYM">۔</wf>
<sentence s_id="26">
		<wf pos="DEM">یہِ</wf>
		<wf pos="NN">کتھ</wf>
		<wf pos="RP">تہِ</wf>
		<wf pos="NEG">چَھنہٕ</wf>
		<wf pos="JJ">اَپٕز</wf>
		<wf pos="PRP">کینٛہہ</wf>
		<wf pos="DEM">زِ</wf>
		<wf pos="DEM">اَتھ</wf>
		<wf pos="NNP">کٲشِرس</wf>
		<wf pos="PSP">پٮ۪ٹھ</wf>
		<wf pos="VAUX">چُھ</wf>
		<wf pos="NNP">پَہٲڈی</wf>
		<wf pos="NN">زبانَو</wf>
		<wf pos="PRP">پَنُن</wf>
		<wf pos="INTF">سٮ۪ٹھاہ</wf>
		<wf pos="NN">رَنٛگ</wf>
		<wf pos="VM">کھورمُت</wf>
		<wf pos="RP">تہِ</wf>
		<wf pos="VM">کٔرِتھ</wf>
		<wf pos="RP">تہِ</wf>
		<wf pos="VAUX">چُھ</wf>
		<wf pos="NNP">بانہالہِ,</wf>
		<wf pos="NNP">,پوگلہٕ</wf>
		<wf pos="CC">تہٕ</wf>
		<wf pos="NNP">کشتٕوارٕ</wf>
		<wf pos="NNP">بٔدرواہہٕ</wf>
		<wf pos="CC">تہٕ</wf>
		<wf pos="NNP">ڈوڈہہٕ</wf>
		<wf pos="NNP">کٲشِر</wf>
		<wf pos="NN">باشہِ</wf>
		<wf pos="PSP">منٛز</wf>
		<wf pos="NNP">کٲشریُک</wf>
		<wf pos="NN" sense_id="2">گَنٛڈ</wf>
		<wf pos="NN">واٹھ</wf>
		<wf pos="CC">یا</wf>
		<wf pos="JJ">صٔحیٖی</wf>
		<wf pos="NN">توٚژِھ</wf>
		<wf pos="PSP">مَنٛز</wf>
		<wf pos="VM">موٗجوٗد</wf>
		<wf pos="SYM">۔</wf>
</sentence>
<sentence s_id="27">
		<wf pos="JJ">مَزۂبی</wf>
		<wf pos="NN">رَسمَن</wf>
		<wf pos="PSP">منٛز</wf>
		<wf pos="NN">زَنانہِ</wf>
		<wf pos="CC">تہٕ</wf>
		<wf pos="NN">خانٛدار</wf>
		<wf pos="PSP">سٕنٛدِس</wf>
		<wf pos="NN">ڈُپٹَس</wf>
		<wf pos="NN" sense_id="1">گَنٛڈ</wf>
		<wf pos="VM">کَرنٕچ</wf>
		<wf pos="QC">عَمَل:سَتہِ</wf>
		<wf pos="NNP">نارایَن</wf>
		<wf pos="QC">کَتھا</wf>
		<wf pos="VM">بوزنہٕ</wf>
		<wf pos="NN">وِزِ</wf>
		<wf pos="VM">کوٚر</wf>
		<wf pos="NN">نٲوِد</wf>
		<wf pos="PSP">بایہِ</wf>
		<wf pos="PRP">تِمَن</wf>
		<wf pos="RB">گَنٛٹھ</wf>
		<wf pos="NN">بَنٛدَن</wf>
		<wf pos="SYM">۔</wf>
</sentence>
<sentence s_id="28">
		<wf pos="JJ">نٮ۪ٹھِ</wf>
		<wf pos="CC">تہٕ</wf>
		<wf pos="NN">اُنٛگجہِ</wf>
		<wf pos="PSP">سۭتۍ</wf>
		<wf pos="NN">ماز</wf>
		<wf pos="VM">وٕٹھنٕچ</wf>
		<wf pos="PRP">عَمَل:تٔمۍ</wf>
		<wf pos="PSP">سٕنٛزِ</wf>
		<wf pos="NN">ژُمٹہٕ</wf>
		<wf pos="PSP">سۭتۍ</wf>
		<wf pos="VM">گوو</wf>
		<wf pos="PRP">مےٚ</wf>
		<wf pos="NN">اَتَھس</wf>
		<wf pos="RB">رَتھٕ</wf>
		<wf pos="NN" sense_id="1">گَنٛڈ</wf>
		<wf pos="SYM">۔</wf>
</sentence>
<sentence s_id="29">
		<wf pos="PRP">کانٛہہ</wf>
		<wf pos="NN" sense_id="1">گَنٛڈ</wf>
		<wf pos="NEG">نہٕ</wf>
		<wf pos="VM">آسنٕچ</wf>
		<wf pos="NN">حالَت:ڈیٖلہِ</wf>
		<wf pos="PSP">سۭتۍ</wf>
		<wf pos="VAUX">چُھ</wf>
		<wf pos="NN">سَماجَس</wf>
		<wf pos="PSP">منٛز</wf>
		<wf pos="NN">سَرکٔشی</wf>
		<wf pos="RB">پھۄلان</wf>
		<wf pos="SYM">۔</wf>
</sentence>
<sentence s_id="30">
		<wf pos="NN">دَجہِ</wf>
		<wf pos="PSP">منٛز</wf>
		<wf pos="PRP">کیٚنٛہہ</wf>
		<wf pos="VM">بٔرِتھ</wf>
		<wf pos="DEM">یَتھ</wf>
		<wf pos="PSP">پٮ۪ٹھٕ</wf>
		<wf pos="VM">کَنہِ</wf>
		<wf pos="NN" sense_id="1">گَنٛڈ</wf>
		<wf pos="VAUX">چُھ</wf>
		<wf pos="VM">آسان</wf>
		<wf pos="PRP">کٔرِتھ:تٔمۍ</wf>
		<wf pos="JJ">کٔڑۍ</wf>
		<wf pos="NN">پٕھٹجہِ</wf>
		<wf pos="PSP">منٛز</wf>
		<wf pos="NN">پَلَو</wf>
		<wf pos="SYM">۔</wf>
</sentence>
<sentence s_id="31">
		<wf pos="PRP">سُہ</wf>
		<wf pos="VAUX">اوس</wf>
		<wf pos="NN">لٔکٕر</wf>
		<wf pos="VM">گٔنٛڈِتھ</wf>
		<wf pos="PRP">تھاوانتٔمۍ</wf>
		<wf pos="VM">تھٲو</wf>
		<wf pos="NN">گاو</wf>
		<wf pos="VM">رَزِ</wf>
		<wf pos="PSP">سۭتۍ</wf>
		<wf pos="NN" sense_id="1">گَنٛڈ</wf>
		<wf pos="VM">کٔرِتھ</wf>
		<wf pos="SYM">۔</wf>
</sentence>
<sentence s_id="32">
		<wf pos="JJ">نٲوِ</wf>
		<wf pos="NN">زٲژ</wf>
		<wf pos="PSP">ہٕنٛز</wf>
		<wf pos="NN">زَنان:نٲوِدباے</wf>
		<wf pos="VAUX">ٲس</wf>
		<wf pos="NN">مہرِنہِ</wf>
		<wf pos="CC">تہٕ</wf>
		<wf pos="NN">مہرازَس</wf>
		<wf pos="NN" sense_id="2">گَنٛڈ</wf>
		<wf pos="JJ">بَنٛد</wf>
		<wf pos="VM">کَران</wf>
		<wf pos="SYM">۔</wf>
</sentence>
<sentence s_id="33">
		<wf pos="NN" sense_id="1">گَنٛڈ</wf>
		<wf pos="VM">کٔرِتھ</wf>
		<wf pos="NN">رنٛگ</wf>
		<wf pos="VM">دِنہٕ</wf>
		<wf pos="VAUX">آمُت</wf>
		<wf pos="PRP">کَپُر:تیٚمۍ</wf>
		<wf pos="PSP">سٕنٛز</wf>
		<wf pos="JJ">بانٛدنی</wf>
		<wf pos="NN">سٲڑۍ</wf>
		<wf pos="VAUX">چھےٚ</wf>
		<wf pos="JJ">اَصٕل</wf>
		<wf pos="VM">سَجان</wf>
		<wf pos="SYM">۔</wf>
</sentence>
<sentence s_id="34">
		<wf pos="NN" sense_id="1">گَنٛڈ</wf>
		<wf pos="VM">کٔرِتھ</wf>
		<wf pos="NN">رنٛگ</wf>
		<wf pos="VM">دِنُک</wf>
		<wf pos="NNPC">ہُنَر:مَنورما</wf>
		<wf pos="VAUX">چھےٚ</wf>
		<wf pos="JJ">بانٛدنی</wf>
		<wf pos="VM">ہیٚچھناوان</wf>
		<wf pos="SYM">۔</wf>
</sentence>
<sentence s_id="35">
		<wf pos="NN">کُلِک</wf>
		<wf pos="PRP">کُنہِ</wf>
		<wf pos="NN">حِصُک</wf>
		<wf pos="PSP">تَھزَر:یتھ</wf>
		<wf pos="NN">کُلِس</wf>
		<wf pos="PSP">منٛز</wf>
		<wf pos="VAUX">چِھ</wf>
		<wf pos="JJ">واریاہ</wf>
		<wf pos="NN" sense_id="3">گَنٛڈ</wf>
		<wf pos="SYM">۔</wf>
</sentence>
<sentence s_id="36">
		<wf pos="VM">رَزِ</wf>
		<wf pos="PSP">ہٕنٛد</wf>
		<wf pos="QC">زٕ</wf>
		<wf pos="NN">اَنٛد</wf>
		<wf pos="PRP">پانہٕ</wf>
		<wf pos="POW">وٲنۍ</wf>
		<wf pos="VM">جوٗڑِتھ</wf>
		<wf pos="NN" sense_id="1">گَنٛڈ</wf>
		<wf pos="PRP">کرُن:تٔمۍ</wf>
		<wf pos="RDP">گونٛڈ</wf>
		<wf pos="NN">کُلِس</wf>
		<wf pos="PSP">پٮ۪ٹھ</wf>
		<wf pos="NN">جوٗلہٕ</wf>
		<wf pos="SYM">۔</wf>
</sentence>
<sentence s_id="37">
		<wf pos="DEM">یہِ</wf>
		<wf pos="NN">بیان</wf>
		<wf pos="VM">بوٗزِتھ</wf>
		<wf pos="VAUX">گو</wf>
		<wf pos="NNPC">نوٗر</wf>
		<wf pos="NNP">جہانہِ</wf>
		<wf pos="NN">پھرٛٹھ</wf>
		<wf pos="VM">ہیٛوٗہ</wf>
		<wf pos="NN">أش</wf>
		<wf pos="NN" sense_id="3">گَنٛڈ</wf>
		<wf pos="VAUX">پھٔٹِس،</wf>
		<wf pos="NN">دِل</wf>
		<wf pos="VM">رووُس</wf>
		<wf pos="SYM">ہیوٗہ</wf>
		<wf pos="NN">تَپھ</wf>
		<wf pos="POW">تۭر</wf>
		<wf pos="VM">کھژٕس</wf>
		<wf pos="CC">تہٕ</wf>
		<wf pos="VAUX">گٔیہِ</wf>
		<wf pos="JJ">بٮ۪مار</wf>
		<wf pos="SYM">۔</wf>
</sentence>
<sentence s_id="38">
		<wf pos="PRP">سُہ</wf>
		<wf pos="VAUX">ہیوٚک</wf>
		<wf pos="NEG">نہٕ</wf>
		<wf pos="NN">پَلوَن</wf>
		<wf pos="NN" sense_id="1">گَنٛڈ</wf>
		<wf pos="VM">کھوٗلِتھ</wf>
		<wf pos="SYM">۔</wf>
</sentence>
<sentence s_id="39">
		<wf pos="NN">کَپرُک</wf>
		<wf pos="CC">یا</wf>
		<wf pos="RB">ڈورٕ</wf>
		<wf pos="NN">بیترِ</wf>
		<wf pos="PSP">ہُنٛد</wf>
		<wf pos="NN">اَنٛد</wf>
		<wf pos="PRP">یُس</wf>
		<wf pos="VM">وٕٹھِتھ</wf>
		<wf pos="JJ">آسہِ:رَزِ</wf>
		<wf pos="PSP">ہُنٛد</wf>
		<wf pos="NN" sense_id="1">گَنٛڈ</wf>
		<wf pos="NN">مٕژرٲوتٕھے</wf>
		<wf pos="VM">ژوٚل</wf>
		<wf pos="DEM">تَتھ</wf>
		<wf pos="NN">وَر</wf>
		<wf pos="SYM">۔</wf>
</sentence>
<sentence s_id="40">
		<wf pos="QC">لَچھ</wf>
		<wf pos="NN">کوٗشہٕ</wf>
		<wf pos="VM">کٔرِتھ</wf>
		<wf pos="CC">تہٕ</wf>
		<wf pos="VAUX">ہیوٚک</wf>
		<wf pos="NEG">نہٕ</wf>
		<wf pos="NN">ژوٗرَن</wf>
		<wf pos="NN" sense_id="2">گَنٛڈ</wf>
		<wf pos="VM">مٕژرِتھ</wf>
		<wf pos="SYM">۔</wf>
</sentence>
<sentence s_id="41">
		<wf pos="PRP">کاٛنہہ</wf>
		<wf pos="NN">چیٖز</wf>
		<wf pos="VM">گَنٛڈنہٕ</wf>
		<wf pos="PSP">خٲطرٕ</wf>
		<wf pos="NN">چَمرُو</wf>
		<wf pos="CC">یا</wf>
		<wf pos="NN">کَپرُو</wf>
		<wf pos="NN">پھیٖتہٕ:رِکابہِ</wf>
		<wf pos="PSP">ہِنٛزٕ</wf>
		<wf pos="NNC">ژیٚنمَژِ</wf>
		<wf pos="NN">رٮ۪لہٕ</wf>
		<wf pos="NN" sense_id="2">گَنٛڈ</wf>
		<wf pos="SYM">۔</wf>
</sentence>
<sentence s_id="42">
		<wf pos="NN">پِھیٖتِک</wf>
		<wf pos="POW">پٲٹھۍ</wf>
		<wf pos="QC">اَکھ</wf>
		<wf pos="JJ">زِیوٗٹھ</wf>
		<wf pos="NN">چیٖز</wf>
		<wf pos="DEM">یُس</wf>
		<wf pos="NN">گَردَنہِ</wf>
		<wf pos="PSP">نِش</wf>
		<wf pos="NN">کَمیٖزِکالرَس</wf>
		<wf pos="NN">ٲندٕر</wf>
		<wf pos="VAUX">چھےٚ</wf>
		<wf pos="VM">لاگنہٕ</wf>
		<wf pos="VM">یِوان</wf>
		<wf pos="CC">تہٕ</wf>
		<wf pos="VM">بٕتھکَنہِ</wf>
		<wf pos="VAUX">چُھس</wf>
		<wf pos="NN" sense_id="1">گَنٛڈ</wf>
		<wf pos="VM">یِوان</wf>
		<wf pos="RB">کَرنہٕ:ٹَے</wf>
		<wf pos="VAUX">چھے</wf>
		<wf pos="JJ">ؤلٲتی</wf>
		<wf pos="NN">پوشاک</wf>
		<wf pos="SYM">۔</wf>
</sentence>
<sentence s_id="43">
		<wf pos="NN">انسان</wf>
		<wf pos="PSP">سٕنٛزَن</wf>
		<wf pos="NN">اوٚنٛگجین</wf>
		<wf pos="VAUX">چھِ</wf>
		<wf pos="QC">ترٛے</wf>
		<wf pos="NN" sense_id="2">گَنٛڈ</wf>
		<wf pos="VM">آسان</wf>
		<wf pos="SYM">۔</wf>
</sentence>
<sentence s_id="44">
		<wf pos="NNP">گُلیلُک</wf>
		<wf pos="NN">فیٖتہٕ:گُلیلَس</wf>
		<wf pos="NEG">نَے</wf>
		<wf pos="JJ">وارِیاہ</wf>
		<wf pos="NN">پھِرِ</wf>
		<wf pos="NN">وَلَو</wf>
		<wf pos="NN">اَمیُٛک</wf>
		<wf pos="NN" sense_id="2">گَنٛڈ</wf>
		<wf pos="VAUX">چُھ</wf>
		<wf pos="VM">پُھٹان</wf>
		<wf pos="SYM">۔</wf>
</sentence>
<sentence s_id="45">
		<wf pos="NN" sense_id="3">گَنٛڈ</wf>
		<wf pos="VAUX">چُھ</wf>
		<wf pos="NN">بَلغَم</wf>
		<wf pos="PSP">کہِ</wf>
		<wf pos="INTF">وَجَہسۭتۍ</wf>
		<wf pos="VM">گَژھان</wf>
		<wf pos="SYM">۔</wf>
</sentence>
<sentence s_id="46">
		<wf pos="PRP">سۄ</wf>
		<wf pos="NN">کار</wf>
		<wf pos="CC">یا</wf>
		<wf pos="NN">کٲم</wf>
		<wf pos="DEM">یَتھ</wf>
		<wf pos="PSP">منٛز</wf>
		<wf pos="NN" sense_id="1">گَنٛڈ</wf>
		<wf pos="VM">آسہِ</wf>
		<wf pos="CC">یا</wf>
		<wf pos="VM">یۄنہٕ</wf>
		<wf pos="JJ">ٹھیٖک</wf>
		<wf pos="NN">آسہِ:بہٕ</wf>
		<wf pos="NN">کَتھ</wf>
		<wf pos="NN" sense_id="2">گَنٛڈ</wf>
		<wf pos="JJ">لَد</wf>
		<wf pos="NN">کارَس</wf>
		<wf pos="PSP">منٛز</wf>
		<wf pos="VM">آس</wf>
		<wf pos="VM">وَلنہٕ</wf>
		<wf pos="SYM">۔</wf>
</sentence>
<sentence s_id="47">
		<wf pos="NN">کاشتکار</wf>
		<wf pos="VAUX">چُھ</wf>
		<wf pos="NN">وَر</wf>
		<wf pos="NN">لَجہِ</wf>
		<wf pos="VAUX">مٕژَن</wf>
		<wf pos="NN">رَزَن</wf>
		<wf pos="NN" sense_id="1">گَنٛڈ</wf>
		<wf pos="VM">کَڑان</wf>
		<wf pos="SYM">۔</wf>
</sentence>
<sentence s_id="49">
		<wf pos="DEM">یہِ</wf>
		<wf pos="NN" sense_id="1">گَنٛڈ</wf>
		<wf pos="RB">کِتھہٕ</wf>
		<wf pos="POW">کٔنۍ</wf>
		<wf pos="RB">نیٚرِ</wf>
		<wf pos="DEM">یَتھ</wf>
		<wf pos="SYM">۔</wf>
</sentence>
<sentence s_id="49">
		<wf pos="JJ">پرٛٮ۪تھ</wf>
		<wf pos="NN" sense_id="1">گَنٛڈ</wf>
		<wf pos="NN">پتہ</wf>
		<wf pos="VM">کنہ</wf>
		<wf pos="NN">ہتہ</wf>
		<wf pos="PSP">بدۍ</wf>
		<wf pos="NN" sense_id="1">گَنٛڈ</wf>
		<wf pos="SYM">۔</wf>
</sentence>
<sentence s_id="50">
		<wf pos="NN">گُلوکار،بیترِ</wf>
		<wf pos="PSP">ہٕنٛد</wf>
		<wf pos="NN">وستادَو</wf>
		<wf pos="PSP">ذریعہ</wf>
		<wf pos="NN">شاگِردَن</wf>
		<wf pos="VM">لاگنہٕ</wf>
		<wf pos="NN">یٕنہٕ</wf>
		<wf pos="PSP">وول</wf>
		<wf pos="NN">پَن:گُلوکارٕ</wf>
		<wf pos="PSP">سٕنٛد</wf>
		<wf pos="NN">گُروٗنَن</wf>
		<wf pos="RDP">گوٚنٛڈ</wf>
		<wf pos="PRP">تٔمِس</wf>
		<wf pos="NN" sense_id="1">گَنٛڈ</wf>
		<wf pos="SYM">۔</wf>
<sentence s_id="51">
		<wf pos="DEM">یہِ</wf>
		<wf pos="NN">کتھ</wf>
		<wf pos="RP">تہِ</wf>
		<wf pos="NEG">چَھنہٕ</wf>
		<wf pos="JJ">اَپٕز</wf>
		<wf pos="PRP">کینٛہہ</wf>
		<wf pos="DEM">زِ</wf>
		<wf pos="DEM">اَتھ</wf>
		<wf pos="NNP">کٲشِرس</wf>
		<wf pos="PSP">پٮ۪ٹھ</wf>
		<wf pos="VAUX">چُھ</wf>
		<wf pos="NNP">پَہٲڈی</wf>
		<wf pos="NN">زبانَو</wf>
		<wf pos="PRP">پَنُن</wf>
		<wf pos="INTF">سٮ۪ٹھاہ</wf>
		<wf pos="NN">رَنٛگ</wf>
		<wf pos="VM">کھورمُت</wf>
		<wf pos="RP">تہِ</wf>
		<wf pos="VM">کٔرِتھ</wf>
		<wf pos="RP">تہِ</wf>
		<wf pos="VAUX">چُھ</wf>
		<wf pos="NNP">بانہالہِ,</wf>
		<wf pos="NNP">,پوگلہٕ</wf>
		<wf pos="CC">تہٕ</wf>
		<wf pos="NNP">کشتٕوارٕ</wf>
		<wf pos="NNP">بٔدرواہہٕ</wf>
		<wf pos="CC">تہٕ</wf>
		<wf pos="NNP">ڈوڈہہٕ</wf>
		<wf pos="NNP">کٲشِر</wf>
		<wf pos="NN">باشہِ</wf>
		<wf pos="PSP">منٛز</wf>
		<wf pos="NNP">کٲشریُک</wf>
		<wf pos="NN" sense_id="2">گَنٛڈ</wf>
		<wf pos="NN">واٹھ</wf>
		<wf pos="CC">یا</wf>
		<wf pos="JJ">صٔحیٖی</wf>
		<wf pos="NN">توٚژِھ</wf>
		<wf pos="PSP">مَنٛز</wf>
		<wf pos="VM">موٗجوٗد</wf>
		<wf pos="SYM">۔</wf>
</sentence>
<sentence s_id="52">
		<wf pos="JJ">مَزۂبی</wf>
		<wf pos="NN">رَسمَن</wf>
		<wf pos="PSP">منٛز</wf>
		<wf pos="NN">زَنانہِ</wf>
		<wf pos="CC">تہٕ</wf>
		<wf pos="NN">خانٛدار</wf>
		<wf pos="PSP">سٕنٛدِس</wf>
		<wf pos="NN">ڈُپٹَس</wf>
		<wf pos="NN" sense_id="1">گَنٛڈ</wf>
		<wf pos="VM">کَرنٕچ</wf>
		<wf pos="QC">عَمَل:سَتہِ</wf>
		<wf pos="NNP">نارایَن</wf>
		<wf pos="QC">کَتھا</wf>
		<wf pos="VM">بوزنہٕ</wf>
		<wf pos="NN">وِزِ</wf>
		<wf pos="VM">کوٚر</wf>
		<wf pos="NN">نٲوِد</wf>
		<wf pos="PSP">بایہِ</wf>
		<wf pos="PRP">تِمَن</wf>
		<wf pos="RB">گَنٛٹھ</wf>
		<wf pos="NN">بَنٛدَن</wf>
		<wf pos="SYM">۔</wf>
</sentence>
<sentence s_id="53">
		<wf pos="JJ">نٮ۪ٹھِ</wf>
		<wf pos="CC">تہٕ</wf>
		<wf pos="NN">اُنٛگجہِ</wf>
		<wf pos="PSP">سۭتۍ</wf>
		<wf pos="NN">ماز</wf>
		<wf pos="VM">وٕٹھنٕچ</wf>
		<wf pos="PRP">عَمَل:تٔمۍ</wf>
		<wf pos="PSP">سٕنٛزِ</wf>
		<wf pos="NN">ژُمٹہٕ</wf>
		<wf pos="PSP">سۭتۍ</wf>
		<wf pos="VM">گوو</wf>
		<wf pos="PRP">مےٚ</wf>
		<wf pos="NN">اَتَھس</wf>
		<wf pos="RB">رَتھٕ</wf>
		<wf pos="NN" sense_id="1">گَنٛڈ</wf>
		<wf pos="SYM">۔</wf>
</sentence>
<sentence s_id="54">
		<wf pos="PRP">کانٛہہ</wf>
		<wf pos="NN" sense_id="1">گَنٛڈ</wf>
		<wf pos="NEG">نہٕ</wf>
		<wf pos="VM">آسنٕچ</wf>
		<wf pos="NN">حالَت:ڈیٖلہِ</wf>
		<wf pos="PSP">سۭتۍ</wf>
		<wf pos="VAUX">چُھ</wf>
		<wf pos="NN">سَماجَس</wf>
		<wf pos="PSP">منٛز</wf>
		<wf pos="NN">سَرکٔشی</wf>
		<wf pos="RB">پھۄلان</wf>
		<wf pos="SYM">۔</wf>
</sentence>
<sentence s_id="55">
		<wf pos="NN">دَجہِ</wf>
		<wf pos="PSP">منٛز</wf>
		<wf pos="PRP">کیٚنٛہہ</wf>
		<wf pos="VM">بٔرِتھ</wf>
		<wf pos="DEM">یَتھ</wf>
		<wf pos="PSP">پٮ۪ٹھٕ</wf>
		<wf pos="VM">کَنہِ</wf>
		<wf pos="NN" sense_id="1">گَنٛڈ</wf>
		<wf pos="VAUX">چُھ</wf>
		<wf pos="VM">آسان</wf>
		<wf pos="PRP">کٔرِتھ:تٔمۍ</wf>
		<wf pos="JJ">کٔڑۍ</wf>
		<wf pos="NN">پٕھٹجہِ</wf>
		<wf pos="PSP">منٛز</wf>
		<wf pos="NN">پَلَو</wf>
		<wf pos="SYM">۔</wf>
</sentence>
<sentence s_id="56">
		<wf pos="PRP">سُہ</wf>
		<wf pos="VAUX">اوس</wf>
		<wf pos="NN">لٔکٕر</wf>
		<wf pos="VM">گٔنٛڈِتھ</wf>
		<wf pos="PRP">تھاوانتٔمۍ</wf>
		<wf pos="VM">تھٲو</wf>
		<wf pos="NN">گاو</wf>
		<wf pos="VM">رَزِ</wf>
		<wf pos="PSP">سۭتۍ</wf>
		<wf pos="NN" sense_id="1">گَنٛڈ</wf>
		<wf pos="VM">کٔرِتھ</wf>
		<wf pos="SYM">۔</wf>
</sentence>
<sentence s_id="57">
		<wf pos="JJ">نٲوِ</wf>
		<wf pos="NN">زٲژ</wf>
		<wf pos="PSP">ہٕنٛز</wf>
		<wf pos="NN">زَنان:نٲوِدباے</wf>
		<wf pos="VAUX">ٲس</wf>
		<wf pos="NN">مہرِنہِ</wf>
		<wf pos="CC">تہٕ</wf>
		<wf pos="NN">مہرازَس</wf>
		<wf pos="NN" sense_id="2">گَنٛڈ</wf>
		<wf pos="JJ">بَنٛد</wf>
		<wf pos="VM">کَران</wf>
		<wf pos="SYM">۔</wf>
</sentence>
<sentence s_id="58">
		<wf pos="NN" sense_id="1">گَنٛڈ</wf>
		<wf pos="VM">کٔرِتھ</wf>
		<wf pos="NN">رنٛگ</wf>
		<wf pos="VM">دِنہٕ</wf>
		<wf pos="VAUX">آمُت</wf>
		<wf pos="PRP">کَپُر:تیٚمۍ</wf>
		<wf pos="PSP">سٕنٛز</wf>
		<wf pos="JJ">بانٛدنی</wf>
		<wf pos="NN">سٲڑۍ</wf>
		<wf pos="VAUX">چھےٚ</wf>
		<wf pos="JJ">اَصٕل</wf>
		<wf pos="VM">سَجان</wf>
		<wf pos="SYM">۔</wf>
</sentence>
<sentence s_id="59">
		<wf pos="NN" sense_id="1">گَنٛڈ</wf>
		<wf pos="VM">کٔرِتھ</wf>
		<wf pos="NN">رنٛگ</wf>
		<wf pos="VM">دِنُک</wf>
		<wf pos="NNPC">ہُنَر:مَنورما</wf>
		<wf pos="VAUX">چھےٚ</wf>
		<wf pos="JJ">بانٛدنی</wf>
		<wf pos="VM">ہیٚچھناوان</wf>
		<wf pos="SYM">۔</wf>
</sentence>
<sentence s_id="60">
		<wf pos="NN">کُلِک</wf>
		<wf pos="PRP">کُنہِ</wf>
		<wf pos="NN">حِصُک</wf>
		<wf pos="PSP">تَھزَر:یتھ</wf>
		<wf pos="NN">کُلِس</wf>
		<wf pos="PSP">منٛز</wf>
		<wf pos="VAUX">چِھ</wf>
		<wf pos="JJ">واریاہ</wf>
		<wf pos="NN" sense_id="3">گَنٛڈ</wf>
		<wf pos="SYM">۔</wf>
</sentence>
<sentence s_id="61">
		<wf pos="VM">رَزِ</wf>
		<wf pos="PSP">ہٕنٛد</wf>
		<wf pos="QC">زٕ</wf>
		<wf pos="NN">اَنٛد</wf>
		<wf pos="PRP">پانہٕ</wf>
		<wf pos="POW">وٲنۍ</wf>
		<wf pos="VM">جوٗڑِتھ</wf>
		<wf pos="NN" sense_id="1">گَنٛڈ</wf>
		<wf pos="PRP">کرُن:تٔمۍ</wf>
		<wf pos="RDP">گونٛڈ</wf>
		<wf pos="NN">کُلِس</wf>
		<wf pos="PSP">پٮ۪ٹھ</wf>
		<wf pos="NN">جوٗلہٕ</wf>
		<wf pos="SYM">۔</wf>
</sentence>
<sentence s_id="62">
		<wf pos="DEM">یہِ</wf>
		<wf pos="NN">بیان</wf>
		<wf pos="VM">بوٗزِتھ</wf>
		<wf pos="VAUX">گو</wf>
		<wf pos="NNPC">نوٗر</wf>
		<wf pos="NNP">جہانہِ</wf>
		<wf pos="NN">پھرٛٹھ</wf>
		<wf pos="VM">ہیٛوٗہ</wf>
		<wf pos="NN">أش</wf>
		<wf pos="NN" sense_id="3">گَنٛڈ</wf>
		<wf pos="VAUX">پھٔٹِس،</wf>
		<wf pos="NN">دِل</wf>
		<wf pos="VM">رووُس</wf>
		<wf pos="SYM">ہیوٗہ</wf>
		<wf pos="NN">تَپھ</wf>
		<wf pos="POW">تۭر</wf>
		<wf pos="VM">کھژٕس</wf>
		<wf pos="CC">تہٕ</wf>
		<wf pos="VAUX">گٔیہِ</wf>
		<wf pos="JJ">بٮ۪مار</wf>
		<wf pos="SYM">۔</wf>
</sentence>
<sentence s_id="63">
		<wf pos="PRP">سُہ</wf>
		<wf pos="VAUX">ہیوٚک</wf>
		<wf pos="NEG">نہٕ</wf>
		<wf pos="NN">پَلوَن</wf>
		<wf pos="NN" sense_id="1">گَنٛڈ</wf>
		<wf pos="VM">کھوٗلِتھ</wf>
		<wf pos="SYM">۔</wf>
</sentence>
<sentence s_id="64">
		<wf pos="NN">کَپرُک</wf>
		<wf pos="CC">یا</wf>
		<wf pos="RB">ڈورٕ</wf>
		<wf pos="NN">بیترِ</wf>
		<wf pos="PSP">ہُنٛد</wf>
		<wf pos="NN">اَنٛد</wf>
		<wf pos="PRP">یُس</wf>
		<wf pos="VM">وٕٹھِتھ</wf>
		<wf pos="JJ">آسہِ:رَزِ</wf>
		<wf pos="PSP">ہُنٛد</wf>
		<wf pos="NN" sense_id="1">گَنٛڈ</wf>
		<wf pos="NN">مٕژرٲوتٕھے</wf>
		<wf pos="VM">ژوٚل</wf>
		<wf pos="DEM">تَتھ</wf>
		<wf pos="NN">وَر</wf>
		<wf pos="SYM">۔</wf>
</sentence>
<sentence s_id="15">
		<wf pos="QC">لَچھ</wf>
		<wf pos="NN">کوٗشہٕ</wf>
		<wf pos="VM">کٔرِتھ</wf>
		<wf pos="CC">تہٕ</wf>
		<wf pos="VAUX">ہیوٚک</wf>
		<wf pos="NEG">نہٕ</wf>
		<wf pos="NN">ژوٗرَن</wf>
		<wf pos="NN" sense_id="2">گَنٛڈ</wf>
		<wf pos="VM">مٕژرِتھ</wf>
		<wf pos="SYM">۔</wf>
</sentence>
<sentence s_id="16">
		<wf pos="PRP">کاٛنہہ</wf>
		<wf pos="NN">چیٖز</wf>
		<wf pos="VM">گَنٛڈنہٕ</wf>
		<wf pos="PSP">خٲطرٕ</wf>
		<wf pos="NN">چَمرُو</wf>
		<wf pos="CC">یا</wf>
		<wf pos="NN">کَپرُو</wf>
		<wf pos="NN">پھیٖتہٕ:رِکابہِ</wf>
		<wf pos="PSP">ہِنٛزٕ</wf>
		<wf pos="NNC">ژیٚنمَژِ</wf>
		<wf pos="NN">رٮ۪لہٕ</wf>
		<wf pos="NN" sense_id="2">گَنٛڈ</wf>
		<wf pos="SYM">۔</wf>
</sentence>
<sentence s_id="17">
		<wf pos="NN">پِھیٖتِک</wf>
		<wf pos="POW">پٲٹھۍ</wf>
		<wf pos="QC">اَکھ</wf>
		<wf pos="JJ">زِیوٗٹھ</wf>
		<wf pos="NN">چیٖز</wf>
		<wf pos="DEM">یُس</wf>
		<wf pos="NN">گَردَنہِ</wf>
		<wf pos="PSP">نِش</wf>
		<wf pos="NN">کَمیٖزِکالرَس</wf>
		<wf pos="NN">ٲندٕر</wf>
		<wf pos="VAUX">چھےٚ</wf>
		<wf pos="VM">لاگنہٕ</wf>
		<wf pos="VM">یِوان</wf>
		<wf pos="CC">تہٕ</wf>
		<wf pos="VM">بٕتھکَنہِ</wf>
		<wf pos="VAUX">چُھس</wf>
		<wf pos="NN" sense_id="1">گَنٛڈ</wf>
		<wf pos="VM">یِوان</wf>
		<wf pos="RB">کَرنہٕ:ٹَے</wf>
		<wf pos="VAUX">چھے</wf>
		<wf pos="JJ">ؤلٲتی</wf>
		<wf pos="NN">پوشاک</wf>
		<wf pos="SYM">۔</wf>
</sentence>
<sentence s_id="18">
		<wf pos="NN">انسان</wf>
		<wf pos="PSP">سٕنٛزَن</wf>
		<wf pos="NN">اوٚنٛگجین</wf>
		<wf pos="VAUX">چھِ</wf>
		<wf pos="QC">ترٛے</wf>
		<wf pos="NN" sense_id="2">گَنٛڈ</wf>
		<wf pos="VM">آسان</wf>
		<wf pos="SYM">۔</wf>
</sentence>
<sentence s_id="19">
		<wf pos="NNP">گُلیلُک</wf>
		<wf pos="NN">فیٖتہٕ:گُلیلَس</wf>
		<wf pos="NEG">نَے</wf>
		<wf pos="JJ">وارِیاہ</wf>
		<wf pos="NN">پھِرِ</wf>
		<wf pos="NN">وَلَو</wf>
		<wf pos="NN">اَمیُٛک</wf>
		<wf pos="NN" sense_id="2">گَنٛڈ</wf>
		<wf pos="VAUX">چُھ</wf>
		<wf pos="VM">پُھٹان</wf>
		<wf pos="SYM">۔</wf>
</sentence>
<sentence s_id="20">
		<wf pos="NN" sense_id="3">گَنٛڈ</wf>
		<wf pos="VAUX">چُھ</wf>
		<wf pos="NN">بَلغَم</wf>
		<wf pos="PSP">کہِ</wf>
		<wf pos="INTF">وَجَہسۭتۍ</wf>
		<wf pos="VM">گَژھان</wf>
		<wf pos="SYM">۔</wf>
</sentence>
<sentence s_id="21">
		<wf pos="PRP">سۄ</wf>
		<wf pos="NN">کار</wf>
		<wf pos="CC">یا</wf>
		<wf pos="NN">کٲم</wf>
		<wf pos="DEM">یَتھ</wf>
		<wf pos="PSP">منٛز</wf>
		<wf pos="NN" sense_id="1">گَنٛڈ</wf>
		<wf pos="VM">آسہِ</wf>
		<wf pos="CC">یا</wf>
		<wf pos="VM">یۄنہٕ</wf>
		<wf pos="JJ">ٹھیٖک</wf>
		<wf pos="NN">آسہِ:بہٕ</wf>
		<wf pos="NN">کَتھ</wf>
		<wf pos="NN" sense_id="2">گَنٛڈ</wf>
		<wf pos="JJ">لَد</wf>
		<wf pos="NN">کارَس</wf>
		<wf pos="PSP">منٛز</wf>
		<wf pos="VM">آس</wf>
		<wf pos="VM">وَلنہٕ</wf>
		<wf pos="SYM">۔</wf>
</sentence>
<sentence s_id="22">
		<wf pos="NN">کاشتکار</wf>
		<wf pos="VAUX">چُھ</wf>
		<wf pos="NN">وَر</wf>
		<wf pos="NN">لَجہِ</wf>
		<wf pos="VAUX">مٕژَن</wf>
		<wf pos="NN">رَزَن</wf>
		<wf pos="NN" sense_id="1">گَنٛڈ</wf>
		<wf pos="VM">کَڑان</wf>
		<wf pos="SYM">۔</wf>
</sentence>
<sentence s_id="23">
		<wf pos="DEM">یہِ</wf>
		<wf pos="NN" sense_id="1">گَنٛڈ</wf>
		<wf pos="RB">کِتھہٕ</wf>
		<wf pos="POW">کٔنۍ</wf>
		<wf pos="RB">نیٚرِ</wf>
		<wf pos="DEM">یَتھ</wf>
		<wf pos="SYM">۔</wf>
</sentence>
<sentence s_id="24">
		<wf pos="JJ">پرٛٮ۪تھ</wf>
		<wf pos="NN" sense_id="1">گَنٛڈ</wf>
		<wf pos="NN">پتہ</wf>
		<wf pos="VM">کنہ</wf>
		<wf pos="NN">ہتہ</wf>
		<wf pos="PSP">بدۍ</wf>
		<wf pos="NN" sense_id="1">گَنٛڈ</wf>
		<wf pos="SYM">۔</wf>
</sentence>
<sentence s_id="25">
		<wf pos="NN">گُلوکار،بیترِ</wf>
		<wf pos="PSP">ہٕنٛد</wf>
		<wf pos="NN">وستادَو</wf>
		<wf pos="PSP">ذریعہ</wf>
		<wf pos="NN">شاگِردَن</wf>
		<wf pos="VM">لاگنہٕ</wf>
		<wf pos="NN">یٕنہٕ</wf>
		<wf pos="PSP">وول</wf>
		<wf pos="NN">پَن:گُلوکارٕ</wf>
		<wf pos="PSP">سٕنٛد</wf>
		<wf pos="NN">گُروٗنَن</wf>
		<wf pos="RDP">گوٚنٛڈ</wf>
		<wf pos="PRP">تٔمِس</wf>
		<wf pos="NN" sense_id="1">گَنٛڈ</wf>
		<wf pos="SYM">۔</wf>
</sentence>
<?xml version='1.0' encoding='utf-8'?>
<contextfile filename="xml" fileno="145">
<sentence s_id="1">
		<wf pos="DEM">یہِ</wf>
		<wf pos="NN">کتھ</wf>
		<wf pos="RP">تہِ</wf>
		<wf pos="NEG">چَھنہٕ</wf>
		<wf pos="JJ">اَپٕز</wf>
		<wf pos="PRP">کینٛہہ</wf>
		<wf pos="DEM">زِ</wf>
		<wf pos="DEM">اَتھ</wf>
		<wf pos="NNP">کٲشِرس</wf>
		<wf pos="PSP">پٮ۪ٹھ</wf>
		<wf pos="VAUX">چُھ</wf>
		<wf pos="NNP">پَہٲڈی</wf>
		<wf pos="NN">زبانَو</wf>
		<wf pos="PRP">پَنُن</wf>
		<wf pos="INTF">سٮ۪ٹھاہ</wf>
		<wf pos="NN">رَنٛگ</wf>
		<wf pos="VM">کھورمُت</wf>
		<wf pos="RP">تہِ</wf>
		<wf pos="VM">کٔرِتھ</wf>
		<wf pos="RP">تہِ</wf>
		<wf pos="VAUX">چُھ</wf>
		<wf pos="NNP">بانہالہِ,</wf>
		<wf pos="NNP">,پوگلہٕ</wf>
		<wf pos="CC">تہٕ</wf>
		<wf pos="NNP">کشتٕوارٕ</wf>
		<wf pos="NNP">بٔدرواہہٕ</wf>
		<wf pos="CC">تہٕ</wf>
		<wf pos="NNP">ڈوڈہہٕ</wf>
		<wf pos="NNP">کٲشِر</wf>
		<wf pos="NN">باشہِ</wf>
		<wf pos="PSP">منٛز</wf>
		<wf pos="NNP">کٲشریُک</wf>
		<wf pos="NN" sense_id="2">گَنٛڈ</wf>
		<wf pos="NN">واٹھ</wf>
		<wf pos="CC">یا</wf>
		<wf pos="JJ">صٔحیٖی</wf>
		<wf pos="NN">توٚژِھ</wf>
		<wf pos="PSP">مَنٛز</wf>
		<wf pos="VM">موٗجوٗد</wf>
		<wf pos="SYM">۔</wf>
</sentence>
<sentence s_id="2">
		<wf pos="JJ">مَزۂبی</wf>
		<wf pos="NN">رَسمَن</wf>
		<wf pos="PSP">منٛز</wf>
		<wf pos="NN">زَنانہِ</wf>
		<wf pos="CC">تہٕ</wf>
		<wf pos="NN">خانٛدار</wf>
		<wf pos="PSP">سٕنٛدِس</wf>
		<wf pos="NN">ڈُپٹَس</wf>
		<wf pos="NN" sense_id="1">گَنٛڈ</wf>
		<wf pos="VM">کَرنٕچ</wf>
		<wf pos="QC">عَمَل:سَتہِ</wf>
		<wf pos="NNP">نارایَن</wf>
		<wf pos="QC">کَتھا</wf>
		<wf pos="VM">بوزنہٕ</wf>
		<wf pos="NN">وِزِ</wf>
		<wf pos="VM">کوٚر</wf>
		<wf pos="NN">نٲوِد</wf>
		<wf pos="PSP">بایہِ</wf>
		<wf pos="PRP">تِمَن</wf>
		<wf pos="RB">گَنٛٹھ</wf>
		<wf pos="NN">بَنٛدَن</wf>
		<wf pos="SYM">۔</wf>
</sentence>
<sentence s_id="3">
		<wf pos="JJ">نٮ۪ٹھِ</wf>
		<wf pos="CC">تہٕ</wf>
		<wf pos="NN">اُنٛگجہِ</wf>
		<wf pos="PSP">سۭتۍ</wf>
		<wf pos="NN">ماز</wf>
		<wf pos="VM">وٕٹھنٕچ</wf>
		<wf pos="PRP">عَمَل:تٔمۍ</wf>
		<wf pos="PSP">سٕنٛزِ</wf>
		<wf pos="NN">ژُمٹہٕ</wf>
		<wf pos="PSP">سۭتۍ</wf>
		<wf pos="VM">گوو</wf>
		<wf pos="PRP">مےٚ</wf>
		<wf pos="NN">اَتَھس</wf>
		<wf pos="RB">رَتھٕ</wf>
		<wf pos="NN" sense_id="1">گَنٛڈ</wf>
		<wf pos="SYM">۔</wf>
</sentence>
<sentence s_id="4">
		<wf pos="PRP">کانٛہہ</wf>
		<wf pos="NN" sense_id="1">گَنٛڈ</wf>
		<wf pos="NEG">نہٕ</wf>
		<wf pos="VM">آسنٕچ</wf>
		<wf pos="NN">حالَت:ڈیٖلہِ</wf>
		<wf pos="PSP">سۭتۍ</wf>
		<wf pos="VAUX">چُھ</wf>
		<wf pos="NN">سَماجَس</wf>
		<wf pos="PSP">منٛز</wf>
		<wf pos="NN">سَرکٔشی</wf>
		<wf pos="RB">پھۄلان</wf>
		<wf pos="SYM">۔</wf>
</sentence>
<sentence s_id="5">
		<wf pos="NN">دَجہِ</wf>
		<wf pos="PSP">منٛز</wf>
		<wf pos="PRP">کیٚنٛہہ</wf>
		<wf pos="VM">بٔرِتھ</wf>
		<wf pos="DEM">یَتھ</wf>
		<wf pos="PSP">پٮ۪ٹھٕ</wf>
		<wf pos="VM">کَنہِ</wf>
		<wf pos="NN" sense_id="1">گَنٛڈ</wf>
		<wf pos="VAUX">چُھ</wf>
		<wf pos="VM">آسان</wf>
		<wf pos="PRP">کٔرِتھ:تٔمۍ</wf>
		<wf pos="JJ">کٔڑۍ</wf>
		<wf pos="NN">پٕھٹجہِ</wf>
		<wf pos="PSP">منٛز</wf>
		<wf pos="NN">پَلَو</wf>
		<wf pos="SYM">۔</wf>
</sentence>
<sentence s_id="6">
		<wf pos="PRP">سُہ</wf>
		<wf pos="VAUX">اوس</wf>
		<wf pos="NN">لٔکٕر</wf>
		<wf pos="VM">گٔنٛڈِتھ</wf>
		<wf pos="PRP">تھاوانتٔمۍ</wf>
		<wf pos="VM">تھٲو</wf>
		<wf pos="NN">گاو</wf>
		<wf pos="VM">رَزِ</wf>
		<wf pos="PSP">سۭتۍ</wf>
		<wf pos="NN" sense_id="1">گَنٛڈ</wf>
		<wf pos="VM">کٔرِتھ</wf>
		<wf pos="SYM">۔</wf>
</sentence>
<sentence s_id="7">
		<wf pos="JJ">نٲوِ</wf>
		<wf pos="NN">زٲژ</wf>
		<wf pos="PSP">ہٕنٛز</wf>
		<wf pos="NN">زَنان:نٲوِدباے</wf>
		<wf pos="VAUX">ٲس</wf>
		<wf pos="NN">مہرِنہِ</wf>
		<wf pos="CC">تہٕ</wf>
		<wf pos="NN">مہرازَس</wf>
		<wf pos="NN" sense_id="2">گَنٛڈ</wf>
		<wf pos="JJ">بَنٛد</wf>
		<wf pos="VM">کَران</wf>
		<wf pos="SYM">۔</wf>
</sentence>
<sentence s_id="8">
		<wf pos="NN" sense_id="1">گَنٛڈ</wf>
		<wf pos="VM">کٔرِتھ</wf>
		<wf pos="NN">رنٛگ</wf>
		<wf pos="VM">دِنہٕ</wf>
		<wf pos="VAUX">آمُت</wf>
		<wf pos="PRP">کَپُر:تیٚمۍ</wf>
		<wf pos="PSP">سٕنٛز</wf>
		<wf pos="JJ">بانٛدنی</wf>
		<wf pos="NN">سٲڑۍ</wf>
		<wf pos="VAUX">چھےٚ</wf>
		<wf pos="JJ">اَصٕل</wf>
		<wf pos="VM">سَجان</wf>
		<wf pos="SYM">۔</wf>
</sentence>
<sentence s_id="9">
		<wf pos="NN" sense_id="1">گَنٛڈ</wf>
		<wf pos="VM">کٔرِتھ</wf>
		<wf pos="NN">رنٛگ</wf>
		<wf pos="VM">دِنُک</wf>
		<wf pos="NNPC">ہُنَر:مَنورما</wf>
		<wf pos="VAUX">چھےٚ</wf>
		<wf pos="JJ">بانٛدنی</wf>
		<wf pos="VM">ہیٚچھناوان</wf>
		<wf pos="SYM">۔</wf>
</sentence>
<sentence s_id="10">
		<wf pos="NN">کُلِک</wf>
		<wf pos="PRP">کُنہِ</wf>
		<wf pos="NN">حِصُک</wf>
		<wf pos="PSP">تَھزَر:یتھ</wf>
		<wf pos="NN">کُلِس</wf>
		<wf pos="PSP">منٛز</wf>
		<wf pos="VAUX">چِھ</wf>
		<wf pos="JJ">واریاہ</wf>
		<wf pos="NN" sense_id="3">گَنٛڈ</wf>
		<wf pos="SYM">۔</wf>
</sentence>
<sentence s_id="11">
		<wf pos="VM">رَزِ</wf>
		<wf pos="PSP">ہٕنٛد</wf>
		<wf pos="QC">زٕ</wf>
		<wf pos="NN">اَنٛد</wf>
		<wf pos="PRP">پانہٕ</wf>
		<wf pos="POW">وٲنۍ</wf>
		<wf pos="VM">جوٗڑِتھ</wf>
		<wf pos="NN" sense_id="1">گَنٛڈ</wf>
		<wf pos="PRP">کرُن:تٔمۍ</wf>
		<wf pos="RDP">گونٛڈ</wf>
		<wf pos="NN">کُلِس</wf>
		<wf pos="PSP">پٮ۪ٹھ</wf>
		<wf pos="NN">جوٗلہٕ</wf>
		<wf pos="SYM">۔</wf>
</sentence>
<sentence s_id="12">
		<wf pos="DEM">یہِ</wf>
		<wf pos="NN">بیان</wf>
		<wf pos="VM">بوٗزِتھ</wf>
		<wf pos="VAUX">گو</wf>
		<wf pos="NNPC">نوٗر</wf>
		<wf pos="NNP">جہانہِ</wf>
		<wf pos="NN">پھرٛٹھ</wf>
		<wf pos="VM">ہیٛوٗہ</wf>
		<wf pos="NN">أش</wf>
		<wf pos="NN" sense_id="3">گَنٛڈ</wf>
		<wf pos="VAUX">پھٔٹِس،</wf>
		<wf pos="NN">دِل</wf>
		<wf pos="VM">رووُس</wf>
		<wf pos="SYM">ہیوٗہ</wf>
		<wf pos="NN">تَپھ</wf>
		<wf pos="POW">تۭر</wf>
		<wf pos="VM">کھژٕس</wf>
		<wf pos="CC">تہٕ</wf>
		<wf pos="VAUX">گٔیہِ</wf>
		<wf pos="JJ">بٮ۪مار</wf>
		<wf pos="SYM">۔</wf>
</sentence>
<sentence s_id="13">
		<wf pos="PRP">سُہ</wf>
		<wf pos="VAUX">ہیوٚک</wf>
		<wf pos="NEG">نہٕ</wf>
		<wf pos="NN">پَلوَن</wf>
		<wf pos="NN" sense_id="1">گَنٛڈ</wf>
		<wf pos="VM">کھوٗلِتھ</wf>
		<wf pos="SYM">۔</wf>
</sentence>
<sentence s_id="14">
		<wf pos="NN">کَپرُک</wf>
		<wf pos="CC">یا</wf>
		<wf pos="RB">ڈورٕ</wf>
		<wf pos="NN">بیترِ</wf>
		<wf pos="PSP">ہُنٛد</wf>
		<wf pos="NN">اَنٛد</wf>
		<wf pos="PRP">یُس</wf>
		<wf pos="VM">وٕٹھِتھ</wf>
		<wf pos="JJ">آسہِ:رَزِ</wf>
		<wf pos="PSP">ہُنٛد</wf>
		<wf pos="NN" sense_id="1">گَنٛڈ</wf>
		<wf pos="NN">مٕژرٲوتٕھے</wf>
		<wf pos="VM">ژوٚل</wf>
		<wf pos="DEM">تَتھ</wf>
		<wf pos="NN">وَر</wf>
		<wf pos="SYM">۔</wf>
</sentence>
<sentence s_id="85">
		<wf pos="QC">لَچھ</wf>
		<wf pos="NN">کوٗشہٕ</wf>
		<wf pos="VM">کٔرِتھ</wf>
		<wf pos="CC">تہٕ</wf>
		<wf pos="VAUX">ہیوٚک</wf>
		<wf pos="NEG">نہٕ</wf>
		<wf pos="NN">ژوٗرَن</wf>
		<wf pos="NN" sense_id="2">گَنٛڈ</wf>
		<wf pos="VM">مٕژرِتھ</wf>
		<wf pos="SYM">۔</wf>
</sentence>
<sentence s_id="86">
		<wf pos="PRP">کاٛنہہ</wf>
		<wf pos="NN">چیٖز</wf>
		<wf pos="VM">گَنٛڈنہٕ</wf>
		<wf pos="PSP">خٲطرٕ</wf>
		<wf pos="NN">چَمرُو</wf>
		<wf pos="CC">یا</wf>
		<wf pos="NN">کَپرُو</wf>
		<wf pos="NN">پھیٖتہٕ:رِکابہِ</wf>
		<wf pos="PSP">ہِنٛزٕ</wf>
		<wf pos="NNC">ژیٚنمَژِ</wf>
		<wf pos="NN">رٮ۪لہٕ</wf>
		<wf pos="NN" sense_id="2">گَنٛڈ</wf>
		<wf pos="SYM">۔</wf>
</sentence>
<sentence s_id="87">
		<wf pos="NN">پِھیٖتِک</wf>
		<wf pos="POW">پٲٹھۍ</wf>
		<wf pos="QC">اَکھ</wf>
		<wf pos="JJ">زِیوٗٹھ</wf>
		<wf pos="NN">چیٖز</wf>
		<wf pos="DEM">یُس</wf>
		<wf pos="NN">گَردَنہِ</wf>
		<wf pos="PSP">نِش</wf>
		<wf pos="NN">کَمیٖزِکالرَس</wf>
		<wf pos="NN">ٲندٕر</wf>
		<wf pos="VAUX">چھےٚ</wf>
		<wf pos="VM">لاگنہٕ</wf>
		<wf pos="VM">یِوان</wf>
		<wf pos="CC">تہٕ</wf>
		<wf pos="VM">بٕتھکَنہِ</wf>
		<wf pos="VAUX">چُھس</wf>
		<wf pos="NN" sense_id="1">گَنٛڈ</wf>
		<wf pos="VM">یِوان</wf>
		<wf pos="RB">کَرنہٕ:ٹَے</wf>
		<wf pos="VAUX">چھے</wf>
		<wf pos="JJ">ؤلٲتی</wf>
		<wf pos="NN">پوشاک</wf>
		<wf pos="SYM">۔</wf>
</sentence>
<sentence s_id="88">
		<wf pos="NN">انسان</wf>
		<wf pos="PSP">سٕنٛزَن</wf>
		<wf pos="NN">اوٚنٛگجین</wf>
		<wf pos="VAUX">چھِ</wf>
		<wf pos="QC">ترٛے</wf>
		<wf pos="NN" sense_id="2">گَنٛڈ</wf>
		<wf pos="VM">آسان</wf>
		<wf pos="SYM">۔</wf>
</sentence>
<sentence s_id="89">
		<wf pos="NNP">گُلیلُک</wf>
		<wf pos="NN">فیٖتہٕ:گُلیلَس</wf>
		<wf pos="NEG">نَے</wf>
		<wf pos="JJ">وارِیاہ</wf>
		<wf pos="NN">پھِرِ</wf>
		<wf pos="NN">وَلَو</wf>
		<wf pos="NN">اَمیُٛک</wf>
		<wf pos="NN" sense_id="2">گَنٛڈ</wf>
		<wf pos="VAUX">چُھ</wf>
		<wf pos="VM">پُھٹان</wf>
		<wf pos="SYM">۔</wf>
</sentence>
<sentence s_id="90">
		<wf pos="NN" sense_id="3">گَنٛڈ</wf>
		<wf pos="VAUX">چُھ</wf>
		<wf pos="NN">بَلغَم</wf>
		<wf pos="PSP">کہِ</wf>
		<wf pos="INTF">وَجَہسۭتۍ</wf>
		<wf pos="VM">گَژھان</wf>
		<wf pos="SYM">۔</wf>
</sentence>
<sentence s_id="91">
		<wf pos="PRP">سۄ</wf>
		<wf pos="NN">کار</wf>
		<wf pos="CC">یا</wf>
		<wf pos="NN">کٲم</wf>
		<wf pos="DEM">یَتھ</wf>
		<wf pos="PSP">منٛز</wf>
		<wf pos="NN" sense_id="1">گَنٛڈ</wf>
		<wf pos="VM">آسہِ</wf>
		<wf pos="CC">یا</wf>
		<wf pos="VM">یۄنہٕ</wf>
		<wf pos="JJ">ٹھیٖک</wf>
		<wf pos="NN">آسہِ:بہٕ</wf>
		<wf pos="NN">کَتھ</wf>
		<wf pos="NN" sense_id="2">گَنٛڈ</wf>
		<wf pos="JJ">لَد</wf>
		<wf pos="NN">کارَس</wf>
		<wf pos="PSP">منٛز</wf>
		<wf pos="VM">آس</wf>
		<wf pos="VM">وَلنہٕ</wf>
		<wf pos="SYM">۔</wf>
</sentence>
<sentence s_id="92">
		<wf pos="NN">کاشتکار</wf>
		<wf pos="VAUX">چُھ</wf>
		<wf pos="NN">وَر</wf>
		<wf pos="NN">لَجہِ</wf>
		<wf pos="VAUX">مٕژَن</wf>
		<wf pos="NN">رَزَن</wf>
		<wf pos="NN" sense_id="1">گَنٛڈ</wf>
		<wf pos="VM">کَڑان</wf>
		<wf pos="SYM">۔</wf>
</sentence>
<sentence s_id="93">
		<wf pos="DEM">یہِ</wf>
		<wf pos="NN" sense_id="1">گَنٛڈ</wf>
		<wf pos="RB">کِتھہٕ</wf>
		<wf pos="POW">کٔنۍ</wf>
		<wf pos="RB">نیٚرِ</wf>
		<wf pos="DEM">یَتھ</wf>
		<wf pos="SYM">۔</wf>
</sentence>
<sentence s_id="94">
		<wf pos="JJ">پرٛٮ۪تھ</wf>
		<wf pos="NN" sense_id="1">گَنٛڈ</wf>
		<wf pos="NN">پتہ</wf>
		<wf pos="VM">کنہ</wf>
		<wf pos="NN">ہتہ</wf>
		<wf pos="PSP">بدۍ</wf>
		<wf pos="NN" sense_id="1">گَنٛڈ</wf>
		<wf pos="SYM">۔</wf>
</sentence>
<sentence s_id="95">
		<wf pos="NN">گُلوکار،بیترِ</wf>
		<wf pos="PSP">ہٕنٛد</wf>
		<wf pos="NN">وستادَو</wf>
		<wf pos="PSP">ذریعہ</wf>
		<wf pos="NN">شاگِردَن</wf>
		<wf pos="VM">لاگنہٕ</wf>
		<wf pos="NN">یٕنہٕ</wf>
		<wf pos="PSP">وول</wf>
		<wf pos="NN">پَن:گُلوکارٕ</wf>
		<wf pos="PSP">سٕنٛد</wf>
		<wf pos="NN">گُروٗنَن</wf>
		<wf pos="RDP">گوٚنٛڈ</wf>
		<wf pos="PRP">تٔمِس</wf>
		<wf pos="NN" sense_id="1">گَنٛڈ</wf>
		<wf pos="SYM">۔</wf>
</sentence>
<sentence s_id="96">
		<wf pos="DEM">یہِ</wf>
		<wf pos="NN">کتھ</wf>
		<wf pos="RP">تہِ</wf>
		<wf pos="NEG">چَھنہٕ</wf>
		<wf pos="JJ">اَپٕز</wf>
		<wf pos="PRP">کینٛہہ</wf>
		<wf pos="DEM">زِ</wf>
		<wf pos="DEM">اَتھ</wf>
		<wf pos="NNP">کٲشِرس</wf>
		<wf pos="PSP">پٮ۪ٹھ</wf>
		<wf pos="VAUX">چُھ</wf>
		<wf pos="NNP">پَہٲڈی</wf>
		<wf pos="NN">زبانَو</wf>
		<wf pos="PRP">پَنُن</wf>
		<wf pos="INTF">سٮ۪ٹھاہ</wf>
		<wf pos="NN">رَنٛگ</wf>
		<wf pos="VM">کھورمُت</wf>
		<wf pos="RP">تہِ</wf>
		<wf pos="VM">کٔرِتھ</wf>
		<wf pos="RP">تہِ</wf>
		<wf pos="VAUX">چُھ</wf>
		<wf pos="NNP">بانہالہِ,</wf>
		<wf pos="NNP">,پوگلہٕ</wf>
		<wf pos="CC">تہٕ</wf>
		<wf pos="NNP">کشتٕوارٕ</wf>
		<wf pos="NNP">بٔدرواہہٕ</wf>
		<wf pos="CC">تہٕ</wf>
		<wf pos="NNP">ڈوڈہہٕ</wf>
		<wf pos="NNP">کٲشِر</wf>
		<wf pos="NN">باشہِ</wf>
		<wf pos="PSP">منٛز</wf>
		<wf pos="NNP">کٲشریُک</wf>
		<wf pos="NN" sense_id="2">گَنٛڈ</wf>
		<wf pos="NN">واٹھ</wf>
		<wf pos="CC">یا</wf>
		<wf pos="JJ">صٔحیٖی</wf>
		<wf pos="NN">توٚژِھ</wf>
		<wf pos="PSP">مَنٛز</wf>
		<wf pos="VM">موٗجوٗد</wf>
		<wf pos="SYM">۔</wf>
</sentence>

</contextfile>