<?xml version="1.0" encoding="utf-8" ?>
<contextfile fileno="82" filename="ہیوٚر">
	<sentence s_id="1">
		<wf pos="NNPC">رام</wf>
		<wf pos="VAUX">اوس</wf>
		<wf pos="VM">کُٹُھس</wf>
		<wf pos="PSP">منٛز</wf>
		<wf pos="NN">کَمَبر</wf>
		<wf pos="JJ" sense_id="1">ہیوٚر</wf>
		<wf pos="VM">کُن</wf>
		<wf pos="VM">کٔررِتھ</wf>
		<wf pos="PRP">شٔنٛگِتھتٔمِس</wf>
		<wf pos="VAUX">چُھ</wf>
		<wf pos="NN">کمرَس</wf>
		<wf pos="NN">دود</wf>
		<wf pos="SYM">۔</wf>
	</sentence>
	<sentence s_id="2">
		<wf pos="JJ">پایہٕ</wf>
		<wf pos="RB">روٚس</wf>
		<wf pos="NNC">پھۄکہٕ</wf>
		<wf pos="NN">ڈیوٗنٛگ</wf>
		<wf pos="VAUX">اوس</wf>
		<wf pos="NN">آسمانَس</wf>
		<wf pos="PSP">منٛز</wf>
		<wf pos="JJ" sense_id="2">ہیوٚر</wf>
		<wf pos="VM">کُن</wf>
		<wf pos="VM">لَمان</wf>
		<wf pos="SYM">۔</wf>
	</sentence>
	<sentence s_id="3">
		<wf pos="NN">آبَس</wf>
		<wf pos="PSP">منٛز</wf>
		<wf pos="NN">پَھچہٕ</wf>
		<wf pos="VM">مَژٕ</wf>
		<wf pos="NN">لاشہٕ</wf>
		<wf pos="VAUX">آسہٕ</wf>
		<wf pos="JJ" sense_id="2">ہیوٚر</wf>
		<wf pos="VM">کُن</wf>
		<wf pos="VM">کَھژمَژٕ</wf>
		<wf pos="SYM">۔</wf>
	</sentence>
	<sentence s_id="4">
		<wf pos="NN">کرٛیٖلِس</wf>
		<wf pos="PSP">منٛز</wf>
		<wf pos="VM">روزَن</wf>
		<wf pos="NN">واجیٚنٛۍ</wf>
		<wf pos="NN">مِنۍ:روٗدٕ</wf>
		<wf pos="NN">موسمَس</wf>
		<wf pos="PSP">منٛز</wf>
		<wf pos="NN">کرٛیٖلیُک</wf>
		<wf pos="NN">آب</wf>
		<wf pos="JJ" sense_id="2">ہیوٚر</wf>
		<wf pos="VM">کَھسنہٕ</wf>
		<wf pos="NN">کِنٛۍ</wf>
		<wf pos="VAUX">چھِ</wf>
		<wf pos="NN">کرٛیٖلۍمۄنٛڈَک</wf>
		<wf pos="RB">نٮ۪بَر</wf>
		<wf pos="VM">نیران</wf>
		<wf pos="SYM">۔</wf>
	</sentence>
	<sentence s_id="5">
		<wf pos="NN">گانٛٹہٕ</wf>
		<wf pos="NN">بیر</wf>
		<wf pos="VAUX">کٔھژ</wf>
		<wf pos="NN">آسمانَس</wf>
		<wf pos="PSP">پٮ۪ٹھ</wf>
		<wf pos="INTF">واریاہ</wf>
		<wf pos="JJ" sense_id="2">ہیوٚر</wf>
		<wf pos="SYM">۔</wf>
	</sentence>
	<sentence s_id="6">
		<wf pos="PRP">سُہ</wf>
		<wf pos="NN">دۄہَے</wf>
		<wf pos="NN">صُبحَن</wf>
		<wf pos="NN">مۄٹرٕ</wf>
		<wf pos="PSP">سۭتۍ</wf>
		<wf pos="NN">آب</wf>
		<wf pos="JJ" sense_id="2">ہیوٚر</wf>
		<wf pos="VM">کھالان</wf>
		<wf pos="SYM">۔</wf>
	</sentence>
	<sentence s_id="7">
		<wf pos="WQ">گُروٗ</wf>
		<wf pos="NN">موج</wf>
		<wf pos="VAUX">چھےٚ</wf>
		<wf pos="NN">بَجن</wf>
		<wf pos="NN">گَٮ۪ونہِ</wf>
		<wf pos="NN">وِزِ</wf>
		<wf pos="VM">پَنٕن</wf>
		<wf pos="NN">سۄر</wf>
		<wf pos="INTF">واریاہ</wf>
		<wf pos="JJ" sense_id="3">ہیوٚر</wf>
		<wf pos="VM">کھالان</wf>
		<wf pos="SYM">۔</wf>
	</sentence>
	<sentence s_id="8">
		<wf pos="NN">گاڑٕ</wf>
		<wf pos="VAUX">چھےٚ</wf>
		<wf pos="JJ" sense_id="2">ہیوٚر</wf>
		<wf pos="NN">چڑایہِ</wf>
		<wf pos="VM">کھسان</wf>
		<wf pos="SYM">۔</wf>
	</sentence>
	<sentence s_id="9">
		<wf pos="NN">چیٖزن</wf>
		<wf pos="NEG">مہ</wf>
		<wf pos="VM">کر</wf>
		<wf pos="JJ" sense_id="4">ہیوٚر</wf>
		<wf pos="NST">بۄن</wf>
		<wf pos="SYM">۔</wf>
	</sentence>
	<sentence s_id="10">
		<wf pos="QC">اَکہِ</wf>
		<wf pos="NN">قٔسمُک</wf>
		<wf pos="NN">دانٛد:فَڈکاپیلَنَس</wf>
		<wf pos="VAUX">چُھ</wf>
		<wf pos="QC">اَکھ</wf>
		<wf pos="NN">ہیٛنٛگ</wf>
		<wf pos="JJ" sense_id="4">ہیوٚر</wf>
		<wf pos="CC">تہٕ</wf>
		<wf pos="PRP">بیٛاکھ</wf>
		<wf pos="VM">بوٚن</wf>
		<wf pos="VM">آسان</wf>
		<wf pos="SYM">۔</wf>
	</sentence>
	<sentence s_id="11">
		<wf pos="QC">اَکہِ</wf>
		<wf pos="NNP">قٔسمٕچۍ</wf>
		<wf pos="NN">رٲنٛٹھ:سُرپٔتری</wf>
		<wf pos="VAUX">چھےٚ</wf>
		<wf pos="NN">کُلۍ</wf>
		<wf pos="PSP">کہِ</wf>
		<wf pos="NN">ڈَکھہٕ</wf>
		<wf pos="PSP">سۭتۍ</wf>
		<wf pos="JJ" sense_id="2">ہیوٚر</wf>
		<wf pos="PSP">تانۍ</wf>
		<wf pos="VM">کھسان</wf>
		<wf pos="SYM">۔</wf>
	</sentence>
	<sentence s_id="12">
		<wf pos="NNPC">راکیٹُٕک</wf>
		<wf pos="NNP">سُوٗ</wf>
		<wf pos="VM">بوٗزِتھ</wf>
		<wf pos="VM">لٔگۍ</wf>
		<wf pos="NN">لُکھ</wf>
		<wf pos="POW">حٲرانگی</wf>
		<wf pos="PSP">سان</wf>
		<wf pos="JJ" sense_id="2">ہیوٚر</wf>
		<wf pos="VM">کُن</wf>
		<wf pos="VM">وٕچھنہِ</wf>
		<wf pos="SYM">۔</wf>
	</sentence>
	<sentence s_id="13">
		<wf pos="NNP">ترٛن</wf>
		<wf pos="NN">میچَن</wf>
		<wf pos="PSP">مَنٛز</wf>
		<wf pos="QC">نَو</wf>
		<wf pos="NNPC">پویِنٛٹ</wf>
		<wf pos="VM">حٲصِل</wf>
		<wf pos="VM">کٔرِتھ</wf>
		<wf pos="VM">روٗد</wf>
		<wf pos="NNP">ہِنٛدوستان</wf>
		<wf pos="NN">سِکور</wf>
		<wf pos="NN">بورڑَس</wf>
		<wf pos="PSP">مَنٛز</wf>
		<wf pos="JJ">سارِوٕے</wf>
		<wf pos="RP">کھۄتہٕ</wf>
		<wf pos="JJ" sense_id="5">ہیوٚر</wf>
		<wf pos="SYM">۔</wf>
	</sentence>
	<sentence s_id="14">
		<wf pos="NN">گٮ۪وَن</wf>
		<wf pos="PSP">واجنہِ</wf>
		<wf pos="PSP">ہُنٛد</wf>
		<wf pos="NN">سُر</wf>
		<wf pos="VAUX">چُھ</wf>
		<wf pos="INTF">واریاہ</wf>
		<wf pos="JJ" sense_id="4">ہیوٚر</wf>
		<wf pos="VM">کَھسان</wf>
		<wf pos="SYM">۔</wf>
	</sentence>
	<sentence s_id="15">
		<wf pos="NN">زٔمیٖندٲری</wf>
		<wf pos="VM">کرنہٕ</wf>
		<wf pos="PSP">خٲطرٕ</wf>
		<wf pos="VM">کَنہِ</wf>
		<wf pos="POW">دار</wf>
		<wf pos="CC">تہٕ</wf>
		<wf pos="JJ" sense_id="3">ہیوٚر</wf>
		<wf pos="NST">بۄن</wf>
		<wf pos="NN">زٔمیٖن:بنٛجرس</wf>
		<wf pos="PSP">منٛز</wf>
		<wf pos="VAUX">چھےٚ</wf>
		<wf pos="JJ">کم</wf>
		<wf pos="NN">پٲداوار</wf>
		<wf pos="VM">آسان</wf>
		<wf pos="SYM">۔</wf>
	</sentence>
	<sentence s_id="16">
		<wf pos="DEM">یُس</wf>
		<wf pos="JJ" sense_id="4">ہیوٚر</wf>
		<wf pos="VM">کُن</wf>
		<wf pos="VAUX">آسہِ</wf>
		<wf pos="VM">بَڑیومُت</wf>
		<wf pos="CC">یا</wf>
		<wf pos="NN">کھوٚتمُت:کُلۍچہِ</wf>
		<wf pos="JJ" sense_id="4">ہیوٚر</wf>
		<wf pos="VM">کُن</wf>
		<wf pos="NNC">کٔھژٕمَژِ</wf>
		<wf pos="NN">لنٛجہِ</wf>
		<wf pos="VAUX">چھِ</wf>
		<wf pos="NN">پوس</wf>
		<wf pos="VM">پٔھلمٕتۍ</wf>
		<wf pos="SYM">۔</wf>
	</sentence>
	<sentence s_id="17">
		<wf pos="QC">اَکھ</wf>
		<wf pos="JJ">بوٚڈ</wf>
		<wf pos="NN">وۄہ</wf>
		<wf pos="DEM">یُس</wf>
		<wf pos="NN">دٔریاوَس</wf>
		<wf pos="NN">سٔہلاب</wf>
		<wf pos="VM">کھسنُک</wf>
		<wf pos="RB">پٔغام</wf>
		<wf pos="VAUX">چُھ</wf>
		<wf pos="NN">دِوان:اِنٛدرِدَمَن</wf>
		<wf pos="VAUX">چُھ</wf>
		<wf pos="QC">تیٚمہِ</wf>
		<wf pos="NN">وِزِ</wf>
		<wf pos="VM">مَناونہٕ</wf>
		<wf pos="VAUX">یِوان</wf>
		<wf pos="DEM">ییٚمہِ</wf>
		<wf pos="NN">وِزِ</wf>
		<wf pos="NN">سٔہلابُک</wf>
		<wf pos="NN">آب</wf>
		<wf pos="VAUX">چُھ</wf>
		<wf pos="NN">بَنٛڈٕ</wf>
		<wf pos="JJ" sense_id="1">ہیوٚر</wf>
		<wf pos="VM">کَھسان</wf>
		<wf pos="SYM">۔</wf>
	</sentence>
	<sentence s_id="18">
		<wf pos="NNP">چَھتگیٖرُک</wf>
		<wf pos="CC">یا</wf>
		<wf pos="NN">لالٹیٖنُک</wf>
		<wf pos="PRP">سُہ</wf>
		<wf pos="NN">حِصہٕ</wf>
		<wf pos="DEM">ییٚمہِ</wf>
		<wf pos="PSP">سۭتۍ</wf>
		<wf pos="NN">سۄیَتھ</wf>
		<wf pos="JJ" sense_id="1">ہیوٚر</wf>
		<wf pos="RB">بۄن</wf>
		<wf pos="VAUX">چھِ</wf>
		<wf pos="NN">کَھسان:داداجی</wf>
		<wf pos="VAUX">اوس</wf>
		<wf pos="NN">چابہِ</wf>
		<wf pos="PSP">سۭتۍ</wf>
		<wf pos="NN">لالٹیٖنُک</wf>
		<wf pos="NN">گاش</wf>
		<wf pos="VM">بٔڑراوان</wf>
		<wf pos="SYM">۔</wf>
	</sentence>
	<sentence s_id="19">
		<wf pos="JJ" sense_id="1">ہیوٚر</wf>
		<wf pos="NN">کُن:ؤڈَو</wf>
		<wf pos="VM">نِنہٕ</wf>
		<wf pos="RB">پتہٕ</wf>
		<wf pos="VAUX">چُھ</wf>
		<wf pos="NN">جہاز</wf>
		<wf pos="RB">وارٕ</wf>
		<wf pos="RB">وارٕ</wf>
		<wf pos="JJ" sense_id="1">ہیوٚر</wf>
		<wf pos="VM">کُن</wf>
		<wf pos="VM">گژھان</wf>
		<wf pos="SYM">۔</wf>
	</sentence>
	<sentence s_id="20">
		<wf pos="NNP">اعلا</wf>
		<wf pos="NN">درجَس</wf>
		<wf pos="NN">منٛز:لۄکُٹ</wf>
		<wf pos="NN">بوے</wf>
		<wf pos="VAUX">گوٚو</wf>
		<wf pos="NN">اِمتِحانَس</wf>
		<wf pos="PSP">منٛز</wf>
		<wf pos="NN">پاس</wf>
		<wf pos="CC">تہٕ</wf>
		<wf pos="NN">کھۄت</wf>
		<wf pos="JJ" sense_id="3">ہیوٚر</wf>
		<wf pos="CC">تہٕ</wf>
		<wf pos="JJ">بوٚڑ</wf>
		<wf pos="NN">بوے</wf>
		<wf pos="NN">یتَتھ</wf>
		<wf pos="VAUX">اوٚس</wf>
		<wf pos="JJ">تٕتی</wf>
		<wf pos="VM">روٗد</wf>
		<wf pos="SYM">۔</wf>
	</sentence>
	<sentence s_id="21">
		<wf pos="PSP">کَلہٕ</wf>
		<wf pos="VM">بوٚنکُن</wf>
		<wf pos="CC">تہٕ</wf>
		<wf pos="RB">خۄر</wf>
		<wf pos="POW">سیٚود</wf>
		<wf pos="JJ" sense_id="2">ہیوٚر</wf>
		<wf pos="VM">کُن</wf>
		<wf pos="VM">تھٲوِتھ</wf>
		<wf pos="VM">کرنہٕ</wf>
		<wf pos="VM">یِنہٕ</wf>
		<wf pos="JJ">واجٮ۪ن</wf>
		<wf pos="NN">ورزِش:موج</wf>
		<wf pos="VAUX">چھےٚ</wf>
		<wf pos="VAUX">دوہےٚ</wf>
		<wf pos="NN">صُبَس</wf>
		<wf pos="PSP">کَلہٕ</wf>
		<wf pos="VM">بوٚنکُن</wf>
		<wf pos="CC">تہٕ</wf>
		<wf pos="RB">خۄر</wf>
		<wf pos="POW">سیٚود</wf>
		<wf pos="JJ" sense_id="2">ہیوٚر</wf>
		<wf pos="VM">کُن</wf>
		<wf pos="VM">تھٲوِتھ</wf>
		<wf pos="VM">کرنہٕ</wf>
		<wf pos="VM">یِنہٕ</wf>
		<wf pos="JJ">واجٮ۪ن</wf>
		<wf pos="NN">ورزِش</wf>
		<wf pos="VM">کران</wf>
		<wf pos="SYM">۔</wf>
	</sentence>
	<sentence s_id="22">
		<wf pos="NNP">ٲسَن</wf>
		<wf pos="PSP">لگۍ</wf>
		<wf pos="NNC">ترٛ</wf>
		<wf pos="NN">پۍ</wf>
		<wf pos="RP">تِہ</wf>
		<wf pos="NN">اکِہ</wf>
		<wf pos="NN">انٛدٕہ</wf>
		<wf pos="PSP">پٮ۪ٹھہٕ</wf>
		<wf pos="PRP">بیٚیِس</wf>
		<wf pos="NN">اندس</wf>
		<wf pos="PSP">تام</wf>
		<wf pos="VAUX">گٔیِہ</wf>
		<wf pos="PRP">سٲری</wf>
		<wf pos="VM">لوُکھ،</wf>
		<wf pos="NN">وکیٖل</wf>
		<wf pos="CC">تہٕ</wf>
		<wf pos="NN">تماشِہ</wf>
		<wf pos="JJ">گیٖر</wf>
		<wf pos="JJ" sense_id="1">ہیوٚر</wf>
		<wf pos="VM">ؤتھِتھ</wf>
		<wf pos="CC">تہٕ</wf>
		<wf pos="POW">أکۍ</wf>
		<wf pos="POW">سٕے</wf>
		<wf pos="NN">شہَس</wf>
		<wf pos="VM">اندربیٖٹھۍ</wf>
		<wf pos="CC">بیٚیہ</wf>
		<wf pos="PRP">پننٮ۪ن</wf>
		<wf pos="PRP">پننٮ۪ن</wf>
		<wf pos="NN">جایَن</wf>
		<wf pos="PSP">پٮ۪ٹھ</wf>
		<wf pos="SYM">۔</wf>
	</sentence>
	<sentence s_id="23">
		<wf pos="JJ" sense_id="1">ہیوٚر</wf>
		<wf pos="VM">ؤتھِتھ</wf>
		<wf pos="VM">کوٚرُن</wf>
		<wf pos="CC">بیٚیہ</wf>
		<wf pos="RP">ہَنا</wf>
		<wf pos="NN">کمرس</wf>
		<wf pos="JJ">خم</wf>
		<wf pos="NN">ہیوٖ</wf>
		<wf pos="CC">تہٕ</wf>
		<wf pos="NN">ووٚتہہ</wf>
		<wf pos="JJ">بیٚیہ</wf>
		<wf pos="VM">تھوٚد</wf>
		<wf pos="SYM">۔</wf>
	</sentence>
	<sentence s_id="24">
		<wf pos="NNP">اعزاز</wf>
		<wf pos="VAUX">چھُ</wf>
		<wf pos="PRP">دنہ</wf>
		<wf pos="NN">ٕ</wf>
		<wf pos="VM">یِوان</wf>
		<wf pos="PRP">کینژن</wf>
		<wf pos="NN">قَدرن،</wf>
		<wf pos="NNPC">فتح</wf>
		<wf pos="CC">تہٕ</wf>
		<wf pos="NN">سُخرویی</wf>
		<wf pos="VM">پراوَن</wf>
		<wf pos="NN">والٮ۪ن،</wf>
		<wf pos="JJ">رزم</wf>
		<wf pos="NN">گاہَس</wf>
		<wf pos="PSP">منٛز</wf>
		<wf pos="NN">امیننکِہ</wf>
		<wf pos="NN">امارٕ</wf>
		<wf pos="NNP">وَسَن</wf>
		<wf pos="PSP">والٮ۪ن</wf>
		<wf pos="CC">تہ</wf>
		<wf pos="RP">تہ</wf>
		<wf pos="WQ">تورٕزِ</wf>
		<wf pos="VM">یٖنتھ</wf>
		<wf pos="NN">کٲر</wf>
		<wf pos="JJ" sense_id="4">ہیوٚر</wf>
		<wf pos="VM">تُلِتھ</wf>
		<wf pos="VM">پکن</wf>
		<wf pos="PSP">والٮ۪ن</wf>
		<wf pos="SYM">۔</wf>
	</sentence>
	<sentence s_id="25">
		<wf pos="VM">رامُن</wf>
		<wf pos="NN">بُتھ</wf>
		<wf pos="VAUX">اوس</wf>
		<wf pos="NN">چمکانیِمن</wf>
		<wf pos="NN">بَچن</wf>
		<wf pos="PSP">ہِنٛز</wf>
		<wf pos="NN">شکٕل</wf>
		<wf pos="VAUX">چھٚے</wf>
		<wf pos="PRP">پانہٕ</wf>
		<wf pos="VM">وَنۍ</wf>
		<wf pos="JJ">واریاہ</wf>
		<wf pos="NN">رَلانتُہۍ</wf>
		<wf pos="VM">تُلِو</wf>
		<wf pos="NEG">نہ</wf>
		<wf pos="NN">بُتھہِ</wf>
		<wf pos="PSP">پٮ۪ٹھہٕ</wf>
		<wf pos="NN">نَقاب</wf>
		<wf pos="VM">تھوٚد</wf>
		<wf pos="SYM">۔</wf>
	</sentence>
	<sentence s_id="26">
		<wf pos="VM">پھۄلٲوِتھ</wf>
		<wf pos="NN">دانہِ</wf>
		<wf pos="VM">تُل</wf>
		<wf pos="VM">تھوٚد</wf>
		<wf pos="SYM">۔</wf>
	</sentence>
	<sentence s_id="27">
		<wf pos="NNP">ہِمالیاہُک</wf>
		<wf pos="QC">اَکھ</wf>
		<wf pos="JJ" sense_id="1">ہیوٚر</wf>
		<wf pos="NN">بالہٕ</wf>
		<wf pos="NN">تھونٛگ:پَہاڑَس</wf>
		<wf pos="NNP">کَھسَن</wf>
		<wf pos="PSP">والٮ۪ن</wf>
		<wf pos="PSP">ہٕنٛز</wf>
		<wf pos="QC">اَکھ</wf>
		<wf pos="NNP">چھۄکھ</wf>
		<wf pos="VM">وٲژ</wf>
		<wf pos="JJ">گوری</wf>
		<wf pos="NN">شَنٛکر</wf>
		<wf pos="NN">تٔھنٛگِس</wf>
		<wf pos="PSP">پٮ۪ٹھ</wf>
		<wf pos="SYM">۔</wf>
	</sentence>
	<sentence s_id="28">
		<wf pos="JJ">تٔھدِس</wf>
		<wf pos="NN">قبیلس</wf>
		<wf pos="PSP">منٛز</wf>
		<wf pos="VM">زٮ۪ونہٕ</wf>
		<wf pos="PSP">سۭتۍ</wf>
		<wf pos="NEG">چُھنہٕ</wf>
		<wf pos="PRP">کانٛہہ</wf>
		<wf pos="JJ" sense_id="1">ہیوٚر</wf>
		<wf pos="VM">بنان</wf>
		<wf pos="SYM">۔</wf>
	</sentence>
	<sentence s_id="29">
		<wf pos="JJ">تھٔدِس</wf>
		<wf pos="NN">قٔبیٖلَس</wf>
		<wf pos="PSP">منٛز</wf>
		<wf pos="VM">زٮ۪ونہٕ</wf>
		<wf pos="PSP">سۭتۍ</wf>
		<wf pos="NEG">چُھنہٕ</wf>
		<wf pos="PRP">کانٛہہ</wf>
		<wf pos="JJ" sense_id="4">ہیوٚر</wf>
		<wf pos="VM">بَنان</wf>
		<wf pos="RB">بٔلِکہِ</wf>
		<wf pos="RB">عَمَل</wf>
		<wf pos="VAUX">گَژھہِ</wf>
		<wf pos="JJ">بٔڑ</wf>
		<wf pos="VM">آسٕنۍ</wf>
		<wf pos="SYM">۔</wf>
	</sentence>
	<sentence s_id="30">
		<wf pos="NN">ایوریسٹ</wf>
		<wf pos="VAUX">چُھ</wf>
		<wf pos="NN">ہِمالیُک</wf>
		<wf pos="JJ">سارِوے</wf>
		<wf pos="RP">کھۄتہٕ</wf>
		<wf pos="JJ" sense_id="1">ہیوٚر</wf>
		<wf pos="NN">بالہٕ</wf>
		<wf pos="NN">تھوٚنٛگ</wf>
		<wf pos="SYM">۔</wf>
	</sentence>
	<sentence s_id="31">
		<wf pos="NN">بٔدی</wf>
		<wf pos="PSP">نِش</wf>
		<wf pos="JJ" sense_id="1">ہیوٚر</wf>
		<wf pos="NN">وۄتھنہٕ</wf>
		<wf pos="PSP">سۭتۍ</wf>
		<wf pos="VAUX">ہٮ۪کہِ</wf>
		<wf pos="NN">سَماج</wf>
		<wf pos="PRP">برٛوٚنٛہہ</wf>
		<wf pos="VM">پٔکِتھ</wf>
		<wf pos="SYM">۔</wf>
	</sentence>
	<sentence s_id="32">
		<wf pos="NN">سِیاسَت</wf>
		<wf pos="NN">دان</wf>
		<wf pos="VM">ووٚتھ</wf>
		<wf pos="NN">تَقریٖر</wf>
		<wf pos="VM">کَرنہٕ</wf>
		<wf pos="PSP">خٲطرٕ</wf>
		<wf pos="JJ" sense_id="5">ہیوٚر</wf>
		<wf pos="SYM">۔</wf>
	</sentence>
	<sentence s_id="33">
		<wf pos="NN">حالات</wf>
		<wf pos="PSP">خٕلاف</wf>
		<wf pos="VM">وٕچِتھ</wf>
		<wf pos="VM">ژوٚل</wf>
		<wf pos="PRP">سُہ</wf>
		<wf pos="JJ" sense_id="1">ہیوٚر</wf>
		<wf pos="VM">ؤتھِتھ</wf>
		<wf pos="SYM">۔</wf>
	</sentence>
	<sentence s_id="34">
		<wf pos="NNP">کَھہُک</wf>
		<wf pos="JJ" sense_id="1">ہیوٚر</wf>
		<wf pos="NN">حِصہٕ</wf>
		<wf pos="VAUX">آو</wf>
		<wf pos="VM">کٔھنِتھ</wf>
		<wf pos="JJ">ہموار</wf>
		<wf pos="VM">کَرنہٕ</wf>
		<wf pos="SYM">۔</wf>
	</sentence>
	<sentence s_id="35">
		<wf pos="NN">خٔزرٕ</wf>
		<wf pos="NN">کُل</wf>
		<wf pos="VAUX">چُھ</wf>
		<wf pos="JJ">گَرم</wf>
		<wf pos="NN">عَلاقَن</wf>
		<wf pos="PSP">منٛز</wf>
		<wf pos="NN">کَھسانخٔزرٕ</wf>
		<wf pos="NN">کُل</wf>
		<wf pos="VAUX">چُھ</wf>
		<wf pos="JJ" sense_id="5">ہیوٚر</wf>
		<wf pos="CC">تہٕ</wf>
		<wf pos="NN">لَنٛجو</wf>
		<wf pos="RB">بَغٲر</wf>
		<wf pos="VM">آسان</wf>
		<wf pos="SYM">۔</wf>
	</sentence>
	<sentence s_id="36">
		<wf pos="PRP">ییٚمِس</wf>
		<wf pos="NN">ویدُک</wf>
		<wf pos="JJ">عٔلِم</wf>
		<wf pos="NN">آسہِ:پٔنٛڈِت</wf>
		<wf pos="NN">ۂریٖشَنٛکَر</wf>
		<wf pos="VAUX">اوس</wf>
		<wf pos="QC">اَکھ</wf>
		<wf pos="JJ" sense_id="1">ہیوٚر</wf>
		<wf pos="JJ">مٲہرِ</wf>
		<wf pos="NN">ویدا</wf>
		<wf pos="SYM">۔</wf>
	</sentence>
	<sentence s_id="37">
		<wf pos="NN">دۄدَس</wf>
		<wf pos="VM">تُل</wf>
		<wf pos="NN">مَلٲے</wf>
		<wf pos="VM">تھوٚد</wf>
		<wf pos="SYM">۔</wf>
	</sentence>
	<sentence s_id="38">
		<wf pos="QC">اَکہِ</wf>
		<wf pos="NN">قٕسمُک</wf>
		<wf pos="JJ" sense_id="1">ہیوٚر</wf>
		<wf pos="NN">کُل</wf>
		<wf pos="DEM">یُس</wf>
		<wf pos="NN">شیٖشَمَس</wf>
		<wf pos="PSP">ہیوٗ</wf>
		<wf pos="VM">آسان</wf>
		<wf pos="NN">چُھ:سِسَرٕچ</wf>
		<wf pos="RB">لٔکٕرۍ</wf>
		<wf pos="VAUX">چھےٚ</wf>
		<wf pos="JJ">مَضبوٗط</wf>
		<wf pos="VM">آسان</wf>
		<wf pos="SYM">۔</wf>
	</sentence>
	<sentence s_id="39">
		<wf pos="NN">برٛہمَن،شٔترِٛیہِ</wf>
		<wf pos="CC">تہٕ</wf>
		<wf pos="NN">ویشیہِ</wf>
		<wf pos="DEM">یِم</wf>
		<wf pos="QC">ترٛے</wf>
		<wf pos="RB">زٲژ:ترٛٲنِس</wf>
		<wf pos="NN">زَمانَس</wf>
		<wf pos="PSP">منٛز</wf>
		<wf pos="VAUX">ٲس</wf>
		<wf pos="NN">شوٗدرَن</wf>
		<wf pos="PSP">ہِنٛدِس</wf>
		<wf pos="NN">مُقابلَس</wf>
		<wf pos="PSP">منٛز</wf>
		<wf pos="NN">تِرٛوَرگَس</wf>
		<wf pos="JJ" sense_id="1">ہیوٚر</wf>
		<wf pos="NN">مانٛنہٕ</wf>
		<wf pos="VM">یِوان</wf>
		<wf pos="SYM">۔</wf>
	</sentence>
	<sentence s_id="40">
		<wf pos="PRP">مےٚ</wf>
		<wf pos="VAUX">چُھ</wf>
		<wf pos="PRP">پَنٛنِس</wf>
		<wf pos="NN">مٕلکَس</wf>
		<wf pos="PSP">پٮ۪ٹھ</wf>
		<wf pos="RB">فَخٕرہمیشہٕ</wf>
		<wf pos="NN">فکرٕ</wf>
		<wf pos="PSP">سان</wf>
		<wf pos="RB">سیٖنہٕ</wf>
		<wf pos="JJ" sense_id="3">ہیوٚر</wf>
		<wf pos="VM">کٔرِتھ</wf>
		<wf pos="NN">پَکَن</wf>
		<wf pos="PSP">وٲلِس</wf>
		<wf pos="NN">ساہوٗکارَس</wf>
		<wf pos="VAUX">پیوٚ</wf>
		<wf pos="NN">آزٕ</wf>
		<wf pos="PRP">سارنٕے</wf>
		<wf pos="RB">برٛۄنٛہہ</wf>
		<wf pos="VM">کَنہِ</wf>
		<wf pos="NN">زٔلیٖل</wf>
		<wf pos="VM">گَژُھن</wf>
		<wf pos="SYM">۔</wf>
	</sentence>
	<sentence s_id="41">
		<wf pos="NN">کٲبینَس</wf>
		<wf pos="PSP">منٛز</wf>
		<wf pos="VAUX">چُھ</wf>
		<wf pos="NN">وزیراعٰلی</wf>
		<wf pos="PSP">سُنٛد</wf>
		<wf pos="NN">مَقام</wf>
		<wf pos="NN">ساروی</wf>
		<wf pos="NN">کھۄتہ</wf>
		<wf pos="JJ" sense_id="1">ہیوٚر</wf>
		<wf pos="VM">آسان</wf>
		<wf pos="SYM">۔</wf>
	</sentence>
	<sentence s_id="42">
		<wf pos="DEM">أمی</wf>
		<wf pos="NN">تاب</wf>
		<wf pos="RP">جی</wf>
		<wf pos="VAUX">چُھ</wf>
		<wf pos="INTF">واریاہ</wf>
		<wf pos="JJ" sense_id="1">ہیوٚر</wf>
		<wf pos="SYM">۔</wf>
	</sentence>
	<sentence s_id="43">
		<wf pos="PRP">تٔمۍ</wf>
		<wf pos="VM">تُل</wf>
		<wf pos="PRP">پَننہِ</wf>
		<wf pos="NN">بیٚہنہٕ</wf>
		<wf pos="PSP">خٲطرٕ</wf>
		<wf pos="NNPC">سوہَن</wf>
		<wf pos="NN">کُرسی</wf>
		<wf pos="PSP">پٮ۪ٹھٕ</wf>
		<wf pos="VM">تھوٚد</wf>
		<wf pos="SYM">۔</wf>
	</sentence>
	<sentence s_id="44">
		<wf pos="NN">میٛزَس</wf>
		<wf pos="PSP">پٮ۪ٹھ</wf>
		<wf pos="NN">کٲم</wf>
		<wf pos="NN">کَرَن</wf>
		<wf pos="NN">وٲلۍاٮ۪کاوٹَنٛٹَن</wf>
		<wf pos="VM">تُل</wf>
		<wf pos="PRP">پَنُن</wf>
		<wf pos="VM">کَلہِ</wf>
		<wf pos="JJ" sense_id="3">ہیوٚر</wf>
		<wf pos="NN">میٛانہِ</wf>
		<wf pos="NNP">سَلامہِ</wf>
		<wf pos="PSP">ہُنٛد</wf>
		<wf pos="NN">جواب</wf>
		<wf pos="VM">دِنہِ</wf>
		<wf pos="PSP">خٲطرٕ</wf>
		<wf pos="SYM">۔</wf>
	</sentence>
	<sentence s_id="45">
		<wf pos="JJ">موجی</wf>
		<wf pos="PRP">ژٕ</wf>
		<wf pos="VM">تُل</wf>
		<wf pos="PRP">پَنُن</wf>
		<wf pos="NN">کھۄر</wf>
		<wf pos="VM">تھوٚد</wf>
		<wf pos="SYM">۔</wf>
	</sentence>
	<sentence s_id="46">
		<wf pos="NNP">دَلہِ</wf>
		<wf pos="PSP">ہُنٛد</wf>
		<wf pos="QC">اَکھ</wf>
		<wf pos="JJ" sense_id="1">ہیوٚر</wf>
		<wf pos="JJ">مِنار:دَلی</wf>
		<wf pos="NN">گٔژِھت</wf>
		<wf pos="NN">وُچھو</wf>
		<wf pos="NEG">نَہ</wf>
		<wf pos="NN">تۄہہٕ</wf>
		<wf pos="PSP">قُتُب</wf>
		<wf pos="NN">مِنار</wf>
		<wf pos="SYM">۔</wf>
	</sentence>
	<sentence s_id="47">
		<wf pos="NN">اترے</wf>
		<wf pos="PSP">سٕندِ</wf>
		<wf pos="VM">یِنہٕ</wf>
		<wf pos="NN">وِزِ</wf>
		<wf pos="VAUX">گوٚو</wf>
		<wf pos="NN">بادشاہ</wf>
		<wf pos="JJ" sense_id="3">ہیوٚر</wf>
		<wf pos="VM">ؤتھِتھ</wf>
		<wf pos="SYM">۔</wf>
	</sentence>
	<sentence s_id="48">
		<wf pos="VM">تجویٖزِ</wf>
		<wf pos="JJ">مُخٲلِف</wf>
		<wf pos="RB">نَفر</wf>
		<wf pos="VM">تُلِو</wf>
		<wf pos="PRP">پَنُن</wf>
		<wf pos="NN">اَتھہٕ</wf>
		<wf pos="VM">تھوٚد</wf>
		<wf pos="SYM">۔</wf>
	</sentence>
	<sentence s_id="49">
		<wf pos="DEM">یتھ</wf>
		<wf pos="PSP">سۭتۍ</wf>
		<wf pos="NN">اعتراض</wf>
		<wf pos="VM">تھاون</wf>
		<wf pos="PSP">وٲلۍ</wf>
		<wf pos="NN">لُکھ</wf>
		<wf pos="VM">تُلن</wf>
		<wf pos="NNP">اتھٕ</wf>
		<wf pos="JJ" sense_id="1">ہیوٚر</wf>
		<wf pos="SYM">۔</wf>
	</sentence>
	<sentence s_id="50">
		<wf pos="QC">اَکہِ</wf>
		<wf pos="NN">قٔسمُک</wf>
		<wf pos="VM">کُل:دودِن</wf>
		<wf pos="NN">کُل</wf>
		<wf pos="VAUX">چُھ</wf>
		<wf pos="JJ" sense_id="1">ہیوٚر</wf>
		<wf pos="VM">آسان</wf>
		<wf pos="SYM">۔</wf>
	</sentence>
	<sentence s_id="51">
		<wf pos="QC">اَکھ</wf>
		<wf pos="JJ" sense_id="4">ہیوٚر</wf>
		<wf pos="RP">تہِ</wf>
		<wf pos="NN">خوبصورَت</wf>
		<wf pos="RB">کُل:گولرا</wf>
		<wf pos="VAUX">چُھ</wf>
		<wf pos="NN">ہِملیٲس</wf>
		<wf pos="PSP">پٮ۪ٹھ</wf>
		<wf pos="QC">ترٛے</wf>
		<wf pos="QC">ساس</wf>
		<wf pos="NN">پٔھٹ</wf>
		<wf pos="PSP">کِس</wf>
		<wf pos="NN">تَھزرَس</wf>
		<wf pos="PSP">پٮ۪ٹھ</wf>
		<wf pos="VM">میلان</wf>
		<wf pos="SYM">۔</wf>
	</sentence>
	<sentence s_id="52">
		<wf pos="QC">اَکھ</wf>
		<wf pos="NN">تیٖرَتھ</wf>
		<wf pos="VM">کار:تِرٛشِبھ</wf>
		<wf pos="NN">دیو</wf>
		<wf pos="VAUX">اوس</wf>
		<wf pos="NN">جین</wf>
		<wf pos="NN">مَذہَبُک</wf>
		<wf pos="QC">اَکھ</wf>
		<wf pos="JJ" sense_id="1">ہیوٚر</wf>
		<wf pos="NN">تیٖرَتھ</wf>
		<wf pos="NN">کار</wf>
		<wf pos="SYM">۔</wf>
	</sentence>
	<sentence s_id="53">
		<wf pos="QC">اَکہِ</wf>
		<wf pos="NN">قٔسمُک</wf>
		<wf pos="INTF">واریاہ</wf>
		<wf pos="JJ">بوٚڈ</wf>
		<wf pos="CC">تہٕ</wf>
		<wf pos="JJ" sense_id="4">ہیوٚر</wf>
		<wf pos="POW">کُل:راورَکھا</wf>
		<wf pos="VAUX">چُھ</wf>
		<wf pos="NN">ہِمالِیٲس</wf>
		<wf pos="PSP">منٛز</wf>
		<wf pos="VM">لَبنہٕ</wf>
		<wf pos="VAUX">یِوان</wf>
		<wf pos="SYM">۔</wf>
	</sentence>
	<sentence s_id="54">
		<wf pos="QC">اَکہِ</wf>
		<wf pos="NN">قٔسمُک</wf>
		<wf pos="NN">پہٲڑۍ</wf>
		<wf pos="VM">کُل:بِیرَسا</wf>
		<wf pos="VAUX">چُھ</wf>
		<wf pos="JJ" sense_id="1">ہیوٚر</wf>
		<wf pos="VM">آسان</wf>
		<wf pos="SYM">۔</wf>
	</sentence>
	<sentence s_id="55">
		<wf pos="QC">اَکہِ</wf>
		<wf pos="NN">قٔسمُک</wf>
		<wf pos="NN">جَنٛگلی</wf>
		<wf pos="NN">کُل</wf>
		<wf pos="DEM">یُس</wf>
		<wf pos="JJ" sense_id="1">ہیوٚر</wf>
		<wf pos="VM">آسان</wf>
		<wf pos="NN">چُھ:پُوال</wf>
		<wf pos="VM">کُلِچۍ</wf>
		<wf pos="NN">لٔکٕر</wf>
		<wf pos="VAUX">چھےٚ</wf>
		<wf pos="NN">لیٚدٕر</wf>
		<wf pos="CC">تہٕ</wf>
		<wf pos="JJ">مَظبوٗط</wf>
		<wf pos="VM">آسان</wf>
		<wf pos="SYM">۔</wf>
	</sentence>
	<sentence s_id="56">
		<wf pos="QC">اَکہِ</wf>
		<wf pos="NN">قٔسمُک</wf>
		<wf pos="NN">جَنٛگلی</wf>
		<wf pos="NN">ہِرَن:ہانٛگُل</wf>
		<wf pos="VAUX">چُھ</wf>
		<wf pos="NN">قَدَس</wf>
		<wf pos="PSP">منٛز</wf>
		<wf pos="JJ" sense_id="1">ہیوٚر</wf>
		<wf pos="VM">آسان</wf>
		<wf pos="SYM">۔</wf>
	</sentence>
	<sentence s_id="57">
		<wf pos="QC">اَکھ</wf>
		<wf pos="JJ" sense_id="1">ہیوٚر</wf>
		<wf pos="NN">کُل</wf>
		<wf pos="DEM">یُس</wf>
		<wf pos="JJ">پہٲڑی</wf>
		<wf pos="NN">عَلاقَن</wf>
		<wf pos="PSP">منٛز</wf>
		<wf pos="VM">لَبنہٕ</wf>
		<wf pos="VAUX">چُھ</wf>
		<wf pos="NN">یِوان:تَرپُو</wf>
		<wf pos="VM">کُلِچۍ</wf>
		<wf pos="NN">لٔکٕر</wf>
		<wf pos="VAUX">چھےٚ</wf>
		<wf pos="NN">دٔر</wf>
		<wf pos="CC">تہٕ</wf>
		<wf pos="CC">بیٚیہِ</wf>
		<wf pos="NNPC">دالچٖیٖن</wf>
		<wf pos="NNP">رَنٛگٕچۍ</wf>
		<wf pos="VM">آسان</wf>
		<wf pos="SYM">۔</wf>
	</sentence>
	<sentence s_id="58">
		<wf pos="QC">اَکہِ</wf>
		<wf pos="NN">قٔسمُک</wf>
		<wf pos="JJ" sense_id="1">ہیوٚر</wf>
		<wf pos="NN">کُل:بیٚپار</wf>
		<wf pos="VAUX">چُھ</wf>
		<wf pos="NN">ہِمالیٲس</wf>
		<wf pos="PSP">منٛز</wf>
		<wf pos="VM">لَبنہٕ</wf>
		<wf pos="VAUX">یِوان</wf>
		<wf pos="SYM">۔</wf>
	</sentence>
	<sentence s_id="59">
		<wf pos="QC">اَکہِ</wf>
		<wf pos="NN">قٔسمُک</wf>
		<wf pos="NN">کُل:شُنٛڈل</wf>
		<wf pos="NEG">چُھنہٕ</wf>
		<wf pos="JJ">زیادٕ</wf>
		<wf pos="JJ" sense_id="1">ہیوٚر</wf>
		<wf pos="VM">آسا</wf>
		<wf pos="SYM">۔</wf>
	</sentence>
	<sentence s_id="60">
		<wf pos="QC">اَکھ</wf>
		<wf pos="NN">جَنٛگلی</wf>
		<wf pos="NN">کُل</wf>
		<wf pos="DEM">یُس</wf>
		<wf pos="NN">دَوا</wf>
		<wf pos="VM">بَناونَس</wf>
		<wf pos="VAUX">چُھ</wf>
		<wf pos="NNPC">لَگان:دُھوارا</wf>
		<wf pos="VAUX">چُھ</wf>
		<wf pos="JJ" sense_id="4">ہیوٚر</wf>
		<wf pos="RP">تہِ</wf>
		<wf pos="JJ">خۄشوُن</wf>
		<wf pos="VM">آسان</wf>
		<wf pos="SYM">۔</wf>
	</sentence>
	<sentence s_id="61">
		<wf pos="QC">اَکہِ</wf>
		<wf pos="NN">قٔسمُک</wf>
		<wf pos="JJ" sense_id="1">ہیوٚر</wf>
		<wf pos="PRP">کُل:سون</wf>
		<wf pos="NN">پاٹھ</wf>
		<wf pos="VAUX">چُھ</wf>
		<wf pos="NN">دَوا</wf>
		<wf pos="VM">بَناونَس</wf>
		<wf pos="VM">لَگان</wf>
		<wf pos="SYM">۔</wf>
	</sentence>
	<sentence s_id="62">
		<wf pos="QC">اَکہِ</wf>
		<wf pos="NN">قٔسمُک</wf>
		<wf pos="JJ" sense_id="5">ہیوٚر</wf>
		<wf pos="NN">کُل:بیل</wf>
		<wf pos="NN">خٔجی</wf>
		<wf pos="VAUX">چُھ</wf>
		<wf pos="JJ">ہِمالِیِکۍ</wf>
		<wf pos="NN">مشرِقی</wf>
		<wf pos="PSP">طَرفہٕ</wf>
		<wf pos="VM">کِنۍ</wf>
		<wf pos="VM">لَبنہٕ</wf>
		<wf pos="VAUX">یِوان</wf>
		<wf pos="SYM">۔</wf>
	</sentence>
	<sentence s_id="63">
		<wf pos="PRP">سُہ</wf>
		<wf pos="NN">کُل</wf>
		<wf pos="DEM">یَتھ</wf>
		<wf pos="NN">خَجری</wf>
		<wf pos="PSP">اَمب</wf>
		<wf pos="VAUX">چھےٚ</wf>
		<wf pos="NNPC">کَھسان:یہِ</wf>
		<wf pos="NNP">خَجری</wf>
		<wf pos="NN">اَمبہٕ</wf>
		<wf pos="NN">کُل</wf>
		<wf pos="VAUX">چُھ</wf>
		<wf pos="INTF">واریاہ</wf>
		<wf pos="JJ" sense_id="1">ہیوٚر</wf>
		<wf pos="SYM">۔</wf>
	</sentence>
	<sentence s_id="64">
		<wf pos="NN">منٛدرُک</wf>
		<wf pos="QO">پیٛرنٛگ:یمہِ</wf>
		<wf pos="NN">منٛدرُک</wf>
		<wf pos="NN">پرٚنٛگ</wf>
		<wf pos="VAUX">چُھ</wf>
		<wf pos="INTF">واریاہ</wf>
		<wf pos="JJ" sense_id="2">ہیوٚر</wf>
		<wf pos="SYM">۔</wf>
	</sentence>
	<sentence s_id="65">
		<wf pos="PRP">سُہ</wf>
		<wf pos="NN">کُل</wf>
		<wf pos="DEM">یَتھ</wf>
		<wf pos="JJ">ایڈورَڈ</wf>
		<wf pos="NN">اَمب</wf>
		<wf pos="VAUX">چھےٚ</wf>
		<wf pos="JJ">کَھسان:ایڈوٲٔڈ</wf>
		<wf pos="NN">اَمبہٕ</wf>
		<wf pos="NN">کُل</wf>
		<wf pos="VAUX">چُھ</wf>
		<wf pos="JJ" sense_id="1">ہیوٚر</wf>
		<wf pos="VM">آسان</wf>
		<wf pos="SYM">۔</wf>
	</sentence>
	<sentence s_id="66">
		<wf pos="QC">اَکھ</wf>
		<wf pos="NN">کُل:سَنٛبھالو</wf>
		<wf pos="VAUX">چُھ</wf>
		<wf pos="JJ" sense_id="1">ہیوٚر</wf>
		<wf pos="VM">آسان</wf>
		<wf pos="SYM">۔</wf>
	</sentence>
	<sentence s_id="67">
		<wf pos="NN">تلوارِ</wf>
		<wf pos="PSP">ہُنٛد</wf>
		<wf pos="NN">مٔنٛزِم</wf>
		<wf pos="NN">حِصہٕ:ونٛش</wf>
		<wf pos="VAUX">چُھ</wf>
		<wf pos="JJ" sense_id="1">ہیوٚر</wf>
		<wf pos="VM">آسان</wf>
		<wf pos="SYM">۔</wf>
	</sentence>
	<sentence s_id="68">
		<wf pos="QC">اَکہِ</wf>
		<wf pos="NN">قٔسمُک</wf>
		<wf pos="NNP">کُل:گَنٛگتیٖریا</wf>
		<wf pos="NN">کُل</wf>
		<wf pos="VAUX">چُھ</wf>
		<wf pos="JJ" sense_id="3">ہیوٚر</wf>
		<wf pos="VM">آسان</wf>
		<wf pos="SYM">۔</wf>
	</sentence>
	<sentence s_id="69">
		<wf pos="NNP">بَرتٲنۍ</wf>
		<wf pos="NN">پارلِمٮ۪نٛٹُک</wf>
		<wf pos="QC">اَکھ</wf>
		<wf pos="JJ" sense_id="1">ہیوٚر</wf>
		<wf pos="NN">ہَوُس:اِلیٖٹ</wf>
		<wf pos="NN">بِلڈِنٛگہِ</wf>
		<wf pos="PSP">ہِنٛز</wf>
		<wf pos="NN">میٖٹِنٛگ</wf>
		<wf pos="VAUX">گٔیہِ</wf>
		<wf pos="NEG">نہٕ</wf>
		<wf pos="RB">وٕنہِ</wf>
		<wf pos="RDP">مُلطٔوی</wf>
		<wf pos="SYM">۔</wf>
	</sentence>
	<sentence s_id="70">
		<wf pos="JJ">بَبوٗل</wf>
		<wf pos="NN">زٲژ</wf>
		<wf pos="PSP">ہُنٛد</wf>
		<wf pos="QC">اَکھ</wf>
		<wf pos="NN">کُل:کھور</wf>
		<wf pos="VAUX">چُھ</wf>
		<wf pos="JJ" sense_id="3">ہیوٚر</wf>
		<wf pos="RP">تہِ</wf>
		<wf pos="JJ">خۄش</wf>
		<wf pos="VM">کَروُن</wf>
		<wf pos="VM">آسان</wf>
		<wf pos="SYM">۔</wf>
	</sentence>
	<sentence s_id="71">
		<wf pos="NN">اٮ۪ٹلانٹِک</wf>
		<wf pos="NN">سُدرُک</wf>
		<wf pos="QC">اَکھ</wf>
		<wf pos="NN">جزِرٕ:پِرٛنسپیہ</wf>
		<wf pos="VAUX">چُھ</wf>
		<wf pos="NNP">سُدرٕکہِ</wf>
		<wf pos="NN">ژوٚکہِ</wf>
		<wf pos="PSP">پٮ۪ٹھ</wf>
		<wf pos="QC">شیٚہ</wf>
		<wf pos="QC">ساس</wf>
		<wf pos="NN">پٕھٹہٕ</wf>
		<wf pos="VM">تھوٚد</wf>
		<wf pos="SYM">۔</wf>
	</sentence>
	<sentence s_id="72">
		<wf pos="QC">اَکھ</wf>
		<wf pos="JJ" sense_id="3">ہیوٚر</wf>
		<wf pos="NN">کُل:تِمن</wf>
		<wf pos="PSP">ہُنٛد</wf>
		<wf pos="NNC">چایہِ</wf>
		<wf pos="NN">باغ</wf>
		<wf pos="VAUX">چُھ</wf>
		<wf pos="PRP">ژۄشوٕنی</wf>
		<wf pos="NN">طرفن</wf>
		<wf pos="NN">نیٖلگِری</wf>
		<wf pos="PSP">سۭتۍ</wf>
		<wf pos="VM">گٔنٛڑِتھ</wf>
		<wf pos="SYM">۔</wf>
	</sentence>
	<sentence s_id="73">
		<wf pos="NNC">جنوٗبی</wf>
		<wf pos="NN">امریٖکاہَس</wf>
		<wf pos="VM">مَنٛزلَبنہٕ</wf>
		<wf pos="VM">یِنہٕ</wf>
		<wf pos="PSP">وول</wf>
		<wf pos="QC">اَکھ</wf>
		<wf pos="NN">کُل</wf>
		<wf pos="DEM">یُس</wf>
		<wf pos="NN">وُہہِ</wf>
		<wf pos="PSP">پٮ۪ٹھٕ</wf>
		<wf pos="QC">ترٕٛہ</wf>
		<wf pos="NN">میٖٹَر</wf>
		<wf pos="PSP">تام</wf>
		<wf pos="JJ" sense_id="4">ہیوٚر</wf>
		<wf pos="VAUX">چُھ</wf>
		<wf pos="NNP">آسان:برٛازیٖل</wf>
		<wf pos="NN">نَٹٕکۍ</wf>
		<wf pos="NN">پَنہٕ</wf>
		<wf pos="NN">وَتھٕر</wf>
		<wf pos="VAUX">چھِ</wf>
		<wf pos="NN">شکلہِ</wf>
		<wf pos="VM">کِنۍ</wf>
		<wf pos="INTF">وارِیاہ</wf>
		<wf pos="JJ">بٔڑۍ</wf>
		<wf pos="VM">آسان</wf>
		<wf pos="SYM">۔</wf>
	</sentence>
	<sentence s_id="74">
		<wf pos="NN">اَچانَک</wf>
		<wf pos="CC">یا</wf>
		<wf pos="JJ">ہَنٛگہٕ</wf>
		<wf pos="CC">تہٕ</wf>
		<wf pos="JJ">مَنٛگہٕ</wf>
		<wf pos="NN">دولت،طاقت</wf>
		<wf pos="CC">یا</wf>
		<wf pos="JJ" sense_id="5">ہیوٚر</wf>
		<wf pos="NN">درجہٕ</wf>
		<wf pos="VM">حٲصِل</wf>
		<wf pos="NN">کَرَن</wf>
		<wf pos="PSP">وول</wf>
		<wf pos="NN">اِنسان:اَزکَل</wf>
		<wf pos="VAUX">چُھ</wf>
		<wf pos="PSP">مَنٛزٕ</wf>
		<wf pos="JJ">بڑٮ۪ن</wf>
		<wf pos="PSP">ہٕنٛدِس</wf>
		<wf pos="NN">تیدادس</wf>
		<wf pos="PSP">مَنٛز</wf>
		<wf pos="NN">ہُرٮ۪ر</wf>
		<wf pos="VM">سپدیومُت</wf>
		<wf pos="SYM">۔</wf>
	</sentence>
	<sentence s_id="75">
		<wf pos="NN">کُمبَلگَڑ</wf>
		<wf pos="PSP">چہِ</wf>
		<wf pos="NN">وَتہِ</wf>
		<wf pos="PSP">پٮ۪ٹھ</wf>
		<wf pos="NN">واقع</wf>
		<wf pos="QC">اَکھ</wf>
		<wf pos="JJ" sense_id="3">ہیوٚر</wf>
		<wf pos="RP">بَنٛڑ</wf>
		<wf pos="DEM">ییٚمِچ</wf>
		<wf pos="NN">بُنیاد</wf>
		<wf pos="NNPC">رانا</wf>
		<wf pos="NNPC">راج</wf>
		<wf pos="NNP">سِنٛگھَن</wf>
		<wf pos="VAUX">ٲس</wf>
		<wf pos="JJ">ترٛاونٲمٕژ:راجسَمَنٛد</wf>
		<wf pos="NN">جیٖل</wf>
		<wf pos="NN">چھےٚایشِیاہٕچ</wf>
		<wf pos="QC">دوٚیِم</wf>
		<wf pos="JJ">بٔڑ</wf>
		<wf pos="NN">مٔدرِٛ</wf>
		<wf pos="JJ">آبٕچ</wf>
		<wf pos="NN">جیٖل</wf>
		<wf pos="SYM">۔</wf>
	</sentence>
	<sentence s_id="77">
		<wf pos="CC">راجستھانکہِ</wf>
		<wf pos="NN">مارواڑُک</wf>
		<wf pos="QC">اَکھ</wf>
		<wf pos="JJ">مضبوٗط</wf>
		<wf pos="NN">گَڑھ</wf>
		<wf pos="DEM">یَتھ</wf>
		<wf pos="JJ">پرمار</wf>
		<wf pos="NN">رازَو</wf>
		<wf pos="VM">بنوومُت</wf>
		<wf pos="JJ">اوس:جالور</wf>
		<wf pos="NN">قِلُک</wf>
		<wf pos="JJ">سارِوٕے</wf>
		<wf pos="RP">کھۄتہٕ</wf>
		<wf pos="JJ" sense_id="4">ہیوٚر</wf>
		<wf pos="NN">پہاڑٕ</wf>
		<wf pos="VAUX">چُھ</wf>
		<wf pos="QC">۳۲۵۳</wf>
		<wf pos="NN">فُٹ</wf>
		<wf pos="VM">تھوٚد</wf>
		<wf pos="SYM">۔</wf>
	</sentence>
	<sentence s_id="78">
		<wf pos="DEM">یہِ</wf>
		<wf pos="NN">تھوٚنگ</wf>
		<wf pos="VAUX">چُھ</wf>
		<wf pos="VM">تھوٚد</wf>
		<wf pos="SYM">۔</wf>
	</sentence>
	<sentence s_id="79">
		<wf pos="NN">کٲٛنسہِ</wf>
		<wf pos="NN">بادشاہ</wf>
		<wf pos="PSP">سُنٛد</wf>
		<wf pos="CC">یا</wf>
		<wf pos="NN">شہزادٕ</wf>
		<wf pos="PSP">سُنٛد</wf>
		<wf pos="NN">عیال</wf>
		<wf pos="CC">تہ</wf>
		<wf pos="JJ" sense_id="1">ہیوٚر</wf>
		<wf pos="JJ">طبقٕہ:شٲہی</wf>
		<wf pos="JJ">دَبارٕک</wf>
		<wf pos="JJ">سٲری</wf>
		<wf pos="RB">نَفر</wf>
		<wf pos="VAUX">چھہِ</wf>
		<wf pos="DEM">یَتھ</wf>
		<wf pos="NN">تَقریبہِ</wf>
		<wf pos="PSP">منٛز</wf>
		<wf pos="SYM">۔</wf>
	</sentence>
	<sentence s_id="80">
		<wf pos="PRP">ییٚمِس</wf>
		<wf pos="JJ">زیٖٹھۍ</wf>
		<wf pos="NN">دَںٛد</wf>
		<wf pos="NN">آسَن:لۄکُٹ</wf>
		<wf pos="VM">کوٚٹ</wf>
		<wf pos="JJ">کھوٗژ</wf>
		<wf pos="NN">فِلمہِ</wf>
		<wf pos="PSP">مَںٛز</wf>
		<wf pos="QC">اَکھ</wf>
		<wf pos="JJ" sense_id="1">ہیوٚر</wf>
		<wf pos="CC">تہٕ</wf>
		<wf pos="JJ">زیٖتھۍ</wf>
		<wf pos="NN">دَںٛد</wf>
		<wf pos="PSP">وول</wf>
		<wf pos="NN">جانوَر</wf>
		<wf pos="VM">وُچھِتھ</wf>
		<wf pos="SYM">۔</wf>
	</sentence>
	<sentence s_id="81">
		<wf pos="PRP">یُس</wf>
		<wf pos="NEG">نہٕ</wf>
		<wf pos="NN">طاقت</wf>
		<wf pos="NN">ور</wf>
		<wf pos="NNP">آسہٕ:خُداے</wf>
		<wf pos="VAUX">چُھ</wf>
		<wf pos="JJ" sense_id="1">ہیوٚر</wf>
		<wf pos="CC">تہٕ</wf>
		<wf pos="JJ">بوٚڈ</wf>
		<wf pos="CC">مگر</wf>
		<wf pos="VM">إنسان</wf>
		<wf pos="VAUX">چُھ</wf>
		<wf pos="NN">کمزور</wf>
		<wf pos="SYM">۔</wf>
	</sentence>
	<sentence s_id="82">
		<wf pos="NN">پٔیژ</wf>
		<wf pos="VM">رَلٲوِتھ</wf>
		<wf pos="VM">مٔیژ</wf>
		<wf pos="DEM">یۄس</wf>
		<wf pos="VM">مَکان</wf>
		<wf pos="VM">بَناونَس</wf>
		<wf pos="VAUX">چھِ</wf>
		<wf pos="NNPC">لَگان:مَنٛگَل</wf>
		<wf pos="VAUX">چُھ</wf>
		<wf pos="JJ">دٮ۪وار</wf>
		<wf pos="JJ" sense_id="1">ہیوٚر</wf>
		<wf pos="VM">کَرنہٕ</wf>
		<wf pos="PSP">خٲطرٕ</wf>
		<wf pos="DEM">یَتھ</wf>
		<wf pos="PSP">پٮ۪ٹھ</wf>
		<wf pos="NN">زٮ۪ن</wf>
		<wf pos="VM">کھالان</wf>
		<wf pos="SYM">۔</wf>
	</sentence>
	<sentence s_id="83">
		<wf pos="NN">لاگنَس</wf>
		<wf pos="PSP">مَنٛز</wf>
		<wf pos="JJ">ژھوٚٹ</wf>
		<wf pos="CC">یا</wf>
		<wf pos="NNPC">تھوٚد:رَحمان</wf>
		<wf pos="VAUX">چُھ</wf>
		<wf pos="JJ" sense_id="3">ہیوٚر</wf>
		<wf pos="NN">یَزار</wf>
		<wf pos="VM">لاگان</wf>
		<wf pos="SYM">۔</wf>
	</sentence>
	<sentence s_id="84">
		<wf pos="DEM">یُس</wf>
		<wf pos="JJ" sense_id="3">ہیوٚر</wf>
		<wf pos="VAUX">آسہِ</wf>
		<wf pos="VM">ووٚتھمُت</wf>
		<wf pos="NN">(فَن</wf>
		<wf pos="NN">وَغٲرٕ:مُلکَس</wf>
		<wf pos="PSP">منٛز</wf>
		<wf pos="VM">بَڑوٕنۍ</wf>
		<wf pos="NN">پَریشٲنی</wf>
		<wf pos="NN">کَم</wf>
		<wf pos="VM">کَرنہٕ</wf>
		<wf pos="PSP">خٲطرٕ</wf>
		<wf pos="VAUX">پَزِ</wf>
		<wf pos="PRP">سارنی</wf>
		<wf pos="NN">قَدَم</wf>
		<wf pos="VM">تُلُن</wf>
		<wf pos="SYM">۔</wf>
	</sentence>
	<sentence s_id="85">
		<wf pos="NN">دٔریابُک</wf>
		<wf pos="PRP">سُہ</wf>
		<wf pos="JJ">بوٚڈ</wf>
		<wf pos="PRP">یُس</wf>
		<wf pos="JJ" sense_id="1">ہیوٚر</wf>
		<wf pos="NN">آسہِ:مہربٲنی</wf>
		<wf pos="VM">کٔرِتھ</wf>
		<wf pos="NEG">مہٕ</wf>
		<wf pos="VM">روٗزِو</wf>
		<wf pos="JJ">تٔھدِس</wf>
		<wf pos="NN">بٔٹِھس</wf>
		<wf pos="PSP">پٮ۪ٹھ</wf>
		<wf pos="NN">کَھڑا</wf>
		<wf pos="SYM">۔</wf>
	</sentence>
	<sentence s_id="86">
		<wf pos="PRP">سۄ</wf>
		<wf pos="WQ">خبر</wf>
		<wf pos="VM">بوٗزِتھ</wf>
		<wf pos="DEM">ییٚمہِ</wf>
		<wf pos="PSP">سۭتۍ</wf>
		<wf pos="NN">جِسمَس</wf>
		<wf pos="NN">وال</wf>
		<wf pos="VAUX">گَژھن</wf>
		<wf pos="JJ" sense_id="1">ہیوٚر</wf>
		<wf pos="JJ">ؤتِھتھ:سارے</wf>
		<wf pos="NN">خبرٕ</wf>
		<wf pos="NN">چَنٛلہٕ</wf>
		<wf pos="VAUX">چھِ</wf>
		<wf pos="RB">وُنیُک</wf>
		<wf pos="PSP">تام</wf>
		<wf pos="PSP">سَنٛسٔنی</wf>
		<wf pos="NST">خبرٕ</wf>
		<wf pos="VM">ہاونُک</wf>
		<wf pos="NN">داوٕ</wf>
		<wf pos="VM">کَران</wf>
		<wf pos="SYM">۔</wf>
	</sentence>
	<sentence s_id="87">
		<wf pos="DEM">یُس</wf>
		<wf pos="NN">ساروی</wf>
		<wf pos="RP">کھۄتہٕ</wf>
		<wf pos="JJ" sense_id="1">ہیوٚر</wf>
		<wf pos="VAUX">آسہِ</wf>
		<wf pos="CC">یا</wf>
		<wf pos="DEM">ییٚمہِ</wf>
		<wf pos="RP">کھۄتہٕ</wf>
		<wf pos="JJ" sense_id="1">ہیوٚر</wf>
		<wf pos="NEG">نہٕ</wf>
		<wf pos="PRP">کانٛہہ</wf>
		<wf pos="QO">آسہِ:ہمالِیُک</wf>
		<wf pos="NN">ساروی</wf>
		<wf pos="RP">کھۄتہٕ</wf>
		<wf pos="JJ" sense_id="1">ہیوٚر</wf>
		<wf pos="NN">حِصہٕ</wf>
		<wf pos="VAUX">چُھ</wf>
		<wf pos="VM">آسان</wf>
		<wf pos="NN">شیٖنہٕ</wf>
		<wf pos="PSP">سۭتۍ</wf>
		<wf pos="VM">ؤلِتھ</wf>
		<wf pos="SYM">۔</wf>
	</sentence>
	<sentence s_id="88">
		<wf pos="NN">سارِوی</wf>
		<wf pos="RP">کھۄتہٕ</wf>
		<wf pos="PSP">بوٚڈ:سارِوی</wf>
		<wf pos="RP">کھۄتہٕ</wf>
		<wf pos="JJ" sense_id="1">ہیوٚر</wf>
		<wf pos="NN">پہاڑُک</wf>
		<wf pos="NN">تیٚنٛتول</wf>
		<wf pos="VAUX">چُھ</wf>
		<wf pos="VM">ایٚوریٚسٹہٕ</wf>
		<wf pos="SYM">۔</wf>
	</sentence>
	<sentence s_id="89">
		<wf pos="PRP">سُہ</wf>
		<wf pos="NN">اۄعہدٕ</wf>
		<wf pos="DEM">یُس</wf>
		<wf pos="JJ">واریاہ</wf>
		<wf pos="JJ" sense_id="2">ہیوٚر</wf>
		<wf pos="PRP">آسہِ:تٔمۍ</wf>
		<wf pos="NN">سٕنٛدَٮ۪ن</wf>
		<wf pos="NN">اَصلٮ۪ن</wf>
		<wf pos="NN">صفتَن</wf>
		<wf pos="PSP">ہِنٛدۍ</wf>
		<wf pos="NN">کِنٛۍ</wf>
		<wf pos="VAUX">گوٚو</wf>
		<wf pos="PRP">تَس</wf>
		<wf pos="INTF">واریاہ</wf>
		<wf pos="JJ">بوٚڈ</wf>
		<wf pos="NN">اۄعہدٕ</wf>
		<wf pos="VM">حٲصِل</wf>
		<wf pos="SYM">۔</wf>
	</sentence>
	<sentence s_id="90">
		<wf pos="PRP">کُنہِ</wf>
		<wf pos="NN">کامہِ</wf>
		<wf pos="CC">یا</wf>
		<wf pos="PRP">کُنہِ</wf>
		<wf pos="NN">چیٖزَس</wf>
		<wf pos="PSP">منٛز</wf>
		<wf pos="JJ">بہتٚری</wf>
		<wf pos="NN">اَنٕنۍ:اَسہِ</wf>
		<wf pos="VAUX">پَزِ</wf>
		<wf pos="RB">کھیلہِ</wf>
		<wf pos="PSP">ہُنٛد</wf>
		<wf pos="VM">مَیار</wf>
		<wf pos="JJ" sense_id="1">ہیوٚر</wf>
		<wf pos="VM">تُلُن</wf>
		<wf pos="SYM">۔</wf>
	</sentence>
	<sentence s_id="91">
		<wf pos="JJ" sense_id="4">ہیوٚر</wf>
		<wf pos="NN">شٲعر</wf>
		<wf pos="NNP">کالی</wf>
		<wf pos="VM">داسنہِ</wf>
		<wf pos="RB">تحریٖرٕ</wf>
		<wf pos="VAUX">چھِ</wf>
		<wf pos="NN">واریاہَس</wf>
		<wf pos="NN">کِتابَن</wf>
		<wf pos="PSP">منٛز</wf>
		<wf pos="VM">شٲمِل</wf>
		<wf pos="SYM">۔</wf>
	</sentence>
	<sentence s_id="92">
		<wf pos="PRP">سُہ</wf>
		<wf pos="NN">تخٕت</wf>
		<wf pos="DEM">یَتھ</wf>
		<wf pos="PSP">پٮ۪ٹھ</wf>
		<wf pos="NN">ڈول</wf>
		<wf pos="VM">تھٲوِتھ</wf>
		<wf pos="VAUX">چھِ</wf>
		<wf pos="NN">وایان:سُنٛدَس</wf>
		<wf pos="VM">آو</wf>
		<wf pos="NN">مَنٛدِرَس</wf>
		<wf pos="PSP">منٛز</wf>
		<wf pos="NN">ڈول</wf>
		<wf pos="VM">تھاونُکھ</wf>
		<wf pos="JJ" sense_id="1">ہیوٚر</wf>
		<wf pos="NN">گھوڑا</wf>
		<wf pos="VM">بوزنہٕ</wf>
		<wf pos="SYM">۔</wf>
	</sentence>
	<sentence s_id="93">
		<wf pos="NN">ہِنٛدوٚستانکِس</wf>
		<wf pos="NNPC">جموٗں</wf>
		<wf pos="NNP">کشمیٖر</wf>
		<wf pos="NN">صوبُک</wf>
		<wf pos="QC">اَکھ</wf>
		<wf pos="NNP">شہر:لیٚہہ</wf>
		<wf pos="NN">شہر</wf>
		<wf pos="VAUX">چُھ</wf>
		<wf pos="NN">دُنٖیاہَس</wf>
		<wf pos="PSP">مَنٛز</wf>
		<wf pos="PRP">سارِوٕے</wf>
		<wf pos="RP">کھۄتہٕ</wf>
		<wf pos="JJ" sense_id="4">ہیوٚر</wf>
		<wf pos="PSP">پٮ۪ٹھ</wf>
		<wf pos="SYM">۔</wf>
	</sentence>
	<sentence s_id="94">
		<wf pos="QC">اَکھ</wf>
		<wf pos="NN">زیارت</wf>
		<wf pos="PSP">گاہ:کیشوپرٛیاگ</wf>
		<wf pos="VAUX">چُھ</wf>
		<wf pos="NNPC">بَدریٖناتھ</wf>
		<wf pos="NNPC">پٮ۪ٹھٕ</wf>
		<wf pos="NNP">تھوڑا</wf>
		<wf pos="JJ" sense_id="1">ہیوٚر</wf>
		<wf pos="SYM">۔</wf>
	</sentence>
	<sentence s_id="95">
		<wf pos="NN">ساروی</wf>
		<wf pos="RP">کھۄتہٕ</wf>
		<wf pos="NN">تھوٚد:پَہاڑَس</wf>
		<wf pos="NNP">کھسَن</wf>
		<wf pos="PSP">وول</wf>
		<wf pos="VAUX">چُھ</wf>
		<wf pos="NN">پَہاڑکِس</wf>
		<wf pos="JJ" sense_id="1">ہیوٚر</wf>
		<wf pos="PSP">پیٚٹھ</wf>
		<wf pos="VM">کھسنٕچ</wf>
		<wf pos="NN">کوٗشش</wf>
		<wf pos="VM">کَران</wf>
		<wf pos="SYM">۔</wf>
	</sentence>
	<sentence s_id="96">
		<wf pos="PRP">بٔنمِس</wf>
		<wf pos="NN">سطحَس</wf>
		<wf pos="PSP">پٮ۪ٹھ</wf>
		<wf pos="VM">آسنٕچ</wf>
		<wf pos="PRP">عَمَل:سارنٕے</wf>
		<wf pos="VAUX">پَزِ</wf>
		<wf pos="RB">بۄنہٕ</wf>
		<wf pos="PSP">پٮ۪ٹھ</wf>
		<wf pos="JJ" sense_id="1">ہیوٚر</wf>
		<wf pos="VM">کُن</wf>
		<wf pos="VM">گَژُھن</wf>
		<wf pos="SYM">۔</wf>
	</sentence>
	<sentence s_id="97">
		<wf pos="JJ" sense_id="5">ہیوٚر</wf>
		<wf pos="PSP">خلاف</wf>
		<wf pos="VAUX">اوس</wf>
		<wf pos="NEG">نہ</wf>
		<wf pos="NN">کاوس</wf>
		<wf pos="PSP">خلاف</wf>
		<wf pos="VAUX">اوس</wf>
		<wf pos="SYM">۔</wf>
	</sentence>
	<sentence s_id="98">
		<wf pos="NNPC">قونوٖن</wf>
		<wf pos="NNPC">چُھنہ</wf>
		<wf pos="NNP">مُلزِمس</wf>
		<wf pos="JJ" sense_id="5">ہیوٚر</wf>
		<wf pos="DEM">یِہ</wf>
		<wf pos="NN">بار</wf>
		<wf pos="VM">تراٛوان</wf>
		<wf pos="CC">زِہ</wf>
		<wf pos="PRP">سُہ</wf>
		<wf pos="NN">کرِہ</wf>
		<wf pos="PRP">پنٕنۍ</wf>
		<wf pos="JJ">بے</wf>
		<wf pos="NN">گۄنٲھی</wf>
		<wf pos="VM">ثابِت</wf>
		<wf pos="SYM">۔</wf>
	</sentence>
	<sentence s_id="99">
		<wf pos="RB">ییٚلِہ</wf>
		<wf pos="NN">اِستغاثہ</wf>
		<wf pos="VM">کرِہ</wf>
		<wf pos="DEM">تمِہ</wf>
		<wf pos="QC">زورٕہ</wf>
		<wf pos="CC">تہٕ</wf>
		<wf pos="NN">مضبوٗطی</wf>
		<wf pos="PSP">سان</wf>
		<wf pos="PRP">پنُن</wf>
		<wf pos="NN">کیس</wf>
		<wf pos="VM">ثٲبت،</wf>
		<wf pos="NN">اَدہٕ</wf>
		<wf pos="VAUX">چُھ</wf>
		<wf pos="DEM">یِہ</wf>
		<wf pos="NN">بار</wf>
		<wf pos="RP">مُلزِمہ</wf>
		<wf pos="PRP">سٕند</wf>
		<wf pos="JJ" sense_id="5">ہیوٚر</wf>
		<wf pos="VM">کھسان</wf>
		<wf pos="CC">زِہ</wf>
		<wf pos="PRP">سُہ</wf>
		<wf pos="NN">ہاوِہ</wf>
		<wf pos="PRP">پننٕۍ</wf>
		<wf pos="JJ">بے</wf>
		<wf pos="NN">گۄنٲہی</wf>
		<wf pos="SYM">۔</wf>
	</sentence>
	<sentence s_id="100">
		<wf pos="NNPC">رام</wf>
		<wf pos="VAUX">اوس</wf>
		<wf pos="VM">کُٹُھس</wf>
		<wf pos="PSP">منٛز</wf>
		<wf pos="NN">کَمَبر</wf>
		<wf pos="JJ" sense_id="1">ہیوٚر</wf>
		<wf pos="VM">کُن</wf>
		<wf pos="VM">کٔررِتھ</wf>
		<wf pos="PRP">شٔنٛگِتھتٔمِس</wf>
		<wf pos="VAUX">چُھ</wf>
		<wf pos="NN">کمرَس</wf>
		<wf pos="NN">دود</wf>
		<wf pos="SYM">۔</wf>
	</sentence>
	<sentence s_id="101">
		<wf pos="PRP">بٔنمِس</wf>
		<wf pos="NN">سطحَس</wf>
		<wf pos="PSP">پٮ۪ٹھ</wf>
		<wf pos="VM">آسنٕچ</wf>
		<wf pos="PRP">عَمَل:سارنٕے</wf>
		<wf pos="VAUX">پَزِ</wf>
		<wf pos="RB">بۄنہٕ</wf>
		<wf pos="PSP">پٮ۪ٹھ</wf>
		<wf pos="JJ" sense_id="1">ہیوٚر</wf>
		<wf pos="VM">کُن</wf>
		<wf pos="VM">گَژُھن</wf>
		<wf pos="SYM">۔</wf>
	</sentence>
	<sentence s_id="102">
		<wf pos="JJ">پایہٕ</wf>
		<wf pos="RB">روٚس</wf>
		<wf pos="NNC">پھۄکہٕ</wf>
		<wf pos="NN">ڈیوٗنٛگ</wf>
		<wf pos="VAUX">اوس</wf>
		<wf pos="NN">آسمانَس</wf>
		<wf pos="PSP">منٛز</wf>
		<wf pos="JJ" sense_id="2">ہیوٚر</wf>
		<wf pos="VM">کُن</wf>
		<wf pos="VM">لَمان</wf>
		<wf pos="SYM">۔</wf>
	</sentence>
	<sentence s_id="103">
		<wf pos="NN">آبَس</wf>
		<wf pos="PSP">منٛز</wf>
		<wf pos="NN">پَھچہٕ</wf>
		<wf pos="VM">مَژٕ</wf>
		<wf pos="NN">لاشہٕ</wf>
		<wf pos="VAUX">آسہٕ</wf>
		<wf pos="JJ" sense_id="2">ہیوٚر</wf>
		<wf pos="VM">کُن</wf>
		<wf pos="VM">کَھژمَژٕ</wf>
		<wf pos="SYM">۔</wf>
	</sentence>
	<sentence s_id="104">
		<wf pos="NN">کرٛیٖلِس</wf>
		<wf pos="PSP">منٛز</wf>
		<wf pos="VM">روزَن</wf>
		<wf pos="NN">واجیٚنٛۍ</wf>
		<wf pos="NN">مِنۍ:روٗدٕ</wf>
		<wf pos="NN">موسمَس</wf>
		<wf pos="PSP">منٛز</wf>
		<wf pos="NN">کرٛیٖلیُک</wf>
		<wf pos="NN">آب</wf>
		<wf pos="JJ" sense_id="2">ہیوٚر</wf>
		<wf pos="VM">کَھسنہٕ</wf>
		<wf pos="NN">کِنٛۍ</wf>
		<wf pos="VAUX">چھِ</wf>
		<wf pos="NN">کرٛیٖلۍمۄنٛڈَک</wf>
		<wf pos="RB">نٮ۪بَر</wf>
		<wf pos="VM">نیران</wf>
		<wf pos="SYM">۔</wf>
	</sentence>
	<sentence s_id="105">
		<wf pos="NN">گانٛٹہٕ</wf>
		<wf pos="NN">بیر</wf>
		<wf pos="VAUX">کٔھژ</wf>
		<wf pos="NN">آسمانَس</wf>
		<wf pos="PSP">پٮ۪ٹھ</wf>
		<wf pos="INTF">واریاہ</wf>
		<wf pos="JJ" sense_id="2">ہیوٚر</wf>
		<wf pos="SYM">۔</wf>
	</sentence>
	<sentence s_id="106">
		<wf pos="PRP">سُہ</wf>
		<wf pos="NN">دۄہَے</wf>
		<wf pos="NN">صُبحَن</wf>
		<wf pos="NN">مۄٹرٕ</wf>
		<wf pos="PSP">سۭتۍ</wf>
		<wf pos="NN">آب</wf>
		<wf pos="JJ" sense_id="2">ہیوٚر</wf>
		<wf pos="VM">کھالان</wf>
		<wf pos="SYM">۔</wf>
	</sentence>
	<sentence s_id="107">
		<wf pos="WQ">گُروٗ</wf>
		<wf pos="NN">موج</wf>
		<wf pos="VAUX">چھےٚ</wf>
		<wf pos="NN">بَجن</wf>
		<wf pos="NN">گَٮ۪ونہِ</wf>
		<wf pos="NN">وِزِ</wf>
		<wf pos="VM">پَنٕن</wf>
		<wf pos="NN">سۄر</wf>
		<wf pos="INTF">واریاہ</wf>
		<wf pos="JJ" sense_id="3">ہیوٚر</wf>
		<wf pos="VM">کھالان</wf>
		<wf pos="SYM">۔</wf>
	</sentence>
	<sentence s_id="108">
		<wf pos="NN">گاڑٕ</wf>
		<wf pos="VAUX">چھےٚ</wf>
		<wf pos="JJ" sense_id="2">ہیوٚر</wf>
		<wf pos="NN">چڑایہِ</wf>
		<wf pos="VM">کھسان</wf>
		<wf pos="SYM">۔</wf>
	</sentence>
	<sentence s_id="109">
		<wf pos="NN">چیٖزن</wf>
		<wf pos="NEG">مہ</wf>
		<wf pos="VM">کر</wf>
		<wf pos="JJ" sense_id="4">ہیوٚر</wf>
		<wf pos="NST">بۄن</wf>
		<wf pos="SYM">۔</wf>
	</sentence>
	<sentence s_id="110">
		<wf pos="QC">اَکہِ</wf>
		<wf pos="NN">قٔسمُک</wf>
		<wf pos="NN">دانٛد:فَڈکاپیلَنَس</wf>
		<wf pos="VAUX">چُھ</wf>
		<wf pos="QC">اَکھ</wf>
		<wf pos="NN">ہیٛنٛگ</wf>
		<wf pos="JJ" sense_id="4">ہیوٚر</wf>
		<wf pos="CC">تہٕ</wf>
		<wf pos="PRP">بیٛاکھ</wf>
		<wf pos="VM">بوٚن</wf>
		<wf pos="VM">آسان</wf>
		<wf pos="SYM">۔</wf>
	</sentence>
	<sentence s_id="111">
		<wf pos="QC">اَکہِ</wf>
		<wf pos="NNP">قٔسمٕچۍ</wf>
		<wf pos="NN">رٲنٛٹھ:سُرپٔتری</wf>
		<wf pos="VAUX">چھےٚ</wf>
		<wf pos="NN">کُلۍ</wf>
		<wf pos="PSP">کہِ</wf>
		<wf pos="NN">ڈَکھہٕ</wf>
		<wf pos="PSP">سۭتۍ</wf>
		<wf pos="JJ" sense_id="2">ہیوٚر</wf>
		<wf pos="PSP">تانۍ</wf>
		<wf pos="VM">کھسان</wf>
		<wf pos="SYM">۔</wf>
	</sentence>
	<sentence s_id="112">
		<wf pos="NNPC">راکیٹُٕک</wf>
		<wf pos="NNP">سُوٗ</wf>
		<wf pos="VM">بوٗزِتھ</wf>
		<wf pos="VM">لٔگۍ</wf>
		<wf pos="NN">لُکھ</wf>
		<wf pos="POW">حٲرانگی</wf>
		<wf pos="PSP">سان</wf>
		<wf pos="JJ" sense_id="2">ہیوٚر</wf>
		<wf pos="VM">کُن</wf>
		<wf pos="VM">وٕچھنہِ</wf>
		<wf pos="SYM">۔</wf>
	</sentence>
	<sentence s_id="113">
		<wf pos="NNP">ترٛن</wf>
		<wf pos="NN">میچَن</wf>
		<wf pos="PSP">مَنٛز</wf>
		<wf pos="QC">نَو</wf>
		<wf pos="NNPC">پویِنٛٹ</wf>
		<wf pos="VM">حٲصِل</wf>
		<wf pos="VM">کٔرِتھ</wf>
		<wf pos="VM">روٗد</wf>
		<wf pos="NNP">ہِنٛدوستان</wf>
		<wf pos="NN">سِکور</wf>
		<wf pos="NN">بورڑَس</wf>
		<wf pos="PSP">مَنٛز</wf>
		<wf pos="JJ">سارِوٕے</wf>
		<wf pos="RP">کھۄتہٕ</wf>
		<wf pos="JJ" sense_id="5">ہیوٚر</wf>
		<wf pos="SYM">۔</wf>
	</sentence>
	<sentence s_id="114">
		<wf pos="NN">گٮ۪وَن</wf>
		<wf pos="PSP">واجنہِ</wf>
		<wf pos="PSP">ہُنٛد</wf>
		<wf pos="NN">سُر</wf>
		<wf pos="VAUX">چُھ</wf>
		<wf pos="INTF">واریاہ</wf>
		<wf pos="JJ" sense_id="4">ہیوٚر</wf>
		<wf pos="VM">کَھسان</wf>
		<wf pos="SYM">۔</wf>
	</sentence>
	<sentence s_id="115">
		<wf pos="NN">زٔمیٖندٲری</wf>
		<wf pos="VM">کرنہٕ</wf>
		<wf pos="PSP">خٲطرٕ</wf>
		<wf pos="VM">کَنہِ</wf>
		<wf pos="POW">دار</wf>
		<wf pos="CC">تہٕ</wf>
		<wf pos="JJ" sense_id="3">ہیوٚر</wf>
		<wf pos="NST">بۄن</wf>
		<wf pos="NN">زٔمیٖن:بنٛجرس</wf>
		<wf pos="PSP">منٛز</wf>
		<wf pos="VAUX">چھےٚ</wf>
		<wf pos="JJ">کم</wf>
		<wf pos="NN">پٲداوار</wf>
		<wf pos="VM">آسان</wf>
		<wf pos="SYM">۔</wf>
	</sentence>
	<sentence s_id="116">
		<wf pos="DEM">یُس</wf>
		<wf pos="JJ" sense_id="4">ہیوٚر</wf>
		<wf pos="VM">کُن</wf>
		<wf pos="VAUX">آسہِ</wf>
		<wf pos="VM">بَڑیومُت</wf>
		<wf pos="CC">یا</wf>
		<wf pos="NN">کھوٚتمُت:کُلۍچہِ</wf>
		<wf pos="JJ" sense_id="4">ہیوٚر</wf>
		<wf pos="VM">کُن</wf>
		<wf pos="NNC">کٔھژٕمَژِ</wf>
		<wf pos="NN">لنٛجہِ</wf>
		<wf pos="VAUX">چھِ</wf>
		<wf pos="NN">پوس</wf>
		<wf pos="VM">پٔھلمٕتۍ</wf>
		<wf pos="SYM">۔</wf>
	</sentence>
	<sentence s_id="117">
		<wf pos="QC">اَکھ</wf>
		<wf pos="JJ">بوٚڈ</wf>
		<wf pos="NN">وۄہ</wf>
		<wf pos="DEM">یُس</wf>
		<wf pos="NN">دٔریاوَس</wf>
		<wf pos="NN">سٔہلاب</wf>
		<wf pos="VM">کھسنُک</wf>
		<wf pos="RB">پٔغام</wf>
		<wf pos="VAUX">چُھ</wf>
		<wf pos="NN">دِوان:اِنٛدرِدَمَن</wf>
		<wf pos="VAUX">چُھ</wf>
		<wf pos="QC">تیٚمہِ</wf>
		<wf pos="NN">وِزِ</wf>
		<wf pos="VM">مَناونہٕ</wf>
		<wf pos="VAUX">یِوان</wf>
		<wf pos="DEM">ییٚمہِ</wf>
		<wf pos="NN">وِزِ</wf>
		<wf pos="NN">سٔہلابُک</wf>
		<wf pos="NN">آب</wf>
		<wf pos="VAUX">چُھ</wf>
		<wf pos="NN">بَنٛڈٕ</wf>
		<wf pos="JJ" sense_id="1">ہیوٚر</wf>
		<wf pos="VM">کَھسان</wf>
		<wf pos="SYM">۔</wf>
	</sentence>
	<sentence s_id="118">
		<wf pos="NNP">چَھتگیٖرُک</wf>
		<wf pos="CC">یا</wf>
		<wf pos="NN">لالٹیٖنُک</wf>
		<wf pos="PRP">سُہ</wf>
		<wf pos="NN">حِصہٕ</wf>
		<wf pos="DEM">ییٚمہِ</wf>
		<wf pos="PSP">سۭتۍ</wf>
		<wf pos="NN">سۄیَتھ</wf>
		<wf pos="JJ" sense_id="1">ہیوٚر</wf>
		<wf pos="RB">بۄن</wf>
		<wf pos="VAUX">چھِ</wf>
		<wf pos="NN">کَھسان:داداجی</wf>
		<wf pos="VAUX">اوس</wf>
		<wf pos="NN">چابہِ</wf>
		<wf pos="PSP">سۭتۍ</wf>
		<wf pos="NN">لالٹیٖنُک</wf>
		<wf pos="NN">گاش</wf>
		<wf pos="VM">بٔڑراوان</wf>
		<wf pos="SYM">۔</wf>
	</sentence>
	<sentence s_id="119">
		<wf pos="JJ" sense_id="1">ہیوٚر</wf>
		<wf pos="NN">کُن:ؤڈَو</wf>
		<wf pos="VM">نِنہٕ</wf>
		<wf pos="RB">پتہٕ</wf>
		<wf pos="VAUX">چُھ</wf>
		<wf pos="NN">جہاز</wf>
		<wf pos="RB">وارٕ</wf>
		<wf pos="RB">وارٕ</wf>
		<wf pos="JJ" sense_id="1">ہیوٚر</wf>
		<wf pos="VM">کُن</wf>
		<wf pos="VM">گژھان</wf>
		<wf pos="SYM">۔</wf>
	</sentence>
	<sentence s_id="120">
		<wf pos="NNP">اعلا</wf>
		<wf pos="NN">درجَس</wf>
		<wf pos="NN">منٛز:لۄکُٹ</wf>
		<wf pos="NN">بوے</wf>
		<wf pos="VAUX">گوٚو</wf>
		<wf pos="NN">اِمتِحانَس</wf>
		<wf pos="PSP">منٛز</wf>
		<wf pos="NN">پاس</wf>
		<wf pos="CC">تہٕ</wf>
		<wf pos="NN">کھۄت</wf>
		<wf pos="JJ" sense_id="3">ہیوٚر</wf>
		<wf pos="CC">تہٕ</wf>
		<wf pos="JJ">بوٚڑ</wf>
		<wf pos="NN">بوے</wf>
		<wf pos="NN">یتَتھ</wf>
		<wf pos="VAUX">اوٚس</wf>
		<wf pos="JJ">تٕتی</wf>
		<wf pos="VM">روٗد</wf>
		<wf pos="SYM">۔</wf>
	</sentence>
</contextfile>