<?xml version='1.0' encoding='utf-8'?>
<contextfile filename="یَلہٕ" fileno="109">
<sentence s_id="1">
		<wf pos="PRP">تِم</wf>
		<wf pos="VAUX">ٲسۍ</wf>
		<wf pos="NN">أکِس</wf>
		<wf pos="JJ" sense_id="1">یَلہٕ</wf>
		<wf pos="NN">عمارٔژ</wf>
		<wf pos="PSP">منٛز</wf>
		<wf pos="NN">کٲم</wf>
		<wf pos="VM">کران</wf>
		<wf pos="SYM">۔</wf>
</sentence>
<sentence s_id="2">
		<wf pos="NN">اَغوا</wf>
		<wf pos="VM">کوٚرمُت</wf>
		<wf pos="NN">بَچہٕ</wf>
		<wf pos="VM">آو</wf>
		<wf pos="NN">راتھ</wf>
		<wf pos="JJ" sense_id="1">یَلہٕ</wf>
		<wf pos="VM">ترٛاونہٕ</wf>
		<wf pos="SYM">۔</wf>
</sentence>
<sentence s_id="3">
		<wf pos="PRP">سُہ</wf>
		<wf pos="VAUX">گوٚو</wf>
		<wf pos="INTF">واریاہ</wf>
		<wf pos="JJ">خوش</wf>
		<wf pos="NN" sense_id="2">یَلہٕ</wf>
		<wf pos="PRP">تٔمۍ</wf>
		<wf pos="VM">وُچھ</wf>
		<wf pos="CC">کہِ</wf>
		<wf pos="PRP">تٔمۍ</wf>
		<wf pos="VAUX">چُھ</wf>
		<wf pos="VM">اِمتِحان</wf>
		<wf pos="NN">پاس</wf>
		<wf pos="VM">کوٚرمُت</wf>
		<wf pos="SYM">۔</wf>
</sentence>
<sentence s_id="4">
		<wf pos="PRP">مےٚ</wf>
		<wf pos="VAUX">چُھ</wf>
		<wf pos="NN">گِروی</wf>
		<wf pos="VM">تھاونہٕ</wf>
		<wf pos="VAUX">آمُت</wf>
		<wf pos="NN">گَرٕ</wf>
		<wf pos="JJ" sense_id="1">یَلہٕ</wf>
		<wf pos="VM">ترٛاوناوُن</wf>
		<wf pos="SYM">۔</wf>
</sentence>
<sentence s_id="5">
		<wf pos="NNP">مہیش</wf>
		<wf pos="VAUX">چُھ</wf>
		<wf pos="NNP">مٔنٛڑی</wf>
		<wf pos="PSP">منٛز</wf>
		<wf pos="NN">تھوکَس</wf>
		<wf pos="PSP">منٛز</wf>
		<wf pos="NN">مال</wf>
		<wf pos="VM">اَنان</wf>
		<wf pos="CC">تہٕ</wf>
		<wf pos="NN" sense_id="2">یَلہٕ</wf>
		<wf pos="VM">کٕنان</wf>
		<wf pos="SYM">۔</wf>
</sentence>
<sentence s_id="6">
		<wf pos="NNPC">عمر</wf>
		<wf pos="NNP">عبدُلاہَس</wf>
		<wf pos="VM">پیٚو</wf>
		<wf pos="QC">۲٠٠۳ء</wf>
		<wf pos="PSP">منٛز</wf>
		<wf pos="NN">عہدٕ</wf>
		<wf pos="JJ" sense_id="1">یَلہٕ</wf>
		<wf pos="VM">ترٛاوُن</wf>
		<wf pos="SYM">۔</wf>
</sentence>
<sentence s_id="7">
		<wf pos="PRP">سُہ</wf>
		<wf pos="VM">پیٚو</wf>
		<wf pos="NN">راتھ</wf>
		<wf pos="PRP">تَمام</wf>
		<wf pos="NN">جُرمو</wf>
		<wf pos="PSP">نِشہٕ</wf>
		<wf pos="NN" sense_id="2">یَلہٕ</wf>
		<wf pos="VM">ترٛاوُن</wf>
		<wf pos="SYM">۔</wf>
</sentence>
<sentence s_id="8">
		<wf pos="PRP">سُہ</wf>
		<wf pos="VM">پیٚو</wf>
		<wf pos="QC">پانٛژِ</wf>
		<wf pos="JJ">ؤہرۍ</wf>
		<wf pos="RB">پَتہٕ</wf>
		<wf pos="NN">قَتلہٕ</wf>
		<wf pos="NN">کٮ۪سہٕ</wf>
		<wf pos="PSP">نِشہِ</wf>
		<wf pos="NN" sense_id="2">یَلہٕ</wf>
		<wf pos="VM">ترٛاوُن</wf>
		<wf pos="SYM">۔</wf>
</sentence>
<sentence s_id="9">
		<wf pos="NNPC">مَنٛدودری</wf>
		<wf pos="VAUX">ٲس</wf>
		<wf pos="VM">راوَن</wf>
		<wf pos="NN">باربار</wf>
		<wf pos="VM">سَمجاوان</wf>
		<wf pos="CC">زِ</wf>
		<wf pos="NNPC">سیٖتا</wf>
		<wf pos="NNP">ترٛاوُن</wf>
		<wf pos="NN" sense_id="2">یَلہٕ</wf>
		<wf pos="CC">تہٕ</wf>
		<wf pos="NN">کَر</wf>
		<wf pos="NN">رامَس</wf>
		<wf pos="PSP">سۭتۍ</wf>
		<wf pos="NN">صَلاح</wf>
		<wf pos="SYM">۔</wf>
</sentence>
<sentence s_id="10">
		<wf pos="RB">عَدالتہٕ</wf>
		<wf pos="NN">ذٔریعہٕ</wf>
		<wf pos="VM">پیٚو</wf>
		<wf pos="NN">قۭد</wf>
		<wf pos="JJ" sense_id="1">یَلہٕ</wf>
		<wf pos="VM">ترٛاوُن</wf>
		<wf pos="SYM">۔</wf>
</sentence>
<sentence s_id="11">
		<wf pos="JJ">بےقصوٗر</wf>
		<wf pos="CC">تہٕ</wf>
		<wf pos="JJ">بےکس</wf>
		<wf pos="NN">لوٗکن</wf>
		<wf pos="PSP">ہُنٛد</wf>
		<wf pos="NN">قتلِ</wf>
		<wf pos="JJ">عام</wf>
		<wf pos="VM">کرُن</wf>
		<wf pos="SYM">۔</wf>
</sentence>
<sentence s_id="12">
		<wf pos="PRP">مےٚ</wf>
		<wf pos="VAUX">چھےٚ</wf>
		<wf pos="NN">پِنٛجرٕ</wf>
		<wf pos="PSP">منٛز</wf>
		<wf pos="JJ">بَنٛد</wf>
		<wf pos="JJ">پٔرِنٛدٕ</wf>
		<wf pos="NN" sense_id="2">یَلہٕ</wf>
		<wf pos="VM">ترٛاوُن</wf>
		<wf pos="SYM">۔</wf>
</sentence>
<sentence s_id="13">
		<wf pos="NN">بادشاہَس</wf>
		<wf pos="VAUX">چھےٚ</wf>
		<wf pos="PRP">پَنُن</wf>
		<wf pos="NN">عہدٕ</wf>
		<wf pos="JJ" sense_id="1">یَلہٕ</wf>
		<wf pos="VM">ترٛاوُن</wf>
		<wf pos="SYM">۔</wf>
</sentence>
<sentence s_id="14">
		<wf pos="NN">گُر</wf>
		<wf pos="VM">ترٛاوُن</wf>
		<wf pos="PSP">گھاسہٕ</wf>
		<wf pos="NN">کھٮینہٕ</wf>
		<wf pos="PSP">خٲطرٕ</wf>
		<wf pos="NN" sense_id="2">یَلہٕ</wf>
		<wf pos="SYM">۔</wf>
</sentence>
<sentence s_id="15">
		<wf pos="NNP">مہیش</wf>
		<wf pos="VAUX">چُھ</wf>
		<wf pos="NNP">مٔنٛڑی</wf>
		<wf pos="PSP">منٛز</wf>
		<wf pos="NN">تھوکَس</wf>
		<wf pos="PSP">منٛز</wf>
		<wf pos="NN">مال</wf>
		<wf pos="VM">اَنان</wf>
		<wf pos="CC">تہٕ</wf>
		<wf pos="NN" sense_id="2">یَلہٕ</wf>
		<wf pos="VM">کٕنان</wf>
		<wf pos="SYM">۔</wf>
</sentence>
<sentence s_id="16">
		<wf pos="VM">راوَن</wf>
		<wf pos="PSP">سٕنٛز</wf>
		<wf pos="NN">مٔہرٲنۍ</wf>
		<wf pos="DEM">یۄس</wf>
		<wf pos="NN">مٔے</wf>
		<wf pos="CC">دٮ۪و</wf>
		<wf pos="PSP">سٕنٛز</wf>
		<wf pos="NN">کوٗر</wf>
		<wf pos="NNPC">ٲس:مَنٛدودری</wf>
		<wf pos="VAUX">ٲس</wf>
		<wf pos="VM">راوَن</wf>
		<wf pos="NN">باربار</wf>
		<wf pos="VM">سَمجاوان</wf>
		<wf pos="CC">زِ</wf>
		<wf pos="NNPC">سیٖتا</wf>
		<wf pos="NNP">ترٛاوُن</wf>
		<wf pos="NN" sense_id="2">یَلہٕ</wf>
		<wf pos="CC">تہٕ</wf>
		<wf pos="NN">کَر</wf>
		<wf pos="NN">رامَس</wf>
		<wf pos="PSP">سۭتۍ</wf>
		<wf pos="NN">صَلاح</wf>
		<wf pos="SYM">۔</wf>
</sentence>
<sentence s_id="17">
		<wf pos="NN">مادٕ</wf>
		<wf pos="NN">ہوٚس:شِکارٮ۪ن</wf>
		<wf pos="PSP">نِش</wf>
		<wf pos="PRP">پَنُن</wf>
		<wf pos="NN">بَچہٕ</wf>
		<wf pos="NN" sense_id="2">یَلہٕ</wf>
		<wf pos="VM">ترٛاونہٕ</wf>
		<wf pos="PSP">خٲطرٕ</wf>
		<wf pos="VAUX">گٔے</wf>
		<wf pos="VM">ۂستِنٛۍ</wf>
		<wf pos="DEM">تِمَن</wf>
		<wf pos="NN">اَگادِ</wf>
		<wf pos="SYM">۔</wf>
</sentence>
<sentence s_id="18">
		<wf pos="NN">اَغوا</wf>
		<wf pos="VM">کوٚرمُت</wf>
		<wf pos="NN">بَچہٕ</wf>
		<wf pos="VM">آو</wf>
		<wf pos="NN">راتھ</wf>
		<wf pos="NN" sense_id="2">یَلہٕ</wf>
		<wf pos="VM">ترٛاونہٕ</wf>
		<wf pos="SYM">۔</wf>
</sentence>
<sentence s_id="19">
		<wf pos="VM">کٔسِتھ</wf>
		<wf pos="JJ">پیچ</wf>
		<wf pos="VAUX">چُھ</wf>
		<wf pos="NN" sense_id="2">یَلہٕ</wf>
		<wf pos="PRP">گومُتتٔمِس</wf>
		<wf pos="VAUX">چُھ</wf>
		<wf pos="VM">کٔسِتھ</wf>
		<wf pos="JJ">جِسٕم</wf>
		<wf pos="SYM">۔</wf>
</sentence>
<sentence s_id="20">
		<wf pos="RB">عَدالتہٕ</wf>
		<wf pos="NN">ذٔریعہٕ</wf>
		<wf pos="VM">آو</wf>
		<wf pos="NN">قۭد</wf>
		<wf pos="NN" sense_id="2">یَلہٕ</wf>
		<wf pos="VM">ترٛاونہٕ</wf>
		<wf pos="SYM">۔</wf>
</sentence>
<sentence s_id="21">
		<wf pos="PRP">سۄ</wf>
		<wf pos="NN">کاغَز</wf>
		<wf pos="DEM">یُس</wf>
		<wf pos="PRP">کٲنٛسہِ</wf>
		<wf pos="NN">زَمانَتھ</wf>
		<wf pos="VM">کَرنہٕ</wf>
		<wf pos="NN">وِزِ</wf>
		<wf pos="VM">لٮ۪کھنہٕ</wf>
		<wf pos="VAUX">چُھ</wf>
		<wf pos="NN">یِوان:زَمانَتھ</wf>
		<wf pos="POW">نامہٕ</wf>
		<wf pos="VM">لٮ۪کھناونہٕ</wf>
		<wf pos="RB">پَتہٕ</wf>
		<wf pos="VM">ترٛوو</wf>
		<wf pos="NN">پُلسہٕ</wf>
		<wf pos="PSP">وٲلۍ</wf>
		<wf pos="NN">شام</wf>
		<wf pos="NN" sense_id="2">یَلہٕ</wf>
		<wf pos="SYM">۔</wf>
</sentence>
<sentence s_id="22">
		<wf pos="JJ">رازَن</wf>
		<wf pos="VM">ترٛٲوۍ</wf>
		<wf pos="PRP">سٲری</wf>
		<wf pos="NN">راجبٔنٛدی</wf>
		<wf pos="NN" sense_id="2">یَلہٕ</wf>
		<wf pos="SYM">۔</wf>
</sentence>
<sentence s_id="23">
		<wf pos="PRP">مےٚ</wf>
		<wf pos="VAUX">چُھ</wf>
		<wf pos="NN">گِروی</wf>
		<wf pos="VM">تھاونہٕ</wf>
		<wf pos="VAUX">آمُت</wf>
		<wf pos="NN">گَرٕ</wf>
		<wf pos="NN" sense_id="2">یَلہٕ</wf>
		<wf pos="VM">ترٛاوناوُن</wf>
		<wf pos="SYM">۔</wf>
</sentence>
<sentence s_id="24">
		<wf pos="NN">وَق</wf>
		<wf pos="VM">گٔژھتھٕے</wf>
		<wf pos="VAUX">گو</wf>
		<wf pos="NN">ناٹَک</wf>
		<wf pos="NN">مَنٛچُک</wf>
		<wf pos="NN">پَردٕ</wf>
		<wf pos="NN" sense_id="2">یَلہٕ</wf>
		<wf pos="SYM">۔</wf>
</sentence>
<sentence s_id="25">
		<wf pos="NNP">لگام</wf>
		<wf pos="NN">اَتھٕ</wf>
		<wf pos="PSP">منٛزٕ</wf>
		<wf pos="NN" sense_id="2">یَلہٕ</wf>
		<wf pos="RDP">گٔژھۍ</wf>
		<wf pos="VM">تھٕےگوو</wf>
		<wf pos="NN">گُر</wf>
		<wf pos="NNP">قوبوٗ</wf>
		<wf pos="NST">نٮ۪بر</wf>
		<wf pos="SYM">۔</wf>
</sentence>
<sentence s_id="26">
		<wf pos="NN">موہَنَن</wf>
		<wf pos="VM">ترٛاونوو</wf>
		<wf pos="NNPC">سوہَن</wf>
		<wf pos="NNP">پُلیٖسَس</wf>
		<wf pos="PSP">نِش</wf>
		<wf pos="NN" sense_id="2">یَلہٕ</wf>
		<wf pos="SYM">۔</wf>
</sentence>
<sentence s_id="27">
		<wf pos="NN">مارفِیٖم</wf>
		<wf pos="VAUX">چُھ</wf>
		<wf pos="QC">دۄیہِ</wf>
		<wf pos="NN">قٕسمُک</wf>
		<wf pos="VM">آسان،جُڑِتھ</wf>
		<wf pos="CC">تہٕ</wf>
		<wf pos="NN" sense_id="2">یَلہٕ</wf>
		<wf pos="SYM">۔</wf>
</sentence>
<sentence s_id="28">
		<wf pos="NN">فِلِپیٖنُک</wf>
		<wf pos="CC">یا</wf>
		<wf pos="NN">فِلِپیٖنَس</wf>
		<wf pos="PSP">سۭتۍ</wf>
		<wf pos="NN">وابستہٕ:اَمریٖکَن</wf>
		<wf pos="VM">ترٲوے</wf>
		<wf pos="RB">فِلِپیٖنٕکۍ</wf>
		<wf pos="NN">قۭد</wf>
		<wf pos="NN" sense_id="2">یَلہٕ</wf>
		<wf pos="SYM">۔</wf>
</sentence>
<sentence s_id="29">
		<wf pos="NN">جنٛگَس</wf>
		<wf pos="PSP">منٛز</wf>
		<wf pos="NN">یرگمٲلۍ</wf>
		<wf pos="VM">بناونہٕ</wf>
		<wf pos="VAUX">آمٕتۍ</wf>
		<wf pos="NN">ویتنامٕکۍ</wf>
		<wf pos="VM">یِن</wf>
		<wf pos="NN" sense_id="2">یَلہٕ</wf>
		<wf pos="VM">تراونہٕ</wf>
		<wf pos="SYM">۔</wf>
</sentence>
<sentence s_id="30">
		<wf pos="PRP">یُس</wf>
		<wf pos="VM">روٚٹمُت</wf>
		<wf pos="JJ">آسہِ:روٚٹمُت</wf>
		<wf pos="NN">شَخٕص</wf>
		<wf pos="VM">ژوٚل</wf>
		<wf pos="NN">پان</wf>
		<wf pos="NN" sense_id="2">یَلہٕ</wf>
		<wf pos="VM">ترٛٲوِتھ</wf>
		<wf pos="SYM">۔</wf>
</sentence>
<sentence s_id="31">
		<wf pos="PRP">سُہ</wf>
		<wf pos="VAUX">گو</wf>
		<wf pos="RB">عدالتہٕ</wf>
		<wf pos="PSP">منٛزٕ</wf>
		<wf pos="NNP">عزتہٕ</wf>
		<wf pos="PSP">سان</wf>
		<wf pos="NN" sense_id="2">یَلہٕ</wf>
		<wf pos="SYM">۔</wf>
</sentence>
<sentence s_id="32">
		<wf pos="NNPC">کَمیٕلۍ</wf>
		<wf pos="NN">ترٛاوٕ</wf>
		<wf pos="NN">گاوٕ</wf>
		<wf pos="PSP">گھاسہٕ</wf>
		<wf pos="NN">کھینہٕ</wf>
		<wf pos="PSP">خٲطرٕ</wf>
		<wf pos="NN" sense_id="2">یَلہٕ</wf>
		<wf pos="SYM">۔</wf>
</sentence>
<sentence s_id="33">
		<wf pos="NN">سَوالہٕ</wf>
		<wf pos="PSP">خٲطرٕ</wf>
		<wf pos="VAUX">چُھ</wf>
		<wf pos="DEM">یہِ</wf>
		<wf pos="NN">موضوٗع</wf>
		<wf pos="NN" sense_id="2">یَلہٕ</wf>
		<wf pos="SYM">۔</wf>
</sentence>
<sentence s_id="34">
		<wf pos="QC">اَکہِ</wf>
		<wf pos="NN">قٕسمٕچ</wf>
		<wf pos="RB">موٹَر</wf>
		<wf pos="POW">دار</wf>
		<wf pos="NN">ناو</wf>
		<wf pos="VAUX">یٔمیٚوک</wf>
		<wf pos="NNC">ڈٮ۪ک</wf>
		<wf pos="NN" sense_id="2">یَلہٕ</wf>
		<wf pos="VM">آسہِ</wf>
		<wf pos="CC">یا</wf>
		<wf pos="RB">اوٚڑُے</wf>
		<wf pos="PRP">آسہِ:سُہ</wf>
		<wf pos="VAUX">چُھ</wf>
		<wf pos="NN">سَمنٛدَرَس</wf>
		<wf pos="PSP">منٛز</wf>
		<wf pos="NN">لوٛنچ</wf>
		<wf pos="INTF">واریاہ</wf>
		<wf pos="RB">تیزی</wf>
		<wf pos="POW">سان</wf>
		<wf pos="VM">پَکناوان</wf>
		<wf pos="SYM">۔</wf>
</sentence>
<sentence s_id="35">
		<wf pos="NN">کانٛسہِ</wf>
		<wf pos="NN">مۄردٕ</wf>
		<wf pos="NN">شخصہٕ</wf>
		<wf pos="PSP">سٕنٛدِس</wf>
		<wf pos="NN">ناوس</wf>
		<wf pos="PSP">پٮ۪ٹھ</wf>
		<wf pos="PRP">کٲنٛسہِ</wf>
		<wf pos="NN">ؤژِھس</wf>
		<wf pos="NN">نِشان</wf>
		<wf pos="VM">ترٛٲوِتھ</wf>
		<wf pos="NN" sense_id="2">یَلہٕ</wf>
		<wf pos="PRP">ترٛاوُن:کیٚنٛہہ</wf>
		<wf pos="NN">لُکھ</wf>
		<wf pos="VAUX">چھِ</wf>
		<wf pos="PRP">پنٛنٮ۪ن</wf>
		<wf pos="NN">مۄردٕ</wf>
		<wf pos="JJ">بُزرگن</wf>
		<wf pos="PSP">ہِنٛدِس</wf>
		<wf pos="NN">ناوس</wf>
		<wf pos="PSP">پٮ۪ٹھ</wf>
		<wf pos="NN">ورٛشوتسرگ</wf>
		<wf pos="VM">کَران</wf>
		<wf pos="SYM">۔</wf>
</sentence>
<sentence s_id="36">
		<wf pos="NN">مُشٕک</wf>
		<wf pos="VM">ہٮ۪نٕچ</wf>
		<wf pos="NN">عَمَل:کوٚفوٗرَس</wf>
		<wf pos="NN">مُشٕک</wf>
		<wf pos="VM">ہٮ۪نہٕ</wf>
		<wf pos="PSP">سۭتۍ</wf>
		<wf pos="VAUX">چھےٚ</wf>
		<wf pos="JJ">بَنٛد</wf>
		<wf pos="POW">نَس</wf>
		<wf pos="NN" sense_id="2">یَلہٕ</wf>
		<wf pos="VM">گَژھان</wf>
		<wf pos="SYM">۔</wf>
</sentence>
<sentence s_id="37">
		<wf pos="NN">یلہٕ</wf>
		<wf pos="CC">یا</wf>
		<wf pos="JJ" sense_id="4">یَلہٕ</wf>
		<wf pos="VM">کَرنٕچ</wf>
		<wf pos="NN">عمَل:بہٕ</wf>
		<wf pos="VM">تراوَن</wf>
		<wf pos="NEG">نہٕ</wf>
		<wf pos="RB">ییٚہ</wf>
		<wf pos="JJ">بَدماش</wf>
		<wf pos="RDP">سہَل</wf>
		<wf pos="RB">پۭٹھۍ</wf>
		<wf pos="NN" sense_id="2">یَلہٕ</wf>
		<wf pos="SYM">۔</wf>
</sentence>
<sentence s_id="38">
		<wf pos="NN">نَلکُک</wf>
		<wf pos="PRP">سُہ</wf>
		<wf pos="NN">حِصہٕ</wf>
		<wf pos="DEM">یَتھ</wf>
		<wf pos="JJ">پیچ</wf>
		<wf pos="VAUX">چُھ</wf>
		<wf pos="VM">لٲگِتھ</wf>
		<wf pos="VM">آسان</wf>
		<wf pos="RB">یَپٲرۍ</wf>
		<wf pos="NN">آب</wf>
		<wf pos="VM">نیران</wf>
		<wf pos="PSP">چُھ:نٔلۍ</wf>
		<wf pos="VAUX">گَژھنہٕ</wf>
		<wf pos="NN" sense_id="2">یَلہٕ</wf>
		<wf pos="VM">تھاوٕنۍ</wf>
		<wf pos="SYM">۔</wf>
</sentence>
<sentence s_id="39">
		<wf pos="DEM">یُس</wf>
		<wf pos="PRP">کُنہِ</wf>
		<wf pos="NN">قٕسمٕچہِ</wf>
		<wf pos="PSP">بٔنٛدِشہٕ</wf>
		<wf pos="PSP">منٛز</wf>
		<wf pos="VM">آسہِ</wf>
		<wf pos="VAUX">آمُت</wf>
		<wf pos="NN" sense_id="2">یَلہٕ</wf>
		<wf pos="NN">ترٛاونہٕ:جیلہٕ</wf>
		<wf pos="PSP">منٛز</wf>
		<wf pos="JJ" sense_id="4">یَلہٕ</wf>
		<wf pos="VM">کَرنہٕ</wf>
		<wf pos="VAUX">آمُت</wf>
		<wf pos="QC">قۭدۍ</wf>
		<wf pos="VAUX">گوٚو</wf>
		<wf pos="PRP">پنٛنِس</wf>
		<wf pos="NN">عیالس</wf>
		<wf pos="VM">وٕچھتھ</wf>
		<wf pos="JJ">خۄش</wf>
		<wf pos="SYM">۔</wf>
</sentence>
<sentence s_id="40">
		<wf pos="JJ">پرایہٕ</wf>
		<wf pos="NN">مَردَس</wf>
		<wf pos="CC">یا</wf>
		<wf pos="NN">زنانہِ</wf>
		<wf pos="PSP">سۭتۍ</wf>
		<wf pos="DEM">یَتھ</wf>
		<wf pos="PRP">کیٚنٛہہ</wf>
		<wf pos="JJ">غلط</wf>
		<wf pos="NN">تعلُقات</wf>
		<wf pos="VM">قٲیِم</wf>
		<wf pos="NN">گژِھن</wf>
		<wf pos="NNC">کہٕ</wf>
		<wf pos="NN">تٔم</wf>
		<wf pos="NN">ہیٚکَن</wf>
		<wf pos="NEG">نہٕ</wf>
		<wf pos="NN" sense_id="2">یَلہٕ</wf>
		<wf pos="PRP">گٔژِھتھ:سُہ</wf>
		<wf pos="VAUX">چُھ</wf>
		<wf pos="VM">پَننہٕ</wf>
		<wf pos="JJ">ہمسایہٕ</wf>
		<wf pos="PSP">سٕنٛدِس</wf>
		<wf pos="NN">محبت</wf>
		<wf pos="PRP">تَس</wf>
		<wf pos="PSP">منٛز</wf>
		<wf pos="VM">پھسیٚومُت</wf>
		<wf pos="SYM">۔</wf>
</sentence>
<sentence s_id="41">
		<wf pos="NN">مِصرُک</wf>
		<wf pos="JJ">وۄزُل</wf>
		<wf pos="NN">سَمنٛدر</wf>
		<wf pos="PRP">یُس</wf>
		<wf pos="VM">مِلناوَن</wf>
		<wf pos="RB">واجیٚنٛۍ</wf>
		<wf pos="NNP">سَمنٛدٔری</wf>
		<wf pos="NN">وَتھ</wf>
		<wf pos="NN">چھےٚ:سُوِز</wf>
		<wf pos="NN">نہر</wf>
		<wf pos="VM">آیہِ</wf>
		<wf pos="NN">نَومبر</wf>
		<wf pos="NN">اَردَشَتھ</wf>
		<wf pos="NN">کُنسَتتَھس</wf>
		<wf pos="PSP">منٛز</wf>
		<wf pos="NN" sense_id="2">یَلہٕ</wf>
		<wf pos="VM">ترٛاونہٕ</wf>
		<wf pos="SYM">۔</wf>
</sentence>
<sentence s_id="42">
		<wf pos="NN">باغ،</wf>
		<wf pos="NN">بیترِ</wf>
		<wf pos="PSP">ہُنٛد</wf>
		<wf pos="QC">دیوار:ییٚمہِ</wf>
		<wf pos="NN">کیمپَسُک</wf>
		<wf pos="NN">دروازٕ</wf>
		<wf pos="NEG">مہٕ</wf>
		<wf pos="NN">تھٲیٕو</wf>
		<wf pos="NN" sense_id="2">یَلہٕ</wf>
		<wf pos="SYM">۔</wf>
</sentence>
<sentence s_id="43">
		<wf pos="NN">گاڑِ</wf>
		<wf pos="CC">یا</wf>
		<wf pos="NN">رَتھ</wf>
		<wf pos="PSP">منٛز</wf>
		<wf pos="NN">گُرۍ</wf>
		<wf pos="CC">یا</wf>
		<wf pos="NN">دانٛد</wf>
		<wf pos="NN" sense_id="2">یَلہٕ</wf>
		<wf pos="VM">ترٛاونہٕ</wf>
		<wf pos="RB">پَتہٕ</wf>
		<wf pos="VAUX">چُھ</wf>
		<wf pos="PRP">تِمَن</wf>
		<wf pos="NN">پَھل</wf>
		<wf pos="VM">دِنہٕ</wf>
		<wf pos="VAUX">یِوان</wf>
		<wf pos="SYM">۔</wf>
</sentence>
<sentence s_id="44">
		<wf pos="PRP">کانٛہہ</wf>
		<wf pos="DEM">یُتھ</wf>
		<wf pos="NN">طریٖقہٕ</wf>
		<wf pos="CC">یا</wf>
		<wf pos="PSP">ذریعہ</wf>
		<wf pos="DEM">ییٚمکہِ</wf>
		<wf pos="NN">مدَدٕ</wf>
		<wf pos="PSP">سۭتۍ</wf>
		<wf pos="PRP">کُنہِ</wf>
		<wf pos="NN">جاے</wf>
		<wf pos="NN">دٲخِل</wf>
		<wf pos="VAUX">چھِ</wf>
		<wf pos="NN">گژھان:ترقی</wf>
		<wf pos="PSP">ہٕنٛد</wf>
		<wf pos="JJ">سٲری</wf>
		<wf pos="NN">دروازٕ</wf>
		<wf pos="VAUX">چھِ</wf>
		<wf pos="NN" sense_id="2">یَلہٕ</wf>
		<wf pos="CC">مَگر</wf>
		<wf pos="CC">اگَر</wf>
		<wf pos="VM">کُنٕچ</wf>
		<wf pos="NN">کٔمی</wf>
		<wf pos="VAUX">چھےٚ</wf>
		<wf pos="PRP">سُہ</wf>
		<wf pos="VAUX">چھےٚ</wf>
		<wf pos="JJ">صرِف</wf>
		<wf pos="NN">محنَتٕچ</wf>
		<wf pos="SYM">۔</wf>
</sentence>
<sentence s_id="45">
		<wf pos="NN">کھٮ۪نہٕ،وَدنہٕ،بیترِ</wf>
		<wf pos="PSP">ہٕنٛد</wf>
		<wf pos="PSP">خٲطرٕ</wf>
		<wf pos="VM">کُھلاونہٕ</wf>
		<wf pos="VAUX">آمُت</wf>
		<wf pos="NN">ٲس:ماجہِ</wf>
		<wf pos="NN">ترٛر</wf>
		<wf pos="VM">بِچہٕ</wf>
		<wf pos="PSP">سٕنٛدِس</wf>
		<wf pos="NN" sense_id="2">یَلہٕ</wf>
		<wf pos="NN">ٲسَس</wf>
		<wf pos="PSP">منٛز</wf>
		<wf pos="NN">میوٚنٛڈ</wf>
		<wf pos="SYM">۔</wf>
</sentence>
<sentence s_id="46">
		<wf pos="NNP">ریشۍ</wf>
		<wf pos="NN">نامن</wf>
		<wf pos="NNPC">منزچھُ</wf>
		<wf pos="NNPC">زٲنہٕ</wf>
		<wf pos="NN">شاہس</wf>
		<wf pos="CC">تہٕ</wf>
		<wf pos="PRP">تسٕندِس</wf>
		<wf pos="NN">ژاٹس</wf>
		<wf pos="NNPC">حاجی</wf>
		<wf pos="NNPC">شمس</wf>
		<wf pos="NNP">الدینس</wf>
		<wf pos="PSP">درمیان</wf>
		<wf pos="QC">اکھ</wf>
		<wf pos="JJ">دِلچسپ</wf>
		<wf pos="NN">منظوٗم</wf>
		<wf pos="NN">مکالمہٕ</wf>
		<wf pos="NN">درٕج،</wf>
		<wf pos="RB">ییلہ</wf>
		<wf pos="NNPC">حاجی</wf>
		<wf pos="NNPC">شمس</wf>
		<wf pos="NNP">الدینس</wf>
		<wf pos="NNPC">ؒ</wf>
		<wf pos="NNP">بڈشاہ</wf>
		<wf pos="PSP">سٕندۍ</wf>
		<wf pos="NN">اہلکار</wf>
		<wf pos="RB">کامہ</wf>
		<wf pos="VM">لاگان</wf>
		<wf pos="VAUX">چھِ</wf>
		<wf pos="CC">تہٕ</wf>
		<wf pos="NN">شامن</wf>
		<wf pos="VAUX">چھِس</wf>
		<wf pos="NN" sense_id="2">یَلہٕ</wf>
		<wf pos="VM">تراوان،</wf>
		<wf pos="NNPC">شمس</wf>
		<wf pos="NNP">الدین</wf>
		<wf pos="VAUX">چھُ</wf>
		<wf pos="NN">آب</wf>
		<wf pos="PSP">ہٮ۪تھ</wf>
		<wf pos="VM">کھسان</wf>
		<wf pos="CC">تہٕ</wf>
		<wf pos="VM">لگان</wf>
		<wf pos="VAUX">چُھس</wf>
		<wf pos="NN">دَب،</wf>
		<wf pos="NN">پیرس</wf>
		<wf pos="PSP">نِش</wf>
		<wf pos="VM">وٲتِتھ</wf>
		<wf pos="VAUX">چھُ</wf>
		<wf pos="NNPC">شمس</wf>
		<wf pos="NNP">الدین</wf>
		<wf pos="NN">شکایت</wf>
		<wf pos="VM">کران</wf>
		<wf pos="CC">زِ</wf>
		<wf pos="NN">آب</wf>
		<wf pos="NEG">نہ</wf>
		<wf pos="VM">آسنہٕ</wf>
		<wf pos="NN">سبہٕ</wf>
		<wf pos="VAUX">چھَ</wf>
		<wf pos="NEG">نہٕ</wf>
		<wf pos="PRP">یہ</wf>
		<wf pos="NN">جاے</wf>
		<wf pos="JJ">مُنٲسب</wf>
		<wf pos="SYM">۔</wf>
</sentence>
<sentence s_id="47">
		<wf pos="RB">پتھ</wf>
		<wf pos="NNP">کالہ</wf>
		<wf pos="VAUX">اوس</wf>
		<wf pos="NNP">کٔشیرِ</wf>
		<wf pos="PSP">منز</wf>
		<wf pos="JJ">روٚ</wf>
		<wf pos="CC">و</wf>
		<wf pos="VM">کرنُک</wf>
		<wf pos="QC">اکھ</wf>
		<wf pos="NN">طریقہٕ</wf>
		<wf pos="DEM">یہ</wf>
		<wf pos="CC">تہ</wf>
		<wf pos="DEM">زِ</wf>
		<wf pos="QC">اکہ</wf>
		<wf pos="NN">طرفہٕ</wf>
		<wf pos="VAUX">ٲسۍ</wf>
		<wf pos="NN">مرد</wf>
		<wf pos="RDP">دوٚر</wf>
		<wf pos="VM">کٔرِتھ</wf>
		<wf pos="VM">روزان</wf>
		<wf pos="CC">تہٕ</wf>
		<wf pos="DEM">بییہ</wf>
		<wf pos="PSP">طرفہٕ</wf>
		<wf pos="NN">زنانہٕ</wf>
		<wf pos="QC">اکھ</wf>
		<wf pos="JJ">د</wf>
		<wf pos="NN">وٚر</wf>
		<wf pos="VAUX">اوس</wf>
		<wf pos="NN">ر</wf>
		<wf pos="VM">وٚوۍ</wf>
		<wf pos="NN">ہُریُک</wf>
		<wf pos="QC">اکھ</wf>
		<wf pos="NN">مِصرعہٕ</wf>
		<wf pos="VM">تُلان</wf>
		<wf pos="CC">تہٕ</wf>
		<wf pos="NNPC">د</wf>
		<wf pos="NNPC">ویم</wf>
		<wf pos="NNP">د</wf>
		<wf pos="NN">وٚر</wf>
		<wf pos="VAUX">اوس</wf>
		<wf pos="PRP">بیاکھ</wf>
		<wf pos="NN">مِصرعہ</wf>
		<wf pos="VM">ونان</wf>
		<wf pos="JJ">محمود</wf>
		<wf pos="NN">گٲمیس</wf>
		<wf pos="PSP">متعلق</wf>
		<wf pos="VAUX">چھے</wf>
		<wf pos="DEM">یہ</wf>
		<wf pos="NN">لوک</wf>
		<wf pos="NN">روایت</wf>
		<wf pos="CC">تہ</wf>
		<wf pos="JJ">مشہور</wf>
		<wf pos="NN">زِجوٲنی</wf>
		<wf pos="PSP">منز</wf>
		<wf pos="VAUX">اوس</wf>
		<wf pos="PRP">تس</wf>
		<wf pos="NN">بدول</wf>
		<wf pos="NN">جمال</wf>
		<wf pos="NN">نٲوۍ</wf>
		<wf pos="NN">أکِس</wf>
		<wf pos="NN">یاوَن</wf>
		<wf pos="NN">مژِ</wf>
		<wf pos="PSP">ہُند</wf>
		<wf pos="NN">لول</wf>
		<wf pos="QC">سنیومُتاَکہ</wf>
		<wf pos="NN">لٹہ</wf>
		<wf pos="RB">ییلہ</wf>
		<wf pos="NNC">زوٗنہٕ</wf>
		<wf pos="NN">گاشس</wf>
		<wf pos="PSP">منز</wf>
		<wf pos="NN">ر</wf>
		<wf pos="VM">وٚو</wf>
		<wf pos="VM">چلان</wf>
		<wf pos="VAUX">اوس</wf>
		<wf pos="NNPC">محمود</wf>
		<wf pos="NNP">گٲمی</wf>
		<wf pos="NNPC">گوورسہٕ</wf>
		<wf pos="POW">پٲٹھۍ</wf>
		<wf pos="NN">دٔرِس</wf>
		<wf pos="PSP">منز</wf>
		<wf pos="VM">أژِتھ</wf>
		<wf pos="CC">تہٕ</wf>
		<wf pos="NN">لوگُن</wf>
		<wf pos="JJ">فی</wf>
		<wf pos="NN">البدیہہ</wf>
		<wf pos="PRP">سُہ</wf>
		<wf pos="JJ">مشہوٗر</wf>
		<wf pos="NN">وژُن</wf>
		<wf pos="VM">وَنُن</wf>
		<wf pos="DEM">یتھ</wf>
		<wf pos="PSP">منز</wf>
		<wf pos="JJ">روے</wf>
		<wf pos="NN">سخن</wf>
		<wf pos="NNPC">بدول</wf>
		<wf pos="NNP">جمالہ</wf>
		<wf pos="VM">کُن</wf>
		<wf pos="VAUX">اوس</wf>
		<wf pos="NN">زنہ</wf>
		<wf pos="CC">تہٕ</wf>
		<wf pos="NN">مرٕد</wf>
		<wf pos="VAUX">ٲسۍ</wf>
		<wf pos="VM">روٚو</wf>
		<wf pos="VM">کرنس</wf>
		<wf pos="VM">سٍتۍ</wf>
		<wf pos="VM">محو</wf>
		<wf pos="CC">تہٕ</wf>
		<wf pos="PRP">یُس</wf>
		<wf pos="DEM">یُس</wf>
		<wf pos="NN">مصرعہٕ</wf>
		<wf pos="PSP">محمود</wf>
		<wf pos="VM">ونان</wf>
		<wf pos="VAUX">اوس</wf>
		<wf pos="RB">زَنہ</wf>
		<wf pos="VAUX">آسہٕ</wf>
		<wf pos="PRP">سُے</wf>
		<wf pos="PRP">سُے</wf>
		<wf pos="NN">مصرعہٕ</wf>
		<wf pos="VM">پھِران</wf>
		<wf pos="CC">تہٕ</wf>
		<wf pos="VM">پھِران</wf>
		<wf pos="RB">ییلہ</wf>
		<wf pos="NN">محمودن</wf>
		<wf pos="VM">لیکھٕتۍ</wf>
		<wf pos="NN">مصرعس</wf>
		<wf pos="PSP">منز</wf>
		<wf pos="NNPC">بدول</wf>
		<wf pos="NNP">جمالہ</wf>
		<wf pos="PSP">ہُند</wf>
		<wf pos="NN">ناو</wf>
		<wf pos="INTF">ہیوت</wf>
		<wf pos="NNP">،</wf>
		<wf pos="NN">یۅسہٕ</wf>
		<wf pos="NN">زنانہٕ</wf>
		<wf pos="NN">دٔرِس</wf>
		<wf pos="PSP">منز</wf>
		<wf pos="VAUX">ٲس،</wf>
		<wf pos="DEM">تمہ</wf>
		<wf pos="NN">ژٕھنۍ</wf>
		<wf pos="NN">درِ</wf>
		<wf pos="PSP">منزٕ</wf>
		<wf pos="NN">تھپھ</wf>
		<wf pos="NN" sense_id="2">یَلہٕ</wf>
		<wf pos="CC">تہٕ</wf>
		<wf pos="JJ">پھرکہٕ</wf>
		<wf pos="NNC">ہژِ</wf>
		<wf pos="NN">روٗسۍ</wf>
		<wf pos="CC">کچہ</wf>
		<wf pos="PSP">ہٕندۍ</wf>
		<wf pos="POW">پٲٹھۍ</wf>
		<wf pos="NN">ژٔج</wf>
		<wf pos="DEM">اَتھ</wf>
		<wf pos="NN">وژنس</wf>
		<wf pos="VAUX">چھِ</wf>
		<wf pos="QC">25</wf>
		<wf pos="NN">شعر،</wf>
		<wf pos="PRP">کینہہ</wf>
		<wf pos="NN">شعر</wf>
		<wf pos="VAUX">چھِ</wf>
		<wf pos="DEM">یِم</wf>
		<wf pos="SYM">:</wf>
		<wf pos="SYM">۔</wf>
</sentence>
<sentence s_id="48">
		<wf pos="PRP">تٔمۍ</wf>
		<wf pos="PSP">سُند</wf>
		<wf pos="NN">توجہ</wf>
		<wf pos="NN">پھُیٛر</wf>
		<wf pos="NN">مسجِد</wf>
		<wf pos="NN">دروازس</wf>
		<wf pos="RB">أندۍ</wf>
		<wf pos="POW">پٔکھۍ</wf>
		<wf pos="VM">بیچھہٕ</wf>
		<wf pos="PRP">وٕنٮ۪ن</wf>
		<wf pos="PSP">ہٕنزِ</wf>
		<wf pos="NN">بِرٕبار</wf>
		<wf pos="PRP">پانس</wf>
		<wf pos="PSP">کن</wf>
		<wf pos="PRP">یِم</wf>
		<wf pos="PRP">پنہٕ</wf>
		<wf pos="POW">نٮ۪ن</wf>
		<wf pos="PRP">پنہٕ</wf>
		<wf pos="POW">نٮ۪ن</wf>
		<wf pos="NN">جاین</wf>
		<wf pos="RB">تِتھہٕ</wf>
		<wf pos="POW">کٔنۍ</wf>
		<wf pos="VM">بِہتھ</wf>
		<wf pos="VAUX">ٲسۍ</wf>
		<wf pos="CC">زنتہٕ</wf>
		<wf pos="VAUX">آسہٕ</wf>
		<wf pos="PRP">تِم</wf>
		<wf pos="PRP">تِہنزٕ</wf>
		<wf pos="JJ">وراثتی</wf>
		<wf pos="NN">جایہِ</wf>
		<wf pos="PRP">تٔمۍ</wf>
		<wf pos="VM">دِژ</wf>
		<wf pos="DEM">تتھ</wf>
		<wf pos="NN">کوٗنس</wf>
		<wf pos="PSP">کن</wf>
		<wf pos="NN">نظر</wf>
		<wf pos="RB">ییٚتہِ</wf>
		<wf pos="POW">نس</wf>
		<wf pos="PRP">تٔمۍ</wf>
		<wf pos="NN">راتھ</wf>
		<wf pos="NN">آرام</wf>
		<wf pos="VAUX">اوس</wf>
		<wf pos="VM">کوٚرمُت</wf>
		<wf pos="SYM">،</wf>
		<wf pos="NN">کوٗن</wf>
		<wf pos="VAUX">اوس</wf>
		<wf pos="NN" sense_id="3">یَلہٕ</wf>
		<wf pos="SYM">۔</wf>
</sentence>
<sentence s_id="49">
		<wf pos="PRP">﻿تٔمۍ</wf>
		<wf pos="PSP">سُند</wf>
		<wf pos="NN">توجہ</wf>
		<wf pos="NN">پھُیٛر</wf>
		<wf pos="NN">مسجِد</wf>
		<wf pos="NN">دروازس</wf>
		<wf pos="RB">أندۍ</wf>
		<wf pos="POW">پٔکھۍ</wf>
		<wf pos="VM">بیچھہٕ</wf>
		<wf pos="PRP">وٕنٮ۪ن</wf>
		<wf pos="PSP">ہٕنزِ</wf>
		<wf pos="NN">بِرٕبار</wf>
		<wf pos="PRP">پانس</wf>
		<wf pos="PSP">کن</wf>
		<wf pos="PRP">یِم</wf>
		<wf pos="PRP">پنہٕ</wf>
		<wf pos="POW">نٮ۪ن</wf>
		<wf pos="PRP">پنہٕ</wf>
		<wf pos="POW">نٮ۪ن</wf>
		<wf pos="NN">جاین</wf>
		<wf pos="RB">تِتھہٕ</wf>
		<wf pos="POW">کٔنۍ</wf>
		<wf pos="VM">بِہتھ</wf>
		<wf pos="VAUX">ٲسۍ</wf>
		<wf pos="CC">زنتہٕ</wf>
		<wf pos="VAUX">آسہٕ</wf>
		<wf pos="PRP">تِم</wf>
		<wf pos="PRP">تِہنزٕ</wf>
		<wf pos="JJ">وراثتی</wf>
		<wf pos="NN">جایہِ</wf>
		<wf pos="PRP">تٔمۍ</wf>
		<wf pos="VM">دِژ</wf>
		<wf pos="DEM">تتھ</wf>
		<wf pos="NN">کوٗنس</wf>
		<wf pos="PSP">کن</wf>
		<wf pos="NN">نظر</wf>
		<wf pos="RB">ییٚتہِ</wf>
		<wf pos="POW">نس</wf>
		<wf pos="PRP">تٔمۍ</wf>
		<wf pos="NN">راتھ</wf>
		<wf pos="NN">آرام</wf>
		<wf pos="VAUX">اوس</wf>
		<wf pos="VM">کوٚرمُت</wf>
		<wf pos="SYM">،</wf>
		<wf pos="NN">کوٗن</wf>
		<wf pos="VAUX">اوس</wf>
		<wf pos="NN" sense_id="3">یَلہٕ</wf>
		<wf pos="NN">افتاب</wf>
		<wf pos="PSP">چہِ</wf>
		<wf pos="NN">زٕژٕ</wf>
		<wf pos="VAUX">آسہٕ</wf>
		<wf pos="VM">پرٛزلان</wf>
		<wf pos="NNP">،</wf>
		<wf pos="NN">فجر</wf>
		<wf pos="NN">نمازِ</wf>
		<wf pos="PSP">ہُند</wf>
		<wf pos="NN">وقت</wf>
		<wf pos="VAUX">اوس</wf>
		<wf pos="RB">فوت</wf>
		<wf pos="VAUX">سپُدمُت</wf>
		<wf pos="NN">لِہٰزا</wf>
		<wf pos="VAUX">ٲس</wf>
		<wf pos="NNP">ہِشۍ</wf>
		<wf pos="NN">کتھاہ</wf>
		<wf pos="CC">زِ</wf>
		<wf pos="PRP">سُہ</wf>
		<wf pos="NN">پَریاٛ</wf>
		<wf pos="DEM">تَمۍ</wf>
		<wf pos="NN">ساعتہٕ</wf>
		<wf pos="NN">نماز</wf>
		<wf pos="VM">کنہ</wf>
		<wf pos="PRP">کینٛہہ</wf>
		<wf pos="NN">کال</wf>
		<wf pos="VM">گژھتھ</wf>
		<wf pos="DEM">یہِ</wf>
		<wf pos="VM">زٲنِتھ</wf>
		<wf pos="VM">کوٚر</wf>
		<wf pos="PRP">تٔمۍ</wf>
		<wf pos="RB">کنہ،</wf>
		<wf pos="NN">تردُدٕ</wf>
		<wf pos="RB">بغٲر</wf>
		<wf pos="NN">کوٗنس</wf>
		<wf pos="PSP">منز</wf>
		<wf pos="PRP">کینٛژس</wf>
		<wf pos="NN">کالس</wf>
		<wf pos="NN">صبحہٕ</wf>
		<wf pos="PSP">کہِ</wf>
		<wf pos="NN">ٹھنڑٕ</wf>
		<wf pos="NN">ہوہُک</wf>
		<wf pos="NN">لطف</wf>
		<wf pos="VM">تُلنُک</wf>
		<wf pos="NN">فٲصلہٕ</wf>
		<wf pos="SYM">۔</wf>
</sentence>
<sentence s_id="50">
		<wf pos="PRP">﻿تٔمۍ</wf>
		<wf pos="PSP">سُند</wf>
		<wf pos="NN">توجہ</wf>
		<wf pos="NN">پھُیٛر</wf>
		<wf pos="NN">مسجِد</wf>
		<wf pos="NN">دروازس</wf>
		<wf pos="RB">أندۍ</wf>
		<wf pos="POW">پٔکھۍ</wf>
		<wf pos="VM">بیچھہٕ</wf>
		<wf pos="PRP">وٕنٮ۪ن</wf>
		<wf pos="PSP">ہٕنزِ</wf>
		<wf pos="NN">بِرٕبار</wf>
		<wf pos="PRP">پانس</wf>
		<wf pos="PSP">کن</wf>
		<wf pos="PRP">یِم</wf>
		<wf pos="PRP">پنہٕ</wf>
		<wf pos="POW">نٮ۪ن</wf>
		<wf pos="PRP">پنہٕ</wf>
		<wf pos="POW">نٮ۪ن</wf>
		<wf pos="NN">جاین</wf>
		<wf pos="RB">تِتھہٕ</wf>
		<wf pos="POW">کٔنۍ</wf>
		<wf pos="VM">بِہتھ</wf>
		<wf pos="VAUX">ٲسۍ</wf>
		<wf pos="CC">زنتہٕ</wf>
		<wf pos="VAUX">آسہٕ</wf>
		<wf pos="PRP">تِم</wf>
		<wf pos="PRP">تِہنزٕ</wf>
		<wf pos="JJ">وراثتی</wf>
		<wf pos="NN">جایہِ</wf>
		<wf pos="PRP">تٔمۍ</wf>
		<wf pos="VM">دِژ</wf>
		<wf pos="DEM">تتھ</wf>
		<wf pos="NN">کوٗنس</wf>
		<wf pos="PSP">کن</wf>
		<wf pos="NN">نظر</wf>
		<wf pos="RB">ییٚتہِ</wf>
		<wf pos="POW">نس</wf>
		<wf pos="PRP">تٔمۍ</wf>
		<wf pos="NN">راتھ</wf>
		<wf pos="NN">آرام</wf>
		<wf pos="VAUX">اوس</wf>
		<wf pos="VM">کوٚرمُت</wf>
		<wf pos="SYM">،</wf>
		<wf pos="NN">کوٗن</wf>
		<wf pos="VAUX">اوس</wf>
		<wf pos="NN" sense_id="3">یَلہٕ</wf>
		<wf pos="SYM">۔</wf>
</sentence>
<sentence s_id="51">
		<wf pos="PRP">میٛٲنۍ</wf>
		<wf pos="NN">موج</wf>
		<wf pos="VAUX">چھےٚ</wf>
		<wf pos="NN" sense_id="3">یَلہٕ</wf>
		<wf pos="NN">وَقتَس</wf>
		<wf pos="PSP">منٛز</wf>
		<wf pos="JJ">اِلہٲمی</wf>
		<wf pos="NN">کِتابہٕ</wf>
		<wf pos="VM">پَران</wf>
		<wf pos="SYM">۔</wf>
</sentence>
<sentence s_id="52">
		<wf pos="NN">موج</wf>
		<wf pos="VAUX">چھے</wf>
		<wf pos="NN">مٔدریر</wf>
		<wf pos="NN">ڈَبہٕ</wf>
		<wf pos="NN" sense_id="3">یَلہٕ</wf>
		<wf pos="VM">کَران</wf>
		<wf pos="SYM">۔</wf>
</sentence>
<sentence s_id="53">
		<wf pos="NN">حفاظَت</wf>
		<wf pos="PSP">خٲطرٕ</wf>
		<wf pos="VAUX">آو</wf>
		<wf pos="NN">پوٗکوٗشِما</wf>
		<wf pos="NN">دایچی</wf>
		<wf pos="PSP">یَس</wf>
		<wf pos="RB">نزدیٖک</wf>
		<wf pos="JJ">سورُے</wf>
		<wf pos="NN">عَلاقہٕ</wf>
		<wf pos="NN" sense_id="3">یَلہٕ</wf>
		<wf pos="VM">کَرناونہٕ</wf>
		<wf pos="SYM">۔</wf>
</sentence>
<sentence s_id="54">
		<wf pos="PRP">ژٕ</wf>
		<wf pos="WQ">کر</wf>
		<wf pos="VM">کرکھ</wf>
		<wf pos="PRP">پنن</wf>
		<wf pos="JJ">سورُے</wf>
		<wf pos="NN">زمین</wf>
		<wf pos="NN" sense_id="3">یَلہٕ</wf>
		<wf pos="SYM">۔</wf>
</sentence>
<sentence s_id="55">
		<wf pos="NN">مہربٲنی</wf>
		<wf pos="VM">کٔرِتھ</wf>
		<wf pos="RDP">کٔرۍ</wf>
		<wf pos="VM">زیٚوٕ</wf>
		<wf pos="QC">تُہہ</wf>
		<wf pos="NN">لُکھ</wf>
		<wf pos="NN">صدرِ</wf>
		<wf pos="JJ">محفِل</wf>
		<wf pos="NN">نیٖرتھٕےپَنڈال</wf>
		<wf pos="NN" sense_id="3">یَلہٕ</wf>
		<wf pos="SYM">۔</wf>
</sentence>
<sentence s_id="56">
		<wf pos="NN">ییتہِ</wf>
		<wf pos="VAUX">چھِ</wf>
		<wf pos="INTF">واریاہ</wf>
		<wf pos="JJ">بارکہٕ</wf>
		<wf pos="VAUX">چھِ</wf>
		<wf pos="NN" sense_id="3">یَلہٕ</wf>
		<wf pos="SYM">۔</wf>
</sentence>
<sentence s_id="57">
		<wf pos="PRP">تٔمۍ</wf>
		<wf pos="NN">کوٛر</wf>
		<wf pos="NN" sense_id="3">یَلہٕ</wf>
		<wf pos="JJ">سٲرٕے</wf>
		<wf pos="NN">جاے</wf>
		<wf pos="SYM">۔</wf>
</sentence>
<sentence s_id="58">
		<wf pos="NN">حِسابُک</wf>
		<wf pos="NN">اُستاد</wf>
		<wf pos="VAUX">اوس</wf>
		<wf pos="NEG">نہٕ</wf>
		<wf pos="VM">آمُت</wf>
		<wf pos="CC">تَوے</wf>
		<wf pos="VAUX">اوس</wf>
		<wf pos="QC">بٔیِم</wf>
		<wf pos="NN">پیٖرَڑ</wf>
		<wf pos="NN" sense_id="3">یَلہٕ</wf>
		<wf pos="SYM">۔</wf>
</sentence>
<sentence s_id="59">
		<wf pos="NN">رِہٲیِش</wf>
		<wf pos="NN">گرس</wf>
		<wf pos="PSP">منٛز</wf>
		<wf pos="NEG">چُھنہٕ</wf>
		<wf pos="NEG">کٕہۭنۍ</wf>
		<wf pos="RP">تہِ</wf>
		<wf pos="NN">کمرٕ</wf>
		<wf pos="NN" sense_id="3">یَلہٕ</wf>
		<wf pos="SYM">۔</wf>
</sentence>
<sentence s_id="60">
		<wf pos="NN">پٮ۪ٹِشٕنَر</wf>
		<wf pos="VAUX">گوٚو</wf>
		<wf pos="RB">واپَس</wf>
		<wf pos="NN" sense_id="3">یَلہٕ</wf>
		<wf pos="NN">اَتھَو</wf>
		<wf pos="SYM">۔</wf>
</sentence>
<sentence s_id="61">
		<wf pos="NN" sense_id="3">یَلہٕ</wf>
		<wf pos="NN">گٔڑوَس</wf>
		<wf pos="PSP">منٛز</wf>
		<wf pos="NN">بَر</wf>
		<wf pos="NN">آب</wf>
		<wf pos="SYM">۔</wf>
</sentence>
<sentence s_id="62">
		<wf pos="NN">حِسابُک</wf>
		<wf pos="NN">اُستاد</wf>
		<wf pos="VAUX">اوس</wf>
		<wf pos="NEG">نہٕ</wf>
		<wf pos="VM">آمُت</wf>
		<wf pos="CC">تَوے</wf>
		<wf pos="VAUX">اوس</wf>
		<wf pos="QC">بٔیِم</wf>
		<wf pos="NN">پیٖرَڑ</wf>
		<wf pos="NN" sense_id="3">یَلہٕ</wf>
		<wf pos="SYM">۔</wf>
</sentence>
<sentence s_id="63">
		<wf pos="PRP">میٛٲنۍ</wf>
		<wf pos="NN">موج</wf>
		<wf pos="VAUX">چھےٚ</wf>
		<wf pos="NN" sense_id="3">یَلہٕ</wf>
		<wf pos="NN">وَقتَس</wf>
		<wf pos="PSP">منٛز</wf>
		<wf pos="JJ">اِلہٲمی</wf>
		<wf pos="NN">کِتابہٕ</wf>
		<wf pos="VM">پَران</wf>
		<wf pos="SYM">۔</wf>
</sentence>
<sentence s_id="64">
		<wf pos="PRP">بہٕ</wf>
		<wf pos="VAUX">چَھس</wf>
		<wf pos="VM">وٕنۍ</wf>
		<wf pos="PRP">کیٚن</wf>
		<wf pos="NN" sense_id="3">یَلہٕ</wf>
		<wf pos="SYM">۔</wf>
</sentence>
<sentence s_id="65">
		<wf pos="NN">مٲلۍ</wf>
		<wf pos="PSP">سٕنٛدِس</wf>
		<wf pos="NNC">بٔڑِس</wf>
		<wf pos="NN">بٲے</wf>
		<wf pos="PSP">سٕنٛز</wf>
		<wf pos="NN">زَنان:کاکنہِ</wf>
		<wf pos="PSP">ہٕنٛدِ</wf>
		<wf pos="VM">نیرنہٕ</wf>
		<wf pos="PSP">سۭتۍ</wf>
		<wf pos="VAUX">چُھ</wf>
		<wf pos="NN">گَرٕ</wf>
		<wf pos="NN" sense_id="3">یَلہٕ</wf>
		<wf pos="VM">گوٚمُت</wf>
		<wf pos="SYM">۔</wf>
</sentence>
<sentence s_id="66">
		<wf pos="DEM">یَتھ</wf>
		<wf pos="NN">یوٗنوَرسِٹی</wf>
		<wf pos="PSP">منٛز</wf>
		<wf pos="VAUX">چُھ</wf>
		<wf pos="JJ">مٲہِر</wf>
		<wf pos="NN">اِنسانیات</wf>
		<wf pos="PSP">سُنٛد</wf>
		<wf pos="NN">وۄعہدٕ</wf>
		<wf pos="NN" sense_id="3">یَلہٕ</wf>
		<wf pos="SYM">۔</wf>
</sentence>
<sentence s_id="67">
		<wf pos="NN" sense_id="3">یَلہٕ</wf>
		<wf pos="JJ">جایہٕ</wf>
		<wf pos="PSP">منٛز</wf>
		<wf pos="VM">بٔرِو</wf>
		<wf pos="JJ">دُرُست</wf>
		<wf pos="NN">لَفٕظ</wf>
		<wf pos="SYM">۔</wf>
</sentence>
<sentence s_id="68">
		<wf pos="NN">مہربٲنی</wf>
		<wf pos="VM">کٔرِتھ</wf>
		<wf pos="RDP">کٔرۍ</wf>
		<wf pos="VM">زیٚوٕ</wf>
		<wf pos="QC">تُہہ</wf>
		<wf pos="NN">لُکھ</wf>
		<wf pos="NN">صدرِ</wf>
		<wf pos="JJ">محفِل</wf>
		<wf pos="NN">نیٖرتھٕےپَنڈال</wf>
		<wf pos="NN" sense_id="3">یَلہٕ</wf>
		<wf pos="SYM">۔</wf>
</sentence>
<sentence s_id="69">
		<wf pos="PRP">ییٚمِس</wf>
		<wf pos="NEG">نہٕ</wf>
		<wf pos="PRP">کُنہِ</wf>
		<wf pos="RP">تہِ</wf>
		<wf pos="JJ">چیزُک</wf>
		<wf pos="NN">احساس</wf>
		<wf pos="NN">آسہِ:منوہر</wf>
		<wf pos="VAUX">چھُ</wf>
		<wf pos="NN">احساس</wf>
		<wf pos="RB">ورٲے</wf>
		<wf pos="PRP">تیٚمۍ</wf>
		<wf pos="VM">کوٚڈ</wf>
		<wf pos="PRP">سُہ</wf>
		<wf pos="NN" sense_id="3">یَلہٕ</wf>
		<wf pos="NN">اَتھہٕ</wf>
		<wf pos="SYM">۔</wf>
</sentence>
<sentence s_id="70">
		<wf pos="QC">اکھ</wf>
		<wf pos="QC">زٕ</wf>
		<wf pos="NN">گرٕ</wf>
		<wf pos="VM">ترٛاوِتھ</wf>
		<wf pos="VAUX">چِھ</wf>
		<wf pos="RB">باقی</wf>
		<wf pos="PRP">سٲری</wf>
		<wf pos="NN">گرٕ</wf>
		<wf pos="NN" sense_id="3">یَلہٕ</wf>
		<wf pos="SYM">۔</wf>
</sentence>
<sentence s_id="71">
		<wf pos="NN">جہازُک</wf>
		<wf pos="NN">کَمرٕ:یَتھ</wf>
		<wf pos="NN">جہازَس</wf>
		<wf pos="PSP">منٛز</wf>
		<wf pos="VAUX">چِھ</wf>
		<wf pos="POW">دَہ</wf>
		<wf pos="DEM">دوبُسے</wf>
		<wf pos="NN" sense_id="3">یَلہٕ</wf>
		<wf pos="SYM">۔</wf>
</sentence>
<sentence s_id="72">
		<wf pos="NN">کہتہٕ</wf>
		<wf pos="PSP">سۭتۍ</wf>
		<wf pos="VAUX">چھےٚ</wf>
		<wf pos="DEM">ییٚمہِ</wf>
		<wf pos="NN">لَٹہِ</wf>
		<wf pos="NN">کُچھ</wf>
		<wf pos="NN" sense_id="3">یَلہٕ</wf>
		<wf pos="SYM">۔</wf>
</sentence>
<sentence s_id="73">
		<wf pos="NN">ییتہِ</wf>
		<wf pos="VAUX">چھِ</wf>
		<wf pos="INTF">واریاہ</wf>
		<wf pos="JJ">بارکہٕ</wf>
		<wf pos="VAUX">چھِ</wf>
		<wf pos="NN" sense_id="3">یَلہٕ</wf>
		<wf pos="SYM">۔</wf>
</sentence>
<sentence s_id="74">
		<wf pos="NN">آزٕ</wf>
		<wf pos="VAUX">چُھ</wf>
		<wf pos="PRP">مےٚ</wf>
		<wf pos="NN">حِسابُک</wf>
		<wf pos="NN">کَلاس</wf>
		<wf pos="NN" sense_id="3">یَلہٕ</wf>
		<wf pos="SYM">۔</wf>
</sentence>
<sentence s_id="75">
		<wf pos="NNP">گیسٕچۍ</wf>
		<wf pos="NN">ٹینکی:سِلینٛڈَر</wf>
		<wf pos="VAUX">چُھ</wf>
		<wf pos="NN" sense_id="3">یَلہٕ</wf>
		<wf pos="SYM">۔</wf>
</sentence>
<sentence s_id="76">
		<wf pos="PRP">یُس</wf>
		<wf pos="NN" sense_id="3">یَلہٕ</wf>
		<wf pos="NN">سجاوٹَس</wf>
		<wf pos="CC">یا</wf>
		<wf pos="NN">پٲراوَس</wf>
		<wf pos="PSP">خٲطرٕ</wf>
		<wf pos="VM">اِستعمال</wf>
		<wf pos="VAUX">آسہِ</wf>
		<wf pos="VM">کَرنہٕ</wf>
		<wf pos="VAUX">آمُت</wf>
		<wf pos="CC">تہٕ</wf>
		<wf pos="DEM">یَتھ</wf>
		<wf pos="NEG">نہٕ</wf>
		<wf pos="RB">بیٚیہِ</wf>
		<wf pos="PRP">کانٛہہ</wf>
		<wf pos="NN">مَخصوٗس</wf>
		<wf pos="VM">اِستعمال</wf>
		<wf pos="QC">آسہِ:ییٚمہِ</wf>
		<wf pos="NN">کارِ</wf>
		<wf pos="PSP">ہُنٛد</wf>
		<wf pos="JJ">سَجٲوٹی</wf>
		<wf pos="NN">ڈانٛچہِ</wf>
		<wf pos="VAUX">چُھ</wf>
		<wf pos="NN">کَمزور</wf>
		<wf pos="SYM">۔</wf>
</sentence>
<sentence s_id="77">
		<wf pos="NN">موج</wf>
		<wf pos="VAUX">چھے</wf>
		<wf pos="NN">مٔدریر</wf>
		<wf pos="NN">ڈَبہٕ</wf>
		<wf pos="NN" sense_id="3">یَلہٕ</wf>
		<wf pos="VM">کَران</wf>
		<wf pos="SYM">۔</wf>
</sentence>
<sentence s_id="78">
		<wf pos="DEM">یَتھ</wf>
		<wf pos="NN">عِمارتَس</wf>
		<wf pos="PSP">مَنٛز</wf>
		<wf pos="VAUX">چھِ</wf>
		<wf pos="RB">وٕنہِ</wf>
		<wf pos="RP">تہِ</wf>
		<wf pos="QC">ٲٹھ</wf>
		<wf pos="QC">داہ</wf>
		<wf pos="NN">فٕلیٹ</wf>
		<wf pos="NN" sense_id="3">یَلہٕ</wf>
		<wf pos="SYM">۔</wf>
</sentence>
<sentence s_id="79">
		<wf pos="NN">پٲداوارٕچ</wf>
		<wf pos="NN">صلاہِیَت</wf>
		<wf pos="RB">واپَس</wf>
		<wf pos="VM">اَنہٕ</wf>
		<wf pos="PSP">خٲطرٕ</wf>
		<wf pos="NN">زمیٖن</wf>
		<wf pos="NN" sense_id="3">یَلہٕ</wf>
		<wf pos="NN">تھاوٕنۍ:زَمیٖن</wf>
		<wf pos="NN" sense_id="3">یَلہٕ</wf>
		<wf pos="VM">تھاونہٕ</wf>
		<wf pos="PSP">خٲطرٕ</wf>
		<wf pos="VAUX">اوٚس</wf>
		<wf pos="NNPC">منٛگَل</wf>
		<wf pos="VM">مانراوُن</wf>
		<wf pos="INTF">واریاہ</wf>
		<wf pos="JJ">مُشکِل</wf>
		<wf pos="SYM">۔</wf>
</sentence>
<sentence s_id="80">
		<wf pos="NN">فوج</wf>
		<wf pos="VAUX">چُھ</wf>
		<wf pos="NN">سٔہلاب</wf>
		<wf pos="JJ">زَد</wf>
		<wf pos="NN">علاقہٕ</wf>
		<wf pos="NN" sense_id="3">یَلہٕ</wf>
		<wf pos="VM">کَران</wf>
		<wf pos="SYM">۔</wf>
</sentence>
<sentence s_id="81">
		<wf pos="PRP">تِم</wf>
		<wf pos="NN">جایہِ</wf>
		<wf pos="DEM">یِمَن</wf>
		<wf pos="PSP">پٮ۪ٹھ</wf>
		<wf pos="NEG">نہٕ</wf>
		<wf pos="PRP">کانٛہہ</wf>
		<wf pos="NN">کٲم</wf>
		<wf pos="VM">کَران</wf>
		<wf pos="VM">آسہِ:دِنہٕ</wf>
		<wf pos="NN">آمژَن</wf>
		<wf pos="NN" sense_id="3">یَلہٕ</wf>
		<wf pos="NN">جایَن</wf>
		<wf pos="PSP">خٲطرٕ</wf>
		<wf pos="VM">دِیِو</wf>
		<wf pos="NN">درخواست</wf>
		<wf pos="SYM">۔</wf>
</sentence>
<sentence s_id="82">
		<wf pos="NN">حفاظَت</wf>
		<wf pos="PSP">خٲطرٕ</wf>
		<wf pos="VAUX">آو</wf>
		<wf pos="NN">پوٗکوٗشِما</wf>
		<wf pos="NN">دایچی</wf>
		<wf pos="PSP">یَس</wf>
		<wf pos="RB">نزدیٖک</wf>
		<wf pos="JJ">سورُے</wf>
		<wf pos="NN">عَلاقہٕ</wf>
		<wf pos="NN" sense_id="3">یَلہٕ</wf>
		<wf pos="VM">کَرناونہٕ</wf>
		<wf pos="SYM">۔</wf>
</sentence>
<sentence s_id="83">
		<wf pos="NN">بدیہہ</wf>
		<wf pos="NN">لفظُک</wf>
		<wf pos="VM">معَنہ</wf>
		<wf pos="VAUX">چھُ</wf>
		<wf pos="RB">ہٕکہٕ</wf>
		<wf pos="VM">وَنُن،</wf>
		<wf pos="PRP">سونچنے</wf>
		<wf pos="VM">وَنُن</wf>
		<wf pos="NNP">،</wf>
		<wf pos="NN">بُتھِس</wf>
		<wf pos="PSP">پٮ۪ٹھ</wf>
		<wf pos="NNPC">ننہ</wf>
		<wf pos="NNPC">وانہ</wf>
		<wf pos="NNP">ٕ</wf>
		<wf pos="VM">وَنُناوے</wf>
		<wf pos="VAUX">چھِ</wf>
		<wf pos="VM">یوان</wf>
		<wf pos="NN">بدیہہ</wf>
		<wf pos="NN">گوئی</wf>
		<wf pos="RB">برمحل</wf>
		<wf pos="JJ">حٲضِر</wf>
		<wf pos="NN">جوٲبی</wf>
		<wf pos="VM">ماننہٕ</wf>
		<wf pos="PRP">کُنہ</wf>
		<wf pos="NN">کتھِ</wf>
		<wf pos="VM">،</wf>
		<wf pos="NN">وقتہٕ</wf>
		<wf pos="RB">برونٹھٕے</wf>
		<wf pos="NN">تیٲری</wf>
		<wf pos="VM">کرنہٕ</wf>
		<wf pos="NN">ر</wf>
		<wf pos="RB">وستُے</wf>
		<wf pos="NN">بُتھِس</wf>
		<wf pos="PSP">پٮ۪ٹھ</wf>
		<wf pos="NN">جواب</wf>
		<wf pos="VM">وَنہٕ</wf>
		<wf pos="NN">نَس</wf>
		<wf pos="VM">،</wf>
		<wf pos="CC">بامے</wf>
		<wf pos="NN">سۅ</wf>
		<wf pos="PSP">تُک</wf>
		<wf pos="NN">بٔندی</wf>
		<wf pos="VAUX">ٲسۍ</wf>
		<wf pos="NN">تن</wf>
		<wf pos="CC">یا</wf>
		<wf pos="NN">باضٲبطہٕ</wf>
		<wf pos="NN">شعر</wf>
		<wf pos="NN">گوئی</wf>
		<wf pos="VM">،</wf>
		<wf pos="VAUX">چھِ</wf>
		<wf pos="JJ">عام</wf>
		<wf pos="POW">پٲٹھۍ</wf>
		<wf pos="NN">بدیہہ</wf>
		<wf pos="NN">گویی</wf>
		<wf pos="VM">ونان</wf>
		<wf pos="DEM">اَمہ</wf>
		<wf pos="NN">قسمہٕ</wf>
		<wf pos="PSP">کٮ۪ن</wf>
		<wf pos="NN">شعرن</wf>
		<wf pos="NN">منزچھِ</wf>
		<wf pos="NN">ہزل</wf>
		<wf pos="PSP">،چاٹھ،</wf>
		<wf pos="NN">پام،</wf>
		<wf pos="VM">طنزو</wf>
		<wf pos="NN">مزاح</wf>
		<wf pos="VM">،</wf>
		<wf pos="NN">زیرکی</wf>
		<wf pos="VM">،</wf>
		<wf pos="RB">ٹھٹھٕ</wf>
		<wf pos="VM">،</wf>
		<wf pos="VM">وکٕروالٕنۍ</wf>
		<wf pos="NN">،نصیحتھ</wf>
		<wf pos="VM">،</wf>
		<wf pos="NN">تنبیہہ</wf>
		<wf pos="NN">،غصہٕ</wf>
		<wf pos="VM">،</wf>
		<wf pos="NN">ملالہٕ</wf>
		<wf pos="NN">،خوشی</wf>
		<wf pos="VM">،</wf>
		<wf pos="JJ">غم</wf>
		<wf pos="NN">بیترِ</wf>
		<wf pos="JJ">مختلف</wf>
		<wf pos="NN">جذبات</wf>
		<wf pos="CC">تہٕ</wf>
		<wf pos="NN">احساسات</wf>
		<wf pos="VM">یوان</wf>
		<wf pos="VM">باونہٕ</wf>
		<wf pos="CC">اَماپوز</wf>
		<wf pos="NN">جوٲبی</wf>
		<wf pos="JJ">شعرکہ</wf>
		<wf pos="NN">مزاجُک</wf>
		<wf pos="CC">تہٕ</wf>
		<wf pos="NN">موادُک</wf>
		<wf pos="NN">دارو</wf>
		<wf pos="NN">مدار</wf>
		<wf pos="VAUX">چھُ</wf>
		<wf pos="NN">شٲعرٕ</wf>
		<wf pos="PSP">سٕنزِ</wf>
		<wf pos="JJ">قادرالکلٲمی</wf>
		<wf pos="PRP">پٮ۪ٹھتسٕندِس</wf>
		<wf pos="NN">حٲضِر</wf>
		<wf pos="NN">دماغ</wf>
		<wf pos="VM">آسنس</wf>
		<wf pos="PSP">پٮ۪ٹھ</wf>
		<wf pos="CC">تہٕ</wf>
		<wf pos="NN">موقہٕ</wf>
		<wf pos="PSP">کٮ۪ن</wf>
		<wf pos="NN">حالاتن</wf>
		<wf pos="PSP">پٮ۪ٹھ</wf>
		<wf pos="NN">بدیہہ</wf>
		<wf pos="NN">گویی</wf>
		<wf pos="PSP">ہُند</wf>
		<wf pos="JJ">وصف</wf>
		<wf pos="NEG">چھُنہٕ</wf>
		<wf pos="PRP">سارِنٕے</wf>
		<wf pos="NN">سخنورن</wf>
		<wf pos="PSP">منز</wf>
		<wf pos="PSP">موجود</wf>
		<wf pos="VM">آسان</wf>
		<wf pos="NN">کینژَن</wf>
		<wf pos="VAUX">چھُ</wf>
		<wf pos="NNPC">اللہ</wf>
		<wf pos="NNP">تعالیٰ</wf>
		<wf pos="PSP">ہن</wf>
		<wf pos="DEM">یہ</wf>
		<wf pos="JJ">وصف</wf>
		<wf pos="CC">تہ</wf>
		<wf pos="VM">عطا</wf>
		<wf pos="VM">کورمُت</wf>
		<wf pos="CC">زِ</wf>
		<wf pos="PRP">تِم</wf>
		<wf pos="VAUX">چھِ</wf>
		<wf pos="DEM">اَتھ</wf>
		<wf pos="NN">منظوٗم</wf>
		<wf pos="JJ">حٲضِر</wf>
		<wf pos="NN">جوٲبی</wf>
		<wf pos="PSP">منز</wf>
		<wf pos="RB">تِتھٕ</wf>
		<wf pos="POW">پٲٹھۍ</wf>
		<wf pos="NN">تٲریخ</wf>
		<wf pos="VM">گٔنڈِتھ</wf>
		<wf pos="VAUX">ہٮ۪کان</wf>
		<wf pos="CC">زِ</wf>
		<wf pos="NN">بوزن</wf>
		<wf pos="PSP">وول</wf>
		<wf pos="VAUX">چھُ</wf>
		<wf pos="JJ">حٲران</wf>
		<wf pos="VM">گژھان</wf>
		<wf pos="NN">دُنۍیہچن</wf>
		<wf pos="VM">کٔہۍ</wf>
		<wf pos="CC">یا</wf>
		<wf pos="NN">زبانن</wf>
		<wf pos="PSP">اندر</wf>
		<wf pos="VAUX">چھِ</wf>
		<wf pos="JJ">فی</wf>
		<wf pos="NN">البدیہہ</wf>
		<wf pos="NN">تٲریخ</wf>
		<wf pos="NN">گنڈنچہ</wf>
		<wf pos="CC">تہٕ</wf>
		<wf pos="NN">حٲضر</wf>
		<wf pos="NN">جوٲبی</wf>
		<wf pos="PSP">ہٕنزِ</wf>
		<wf pos="JJ">منظوم</wf>
		<wf pos="NN">مثالہٕ</wf>
		<wf pos="VM">میلان</wf>
		<wf pos="NNP">کٲشِر</wf>
		<wf pos="NN">زبان</wf>
		<wf pos="CC">تہ</wf>
		<wf pos="NEG">چھَنہٕ</wf>
		<wf pos="VAUX">یِژھو</wf>
		<wf pos="NN">مثالو</wf>
		<wf pos="PSP">نِش</wf>
		<wf pos="NN" sense_id="3">یَلہٕ</wf>
		<wf pos="CC">اماپوز</wf>
		<wf pos="NNC">بد</wf>
		<wf pos="NN">قسمتی</wf>
		<wf pos="VM">کِنۍ</wf>
		<wf pos="VM">چھِنہٕ</wf>
		<wf pos="NNC">اَسہ</wf>
		<wf pos="NN">بدیہہ</wf>
		<wf pos="NN">گویی</wf>
		<wf pos="PSP">ہٕندۍ</wf>
		<wf pos="VM">نمونہٕ</wf>
		<wf pos="VM">رٔژھرِتھ</wf>
		<wf pos="NN">تھٔوۍ</wf>
		<wf pos="POW">مٕتۍ</wf>
		<wf pos="NEG">نَہ</wf>
		<wf pos="VAUX">چھُ</wf>
		<wf pos="RB">از</wf>
		<wf pos="CC">تہ</wf>
		<wf pos="NN">کٲنسہ</wf>
		<wf pos="VM">اورکُن</wf>
		<wf pos="NN">ظۅن</wf>
		<wf pos="VM">گژھان</wf>
		<wf pos="CC">زِ</wf>
		<wf pos="NNP">ہمعصرن</wf>
		<wf pos="NN">ہٕندۍمنظوٗم</wf>
		<wf pos="JJ">حٲضِر</wf>
		<wf pos="NN">جوٲبی</wf>
		<wf pos="PSP">ہٕندۍ</wf>
		<wf pos="VM">نمونہٕ</wf>
		<wf pos="NN">کرٕ</wf>
		<wf pos="RDP">ہو</wf>
		<wf pos="NN">جمع</wf>
		<wf pos="INTF">یِژھٕ</wf>
		<wf pos="NN">مثالہٕ</wf>
		<wf pos="VM">پَرنہٕ</wf>
		<wf pos="CC">تہٕ</wf>
		<wf pos="VM">بوزنہٕ</wf>
		<wf pos="RB">سٍتۍ</wf>
		<wf pos="VAUX">چھے</wf>
		<wf pos="NN">دِل</wf>
		<wf pos="NN">بَہلٲیی</wf>
		<wf pos="VM">سپدان</wf>
		<wf pos="NN">بدیہہ</wf>
		<wf pos="VAUX">گو</wf>
		<wf pos="PSP">سٕنز</wf>
		<wf pos="NN">ہۅنر</wf>
		<wf pos="VM">وُچھِتھ</wf>
		<wf pos="VAUX">چھے</wf>
		<wf pos="NN">حٲرٲنی</wf>
		<wf pos="VM">سپدان</wf>
		<wf pos="NN">شٲعرن</wf>
		<wf pos="PSP">ہٕنزِ</wf>
		<wf pos="NN">منظوٗم</wf>
		<wf pos="JJ">حٲضِر</wf>
		<wf pos="NN">جوٲبی</wf>
		<wf pos="PSP">ہُند</wf>
		<wf pos="NN">قوّت</wf>
		<wf pos="VAUX">چُھ</wf>
		<wf pos="NN">معلوم</wf>
		<wf pos="VM">سپدان</wf>
		<wf pos="JJ">گُزریمتٮ۪ن</wf>
		<wf pos="NN">شٲعرن</wf>
		<wf pos="NN">بُتھِ</wf>
		<wf pos="VM">پیمٕتۍ</wf>
		<wf pos="PRP">کینہہ</wf>
		<wf pos="NN">واقعات</wf>
		<wf pos="VAUX">چھِ</wf>
		<wf pos="NN">أچھن</wf>
		<wf pos="PSP">تل</wf>
		<wf pos="VM">یوان</wf>
		<wf pos="CC">تہٕ</wf>
		<wf pos="DEM">یِمن</wf>
		<wf pos="PSP">منز</wf>
		<wf pos="PSP">موجود</wf>
		<wf pos="NN">طنز</wf>
		<wf pos="CC">و</wf>
		<wf pos="NN">مزاح</wf>
		<wf pos="VAUX">چھُ</wf>
		<wf pos="VM">اَسناوان</wf>
		<wf pos="CC">تہٕ</wf>
		<wf pos="VM">وِسناوان</wf>
		<wf pos="CC">تہ</wf>
		<wf pos="CC">تہٕ</wf>
		<wf pos="RB">بعضے</wf>
		<wf pos="VM">سوچناوان</wf>
		<wf pos="CC">تہ</wf>
		<wf pos="NNP">کٲشر</wf>
		<wf pos="CC">ز</wf>
		<wf pos="NNP">بٲنۍ</wf>
		<wf pos="PSP">ہٕندۍ</wf>
		<wf pos="NN">بدیہہ</wf>
		<wf pos="NN">گویی</wf>
		<wf pos="PSP">ہٕندۍ</wf>
		<wf pos="VM">اکثرنمونہٕ</wf>
		<wf pos="VAUX">چھِ</wf>
		<wf pos="NN">تحریرس</wf>
		<wf pos="PSP">منز</wf>
		<wf pos="NEG">نہ</wf>
		<wf pos="RB">یِنہٕ</wf>
		<wf pos="NN">سبہٕ</wf>
		<wf pos="NN">ضایہ</wf>
		<wf pos="VM">گٲمٕتۍ</wf>
		<wf pos="CC">اَوٕ</wf>
		<wf pos="NN">مۅکھٕ</wf>
		<wf pos="DEM">یہ</wf>
		<wf pos="PRP">کینژھا</wf>
		<wf pos="NN">سینہٕ</wf>
		<wf pos="PRP">بہ</wf>
		<wf pos="NN">سینہٕ</wf>
		<wf pos="RB">برونٹھ</wf>
		<wf pos="VM">کُن</wf>
		<wf pos="NN">پوکتَتھ</wf>
		<wf pos="PSP">منز</wf>
		<wf pos="VAUX">گٔیہ</wf>
		<wf pos="JJ">مالایٲنی</wf>
		<wf pos="CC">تہٕ</wf>
		<wf pos="JJ">بد</wf>
		<wf pos="NN">اخلٲقی</wf>
		<wf pos="VM">شٲمل</wf>
		<wf pos="VM">سپدان</wf>
		<wf pos="SYM">،</wf>
		<wf pos="RB">ناشٲیِستہٕ</wf>
		<wf pos="NN">واقہٕ</wf>
		<wf pos="NN">رَل</wf>
		<wf pos="VM">سپدان</wf>
		<wf pos="CC">نتہٕ</wf>
		<wf pos="VAUX">چھا</wf>
		<wf pos="JJ">ممکن</wf>
		<wf pos="CC">زِ</wf>
		<wf pos="NNPC">محمود</wf>
		<wf pos="NNP">گٲمی</wf>
		<wf pos="JJ">ہوِس</wf>
		<wf pos="NN">بسیار</wf>
		<wf pos="VAUX">گو</wf>
		<wf pos="VM">،</wf>
		<wf pos="VM">زود</wf>
		<wf pos="VAUX">گو</wf>
		<wf pos="CC">تہٕ</wf>
		<wf pos="JJ">پُر</wf>
		<wf pos="VAUX">گو</wf>
		<wf pos="VM">،</wf>
		<wf pos="NN">مثنوی</wf>
		<wf pos="NN">نگار</wf>
		<wf pos="CC">تہٕ</wf>
		<wf pos="NNP">نعت</wf>
		<wf pos="NN">نِگارس</wf>
		<wf pos="NNPC">سخنور</wf>
		<wf pos="SYM">س</wf>
		<wf pos="CC">تہٕ</wf>
		<wf pos="NNPC">رسول</wf>
		<wf pos="NNP">میر</wf>
		<wf pos="NN">ہوِس</wf>
		<wf pos="JJ">قادرالکلام</wf>
		<wf pos="NN">شٲعرس</wf>
		<wf pos="PSP">نِش</wf>
		<wf pos="WQ">کیا</wf>
		<wf pos="NN">میلن</wf>
		<wf pos="NEG">نہٕ</wf>
		<wf pos="NN">اَسہ</wf>
		<wf pos="PSP">تہنزٕ</wf>
		<wf pos="JJ:?">شٲیستہٕ</wf>
		<wf pos="CC">یا</wf>
		<wf pos="JJ">مزاحیہ</wf>
		<wf pos="NN">بدیہہ</wf>
		<wf pos="NN">گویی</wf>
		<wf pos="NN">ہٕنزمِثالہٕ</wf>
		<wf pos="INJ">!</wf>
		<wf pos="CC">البتہٕ</wf>
		<wf pos="VAUX">چھِ</wf>
		<wf pos="NN">لوٗکو</wf>
		<wf pos="DEM">یِمن</wf>
		<wf pos="RB">سٍتۍ</wf>
		<wf pos="VM">کٔہۍ</wf>
		<wf pos="NN">یاہ</wf>
		<wf pos="NN">وٲہیات</wf>
		<wf pos="NN">منسوٗب</wf>
		<wf pos="VM">کٔرۍمٕتۍ</wf>
		<wf pos="DEM">یِم</wf>
		<wf pos="NN">اخلاق</wf>
		<wf pos="CC">تہٕ</wf>
		<wf pos="NN">شٲیستگی</wf>
		<wf pos="PSP">ہٕندٮ۪و</wf>
		<wf pos="NN">حدو</wf>
		<wf pos="RB">نٮ۪بر</wf>
		<wf pos="VAUX">چھِ</wf>
		<wf pos="SYM">۔</wf>
</sentence>
<sentence s_id="84">
		<wf pos="PRP">تٔمِس</wf>
		<wf pos="RB">پتہٕ</wf>
		<wf pos="VM">ہاوِ</wf>
		<wf pos="PRP">کانہہ</wf>
		<wf pos="NN">نورُک</wf>
		<wf pos="JJ">خیٲلی</wf>
		<wf pos="PRP">تمس</wf>
		<wf pos="VM">کِژ</wf>
		<wf pos="NN">جاے</wf>
		<wf pos="NNP">اونگجن</wf>
		<wf pos="NN">ہٕنزچھِ</wf>
		<wf pos="NN" sense_id="3">یَلہٕ</wf>
		<wf pos="SYM">۔</wf>
</sentence>
<sentence s_id="85">
		<wf pos="RB">کالہٕ</wf>
		<wf pos="VAUX">اوس</wf>
		<wf pos="NN">لالَس</wf>
		<wf pos="NN">فِکرِ</wf>
		<wf pos="PSP">توٚرمُتزِ</wf>
		<wf pos="RB">پگاہ</wf>
		<wf pos="PSP">کیُتھ</wf>
		<wf pos="JJ">رُت</wf>
		<wf pos="NN">دۄہ</wf>
		<wf pos="VAUX">چُھ</wf>
		<wf pos="PRP">سُہ</wf>
		<wf pos="VM">لوٚگ</wf>
		<wf pos="VM">پکان</wf>
		<wf pos="VM">پکان</wf>
		<wf pos="VM">سونٛچنہِ</wf>
		<wf pos="CC">زِ</wf>
		<wf pos="QO">دوٚیمہِ</wf>
		<wf pos="NN">دۄہہٕ</wf>
		<wf pos="VAUX">گَژِھ</wf>
		<wf pos="NNP">ہندوستان</wf>
		<wf pos="RB">پوٗرٕ</wf>
		<wf pos="POW">پٲٹھۍ</wf>
		<wf pos="JJ" sense_id="4">یَلہٕ</wf>
		<wf pos="SYM">۔</wf>
</sentence>
<sentence s_id="86">
		<wf pos="NNP">کٲشرِ</wf>
		<wf pos="NN">زبٲنۍ</wf>
		<wf pos="PSP">ہُنٛد</wf>
		<wf pos="DEM">یُہے</wf>
		<wf pos="NN">وۄتھٕبو</wf>
		<wf pos="VAUX">چُھ</wf>
		<wf pos="RB">ازکل</wf>
		<wf pos="NNP">کٲشرِس</wf>
		<wf pos="NNP">نِسٲے</wf>
		<wf pos="NN">حلقس</wf>
		<wf pos="PSP">منٛز</wf>
		<wf pos="CC">زنتہٕ</wf>
		<wf pos="NN">سونتہٕ</wf>
		<wf pos="NN">جہارس</wf>
		<wf pos="NN">خۄشاوَے</wf>
		<wf pos="VM">دپان</wf>
		<wf pos="QC">اکہِ</wf>
		<wf pos="QC">اکہِ</wf>
		<wf pos="PSP">طرفہٕ</wf>
		<wf pos="NN">مثالے</wf>
		<wf pos="NN">نسیم</wf>
		<wf pos="JJ">شفایی</wf>
		<wf pos="VM">بٔنِتھ</wf>
		<wf pos="JJ">سرتازٕ</wf>
		<wf pos="NN">بولہوش</wf>
		<wf pos="VM">کران</wf>
		<wf pos="CC">تہٕ</wf>
		<wf pos="PRP">بییہِ</wf>
		<wf pos="PSP">طرفہٕ</wf>
		<wf pos="NNPC">سُنیتا</wf>
		<wf pos="NNP">پنڑِت،</wf>
		<wf pos="NNPC">رخسانہ</wf>
		<wf pos="NNP">جبیٖن،</wf>
		<wf pos="NNPC">محفوظہ</wf>
		<wf pos="NNP">جان</wf>
		<wf pos="NN">وغٲرٕ</wf>
		<wf pos="VM">بٔنِتھ</wf>
		<wf pos="QC">أکس</wf>
		<wf pos="JJ">خۄشوٕنِس</wf>
		<wf pos="NN">حٲرتس</wf>
		<wf pos="NN">جاے</wf>
		<wf pos="VM">شیران</wf>
		<wf pos="CC">تہٕ</wf>
		<wf pos="PRP">تِہُنٛد</wf>
		<wf pos="NN">حال</wf>
		<wf pos="VM">وُچھ</wf>
		<wf pos="RDP">وُچھِ</wf>
		<wf pos="RB">وۄنۍ</wf>
		<wf pos="NNPC">نزیر</wf>
		<wf pos="JJ" sense_id="4">یَلہٕ</wf>
		<wf pos="CC">تہٕ</wf>
		<wf pos="JJ">ہۄنرمند</wf>
		<wf pos="NNP">اُردو</wf>
		<wf pos="NN">شٲعر</wf>
		<wf pos="RP">تہِ</wf>
		<wf pos="NNP">کٲشُر</wf>
		<wf pos="VM">گۭنگراوُن</wf>
		<wf pos="VM">ہٮ۪وان</wf>
		<wf pos="SYM">۔</wf>
</sentence>
<sentence s_id="87">
		<wf pos="NNP">کانگریس</wf>
		<wf pos="JJ">ہایی</wf>
		<wf pos="NN">کمان</wf>
		<wf pos="VAUX">ہیٚکہِ</wf>
		<wf pos="NNPC">نیشنل</wf>
		<wf pos="NNP">کانفرنس</wf>
		<wf pos="NN">ترجیح</wf>
		<wf pos="VM">دِتھ</wf>
		<wf pos="CC">تہٕ</wf>
		<wf pos="RB">سٲبق</wf>
		<wf pos="NNP">وزیراعلیٰ</wf>
		<wf pos="NNPC">غلام</wf>
		<wf pos="NNPC">نبی</wf>
		<wf pos="JJ" sense_id="4">یَلہٕ</wf>
		<wf pos="VM">کرن</wf>
		<wf pos="DEM">اَتھ</wf>
		<wf pos="JJ">خاص</wf>
		<wf pos="POW">پاٹھۍ</wf>
		<wf pos="CC">حالانکہ</wf>
		<wf pos="NNPC">مفتی</wf>
		<wf pos="NNPC">محمد</wf>
		<wf pos="NNP">سعید</wf>
		<wf pos="PSP">سُنٛد</wf>
		<wf pos="NNP">وزیراعظم</wf>
		<wf pos="NNPC">ڈاکٹر</wf>
		<wf pos="NNPC">منموہن</wf>
		<wf pos="NNP">سنگھ</wf>
		<wf pos="CC">تہٕ</wf>
		<wf pos="NNP">کانگریس</wf>
		<wf pos="NN">صدد</wf>
		<wf pos="NNPC">سونیا</wf>
		<wf pos="NNP">گاندھی</wf>
		<wf pos="PSP">سۭتۍ</wf>
		<wf pos="RB">قریبی</wf>
		<wf pos="NN">تعلق</wf>
		<wf pos="VAUX">چُھ</wf>
		<wf pos="QC">اکھ</wf>
		<wf pos="NN">فیکٹر</wf>
		<wf pos="CC">تہٕ</wf>
		<wf pos="RB">یِتہ</wf>
		<wf pos="VAUX">ہیٚکہِ</wf>
		<wf pos="NN">پارٹی</wf>
		<wf pos="PSP">طرفہٕ</wf>
		<wf pos="NN">فٲصلہٕ</wf>
		<wf pos="PRP">تِس</wf>
		<wf pos="PSP">پٮ۪ٹھ</wf>
		<wf pos="JJ">اثرانداز</wf>
		<wf pos="VAUX">سپدِتھ</wf>
		<wf pos="SYM">۔</wf>
</sentence>
<sentence s_id="88">
		<wf pos="NNPC">عبدُلاحد</wf>
		<wf pos="JJ" sense_id="4">یَلہٕ</wf>
		<wf pos="VAUX">چُھ</wf>
		<wf pos="QO">گۄڈنیُک</wf>
		<wf pos="NNP">کٲشُر</wf>
		<wf pos="DEM">ییٚمۍ</wf>
		<wf pos="NNP">کٲشٕر</wf>
		<wf pos="NN">زبٲنۍ</wf>
		<wf pos="CC">تہٕ</wf>
		<wf pos="NN">ادبس</wf>
		<wf pos="PSP">متعلق</wf>
		<wf pos="NNP">‘‘کشمیری</wf>
		<wf pos="NN">زبان</wf>
		<wf pos="RB">اور</wf>
		<wf pos="NN">شاعری’’</wf>
		<wf pos="NN">ناوُک</wf>
		<wf pos="QC">اکھ</wf>
		<wf pos="JJ">مدلل</wf>
		<wf pos="NN">تواریخ</wf>
		<wf pos="VM">لیوٗکھ</wf>
		<wf pos="DEM">یُس</wf>
		<wf pos="PRP">سانہِ</wf>
		<wf pos="VM">موٗجوٗد</wf>
		<wf pos="CC">تہٕ</wf>
		<wf pos="RB">یِنہٕوٲلِہ</wf>
		<wf pos="JJ">تحقیٖقی</wf>
		<wf pos="NN">کامہِ</wf>
		<wf pos="PSP">ہٕنٛز</wf>
		<wf pos="NN">بُنیاد</wf>
		<wf pos="VAUX">چُھ</wf>
		<wf pos="SYM">۔</wf>
</sentence>
<sentence s_id="89">
		<wf pos="NNP">اخترٕنۍ</wf>
		<wf pos="NN">افسانہٕ</wf>
		<wf pos="NNPC">“ژے</wf>
		<wf pos="NNPC">چُھکھ</wf>
		<wf pos="NNPC">ژٕے</wf>
		<wf pos="NNP">چُھکھ’’</wf>
		<wf pos="NNP">“ارتقا’’</wf>
		<wf pos="NNPC">“مٔتۍ</wf>
		<wf pos="NNP">کتھ’’</wf>
		<wf pos="CC">یا</wf>
		<wf pos="NNPC">ہردے</wf>
		<wf pos="NNPC">کول</wf>
		<wf pos="NNP">بھارتی</wf>
		<wf pos="PSP">سٕندسۍ</wf>
		<wf pos="NN">افسانہٕ،</wf>
		<wf pos="NNP">ہمزاد،</wf>
		<wf pos="NNP">شرز</wf>
		<wf pos="NNPC">ٲخری</wf>
		<wf pos="NNP">سبق،</wf>
		<wf pos="NNPC">“مے</wf>
		<wf pos="NNPC">پنیڑ</wf>
		<wf pos="NNPC">واریہِ</wf>
		<wf pos="NNPC">ہُند</wf>
		<wf pos="NNP">انتظار’’</wf>
		<wf pos="NN">بیتر</wf>
		<wf pos="NN">افسانہٕ</wf>
		<wf pos="VM">آیہِ</wf>
		<wf pos="PRP">اَمۍ</wf>
		<wf pos="NN">اندازٕ</wf>
		<wf pos="VM">لیکھنہٕ</wf>
		<wf pos="PRP">یِمو</wf>
		<wf pos="JJ">علامتی،</wf>
		<wf pos="JJ">تجریٖدی</wf>
		<wf pos="CC">یا</wf>
		<wf pos="JJ">استعارٲتی</wf>
		<wf pos="NN">اسلوٗب</wf>
		<wf pos="NN">دیوٚد</wf>
		<wf pos="VM">کوٚر</wf>
		<wf pos="CC">تہٕ</wf>
		<wf pos="NNP">کٲشُر</wf>
		<wf pos="NN">افسانہٕ</wf>
		<wf pos="VM">کوٚرُکھ</wf>
		<wf pos="JJ">روٲیتی</wf>
		<wf pos="NN">دلیلہِ</wf>
		<wf pos="PSP">ہُندِ</wf>
		<wf pos="NN">غلبہٕ</wf>
		<wf pos="PSP">تلہٕ</wf>
		<wf pos="JJ" sense_id="4">یَلہٕ</wf>
		<wf pos="SYM">۔</wf>
</sentence>
<sentence s_id="90">
		<wf pos="NNP">کٲشرِ</wf>
		<wf pos="NN">زبٲنۍ</wf>
		<wf pos="PSP">ہُنٛد</wf>
		<wf pos="DEM">یُہے</wf>
		<wf pos="NN">وۄتھٕبو</wf>
		<wf pos="VAUX">چُھ</wf>
		<wf pos="RB">ازکل</wf>
		<wf pos="NNP">کٲشرِس</wf>
		<wf pos="NNP">نِسٲے</wf>
		<wf pos="NN">حلقس</wf>
		<wf pos="PSP">منٛز</wf>
		<wf pos="CC">زنتہٕ</wf>
		<wf pos="NN">سونتہٕ</wf>
		<wf pos="NN">جہارس</wf>
		<wf pos="NN">خۄشاوَے</wf>
		<wf pos="VM">دپان</wf>
		<wf pos="QC">اکہِ</wf>
		<wf pos="QC">اکہِ</wf>
		<wf pos="PSP">طرفہٕ</wf>
		<wf pos="NN">مثالے</wf>
		<wf pos="NN">نسیم</wf>
		<wf pos="JJ">شفایی</wf>
		<wf pos="VM">بٔنِتھ</wf>
		<wf pos="JJ">سرتازٕ</wf>
		<wf pos="NN">بولہوش</wf>
		<wf pos="VM">کران</wf>
		<wf pos="CC">تہٕ</wf>
		<wf pos="PRP">بییہِ</wf>
		<wf pos="PSP">طرفہٕ</wf>
		<wf pos="NNPC">سُنیتا</wf>
		<wf pos="NNP">پنڑِت،</wf>
		<wf pos="NNPC">رخسانہ</wf>
		<wf pos="NNP">جبیٖن،</wf>
		<wf pos="NNPC">محفوظہ</wf>
		<wf pos="NNP">جان</wf>
		<wf pos="NN">وغٲرٕ</wf>
		<wf pos="VM">بٔنِتھ</wf>
		<wf pos="QC">أکس</wf>
		<wf pos="JJ">خۄشوٕنِس</wf>
		<wf pos="NN">حٲرتس</wf>
		<wf pos="NN">جاے</wf>
		<wf pos="VM">شیران</wf>
		<wf pos="CC">تہٕ</wf>
		<wf pos="PRP">تِہُنٛد</wf>
		<wf pos="NN">حال</wf>
		<wf pos="VM">وُچھ</wf>
		<wf pos="RDP">وُچھِ</wf>
		<wf pos="RB">وۄنۍ</wf>
		<wf pos="NNPC">نزیر</wf>
		<wf pos="JJ" sense_id="4">یَلہٕ</wf>
		<wf pos="CC">تہٕ</wf>
		<wf pos="JJ">ہۄنرمند</wf>
		<wf pos="NNP">اُردو</wf>
		<wf pos="NN">شٲعر</wf>
		<wf pos="RP">تہِ</wf>
		<wf pos="NNP">کٲشُر</wf>
		<wf pos="VM">گۭنگراوُن</wf>
		<wf pos="VM">ہٮ۪وان</wf>
		<wf pos="SYM">۔</wf>
</sentence>
<sentence s_id="91">
		<wf pos="NNP">بزاز</wf>
		<wf pos="PSP">نہِ</wf>
		<wf pos="DEM">امہِ</wf>
		<wf pos="NN">اندیشہِ</wf>
		<wf pos="PSP">باوجوٗد</wf>
		<wf pos="VAUX">ہیکہِ</wf>
		<wf pos="NEG">نہٕ</wf>
		<wf pos="DEM">یَتھ</wf>
		<wf pos="NN">کتھِ</wf>
		<wf pos="PRP">کانہہ</wf>
		<wf pos="NN">اِنکار</wf>
		<wf pos="VM">کٔرِتھ</wf>
		<wf pos="CC">زِ</wf>
		<wf pos="POW">حقوٗق</wf>
		<wf pos="NN">ختم</wf>
		<wf pos="VM">کرنہٕ</wf>
		<wf pos="CC">یا</wf>
		<wf pos="JJ">کم</wf>
		<wf pos="VM">کرنس</wf>
		<wf pos="PSP">سۭتۍ</wf>
		<wf pos="PSP">سۭتۍ</wf>
		<wf pos="VAUX">سپٕز</wf>
		<wf pos="NNP">کٲشرِ</wf>
		<wf pos="NN">زنانہِ</wf>
		<wf pos="NN">وَق</wf>
		<wf pos="VM">زرنس</wf>
		<wf pos="PSP">سۭتۍ</wf>
		<wf pos="NNP">“سٔتی“</wf>
		<wf pos="CC">تہٕ</wf>
		<wf pos="NNP">“دیودٲسی“</wf>
		<wf pos="PSP">ہندِ</wf>
		<wf pos="JJ">وُچٲپی</wf>
		<wf pos="NN">رسمہٕ</wf>
		<wf pos="PSP">نِشہِ</wf>
		<wf pos="RP">تہِ</wf>
		<wf pos="JJ" sense_id="4">یَلہٕ</wf>
		<wf pos="SYM">۔</wf>
</sentence>
<sentence s_id="92">
		<wf pos="NNP">کٲشر</wf>
		<wf pos="NN">زبٲنۍ</wf>
		<wf pos="PSP">ہُنٛد</wf>
		<wf pos="DEM">یُہے</wf>
		<wf pos="NN">وۄتھٕبو</wf>
		<wf pos="VAUX">چُھ</wf>
		<wf pos="RB">ازکل</wf>
		<wf pos="NNP">کٲشرِس</wf>
		<wf pos="NNP">نِسٲے</wf>
		<wf pos="NN">حلقس</wf>
		<wf pos="PSP">منٛز</wf>
		<wf pos="CC">زنتہٕ</wf>
		<wf pos="NN">سونتہٕ</wf>
		<wf pos="NN">جہارس</wf>
		<wf pos="NN">خۄشاوَے</wf>
		<wf pos="VM">دپان</wf>
		<wf pos="QC">اکہِ</wf>
		<wf pos="QC">اکہِ</wf>
		<wf pos="PSP">طرفہٕ</wf>
		<wf pos="NN">مثالے</wf>
		<wf pos="NN">نسیم</wf>
		<wf pos="JJ">شفایی</wf>
		<wf pos="VM">بٔنِتھ</wf>
		<wf pos="JJ">سرتازٕ</wf>
		<wf pos="NN">بولہوش</wf>
		<wf pos="VM">کران</wf>
		<wf pos="CC">تہٕ</wf>
		<wf pos="PRP">بییہِ</wf>
		<wf pos="PSP">طرفہٕ</wf>
		<wf pos="NNPC">سُنیتا</wf>
		<wf pos="NNP">پنڑِت،</wf>
		<wf pos="NNPC">رخسانہ</wf>
		<wf pos="NNP">جبیٖن،</wf>
		<wf pos="NNPC">محفوظہ</wf>
		<wf pos="NNP">جان</wf>
		<wf pos="NN">وغٲرٕ</wf>
		<wf pos="VM">بٔنِتھ</wf>
		<wf pos="QC">أکس</wf>
		<wf pos="JJ">خۄشوٕنِس</wf>
		<wf pos="NN">حٲرتس</wf>
		<wf pos="NN">جاے</wf>
		<wf pos="VM">شیران</wf>
		<wf pos="CC">تہٕ</wf>
		<wf pos="PRP">تِہُنٛد</wf>
		<wf pos="NN">حال</wf>
		<wf pos="VM">وُچھ</wf>
		<wf pos="RDP">وُچھِ</wf>
		<wf pos="RB">وۄنۍ</wf>
		<wf pos="NNPC">نزیر</wf>
		<wf pos="JJ" sense_id="4">یَلہٕ</wf>
		<wf pos="CC">تہٕ</wf>
		<wf pos="JJ">ہۄنرمند</wf>
		<wf pos="NNP">اُردو</wf>
		<wf pos="NN">شٲعر</wf>
		<wf pos="RP">تہِ</wf>
		<wf pos="NNP">کٲشُر</wf>
		<wf pos="VM">گۭنگراوُن</wf>
		<wf pos="VM">ہٮ۪وان</wf>
		<wf pos="SYM">۔</wf>
</sentence>
<sentence s_id="93">
		<wf pos="NNPC">عبدُلاحد</wf>
		<wf pos="JJ" sense_id="4">یَلہٕ</wf>
		<wf pos="VAUX">چُھ</wf>
		<wf pos="QO">گۄڈنیُک</wf>
		<wf pos="NNP">کٲشُر</wf>
		<wf pos="DEM">ییٚمۍ</wf>
		<wf pos="NNP">کٲشٕر</wf>
		<wf pos="NN">زبٲنۍ</wf>
		<wf pos="CC">تہٕ</wf>
		<wf pos="NN">ادبس</wf>
		<wf pos="PSP">متعلق</wf>
		<wf pos="NNP">‘‘کشمیری</wf>
		<wf pos="NN">زبان</wf>
		<wf pos="RB">اور</wf>
		<wf pos="NN">شاعری’’</wf>
		<wf pos="NN">ناوُک</wf>
		<wf pos="QC">اکھ</wf>
		<wf pos="JJ">اہم</wf>
		<wf pos="NN">تواریخ</wf>
		<wf pos="VM">لیوٗکھ</wf>
		<wf pos="DEM">یُس</wf>
		<wf pos="PRP">سانہِ</wf>
		<wf pos="VM">موٗجوٗد</wf>
		<wf pos="CC">تہٕ</wf>
		<wf pos="RB">یِنہٕوٲلِہ</wf>
		<wf pos="JJ">تحقیٖقی</wf>
		<wf pos="NN">کامہِ</wf>
		<wf pos="PSP">ہٕنٛز</wf>
		<wf pos="NN">بُنیاد</wf>
		<wf pos="VAUX">چُھ</wf>
		<wf pos="SYM">۔</wf>
</sentence>
<sentence s_id="94">
		<wf pos="CC">حالانکہ</wf>
		<wf pos="DEM">اَتھ</wf>
		<wf pos="NN">پَزرس</wf>
		<wf pos="PSP">سۭتۍ</wf>
		<wf pos="PSP">سۭتۍ</wf>
		<wf pos="VAUX">چھٚے</wf>
		<wf pos="DEM">یہِ</wf>
		<wf pos="NN">کتھ</wf>
		<wf pos="RP">تہِ</wf>
		<wf pos="JJ">صحیح</wf>
		<wf pos="CC">زِ</wf>
		<wf pos="JJ" sense_id="4">یَلہٕ</wf>
		<wf pos="PSP">نِس</wf>
		<wf pos="DEM">اَتھ</wf>
		<wf pos="JJ">ادبی</wf>
		<wf pos="NN">تواریخس</wf>
		<wf pos="VAUX">چھٚے</wf>
		<wf pos="JJ">تحقیٖقی</wf>
		<wf pos="NN">اعتبارٕ</wf>
		<wf pos="PRP">کینٛہہ</wf>
		<wf pos="JJ">خٲمیہ</wf>
		<wf pos="RP">تہِ</wf>
		<wf pos="CC">تہٕ</wf>
		<wf pos="PRP">کینٛژن</wf>
		<wf pos="JJ">اہم</wf>
		<wf pos="JJ">تحقیٖقی</wf>
		<wf pos="NN">گوشن</wf>
		<wf pos="PSP">کن</wf>
		<wf pos="NEG">چُھنہٕ</wf>
		<wf pos="PRP">امِس</wf>
		<wf pos="NN">احساس</wf>
		<wf pos="NN">مُحققس</wf>
		<wf pos="CC">یاتہٕ</wf>
		<wf pos="NN">ظۄن</wf>
		<wf pos="VM">گوٚمُت</wf>
		<wf pos="CC">یا</wf>
		<wf pos="CC">تہٕ</wf>
		<wf pos="NN">واتنیار</wf>
		<wf pos="VAUX">اوسمُت</wf>
		<wf pos="SYM">۔</wf>
</sentence>
<sentence s_id="95">
		<wf pos="NNP">شٔہیٖدو</wf>
		<wf pos="VM">دُیت</wf>
		<wf pos="PRP">پَنُن</wf>
		<wf pos="NN">زوٗ</wf>
		<wf pos="NNP">ہِنٛدُستان</wf>
		<wf pos="JJ" sense_id="4">یَلہٕ</wf>
		<wf pos="VM">کَرنہٕ</wf>
		<wf pos="PSP">خٲطرٕ</wf>
		<wf pos="SYM">۔</wf>
</sentence>
<sentence s_id="96">
		<wf pos="NN">مُلُک</wf>
		<wf pos="JJ" sense_id="4">یَلہٕ</wf>
		<wf pos="VM">کَرنہٕ</wf>
		<wf pos="PSP">خٲطرٕ</wf>
		<wf pos="VM">دُیت</wf>
		<wf pos="NNPC">واریاہو</wf>
		<wf pos="NNP">بَہادُرو</wf>
		<wf pos="PRP">پَنُن</wf>
		<wf pos="NN">زوٗ</wf>
		<wf pos="CC">رَتہٕ</wf>
		<wf pos="RDP">چھیٚپہِ</wf>
		<wf pos="SYM">۔</wf>
</sentence>
<sentence s_id="97">
		<wf pos="JJ" sense_id="4">یَلہٕ</wf>
		<wf pos="NN">اُمید</wf>
		<wf pos="POW">وار</wf>
		<wf pos="NN">جوٗمَک</wf>
		<wf pos="NNPC">لال</wf>
		<wf pos="NNP">جی</wf>
		<wf pos="PSP">یَن</wf>
		<wf pos="NN">نِیوٗ</wf>
		<wf pos="PRP">پَنُن</wf>
		<wf pos="NN">ناو</wf>
		<wf pos="RB">واپَس</wf>
		<wf pos="SYM">۔</wf>
</sentence>
<sentence s_id="98">
		<wf pos="NNPC">سِری</wf>
		<wf pos="NNP">لَنٛکا</wf>
		<wf pos="VM">گوو</wf>
		<wf pos="JJ" sense_id="4">یَلہٕ</wf>
		<wf pos="QC">۱۹۴۸</wf>
		<wf pos="NN">منٛزسَری</wf>
		<wf pos="NNP">لَنٛکا</wf>
		<wf pos="VAUX">چُھ</wf>
		<wf pos="QC">اَکھ</wf>
		<wf pos="NN">جٔزیٖرٕ</wf>
		<wf pos="SYM">۔</wf>
</sentence>
<sentence s_id="99">
		<wf pos="NN">سُباش</wf>
		<wf pos="PSP">چَنٛدَر</wf>
		<wf pos="NN">بوس</wf>
		<wf pos="VAUX">اوس</wf>
		<wf pos="QC">اَکھ</wf>
		<wf pos="NN">لیٖڑَر</wf>
		<wf pos="PRP">یٔمۍ</wf>
		<wf pos="NN">ہِنٛدُستان</wf>
		<wf pos="JJ" sense_id="4">یَلہٕ</wf>
		<wf pos="VM">کَرنَس</wf>
		<wf pos="PSP">منٛز</wf>
		<wf pos="JJ">اَہَم</wf>
		<wf pos="NN">کِردار</wf>
		<wf pos="VM">اَدا</wf>
		<wf pos="VM">کوٚر</wf>
		<wf pos="SYM">۔</wf>
</sentence>
<sentence s_id="100">
		<wf pos="JJ">واریاہ</wf>
		<wf pos="NN">لُکھ</wf>
		<wf pos="VM">چھہٕ</wf>
		<wf pos="JJ" sense_id="4">یَلہٕ</wf>
		<wf pos="NN">زِنٛدَگی</wf>
		<wf pos="NN">بَسَر</wf>
		<wf pos="VM">کَرٕنۍ</wf>
		<wf pos="VAUX">یَژھان</wf>
		<wf pos="SYM">۔</wf>
</sentence>
<sentence s_id="101">
		<wf pos="JJ" sense_id="4">یَلہٕ</wf>
		<wf pos="NN">اُمید</wf>
		<wf pos="POW">وار</wf>
		<wf pos="NN">جوٗمَک</wf>
		<wf pos="NNPC">لال</wf>
		<wf pos="NNP">جی</wf>
		<wf pos="PSP">یَن</wf>
		<wf pos="NN">نِیوٗ</wf>
		<wf pos="PRP">پَنُن</wf>
		<wf pos="NN">ناو</wf>
		<wf pos="RB">واپَس</wf>
		<wf pos="SYM">۔</wf>
</sentence>
<sentence s_id="102">
		<wf pos="NNP">ہنٛدوستان</wf>
		<wf pos="JJ" sense_id="4">یَلہٕ</wf>
		<wf pos="VM">کرنہٕ</wf>
		<wf pos="PSP">خٲطرٕ</wf>
		<wf pos="VM">پیوٚو</wf>
		<wf pos="NN">وطن</wf>
		<wf pos="QC">پرستن</wf>
		<wf pos="JJ">واریاہ</wf>
		<wf pos="NN">عزاب</wf>
		<wf pos="VM">تُلُن</wf>
		<wf pos="SYM">۔</wf>
</sentence>
<sentence s_id="103">
		<wf pos="JJ">غٲر</wf>
		<wf pos="NN">مُلکی</wf>
		<wf pos="NNPC">قبضہ</wf>
		<wf pos="NNP">تَلہ</wf>
		<wf pos="NNP">ہِندوستانَس</wf>
		<wf pos="JJ" sense_id="4">یَلہٕ</wf>
		<wf pos="VM">کَرنہ</wf>
		<wf pos="PSP">باپَتھ</wf>
		<wf pos="DEM">آییہ</wf>
		<wf pos="JJ">واریاہ</wf>
		<wf pos="NN">عسکریَت</wf>
		<wf pos="PSP">پَسَنٛد</wf>
		<wf pos="NN">تَنٛظیمہ</wf>
		<wf pos="VM">ترتیب</wf>
		<wf pos="PRP">دٕنہ</wf>
		<wf pos="SYM">۔</wf>
</sentence>
<sentence s_id="104">
		<wf pos="NNP">ہِنٛدُستان</wf>
		<wf pos="JJ" sense_id="4">یَلہٕ</wf>
		<wf pos="VM">کَرنہٕ</wf>
		<wf pos="VM">خٲطرٕدٕژ</wf>
		<wf pos="JJ">واریاہ</wf>
		<wf pos="NN">لُکو</wf>
		<wf pos="PRP">پَنٛنہِ</wf>
		<wf pos="NN">پانٕچ</wf>
		<wf pos="NN">قۄربٲنی</wf>
		<wf pos="SYM">۔</wf>
</sentence>
<sentence s_id="105">
		<wf pos="JJ">واریاہ</wf>
		<wf pos="NN">لُکھ</wf>
		<wf pos="VM">چھہٕ</wf>
		<wf pos="JJ" sense_id="4">یَلہٕ</wf>
		<wf pos="NN">زِنٛدَگی</wf>
		<wf pos="NN">بَسَر</wf>
		<wf pos="VM">کَرٕنۍ</wf>
		<wf pos="VAUX">یَژھان</wf>
		<wf pos="SYM">۔</wf>
</sentence>
<sentence s_id="106">
		<wf pos="JJ" sense_id="4">یَلہٕ</wf>
		<wf pos="NNP">ہِندوستانس</wf>
		<wf pos="VM">ووت</wf>
		<wf pos="JJ">وَنۍ</wf>
		<wf pos="NN">رِیاستن</wf>
		<wf pos="PSP">ہُنٛد</wf>
		<wf pos="NN">تعداد</wf>
		<wf pos="QC">کُنترٛہ</wf>
		<wf pos="SYM">۔</wf>
</sentence>
<sentence s_id="107">
		<wf pos="NNP">ہِنٛدُستان</wf>
		<wf pos="VAUX">گو</wf>
		<wf pos="QC">کُنوُہ</wf>
		<wf pos="NN">شَتھ</wf>
		<wf pos="CC">تہٕ</wf>
		<wf pos="NN">سَتتٲجِیَس</wf>
		<wf pos="PSP">منٛز</wf>
		<wf pos="JJ">غۄلٲمی</wf>
		<wf pos="PSP">نِش</wf>
		<wf pos="JJ" sense_id="4">یَلہٕ</wf>
		<wf pos="SYM">۔</wf>
</sentence>
<sentence s_id="108">
		<wf pos="PRP">أسۍ</wf>
		<wf pos="VAUX">چھہِ</wf>
		<wf pos="JJ" sense_id="4">یَلہٕ</wf>
		<wf pos="NN">مٕلکٕکۍ</wf>
		<wf pos="NN">بَسکیٖن</wf>
		<wf pos="NN">دَر</wf>
		<wf pos="SYM">۔</wf>
</sentence>
<sentence s_id="109">
		<wf pos="NN">۱۹۷۲وَس</wf>
		<wf pos="PSP">منٛز</wf>
		<wf pos="VAUX">گو</wf>
		<wf pos="RB">بَنٛگلادیشُک</wf>
		<wf pos="NN">آغاز</wf>
		<wf pos="NN">أکِس</wf>
		<wf pos="JJ" sense_id="4">یَلہٕ</wf>
		<wf pos="NN">مِلکِکِس</wf>
		<wf pos="NN">صوٗرتَس</wf>
		<wf pos="PSP">منٛز</wf>
		<wf pos="SYM">۔</wf>
</sentence>
<sentence s_id="110">
		<wf pos="NNPC">عبدُل</wf>
		<wf pos="NNPC">کَلام</wf>
		<wf pos="JJ" sense_id="4">یَلہٕ</wf>
		<wf pos="VAUX">چُھ</wf>
		<wf pos="DEM">گۄڈنُیک</wf>
		<wf pos="NNP">ہِنٛدوستٲنۍ</wf>
		<wf pos="NN">ساینَس</wf>
		<wf pos="NN">دان</wf>
		<wf pos="DEM">یُس</wf>
		<wf pos="NN">صَدٕر</wf>
		<wf pos="VAUX">بَنیو</wf>
		<wf pos="SYM">۔</wf>
</sentence>
<sentence s_id="111">
		<wf pos="JJ" sense_id="4">یَلہٕ</wf>
		<wf pos="VM">پٔنٛچھی</wf>
		<wf pos="VAUX">ٲسۍ</wf>
		<wf pos="NN">آسمانَس</wf>
		<wf pos="PSP">پٮ۪ٹھ</wf>
		<wf pos="VM">چِرِو</wf>
		<wf pos="VM">چِرِو</wf>
		<wf pos="VM">کَران</wf>
		<wf pos="SYM">۔</wf>
</sentence>
<sentence s_id="112">
		<wf pos="NNP">ہنٛدوستان</wf>
		<wf pos="JJ" sense_id="4">یَلہٕ</wf>
		<wf pos="VM">کرنہٕ</wf>
		<wf pos="PSP">خٲطرٕ</wf>
		<wf pos="VM">پیوٚو</wf>
		<wf pos="NN">وطن</wf>
		<wf pos="QC">پرستن</wf>
		<wf pos="JJ">واریاہ</wf>
		<wf pos="NN">عزاب</wf>
		<wf pos="VM">تُلُن</wf>
		<wf pos="SYM">۔</wf>
</sentence>
<sentence s_id="113">
		<wf pos="NNP">ہِنٛدُستان</wf>
		<wf pos="JJ" sense_id="4">یَلہٕ</wf>
		<wf pos="VM">کَرنہٕ</wf>
		<wf pos="PSP">خٲطرٕ</wf>
		<wf pos="VM">دِژ</wf>
		<wf pos="NNP">واریاہو</wf>
		<wf pos="NN">قۄربٲنی</wf>
		<wf pos="SYM">۔</wf>
</sentence>
<sentence s_id="114">
		<wf pos="NNP">ہِنٛدُستانَس</wf>
		<wf pos="JJ" sense_id="4">یَلہٕ</wf>
		<wf pos="VM">کَرنہٕ</wf>
		<wf pos="PSP">خٲطرٕ</wf>
		<wf pos="NN">کۭتیو</wf>
		<wf pos="JJ">اِنقٕلٲبِیو</wf>
		<wf pos="VM">دِژ</wf>
		<wf pos="VM">پِنٕنۍ</wf>
		<wf pos="NN">زِنٛدگی</wf>
		<wf pos="SYM">۔</wf>
</sentence>
<sentence s_id="115">
		<wf pos="NN">آزٲدی</wf>
		<wf pos="VAUX">چھےٚ</wf>
		<wf pos="PRP">پرٛٮ۪تھ</wf>
		<wf pos="NN">اِنسان</wf>
		<wf pos="PSP">سُنٛد</wf>
		<wf pos="PRP">حَقپرٛٮ۪تھ</wf>
		<wf pos="NN">کٲنٛسہٕ</wf>
		<wf pos="PSP">ہُنٛد</wf>
		<wf pos="DEM">تَمہ</wf>
		<wf pos="VAUX">چُھ</wf>
		<wf pos="VM">آسان</wf>
		<wf pos="PRP">پرٛٮ۪تھ</wf>
		<wf pos="PRP">کُنہِ</wf>
		<wf pos="JJ">غۄلٲمی</wf>
		<wf pos="PSP">منٛز</wf>
		<wf pos="JJ" sense_id="4">یَلہٕ</wf>
		<wf pos="VM">گَژُھن</wf>
		<wf pos="SYM">۔</wf>
</sentence>
<sentence s_id="116">
		<wf pos="PRP">تیٚمۍ</wf>
		<wf pos="VM">کوٚر</wf>
		<wf pos="NN">پِنٛجرٕ</wf>
		<wf pos="PSP">منٛز</wf>
		<wf pos="JJ">بَنٛد</wf>
		<wf pos="NN">پٔرِنٛدٕ</wf>
		<wf pos="JJ" sense_id="4">یَلہٕ</wf>
		<wf pos="SYM">۔</wf>
</sentence>
<sentence s_id="117">
		<wf pos="JJ" sense_id="4">یَلہٕ</wf>
		<wf pos="NN">مَنہٕ</wf>
		<wf pos="PSP">سۭتۍ</wf>
		<wf pos="VM">ژٔھٕنۍ</wf>
		<wf pos="PRP">تٔمۍ</wf>
		<wf pos="PRP">پَنٕنۍ</wf>
		<wf pos="NN">کَتھ</wf>
		<wf pos="VM">ؤنِتھ</wf>
		<wf pos="SYM">۔</wf>
</sentence>
<sentence s_id="118">
		<wf pos="JJ">پریشان</wf>
		<wf pos="NN">اِنسانَس</wf>
		<wf pos="VM">کٔر</wf>
		<wf pos="NNPC">خۄدکٔشی</wf>
		<wf pos="JJ" sense_id="4">یَلہٕ</wf>
		<wf pos="VAUX">گژھنہٕ</wf>
		<wf pos="PSP">خٲطرٕ</wf>
		<wf pos="SYM">۔</wf>
</sentence>
<sentence s_id="119">
		<wf pos="DEM">یُس</wf>
		<wf pos="NN">پَنٛنیو</wf>
		<wf pos="DEM">ذِمہٕ</wf>
		<wf pos="NN">دٲریو</wf>
		<wf pos="PSP">نِش</wf>
		<wf pos="JJ" sense_id="4">یَلہٕ</wf>
		<wf pos="VAUX">آسہِ</wf>
		<wf pos="PRP">گوٚمُت:پَںٛنہِ</wf>
		<wf pos="JJ">دُنیٲوی</wf>
		<wf pos="NN">لالچہِ</wf>
		<wf pos="PSP">نِش</wf>
		<wf pos="JJ" sense_id="4">یَلہٕ</wf>
		<wf pos="VAUX">گٔژھِتھ</wf>
		<wf pos="VM">بَنیوو</wf>
		<wf pos="PRP">سُہ</wf>
		<wf pos="JJ">سٔنٛیٲسۍ</wf>
		<wf pos="SYM">۔</wf>
</sentence>
<sentence s_id="120">
		<wf pos="JJ" sense_id="4">یَلہٕ</wf>
		<wf pos="NNP">،بَگَت</wf>
		<wf pos="NNP">سِنٛگ،</wf>
		<wf pos="NN">سُباش</wf>
		<wf pos="QC">بیترٮ۪ن</wf>
		<wf pos="PSP">منٛز</wf>
		<wf pos="VAUX">ٲس</wf>
		<wf pos="NN">قومِیَت</wf>
		<wf pos="VM">بٔرِتھ</wf>
		<wf pos="SYM">۔</wf>
</sentence>
<sentence s_id="121">
		<wf pos="NNP">شٔہیٖدو</wf>
		<wf pos="VM">دُیت</wf>
		<wf pos="PRP">پَنُن</wf>
		<wf pos="NN">زوٗ</wf>
		<wf pos="NNP">ہِنٛدُستان</wf>
		<wf pos="JJ" sense_id="4">یَلہٕ</wf>
		<wf pos="VM">کَرنہٕ</wf>
		<wf pos="PSP">خٲطرٕ</wf>
		<wf pos="SYM">۔</wf>
</sentence>
<sentence s_id="122">
		<wf pos="JJ">غٲر</wf>
		<wf pos="NN">مُلکی</wf>
		<wf pos="NNPC">قبضہ</wf>
		<wf pos="NNP">تَلہ</wf>
		<wf pos="NNP">ہِندوستانَس</wf>
		<wf pos="JJ" sense_id="4">یَلہٕ</wf>
		<wf pos="VM">کَرنہ</wf>
		<wf pos="PSP">باپَتھ</wf>
		<wf pos="DEM">آییہ</wf>
		<wf pos="JJ">واریاہ</wf>
		<wf pos="NN">عسکریَت</wf>
		<wf pos="PSP">پَسَنٛد</wf>
		<wf pos="NN">تَنٛظیمہ</wf>
		<wf pos="VM">ترتیب</wf>
		<wf pos="PRP">دٕنہ</wf>
		<wf pos="SYM">۔</wf>
</sentence>
<sentence s_id="123">
		<wf pos="PRP">سُہ</wf>
		<wf pos="VAUX">اوس</wf>
		<wf pos="NNP">اِلٮ۪کشَنَس</wf>
		<wf pos="PSP">منٛز</wf>
		<wf pos="JJ" sense_id="4">یَلہٕ</wf>
		<wf pos="NNPC">اُمیٖد</wf>
		<wf pos="POW">وار</wf>
		<wf pos="SYM">۔</wf>
</sentence>
<sentence s_id="124">
		<wf pos="NNP">ہِنٛدُستان</wf>
		<wf pos="JJ" sense_id="4">یَلہٕ</wf>
		<wf pos="VM">کَرنہٕ</wf>
		<wf pos="VM">خٲطرٕدٕژ</wf>
		<wf pos="JJ">واریاہ</wf>
		<wf pos="NN">لُکو</wf>
		<wf pos="PRP">پَنٛنہِ</wf>
		<wf pos="NN">پانٕچ</wf>
		<wf pos="NN">قۄربٲنی</wf>
		<wf pos="SYM">۔</wf>
</sentence>
<sentence s_id="125">
		<wf pos="PRP">ییٚمِس</wf>
		<wf pos="NN">قَرضہِ</wf>
		<wf pos="PSP">نِش</wf>
		<wf pos="NN">آزادی</wf>
		<wf pos="VAUX">آسہِ</wf>
		<wf pos="VM">میٖجمٕژ</wf>
		<wf pos="CC">یا</wf>
		<wf pos="NNP">ییٚم</wf>
		<wf pos="NN">قَرٕض</wf>
		<wf pos="VAUX">آسہِ</wf>
		<wf pos="RB">واپَس</wf>
		<wf pos="NN">دیُتمُت:قَرضہِ</wf>
		<wf pos="PSP">نِش</wf>
		<wf pos="JJ" sense_id="4">یَلہٕ</wf>
		<wf pos="NN">نَفرَس</wf>
		<wf pos="VM">پیٚو</wf>
		<wf pos="NN">قَرضہٕ</wf>
		<wf pos="VM">ادا</wf>
		<wf pos="VM">کَرنہٕ</wf>
		<wf pos="PSP">خٲطرٕ</wf>
		<wf pos="JJ">سورُے</wf>
		<wf pos="VM">کٔنُن</wf>
		<wf pos="SYM">۔</wf>
</sentence>
<sentence s_id="126">
		<wf pos="NN">مُلُک</wf>
		<wf pos="JJ" sense_id="4">یَلہٕ</wf>
		<wf pos="VM">کَرنہٕ</wf>
		<wf pos="PSP">خٲطرٕ</wf>
		<wf pos="VM">دُیت</wf>
		<wf pos="NNPC">واریاہو</wf>
		<wf pos="NNP">بَہادُرو</wf>
		<wf pos="PRP">پَنُن</wf>
		<wf pos="NN">زوٗ</wf>
		<wf pos="CC">رَتہٕ</wf>
		<wf pos="RDP">چھیٚپہِ</wf>
		<wf pos="SYM">۔</wf>
</sentence>
<sentence s_id="127">
		<wf pos="JJ">واریاہ</wf>
		<wf pos="NN">لُکھ</wf>
		<wf pos="VM">چھہٕ</wf>
		<wf pos="JJ" sense_id="4">یَلہٕ</wf>
		<wf pos="NN">زِنٛدَگی</wf>
		<wf pos="NN">بَسَر</wf>
		<wf pos="VM">کَرٕنۍ</wf>
		<wf pos="VAUX">یَژھان</wf>
		<wf pos="SYM">۔</wf>
</sentence>
<sentence s_id="128">
		<wf pos="NNPC">سِری</wf>
		<wf pos="NNP">لَنٛکا</wf>
		<wf pos="VM">گوو</wf>
		<wf pos="JJ" sense_id="4">یَلہٕ</wf>
		<wf pos="QC">۱۹۴۸</wf>
		<wf pos="NN">منٛزسَری</wf>
		<wf pos="NNP">لَنٛکا</wf>
		<wf pos="VAUX">چُھ</wf>
		<wf pos="QC">اَکھ</wf>
		<wf pos="NN">جٔزیٖرٕ</wf>
		<wf pos="SYM">۔</wf>
</sentence>
<sentence s_id="129">
		<wf pos="NN">سُباش</wf>
		<wf pos="PSP">چَنٛدَر</wf>
		<wf pos="NN">بوس</wf>
		<wf pos="VAUX">اوس</wf>
		<wf pos="QC">اَکھ</wf>
		<wf pos="NN">لیٖڑَر</wf>
		<wf pos="PRP">یٔمۍ</wf>
		<wf pos="NNP">ہِنٛدُستان</wf>
		<wf pos="JJ" sense_id="4">یَلہٕ</wf>
		<wf pos="VM">کَرنَس</wf>
		<wf pos="PSP">منٛز</wf>
		<wf pos="JJ">اَہَم</wf>
		<wf pos="NN">کِردار</wf>
		<wf pos="VM">اَدا</wf>
		<wf pos="VM">کوٚر</wf>
		<wf pos="SYM">۔</wf>
</sentence>
<sentence s_id="130">
		<wf pos="JJ" sense_id="4">یَلہٕ</wf>
		<wf pos="NN">اُمید</wf>
		<wf pos="POW">وار</wf>
		<wf pos="NN">جوٗمَک</wf>
		<wf pos="NNPC">لال</wf>
		<wf pos="NNP">جی</wf>
		<wf pos="PSP">یَن</wf>
		<wf pos="NN">نِیوٗ</wf>
		<wf pos="PRP">پَنُن</wf>
		<wf pos="NN">ناو</wf>
		<wf pos="RB">واپَس</wf>
		<wf pos="SYM">۔</wf>
</sentence>
<sentence s_id="131">
		<wf pos="NNP">بَگوان</wf>
		<wf pos="PSP">سُنٛد</wf>
		<wf pos="NN">پُجٲرۍ</wf>
		<wf pos="VAUX">چُھہ</wf>
		<wf pos="VM">دُنیٲے</wf>
		<wf pos="NN">بٔنٛدِشو</wf>
		<wf pos="PSP">نِش</wf>
		<wf pos="JJ" sense_id="4">یَلہٕ</wf>
		<wf pos="VM">آسان</wf>
		<wf pos="SYM">۔</wf>
</sentence>
<sentence s_id="132">
		<wf pos="NN">یورپُک</wf>
		<wf pos="QC">اَکھ</wf>
		<wf pos="NN">مُلُک:آٮٔس</wf>
		<wf pos="NN">لینٛڈ</wf>
		<wf pos="VAUX">گوٚو</wf>
		<wf pos="NN">ڈَنمارکَس</wf>
		<wf pos="PSP">نِش</wf>
		<wf pos="QC">کُنوُہ</wf>
		<wf pos="JJ">شٮ۪ھ</wf>
		<wf pos="NN">ژۄیتٲجٮَ۪س</wf>
		<wf pos="PSP">منٛز</wf>
		<wf pos="JJ" sense_id="4">یَلہٕ</wf>
		<wf pos="SYM">۔</wf>
</sentence>
<sentence s_id="133">
		<wf pos="NN">یُورپُک</wf>
		<wf pos="QC">اَکھ</wf>
		<wf pos="VM">مُلُک:آٮٔرلینٛڑ</wf>
		<wf pos="VAUX">گوٚو</wf>
		<wf pos="PSP">کُنوٗہ</wf>
		<wf pos="JJ">شٮ۪تھ</wf>
		<wf pos="NN">اَکوُہَس</wf>
		<wf pos="PSP">منٛز</wf>
		<wf pos="JJ">یُونیٹِِڑ</wf>
		<wf pos="NN">کِنٛگڈَمَس</wf>
		<wf pos="PSP">نِش</wf>
		<wf pos="JJ" sense_id="4">یَلہٕ</wf>
		<wf pos="SYM">۔</wf>
</sentence>
<sentence s_id="134">
		<wf pos="JJ">شُمٲلی</wf>
		<wf pos="NN">امریٖکاہَس</wf>
		<wf pos="PSP">منٛز</wf>
		<wf pos="QC">اکھ</wf>
		<wf pos="JJ">مُلک:ہیتی</wf>
		<wf pos="VAUX">گوٚو</wf>
		<wf pos="QC">۱۸٠۵</wf>
		<wf pos="PSP">منٛز</wf>
		<wf pos="NN">فرٛانٛسَ</wf>
		<wf pos="PSP">نِش</wf>
		<wf pos="JJ" sense_id="4">یَلہٕ</wf>
		<wf pos="SYM">۔</wf>
</sentence>
<sentence s_id="135">
		<wf pos="JJ">شُمٲلی</wf>
		<wf pos="NN">امریٖکاہُک</wf>
		<wf pos="QC">اکھ</wf>
		<wf pos="NNP">مُلک:گوٹمالا</wf>
		<wf pos="VAUX">گوٚو</wf>
		<wf pos="NN">۱۸۲۱ہَس</wf>
		<wf pos="PSP">منٛز</wf>
		<wf pos="NN">سپینَس</wf>
		<wf pos="PSP">نِشہِ</wf>
		<wf pos="JJ" sense_id="4">یَلہٕ</wf>
		<wf pos="SYM">۔</wf>
</sentence>
</contextfile>